clip_id,clip_path,pred_engagement,true_engagement,prob_class_0,prob_class_1,prob_class_2,prob_class_3
0,/mnt/c/Users/puneet/Downloads/DAiSEE/DataSet/Test/500044/5000441001/5000441001.avi,2,2,0.054963317,0.18909793,0.49327803,0.2626607
1,/mnt/c/Users/puneet/Downloads/DAiSEE/DataSet/Test/500044/5000441002/5000441002.avi,2,2,0.0514941,0.1860683,0.4915782,0.27085942
2,/mnt/c/Users/puneet/Downloads/DAiSEE/DataSet/Test/500044/5000441003/5000441003.avi,2,2,0.06658796,0.18829007,0.47328204,0.27183995
3,/mnt/c/Users/puneet/Downloads/DAiSEE/DataSet/Test/500044/5000441005/5000441005.avi,2,2,0.07546408,0.19029991,0.4641674,0.27006862
4,/mnt/c/Users/puneet/Downloads/DAiSEE/DataSet/Test/500044/5000441006/5000441006.avi,2,2,0.08085051,0.19154581,0.45869797,0.26890567
5,/mnt/c/Users/puneet/Downloads/DAiSEE/DataSet/Test/500044/5000441007/5000441007.avi,2,2,0.090358675,0.19304629,0.44740617,0.26918885
6,/mnt/c/Users/puneet/Downloads/DAiSEE/DataSet/Test/500044/5000441008/5000441008.avi,2,2,0.100219525,0.19506186,0.43677467,0.26794395
7,/mnt/c/Users/puneet/Downloads/DAiSEE/DataSet/Test/500044/5000441009/5000441009.avi,2,3,0.10139717,0.19585617,0.43680006,0.2659466
8,/mnt/c/Users/puneet/Downloads/DAiSEE/DataSet/Test/500044/5000441010/5000441010.avi,2,2,0.101482786,0.1959125,0.43679914,0.2658056
9,/mnt/c/Users/puneet/Downloads/DAiSEE/DataSet/Test/500044/5000441012/5000441012.avi,2,2,0.0993238,0.1944176,0.43667382,0.26958477
10,/mnt/c/Users/puneet/Downloads/DAiSEE/DataSet/Test/500044/5000441013/5000441013.avi,2,2,0.099174134,0.19431897,0.43667513,0.26983178
11,/mnt/c/Users/puneet/Downloads/DAiSEE/DataSet/Test/500044/5000441014/5000441014.avi,2,2,0.099291295,0.19439958,0.43668082,0.2696283
12,/mnt/c/Users/puneet/Downloads/DAiSEE/DataSet/Test/500044/5000441015/5000441015.avi,2,2,0.09926784,0.19438419,0.43668115,0.2696668
13,/mnt/c/Users/puneet/Downloads/DAiSEE/DataSet/Test/500044/5000441016/5000441016.avi,2,3,0.09924217,0.19436733,0.43668148,0.269709
14,/mnt/c/Users/puneet/Downloads/DAiSEE/DataSet/Test/500044/5000441017/5000441017.avi,2,2,0.10144478,0.19589087,0.4368062,0.26585814
15,/mnt/c/Users/puneet/Downloads/DAiSEE/DataSet/Test/500044/5000441018/5000441018.avi,2,3,0.10159799,0.19599183,0.43680483,0.26560533
16,/mnt/c/Users/puneet/Downloads/DAiSEE/DataSet/Test/500044/5000441021/5000441021.avi,2,3,0.102453806,0.1965672,0.43681952,0.26415947
17,/mnt/c/Users/puneet/Downloads/DAiSEE/DataSet/Test/500044/5000441022/5000441022.avi,2,2,0.10241509,0.19654176,0.43682,0.26422313
18,/mnt/c/Users/puneet/Downloads/DAiSEE/DataSet/Test/500044/5000441023/5000441023.avi,2,3,0.10244599,0.19656205,0.4368196,0.26417235
19,/mnt/c/Users/puneet/Downloads/DAiSEE/DataSet/Test/500044/5000441024/5000441024.avi,2,1,0.10239592,0.19652916,0.43682027,0.26425463
20,/mnt/c/Users/puneet/Downloads/DAiSEE/DataSet/Test/500044/5000441027/5000441027.avi,2,3,0.10240404,0.1965345,0.43682015,0.26424128
21,/mnt/c/Users/puneet/Downloads/DAiSEE/DataSet/Test/500044/5000441030/5000441030.avi,2,2,0.10241529,0.1965419,0.43682006,0.26422274
22,/mnt/c/Users/puneet/Downloads/DAiSEE/DataSet/Test/500044/5000441031/5000441031.avi,2,2,0.102420665,0.19654544,0.43682,0.26421392
23,/mnt/c/Users/puneet/Downloads/DAiSEE/DataSet/Test/500044/5000441032/5000441032.avi,2,2,0.10224859,0.19643202,0.43682146,0.2644979
24,/mnt/c/Users/puneet/Downloads/DAiSEE/DataSet/Test/500044/5000441033/5000441033.avi,2,2,0.102177605,0.19638528,0.43682215,0.26461497
25,/mnt/c/Users/puneet/Downloads/DAiSEE/DataSet/Test/500044/5000441034/5000441034.avi,2,2,0.09100108,0.19340281,0.44722292,0.26837322
26,/mnt/c/Users/puneet/Downloads/DAiSEE/DataSet/Test/500044/5000441035/5000441035.avi,2,3,0.090732776,0.19322504,0.44722345,0.26881874
27,/mnt/c/Users/puneet/Downloads/DAiSEE/DataSet/Test/500044/5000441037/5000441037.avi,2,2,0.090703584,0.19320585,0.44722378,0.2688668
28,/mnt/c/Users/puneet/Downloads/DAiSEE/DataSet/Test/500044/5000441038/5000441038.avi,2,3,0.0907899,0.19326286,0.44722325,0.268724
29,/mnt/c/Users/puneet/Downloads/DAiSEE/DataSet/Test/500044/5000441039/5000441039.avi,2,3,0.0908611,0.19330974,0.4472226,0.26860657
30,/mnt/c/Users/puneet/Downloads/DAiSEE/DataSet/Test/500044/5000441040/5000441040.avi,2,3,0.10202473,0.19628374,0.436822,0.26486954
31,/mnt/c/Users/puneet/Downloads/DAiSEE/DataSet/Test/500044/5000441041/5000441041.avi,2,3,0.102183975,0.19638953,0.4368222,0.2646043
32,/mnt/c/Users/puneet/Downloads/DAiSEE/DataSet/Test/500044/5000441042/5000441042.avi,2,2,0.10143604,0.19588819,0.4368123,0.26586345
33,/mnt/c/Users/puneet/Downloads/DAiSEE/DataSet/Test/500044/5000441043/5000441043.avi,2,2,0.10010332,0.1949812,0.43676746,0.26814803
34,/mnt/c/Users/puneet/Downloads/DAiSEE/DataSet/Test/500044/5000441044/5000441044.avi,2,2,0.10001008,0.19491975,0.43676826,0.2683019
35,/mnt/c/Users/puneet/Downloads/DAiSEE/DataSet/Test/500044/5000441045/5000441045.avi,2,2,0.09994807,0.19487897,0.43676898,0.26840398
36,/mnt/c/Users/puneet/Downloads/DAiSEE/DataSet/Test/500044/5000441046/5000441046.avi,2,3,0.100055344,0.19494978,0.43676823,0.26822665
37,/mnt/c/Users/puneet/Downloads/DAiSEE/DataSet/Test/500044/5000441047/5000441047.avi,2,2,0.10036189,0.19515742,0.43677655,0.26770413
38,/mnt/c/Users/puneet/Downloads/DAiSEE/DataSet/Test/500044/5000441048/5000441048.avi,2,2,0.10169976,0.19606781,0.43682137,0.26541105
39,/mnt/c/Users/puneet/Downloads/DAiSEE/DataSet/Test/500044/5000441050/5000441050.avi,2,2,0.101739466,0.196094,0.4368211,0.26534545
40,/mnt/c/Users/puneet/Downloads/DAiSEE/DataSet/Test/500044/5000441051/5000441051.avi,2,2,0.09988313,0.19481549,0.43672758,0.2685738
41,/mnt/c/Users/puneet/Downloads/DAiSEE/DataSet/Test/500044/5000441052/5000441052.avi,2,2,0.09916138,0.19433203,0.43671873,0.26978788
42,/mnt/c/Users/puneet/Downloads/DAiSEE/DataSet/Test/500044/5000441053/5000441053.avi,2,3,0.099666834,0.19466783,0.4367195,0.2689458
43,/mnt/c/Users/puneet/Downloads/DAiSEE/DataSet/Test/500044/5000441054/5000441054.avi,2,2,0.098332584,0.19376,0.43667498,0.27123246
44,/mnt/c/Users/puneet/Downloads/DAiSEE/DataSet/Test/500044/5000441055/5000441055.avi,2,3,0.09839037,0.19379804,0.4366744,0.2711372
45,/mnt/c/Users/puneet/Downloads/DAiSEE/DataSet/Test/500044/5000441058/5000441058.avi,2,1,0.100350976,0.19514507,0.4367666,0.2677374
46,/mnt/c/Users/puneet/Downloads/DAiSEE/DataSet/Test/500044/5000441059/5000441059.avi,2,2,0.100243546,0.19507167,0.43676242,0.26792237
47,/mnt/c/Users/puneet/Downloads/DAiSEE/DataSet/Test/500044/5000441061/5000441061.avi,2,3,0.10001076,0.19491802,0.43676403,0.26830718
48,/mnt/c/Users/puneet/Downloads/DAiSEE/DataSet/Test/500044/5000441062/5000441062.avi,2,2,0.10137784,0.19584748,0.43680823,0.26596645
49,/mnt/c/Users/puneet/Downloads/DAiSEE/DataSet/Test/500044/5000441064/5000441064.avi,2,2,0.10131534,0.19580634,0.43680885,0.26606947
50,/mnt/c/Users/puneet/Downloads/DAiSEE/DataSet/Test/500044/5000441065/5000441065.avi,2,2,0.101273924,0.19577916,0.43680945,0.26613745
51,/mnt/c/Users/puneet/Downloads/DAiSEE/DataSet/Test/500044/5000441066/5000441066.avi,2,2,0.10215678,0.1963713,0.43682185,0.26465008
52,/mnt/c/Users/puneet/Downloads/DAiSEE/DataSet/Test/500044/5000441067/5000441067.avi,2,1,0.10166559,0.19604144,0.43681416,0.26547882
53,/mnt/c/Users/puneet/Downloads/DAiSEE/DataSet/Test/500044/5000441068/5000441068.avi,2,2,0.09962578,0.19463192,0.43670177,0.26904052
54,/mnt/c/Users/puneet/Downloads/DAiSEE/DataSet/Test/500044/5000441069/5000441069.avi,2,2,0.09972179,0.19469507,0.43670073,0.26888242
55,/mnt/c/Users/puneet/Downloads/DAiSEE/DataSet/Test/500044/5000441070/5000441070.avi,2,3,0.099740736,0.19470751,0.43670046,0.26885128
56,/mnt/c/Users/puneet/Downloads/DAiSEE/DataSet/Test/500044/5000441071/5000441071.avi,2,3,0.09972817,0.19469926,0.4367006,0.26887196
57,/mnt/c/Users/puneet/Downloads/DAiSEE/DataSet/Test/500044/5000441072/5000441072.avi,2,3,0.100434765,0.19517137,0.43670696,0.2676869
58,/mnt/c/Users/puneet/Downloads/DAiSEE/DataSet/Test/500044/5000442001/5000442001.avi,2,3,0.100497276,0.19521661,0.43671468,0.26757145
59,/mnt/c/Users/puneet/Downloads/DAiSEE/DataSet/Test/500044/5000442002/5000442002.avi,2,2,0.10046087,0.19519271,0.43671513,0.2676313
60,/mnt/c/Users/puneet/Downloads/DAiSEE/DataSet/Test/500044/5000442003/5000442003.avi,2,2,0.10018429,0.19501004,0.4367168,0.26808888
61,/mnt/c/Users/puneet/Downloads/DAiSEE/DataSet/Test/500044/5000442004/5000442004.avi,2,2,0.090678625,0.19350995,0.44800586,0.26780558
62,/mnt/c/Users/puneet/Downloads/DAiSEE/DataSet/Test/500044/5000442005/5000442005.avi,2,2,0.09066454,0.19350068,0.44800603,0.26782873
63,/mnt/c/Users/puneet/Downloads/DAiSEE/DataSet/Test/500044/5000442007/5000442007.avi,2,2,0.09268955,0.1948963,0.4481101,0.26430404
64,/mnt/c/Users/puneet/Downloads/DAiSEE/DataSet/Test/500044/5000442008/5000442008.avi,2,2,0.092692785,0.19489843,0.44811007,0.26429874
65,/mnt/c/Users/puneet/Downloads/DAiSEE/DataSet/Test/500044/5000442009/5000442009.avi,2,3,0.092411466,0.19471012,0.4481069,0.26477152
66,/mnt/c/Users/puneet/Downloads/DAiSEE/DataSet/Test/500044/5000442010/5000442010.avi,2,2,0.1001186,0.19497629,0.43673694,0.26816815
67,/mnt/c/Users/puneet/Downloads/DAiSEE/DataSet/Test/500044/5000442014/5000442014.avi,2,3,0.098922364,0.19416702,0.43670636,0.27020428
68,/mnt/c/Users/puneet/Downloads/DAiSEE/DataSet/Test/500044/5000442015/5000442015.avi,2,2,0.098901294,0.19415317,0.43670663,0.27023888
69,/mnt/c/Users/puneet/Downloads/DAiSEE/DataSet/Test/500044/5000442016/5000442016.avi,2,2,0.098881796,0.19414036,0.43670684,0.270271
70,/mnt/c/Users/puneet/Downloads/DAiSEE/DataSet/Test/500044/5000442019/5000442019.avi,2,2,0.0993615,0.19445993,0.43670928,0.2694693
71,/mnt/c/Users/puneet/Downloads/DAiSEE/DataSet/Test/500044/5000442021/5000442021.avi,2,2,0.100850955,0.19548927,0.43679118,0.2668686
72,/mnt/c/Users/puneet/Downloads/DAiSEE/DataSet/Test/500044/5000442022/5000442022.avi,2,3,0.10169566,0.19606552,0.4368222,0.26541662
73,/mnt/c/Users/puneet/Downloads/DAiSEE/DataSet/Test/500044/5000442024/5000442024.avi,2,2,0.10169847,0.19606736,0.43682218,0.26541197
74,/mnt/c/Users/puneet/Downloads/DAiSEE/DataSet/Test/500044/5000442025/5000442025.avi,2,2,0.1017274,0.19608638,0.43682185,0.26536438
75,/mnt/c/Users/puneet/Downloads/DAiSEE/DataSet/Test/500044/5000442026/5000442026.avi,2,2,0.1017578,0.19610639,0.43682152,0.26531428
76,/mnt/c/Users/puneet/Downloads/DAiSEE/DataSet/Test/500044/5000442027/5000442027.avi,2,3,0.101672314,0.19604926,0.43682075,0.26545766
77,/mnt/c/Users/puneet/Downloads/DAiSEE/DataSet/Test/500044/5000442028/5000442028.avi,2,2,0.10144543,0.19589676,0.43681696,0.26584086
78,/mnt/c/Users/puneet/Downloads/DAiSEE/DataSet/Test/500044/5000442029/5000442029.avi,2,3,0.10110359,0.19567034,0.43681774,0.26640835
79,/mnt/c/Users/puneet/Downloads/DAiSEE/DataSet/Test/500044/5000442033/5000442033.avi,2,2,0.099792704,0.19478138,0.43677992,0.268646
80,/mnt/c/Users/puneet/Downloads/DAiSEE/DataSet/Test/500044/5000442034/5000442034.avi,2,3,0.09977204,0.19476779,0.43678012,0.26868004
81,/mnt/c/Users/puneet/Downloads/DAiSEE/DataSet/Test/500044/5000442035/5000442035.avi,2,3,0.099426284,0.19453435,0.43677232,0.26926705
82,/mnt/c/Users/puneet/Downloads/DAiSEE/DataSet/Test/500044/5000442036/5000442036.avi,2,2,0.0989018,0.19417542,0.4367508,0.27017197
83,/mnt/c/Users/puneet/Downloads/DAiSEE/DataSet/Test/500044/5000442037/5000442037.avi,2,3,0.099136144,0.19433105,0.43675104,0.26978177
84,/mnt/c/Users/puneet/Downloads/DAiSEE/DataSet/Test/500044/5000442038/5000442038.avi,2,3,0.100389674,0.19518226,0.43678945,0.2676386
85,/mnt/c/Users/puneet/Downloads/DAiSEE/DataSet/Test/500044/5000442039/5000442039.avi,2,3,0.100371845,0.19517052,0.43678963,0.26766798
86,/mnt/c/Users/puneet/Downloads/DAiSEE/DataSet/Test/500044/5000442040/5000442040.avi,2,3,0.10104443,0.19562109,0.43679798,0.2665365
87,/mnt/c/Users/puneet/Downloads/DAiSEE/DataSet/Test/500044/5000442042/5000442042.avi,2,2,0.1021967,0.19639796,0.43682218,0.26458317
88,/mnt/c/Users/puneet/Downloads/DAiSEE/DataSet/Test/500044/5000442043/5000442043.avi,2,3,0.10229328,0.19646159,0.43682128,0.26442385
89,/mnt/c/Users/puneet/Downloads/DAiSEE/DataSet/Test/500044/5000442045/5000442045.avi,2,3,0.102239504,0.19642611,0.4368217,0.2645127
90,/mnt/c/Users/puneet/Downloads/DAiSEE/DataSet/Test/500044/5000442047/5000442047.avi,2,2,0.102284014,0.1964554,0.43682122,0.26443937
91,/mnt/c/Users/puneet/Downloads/DAiSEE/DataSet/Test/500044/5000442048/5000442048.avi,2,2,0.102344476,0.1964952,0.4368206,0.26433972
92,/mnt/c/Users/puneet/Downloads/DAiSEE/DataSet/Test/500044/5000442050/5000442050.avi,2,2,0.10229612,0.19646345,0.43682125,0.26441917
93,/mnt/c/Users/puneet/Downloads/DAiSEE/DataSet/Test/500044/5000442051/5000442051.avi,2,2,0.10227424,0.19644906,0.4368215,0.2644552
94,/mnt/c/Users/puneet/Downloads/DAiSEE/DataSet/Test/500044/5000442052/5000442052.avi,2,2,0.102235466,0.19642343,0.43682167,0.26451945
95,/mnt/c/Users/puneet/Downloads/DAiSEE/DataSet/Test/500044/5000442053/5000442053.avi,2,2,0.102304466,0.19646871,0.43682072,0.2644061
96,/mnt/c/Users/puneet/Downloads/DAiSEE/DataSet/Test/500044/5000442054/5000442054.avi,2,3,0.10231165,0.19647343,0.43682063,0.2643943
97,/mnt/c/Users/puneet/Downloads/DAiSEE/DataSet/Test/500044/5000442055/5000442055.avi,2,3,0.10230402,0.19646841,0.43682072,0.26440686
98,/mnt/c/Users/puneet/Downloads/DAiSEE/DataSet/Test/500044/5000442056/5000442056.avi,2,2,0.10140169,0.19586165,0.43680498,0.26593167
99,/mnt/c/Users/puneet/Downloads/DAiSEE/DataSet/Test/500044/5000442057/5000442057.avi,2,3,0.101545654,0.19595662,0.43680388,0.26569384
100,/mnt/c/Users/puneet/Downloads/DAiSEE/DataSet/Test/500044/5000442058/5000442058.avi,2,3,0.101537846,0.19595149,0.436804,0.26570666
101,/mnt/c/Users/puneet/Downloads/DAiSEE/DataSet/Test/500044/5000442059/5000442059.avi,2,3,0.10159537,0.19598924,0.43680316,0.2656122
102,/mnt/c/Users/puneet/Downloads/DAiSEE/DataSet/Test/500044/5000442060/5000442060.avi,2,2,0.10157115,0.1959733,0.43680343,0.26565212
103,/mnt/c/Users/puneet/Downloads/DAiSEE/DataSet/Test/500044/5000442062/5000442062.avi,2,2,0.10250674,0.19660193,0.43681878,0.26407257
104,/mnt/c/Users/puneet/Downloads/DAiSEE/DataSet/Test/500044/5000442063/5000442063.avi,2,3,0.102528244,0.19661604,0.43681848,0.26403722
105,/mnt/c/Users/puneet/Downloads/DAiSEE/DataSet/Test/500044/5000442064/5000442064.avi,2,3,0.10249634,0.19659512,0.43681896,0.26408958
106,/mnt/c/Users/puneet/Downloads/DAiSEE/DataSet/Test/500044/5000442065/5000442065.avi,2,3,0.10245351,0.19656703,0.43681958,0.26415986
107,/mnt/c/Users/puneet/Downloads/DAiSEE/DataSet/Test/500044/5000442066/5000442066.avi,2,3,0.10256629,0.19664107,0.43681806,0.26397458
108,/mnt/c/Users/puneet/Downloads/DAiSEE/DataSet/Test/500044/5000442067/5000442067.avi,2,2,0.1024975,0.1965958,0.4368188,0.2640879
109,/mnt/c/Users/puneet/Downloads/DAiSEE/DataSet/Test/500044/5000442068/5000442068.avi,2,3,0.10238663,0.19652282,0.4368199,0.26427063
110,/mnt/c/Users/puneet/Downloads/DAiSEE/DataSet/Test/500044/5000442069/5000442069.avi,2,3,0.10231381,0.19647492,0.43682075,0.26439053
111,/mnt/c/Users/puneet/Downloads/DAiSEE/DataSet/Test/500044/5000442070/5000442070.avi,2,3,0.10231924,0.19647849,0.4368207,0.2643816
112,/mnt/c/Users/puneet/Downloads/DAiSEE/DataSet/Test/500044/5000442072/5000442072.avi,2,2,0.10223498,0.19642322,0.43682188,0.26451993
113,/mnt/c/Users/puneet/Downloads/DAiSEE/DataSet/Test/500044/5000442073/5000442073.avi,2,3,0.10231259,0.19647427,0.43682104,0.2643921
114,/mnt/c/Users/puneet/Downloads/DAiSEE/DataSet/Test/500044/5000442074/5000442074.avi,2,2,0.10242265,0.19654673,0.43681994,0.2642107
115,/mnt/c/Users/puneet/Downloads/DAiSEE/DataSet/Test/500044/5000442075/5000442075.avi,2,2,0.10248903,0.1965904,0.43681917,0.26410142
116,/mnt/c/Users/puneet/Downloads/DAiSEE/DataSet/Test/500044/5000442076/5000442076.avi,2,2,0.102438614,0.19655725,0.4368198,0.26418433
117,/mnt/c/Users/puneet/Downloads/DAiSEE/DataSet/Test/500044/5000442077/5000442077.avi,2,2,0.100396074,0.19514681,0.4367092,0.2677479
118,/mnt/c/Users/puneet/Downloads/DAiSEE/DataSet/Test/500044/5000442078/5000442078.avi,2,2,0.1003628,0.19512494,0.4367096,0.26780263
119,/mnt/c/Users/puneet/Downloads/DAiSEE/DataSet/Test/500067/5000671001/5000671001.avi,2,3,0.100443274,0.19517769,0.43670836,0.2676707
120,/mnt/c/Users/puneet/Downloads/DAiSEE/DataSet/Test/500067/5000671002/5000671002.avi,2,2,0.10034333,0.1951119,0.43670937,0.2678354
121,/mnt/c/Users/puneet/Downloads/DAiSEE/DataSet/Test/500067/5000671003/5000671003.avi,2,2,0.09114835,0.19385144,0.4480705,0.26692972
122,/mnt/c/Users/puneet/Downloads/DAiSEE/DataSet/Test/500067/5000671004/5000671004.avi,2,3,0.09337507,0.19538243,0.44817787,0.26306462
123,/mnt/c/Users/puneet/Downloads/DAiSEE/DataSet/Test/500067/5000671005/5000671005.avi,2,2,0.09320575,0.19527061,0.44817892,0.26334473
124,/mnt/c/Users/puneet/Downloads/DAiSEE/DataSet/Test/500067/5000671006/5000671006.avi,2,2,0.093085125,0.19519149,0.44818068,0.2635427
125,/mnt/c/Users/puneet/Downloads/DAiSEE/DataSet/Test/500067/5000671008/5000671008.avi,2,3,0.09326759,0.19531135,0.44817832,0.26324272
126,/mnt/c/Users/puneet/Downloads/DAiSEE/DataSet/Test/500067/5000671009/5000671009.avi,2,2,0.1021592,0.19637074,0.43681768,0.26465237
127,/mnt/c/Users/puneet/Downloads/DAiSEE/DataSet/Test/500067/5000671010/5000671010.avi,2,3,0.10184819,0.19616656,0.4368219,0.26516333
128,/mnt/c/Users/puneet/Downloads/DAiSEE/DataSet/Test/500067/5000671011/5000671011.avi,2,3,0.10139665,0.19586389,0.43681595,0.2659235
129,/mnt/c/Users/puneet/Downloads/DAiSEE/DataSet/Test/500067/5000671012/5000671012.avi,2,3,0.1014054,0.19586964,0.43681586,0.2659091
130,/mnt/c/Users/puneet/Downloads/DAiSEE/DataSet/Test/500067/5000671013/5000671013.avi,2,2,0.101056464,0.19563949,0.43681854,0.2664855
131,/mnt/c/Users/puneet/Downloads/DAiSEE/DataSet/Test/500067/5000671014/5000671014.avi,2,3,0.10138823,0.19585924,0.43681777,0.26593477
132,/mnt/c/Users/puneet/Downloads/DAiSEE/DataSet/Test/500067/5000671015/5000671015.avi,2,3,0.10087456,0.19551526,0.4368117,0.2667985
133,/mnt/c/Users/puneet/Downloads/DAiSEE/DataSet/Test/500067/5000671016/5000671016.avi,2,2,0.10051428,0.19526903,0.43679756,0.26741913
134,/mnt/c/Users/puneet/Downloads/DAiSEE/DataSet/Test/500067/5000671017/5000671017.avi,2,2,0.10054214,0.19528735,0.43679723,0.2673733
135,/mnt/c/Users/puneet/Downloads/DAiSEE/DataSet/Test/500067/5000671018/5000671018.avi,2,3,0.100889415,0.19551641,0.43679458,0.2667996
136,/mnt/c/Users/puneet/Downloads/DAiSEE/DataSet/Test/500067/5000671019/5000671019.avi,2,2,0.100109756,0.19499442,0.4367855,0.26811033
137,/mnt/c/Users/puneet/Downloads/DAiSEE/DataSet/Test/500067/5000671020/5000671020.avi,2,2,0.10092706,0.19553776,0.4367875,0.26674768
138,/mnt/c/Users/puneet/Downloads/DAiSEE/DataSet/Test/500067/5000671022/5000671022.avi,2,2,0.101635456,0.1960179,0.43680733,0.26553932
139,/mnt/c/Users/puneet/Downloads/DAiSEE/DataSet/Test/500067/5000671023/5000671023.avi,2,3,0.101700634,0.19606064,0.43680635,0.2654324
140,/mnt/c/Users/puneet/Downloads/DAiSEE/DataSet/Test/500067/5000671024/5000671024.avi,2,2,0.10145718,0.19590047,0.43680897,0.26583338
141,/mnt/c/Users/puneet/Downloads/DAiSEE/DataSet/Test/500067/5000671026/5000671026.avi,2,3,0.1023617,0.19650425,0.43681604,0.26431802
142,/mnt/c/Users/puneet/Downloads/DAiSEE/DataSet/Test/500067/5000671027/5000671027.avi,2,2,0.10217807,0.19638403,0.43681914,0.26461875
143,/mnt/c/Users/puneet/Downloads/DAiSEE/DataSet/Test/500067/5000671028/5000671028.avi,2,3,0.092938766,0.19505623,0.44809866,0.26390636
144,/mnt/c/Users/puneet/Downloads/DAiSEE/DataSet/Test/500067/5000671029/5000671029.avi,2,2,0.09282763,0.19498327,0.44810018,0.2640889
145,/mnt/c/Users/puneet/Downloads/DAiSEE/DataSet/Test/500067/5000671030/5000671030.avi,2,3,0.09183073,0.19430754,0.4480721,0.26578963
146,/mnt/c/Users/puneet/Downloads/DAiSEE/DataSet/Test/500067/5000671031/5000671031.avi,2,2,0.091191866,0.19388379,0.44807246,0.26685187
147,/mnt/c/Users/puneet/Downloads/DAiSEE/DataSet/Test/500067/5000671032/5000671032.avi,2,3,0.09077716,0.19360834,0.44807193,0.26754257
148,/mnt/c/Users/puneet/Downloads/DAiSEE/DataSet/Test/500067/5000671033/5000671033.avi,2,3,0.09964672,0.19468756,0.4367861,0.26887962
149,/mnt/c/Users/puneet/Downloads/DAiSEE/DataSet/Test/500067/5000671034/5000671034.avi,2,2,0.099468224,0.19456957,0.43678698,0.26917523
150,/mnt/c/Users/puneet/Downloads/DAiSEE/DataSet/Test/500067/5000671035/5000671035.avi,2,3,0.10036786,0.1951808,0.43681508,0.26763624
151,/mnt/c/Users/puneet/Downloads/DAiSEE/DataSet/Test/500067/5000671036/5000671036.avi,2,2,0.100583084,0.195325,0.4368178,0.26727414
152,/mnt/c/Users/puneet/Downloads/DAiSEE/DataSet/Test/500067/5000671037/5000671037.avi,2,2,0.09144817,0.1940624,0.44808823,0.2664012
153,/mnt/c/Users/puneet/Downloads/DAiSEE/DataSet/Test/500067/5000671038/5000671038.avi,2,2,0.09225399,0.19459856,0.44809112,0.26505634
154,/mnt/c/Users/puneet/Downloads/DAiSEE/DataSet/Test/500067/5000671039/5000671039.avi,2,2,0.09104989,0.19377577,0.44804397,0.26713035
155,/mnt/c/Users/puneet/Downloads/DAiSEE/DataSet/Test/500067/5000671040/5000671040.avi,2,2,0.089379504,0.19261967,0.44794852,0.2700523
156,/mnt/c/Users/puneet/Downloads/DAiSEE/DataSet/Test/500067/5000671041/5000671041.avi,2,1,0.08935595,0.19260396,0.44794837,0.2700917
157,/mnt/c/Users/puneet/Downloads/DAiSEE/DataSet/Test/500067/5000671042/5000671042.avi,2,1,0.09785762,0.19343527,0.4366561,0.27205104
158,/mnt/c/Users/puneet/Downloads/DAiSEE/DataSet/Test/500067/5000671043/5000671043.avi,2,2,0.0975102,0.19320665,0.43665975,0.2726234
159,/mnt/c/Users/puneet/Downloads/DAiSEE/DataSet/Test/500067/5000671046/5000671046.avi,2,2,0.09732365,0.19307491,0.43664375,0.27295768
160,/mnt/c/Users/puneet/Downloads/DAiSEE/DataSet/Test/500067/5000671047/5000671047.avi,2,2,0.09921302,0.19437586,0.4367383,0.2696728
161,/mnt/c/Users/puneet/Downloads/DAiSEE/DataSet/Test/500067/5000671048/5000671048.avi,2,1,0.099745624,0.19472677,0.4367335,0.26879412
162,/mnt/c/Users/puneet/Downloads/DAiSEE/DataSet/Test/500067/5000671049/5000671049.avi,2,1,0.10093462,0.19552594,0.43675366,0.26678577
163,/mnt/c/Users/puneet/Downloads/DAiSEE/DataSet/Test/500067/5000671050/5000671050.avi,2,2,0.09996355,0.19486639,0.43672368,0.26844636
164,/mnt/c/Users/puneet/Downloads/DAiSEE/DataSet/Test/500067/5000671051/5000671051.avi,2,2,0.10135363,0.19582054,0.43678683,0.266039
165,/mnt/c/Users/puneet/Downloads/DAiSEE/DataSet/Test/500067/5000671053/5000671053.avi,2,2,0.100789286,0.19544415,0.4367831,0.26698345
166,/mnt/c/Users/puneet/Downloads/DAiSEE/DataSet/Test/500067/5000671055/5000671055.avi,2,2,0.1007122,0.19539392,0.43678486,0.267109
167,/mnt/c/Users/puneet/Downloads/DAiSEE/DataSet/Test/500067/5000671056/5000671056.avi,2,3,0.10056603,0.1952981,0.43678713,0.26734874
168,/mnt/c/Users/puneet/Downloads/DAiSEE/DataSet/Test/500067/5000671057/5000671057.avi,2,2,0.10162016,0.19601268,0.4368169,0.2655503
169,/mnt/c/Users/puneet/Downloads/DAiSEE/DataSet/Test/500067/5000671058/5000671058.avi,2,1,0.10143459,0.19588892,0.4368157,0.26586077
170,/mnt/c/Users/puneet/Downloads/DAiSEE/DataSet/Test/500067/5000671059/5000671059.avi,2,2,0.100289576,0.19509341,0.43674436,0.26787266
171,/mnt/c/Users/puneet/Downloads/DAiSEE/DataSet/Test/500067/5000671060/5000671060.avi,2,2,0.098916516,0.19416682,0.43671373,0.27020296
172,/mnt/c/Users/puneet/Downloads/DAiSEE/DataSet/Test/500067/5000671061/5000671061.avi,2,1,0.09865889,0.19399631,0.43671456,0.27063024
173,/mnt/c/Users/puneet/Downloads/DAiSEE/DataSet/Test/500067/5000671062/5000671062.avi,2,2,0.09859001,0.19395071,0.43671477,0.2707445
174,/mnt/c/Users/puneet/Downloads/DAiSEE/DataSet/Test/500067/5000671063/5000671063.avi,2,2,0.098515764,0.1939009,0.4367137,0.27086964
175,/mnt/c/Users/puneet/Downloads/DAiSEE/DataSet/Test/500067/5000671064/5000671064.avi,2,3,0.10027508,0.19510561,0.43678814,0.26783118
176,/mnt/c/Users/puneet/Downloads/DAiSEE/DataSet/Test/500067/5000671065/5000671065.avi,2,2,0.10096477,0.19557865,0.43681857,0.26663804
177,/mnt/c/Users/puneet/Downloads/DAiSEE/DataSet/Test/500067/5000671066/5000671066.avi,2,2,0.101087384,0.19566007,0.43681866,0.2664339
178,/mnt/c/Users/puneet/Downloads/DAiSEE/DataSet/Test/500067/5000671067/5000671067.avi,2,2,0.10110048,0.19566874,0.43681866,0.26641214
179,/mnt/c/Users/puneet/Downloads/DAiSEE/DataSet/Test/500067/5000671069/5000671069.avi,2,1,0.10133892,0.19582811,0.43682086,0.2660121
180,/mnt/c/Users/puneet/Downloads/DAiSEE/DataSet/Test/500067/5000671070/5000671070.avi,2,1,0.10081159,0.19547756,0.43681964,0.2668912
181,/mnt/c/Users/puneet/Downloads/DAiSEE/DataSet/Test/500067/5000671071/5000671071.avi,2,2,0.10021204,0.19506724,0.436795,0.26792574
182,/mnt/c/Users/puneet/Downloads/DAiSEE/DataSet/Test/500067/5000672002/5000672002.avi,2,2,0.09896362,0.19421557,0.43674886,0.27007195
183,/mnt/c/Users/puneet/Downloads/DAiSEE/DataSet/Test/500067/5000672004/5000672004.avi,2,2,0.099212766,0.19437969,0.43674654,0.269661
184,/mnt/c/Users/puneet/Downloads/DAiSEE/DataSet/Test/500067/5000672005/5000672005.avi,2,2,0.09929946,0.19443718,0.43674648,0.2695169
185,/mnt/c/Users/puneet/Downloads/DAiSEE/DataSet/Test/500067/5000672006/5000672006.avi,2,3,0.09964576,0.19466838,0.43674922,0.26893663
186,/mnt/c/Users/puneet/Downloads/DAiSEE/DataSet/Test/500067/5000672007/5000672007.avi,2,2,0.10086656,0.19549164,0.43677527,0.26686653
187,/mnt/c/Users/puneet/Downloads/DAiSEE/DataSet/Test/500067/5000672008/5000672008.avi,2,2,0.10247259,0.19657806,0.43681645,0.2641329
188,/mnt/c/Users/puneet/Downloads/DAiSEE/DataSet/Test/500067/5000672010/5000672010.avi,2,2,0.102606386,0.19666539,0.43681368,0.26391456
189,/mnt/c/Users/puneet/Downloads/DAiSEE/DataSet/Test/500067/5000672011/5000672011.avi,2,3,0.10289021,0.19685194,0.43681026,0.2634476
190,/mnt/c/Users/puneet/Downloads/DAiSEE/DataSet/Test/500067/5000672012/5000672012.avi,2,2,0.10325358,0.19709045,0.43680522,0.26285076
191,/mnt/c/Users/puneet/Downloads/DAiSEE/DataSet/Test/500067/5000672013/5000672013.avi,2,3,0.103003986,0.19692603,0.4368075,0.26326248
192,/mnt/c/Users/puneet/Downloads/DAiSEE/DataSet/Test/500067/5000672014/5000672014.avi,2,3,0.102914885,0.19686791,0.43680948,0.26340774
193,/mnt/c/Users/puneet/Downloads/DAiSEE/DataSet/Test/500067/5000672016/5000672016.avi,2,2,0.102759056,0.19676615,0.4368126,0.2636622
194,/mnt/c/Users/puneet/Downloads/DAiSEE/DataSet/Test/500067/5000672017/5000672017.avi,2,2,0.10266072,0.19670181,0.43681437,0.26382312
195,/mnt/c/Users/puneet/Downloads/DAiSEE/DataSet/Test/500067/5000672019/5000672019.avi,2,3,0.10264576,0.19669206,0.43681473,0.26384744
196,/mnt/c/Users/puneet/Downloads/DAiSEE/DataSet/Test/500067/5000672020/5000672020.avi,2,3,0.10281816,0.19680585,0.43681353,0.26356244
197,/mnt/c/Users/puneet/Downloads/DAiSEE/DataSet/Test/500067/5000672021/5000672021.avi,2,3,0.102913216,0.19686784,0.43681145,0.2634075
198,/mnt/c/Users/puneet/Downloads/DAiSEE/DataSet/Test/500067/5000672022/5000672022.avi,2,3,0.10311514,0.19699955,0.4368071,0.2630782
199,/mnt/c/Users/puneet/Downloads/DAiSEE/DataSet/Test/500067/5000672023/5000672023.avi,2,2,0.10264529,0.19668786,0.43680725,0.2638596
200,/mnt/c/Users/puneet/Downloads/DAiSEE/DataSet/Test/500067/5000672024/5000672024.avi,2,2,0.10241363,0.19653618,0.43681118,0.264239
201,/mnt/c/Users/puneet/Downloads/DAiSEE/DataSet/Test/500067/5000672025/5000672025.avi,2,3,0.10255912,0.19663148,0.43680876,0.26400062
202,/mnt/c/Users/puneet/Downloads/DAiSEE/DataSet/Test/500067/5000672026/5000672026.avi,2,3,0.10249399,0.19658904,0.43681026,0.26410672
203,/mnt/c/Users/puneet/Downloads/DAiSEE/DataSet/Test/500067/5000672027/5000672027.avi,2,2,0.10128456,0.1957807,0.43679872,0.26613602
204,/mnt/c/Users/puneet/Downloads/DAiSEE/DataSet/Test/500067/5000672030/5000672030.avi,2,2,0.1019367,0.19621143,0.43679488,0.265057
205,/mnt/c/Users/puneet/Downloads/DAiSEE/DataSet/Test/500067/5000672031/5000672031.avi,2,2,0.10199842,0.196252,0.43679413,0.26495543
206,/mnt/c/Users/puneet/Downloads/DAiSEE/DataSet/Test/500067/5000672033/5000672033.avi,2,2,0.10201186,0.19626077,0.43679386,0.26493353
207,/mnt/c/Users/puneet/Downloads/DAiSEE/DataSet/Test/500067/5000672034/5000672034.avi,2,2,0.10206227,0.19629362,0.43679273,0.2648514
208,/mnt/c/Users/puneet/Downloads/DAiSEE/DataSet/Test/500067/5000672035/5000672035.avi,2,3,0.10300646,0.19692868,0.43680948,0.26325536
209,/mnt/c/Users/puneet/Downloads/DAiSEE/DataSet/Test/500067/5000672036/5000672036.avi,2,2,0.10290239,0.19686085,0.43681183,0.26342493
210,/mnt/c/Users/puneet/Downloads/DAiSEE/DataSet/Test/500067/5000672038/5000672038.avi,2,3,0.10263824,0.19668634,0.43681332,0.2638621
211,/mnt/c/Users/puneet/Downloads/DAiSEE/DataSet/Test/500067/5000672042/5000672042.avi,2,3,0.10234214,0.19649182,0.4368171,0.26434892
212,/mnt/c/Users/puneet/Downloads/DAiSEE/DataSet/Test/500067/5000672043/5000672043.avi,2,3,0.102220885,0.19641265,0.43681958,0.2645469
213,/mnt/c/Users/puneet/Downloads/DAiSEE/DataSet/Test/500067/5000672044/5000672044.avi,2,3,0.10203282,0.19628844,0.4368207,0.26485804
214,/mnt/c/Users/puneet/Downloads/DAiSEE/DataSet/Test/500067/5000672045/5000672045.avi,2,3,0.10157973,0.19598913,0.43682325,0.2656079
215,/mnt/c/Users/puneet/Downloads/DAiSEE/DataSet/Test/500067/5000672046/5000672046.avi,2,2,0.10198001,0.1962527,0.43681934,0.26494795
216,/mnt/c/Users/puneet/Downloads/DAiSEE/DataSet/Test/500067/5000672047/5000672047.avi,2,2,0.10219148,0.1963919,0.4368172,0.26459944
217,/mnt/c/Users/puneet/Downloads/DAiSEE/DataSet/Test/500067/5000672048/5000672048.avi,2,2,0.10237536,0.19651179,0.4368131,0.26429975
218,/mnt/c/Users/puneet/Downloads/DAiSEE/DataSet/Test/500067/5000672049/5000672049.avi,2,2,0.10263063,0.19668011,0.43681106,0.2638782
219,/mnt/c/Users/puneet/Downloads/DAiSEE/DataSet/Test/500067/5000672050/5000672050.avi,2,2,0.10304261,0.19695254,0.43680924,0.2631956
220,/mnt/c/Users/puneet/Downloads/DAiSEE/DataSet/Test/500067/5000672051/5000672051.avi,2,3,0.10290903,0.19686514,0.43681163,0.2634142
221,/mnt/c/Users/puneet/Downloads/DAiSEE/DataSet/Test/500067/5000672052/5000672052.avi,2,3,0.10285848,0.196832,0.43681237,0.26349714
222,/mnt/c/Users/puneet/Downloads/DAiSEE/DataSet/Test/500067/5000672053/5000672053.avi,2,2,0.1025637,0.1966393,0.43681794,0.26397905
223,/mnt/c/Users/puneet/Downloads/DAiSEE/DataSet/Test/500067/5000672054/5000672054.avi,2,3,0.10249387,0.19659346,0.4368189,0.26409376
224,/mnt/c/Users/puneet/Downloads/DAiSEE/DataSet/Test/500067/5000672055/5000672055.avi,2,3,0.102595,0.19665952,0.4368169,0.2639286
225,/mnt/c/Users/puneet/Downloads/DAiSEE/DataSet/Test/500067/5000672056/5000672056.avi,2,3,0.10239907,0.19653031,0.43681845,0.2642522
226,/mnt/c/Users/puneet/Downloads/DAiSEE/DataSet/Test/500067/5000672057/5000672057.avi,2,2,0.101080306,0.1956366,0.4367816,0.26650152
227,/mnt/c/Users/puneet/Downloads/DAiSEE/DataSet/Test/500067/5000672058/5000672058.avi,2,2,0.101191044,0.1957093,0.4367801,0.26631954
228,/mnt/c/Users/puneet/Downloads/DAiSEE/DataSet/Test/500067/5000672059/5000672059.avi,2,2,0.10111447,0.19565886,0.4367808,0.26644588
229,/mnt/c/Users/puneet/Downloads/DAiSEE/DataSet/Test/500067/5000672060/5000672060.avi,2,2,0.10096879,0.19556361,0.43678352,0.2666841
230,/mnt/c/Users/puneet/Downloads/DAiSEE/DataSet/Test/500067/5000672062/5000672062.avi,2,3,0.101013504,0.1955932,0.43678337,0.26660994
231,/mnt/c/Users/puneet/Downloads/DAiSEE/DataSet/Test/500067/5000672064/5000672064.avi,2,2,0.10247942,0.19658318,0.4368176,0.26411983
232,/mnt/c/Users/puneet/Downloads/DAiSEE/DataSet/Test/500067/5000672065/5000672065.avi,2,2,0.10245179,0.19656506,0.43681803,0.26416513
233,/mnt/c/Users/puneet/Downloads/DAiSEE/DataSet/Test/500067/5000672066/5000672066.avi,2,2,0.102429405,0.19655028,0.43681815,0.26420215
234,/mnt/c/Users/puneet/Downloads/DAiSEE/DataSet/Test/500067/5000672067/5000672067.avi,2,2,0.10235025,0.19649825,0.4368191,0.26433238
235,/mnt/c/Users/puneet/Downloads/DAiSEE/DataSet/Test/500067/5000672068/5000672068.avi,2,2,0.102395706,0.19652827,0.43681884,0.2642572
236,/mnt/c/Users/puneet/Downloads/DAiSEE/DataSet/Test/500067/5000672070/5000672070.avi,2,3,0.091025464,0.19340047,0.44717577,0.26839828
237,/mnt/c/Users/puneet/Downloads/DAiSEE/DataSet/Test/500067/5000672071/5000672071.avi,2,2,0.08938246,0.19227964,0.44711486,0.27122304
238,/mnt/c/Users/puneet/Downloads/DAiSEE/DataSet/Test/500067/5000672072/5000672072.avi,2,2,0.07603906,0.18653813,0.45330065,0.28412217
239,/mnt/c/Users/puneet/Downloads/DAiSEE/DataSet/Test/500067/5000672074/5000672074.avi,2,3,0.0658074,0.18441954,0.464281,0.28549206
240,/mnt/c/Users/puneet/Downloads/DAiSEE/DataSet/Test/500067/5000672075/5000672075.avi,2,3,0.06546491,0.18419172,0.46427992,0.28606346
241,/mnt/c/Users/puneet/Downloads/DAiSEE/DataSet/Test/500067/5000672076/5000672076.avi,2,3,0.07681005,0.18730314,0.45392352,0.2819633
242,/mnt/c/Users/puneet/Downloads/DAiSEE/DataSet/Test/500067/5000672077/5000672077.avi,2,2,0.07832981,0.18834293,0.45398584,0.27934143
243,/mnt/c/Users/puneet/Downloads/DAiSEE/DataSet/Test/500067/5000672081/5000672081.avi,2,2,0.09068698,0.19341719,0.4477748,0.26812103
244,/mnt/c/Users/puneet/Downloads/DAiSEE/DataSet/Test/500067/5000672082/5000672082.avi,2,2,0.0997577,0.19474949,0.43676296,0.26872984
245,/mnt/c/Users/puneet/Downloads/DAiSEE/DataSet/Test/500095/5000951001/5000951001.avi,2,2,0.099741675,0.19473875,0.43676275,0.26875684
246,/mnt/c/Users/puneet/Downloads/DAiSEE/DataSet/Test/500095/5000951002/5000951002.avi,2,2,0.09935253,0.19448236,0.4367663,0.2693988
247,/mnt/c/Users/puneet/Downloads/DAiSEE/DataSet/Test/500095/5000951003/5000951003.avi,2,3,0.09945346,0.19454877,0.43676522,0.26923254
248,/mnt/c/Users/puneet/Downloads/DAiSEE/DataSet/Test/500095/5000951004/5000951004.avi,2,2,0.099651515,0.19468531,0.43677533,0.26888785
249,/mnt/c/Users/puneet/Downloads/DAiSEE/DataSet/Test/500095/5000951005/5000951005.avi,2,2,0.10096527,0.19557188,0.43680468,0.2666582
250,/mnt/c/Users/puneet/Downloads/DAiSEE/DataSet/Test/500095/5000951006/5000951006.avi,2,2,0.10038111,0.1951743,0.43678507,0.26765952
251,/mnt/c/Users/puneet/Downloads/DAiSEE/DataSet/Test/500095/5000951007/5000951007.avi,2,3,0.10071267,0.19539304,0.4367826,0.2671117
252,/mnt/c/Users/puneet/Downloads/DAiSEE/DataSet/Test/500095/5000951008/5000951008.avi,2,2,0.100049645,0.19495082,0.43677816,0.26822138
253,/mnt/c/Users/puneet/Downloads/DAiSEE/DataSet/Test/500095/5000951009/5000951009.avi,2,3,0.10095083,0.19555598,0.43679228,0.26670092
254,/mnt/c/Users/puneet/Downloads/DAiSEE/DataSet/Test/500095/5000951010/5000951010.avi,2,2,0.0909254,0.19364652,0.4479381,0.26748997
255,/mnt/c/Users/puneet/Downloads/DAiSEE/DataSet/Test/500095/5000951011/5000951011.avi,2,3,0.09203043,0.19438936,0.447957,0.2656232
256,/mnt/c/Users/puneet/Downloads/DAiSEE/DataSet/Test/500095/5000951012/5000951012.avi,2,2,0.09204348,0.1943979,0.44795677,0.26560184
257,/mnt/c/Users/puneet/Downloads/DAiSEE/DataSet/Test/500095/5000951013/5000951013.avi,2,2,0.09266664,0.19481394,0.44796172,0.2645577
258,/mnt/c/Users/puneet/Downloads/DAiSEE/DataSet/Test/500095/5000951015/5000951015.avi,2,3,0.09266867,0.19481526,0.44796172,0.26455435
259,/mnt/c/Users/puneet/Downloads/DAiSEE/DataSet/Test/500095/5000951016/5000951016.avi,2,2,0.10262815,0.19668154,0.43681696,0.26387334
260,/mnt/c/Users/puneet/Downloads/DAiSEE/DataSet/Test/500095/5000951017/5000951017.avi,2,2,0.100297794,0.19506799,0.43668142,0.2679528
261,/mnt/c/Users/puneet/Downloads/DAiSEE/DataSet/Test/500095/5000951018/5000951018.avi,2,2,0.10024479,0.19503327,0.43668228,0.26803964
262,/mnt/c/Users/puneet/Downloads/DAiSEE/DataSet/Test/500095/5000951019/5000951019.avi,2,1,0.100142665,0.19496594,0.43668315,0.26820827
263,/mnt/c/Users/puneet/Downloads/DAiSEE/DataSet/Test/500095/5000951021/5000951021.avi,2,2,0.099498905,0.19453634,0.4366784,0.26928636
264,/mnt/c/Users/puneet/Downloads/DAiSEE/DataSet/Test/500095/5000951023/5000951023.avi,2,1,0.08981339,0.19289663,0.44792303,0.26936695
265,/mnt/c/Users/puneet/Downloads/DAiSEE/DataSet/Test/500095/5000951024/5000951024.avi,2,1,0.09206047,0.1944556,0.4480598,0.26542413
266,/mnt/c/Users/puneet/Downloads/DAiSEE/DataSet/Test/500095/5000951025/5000951025.avi,2,2,0.09210225,0.19448295,0.4480591,0.26535568
267,/mnt/c/Users/puneet/Downloads/DAiSEE/DataSet/Test/500095/5000951027/5000951027.avi,2,1,0.08195137,0.19241963,0.45904347,0.26658553
268,/mnt/c/Users/puneet/Downloads/DAiSEE/DataSet/Test/500095/5000951028/5000951028.avi,2,3,0.08145982,0.1920826,0.45902202,0.26743558
269,/mnt/c/Users/puneet/Downloads/DAiSEE/DataSet/Test/500095/5000951033/5000951033.avi,2,2,0.09101321,0.19363536,0.4477788,0.26757264
270,/mnt/c/Users/puneet/Downloads/DAiSEE/DataSet/Test/500095/5000951034/5000951034.avi,2,2,0.08909731,0.19231677,0.44768414,0.27090177
271,/mnt/c/Users/puneet/Downloads/DAiSEE/DataSet/Test/500095/5000951035/5000951035.avi,2,2,0.088463314,0.19189548,0.44768298,0.27195823
272,/mnt/c/Users/puneet/Downloads/DAiSEE/DataSet/Test/500095/5000951037/5000951037.avi,2,2,0.09874784,0.19404685,0.4366974,0.2705079
273,/mnt/c/Users/puneet/Downloads/DAiSEE/DataSet/Test/500095/5000951039/5000951039.avi,2,2,0.099915266,0.19483458,0.43672317,0.268527
274,/mnt/c/Users/puneet/Downloads/DAiSEE/DataSet/Test/500095/5000951040/5000951040.avi,2,3,0.100111686,0.19496362,0.43672067,0.26820403
275,/mnt/c/Users/puneet/Downloads/DAiSEE/DataSet/Test/500095/5000951042/5000951042.avi,2,2,0.10210207,0.19633107,0.43681425,0.2647526
276,/mnt/c/Users/puneet/Downloads/DAiSEE/DataSet/Test/500095/5000951043/5000951043.avi,2,3,0.10024881,0.19502403,0.43665794,0.2680692
277,/mnt/c/Users/puneet/Downloads/DAiSEE/DataSet/Test/500095/5000951044/5000951044.avi,2,2,0.10034315,0.19508585,0.43665642,0.26791456
278,/mnt/c/Users/puneet/Downloads/DAiSEE/DataSet/Test/500095/5000951045/5000951045.avi,2,2,0.100223795,0.19500731,0.43665773,0.26811117
279,/mnt/c/Users/puneet/Downloads/DAiSEE/DataSet/Test/500095/5000951047/5000951047.avi,2,2,0.09770132,0.19325447,0.4364978,0.27254638
280,/mnt/c/Users/puneet/Downloads/DAiSEE/DataSet/Test/500095/5000951049/5000951049.avi,2,3,0.09773539,0.19327676,0.4364972,0.27249065
281,/mnt/c/Users/puneet/Downloads/DAiSEE/DataSet/Test/500095/5000951051/5000951051.avi,2,3,0.09779883,0.19332343,0.43650663,0.2723711
282,/mnt/c/Users/puneet/Downloads/DAiSEE/DataSet/Test/500095/5000951052/5000951052.avi,2,2,0.09736549,0.19303718,0.43650913,0.2730882
283,/mnt/c/Users/puneet/Downloads/DAiSEE/DataSet/Test/500095/5000951053/5000951053.avi,2,2,0.09665941,0.19256331,0.43649867,0.2742786
284,/mnt/c/Users/puneet/Downloads/DAiSEE/DataSet/Test/500095/5000951054/5000951054.avi,2,3,0.09880419,0.19406693,0.43666127,0.2704676
285,/mnt/c/Users/puneet/Downloads/DAiSEE/DataSet/Test/500095/5000951055/5000951055.avi,2,2,0.0987996,0.19406393,0.43666136,0.27047512
286,/mnt/c/Users/puneet/Downloads/DAiSEE/DataSet/Test/500095/5000951056/5000951056.avi,2,3,0.101261005,0.19577017,0.4368087,0.2661601
287,/mnt/c/Users/puneet/Downloads/DAiSEE/DataSet/Test/500095/5000951057/5000951057.avi,2,3,0.10165556,0.19603105,0.43680692,0.26550648
288,/mnt/c/Users/puneet/Downloads/DAiSEE/DataSet/Test/500095/5000951058/5000951058.avi,2,3,0.10049065,0.19521354,0.4367175,0.26757827
289,/mnt/c/Users/puneet/Downloads/DAiSEE/DataSet/Test/500095/5000951060/5000951060.avi,2,3,0.10089904,0.19548282,0.43671423,0.2669039
290,/mnt/c/Users/puneet/Downloads/DAiSEE/DataSet/Test/500095/5000951061/5000951061.avi,2,2,0.09997282,0.19486347,0.43670487,0.26845884
291,/mnt/c/Users/puneet/Downloads/DAiSEE/DataSet/Test/500095/5000951062/5000951062.avi,2,2,0.099808805,0.19475591,0.43670732,0.26872796
292,/mnt/c/Users/puneet/Downloads/DAiSEE/DataSet/Test/500095/5000951063/5000951063.avi,2,2,0.09986118,0.19479017,0.43670636,0.26864228
293,/mnt/c/Users/puneet/Downloads/DAiSEE/DataSet/Test/500095/5000951065/5000951065.avi,2,3,0.10109984,0.19565791,0.43679833,0.2664439
294,/mnt/c/Users/puneet/Downloads/DAiSEE/DataSet/Test/500095/5000951066/5000951066.avi,2,2,0.1007225,0.1954093,0.43680176,0.26706645
295,/mnt/c/Users/puneet/Downloads/DAiSEE/DataSet/Test/500095/5000951067/5000951067.avi,2,2,0.09243144,0.19476505,0.44819665,0.26460686
296,/mnt/c/Users/puneet/Downloads/DAiSEE/DataSet/Test/500095/5000952002/5000952002.avi,2,2,0.082746066,0.19311278,0.45941344,0.2647277
297,/mnt/c/Users/puneet/Downloads/DAiSEE/DataSet/Test/500095/5000952003/5000952003.avi,2,2,0.08136494,0.19217996,0.45938107,0.26707402
298,/mnt/c/Users/puneet/Downloads/DAiSEE/DataSet/Test/500095/5000952004/5000952004.avi,2,2,0.082089305,0.19266418,0.45938802,0.2658585
299,/mnt/c/Users/puneet/Downloads/DAiSEE/DataSet/Test/500095/5000952005/5000952005.avi,2,3,0.08101325,0.19193004,0.45934826,0.26770845
300,/mnt/c/Users/puneet/Downloads/DAiSEE/DataSet/Test/500095/5000952007/5000952007.avi,2,3,0.08996004,0.19301559,0.44796547,0.26905888
301,/mnt/c/Users/puneet/Downloads/DAiSEE/DataSet/Test/500095/5000952008/5000952008.avi,2,3,0.099758364,0.19474204,0.43674716,0.26875243
302,/mnt/c/Users/puneet/Downloads/DAiSEE/DataSet/Test/500095/5000952011/5000952011.avi,2,2,0.10101248,0.19559161,0.43678156,0.26661432
303,/mnt/c/Users/puneet/Downloads/DAiSEE/DataSet/Test/500095/5000952013/5000952013.avi,2,2,0.100104466,0.19498195,0.43676755,0.26814604
304,/mnt/c/Users/puneet/Downloads/DAiSEE/DataSet/Test/500095/5000952014/5000952014.avi,2,2,0.101427734,0.19587949,0.43680605,0.26588672
305,/mnt/c/Users/puneet/Downloads/DAiSEE/DataSet/Test/500095/5000952015/5000952015.avi,2,3,0.10126081,0.19576845,0.43680555,0.2661652
306,/mnt/c/Users/puneet/Downloads/DAiSEE/DataSet/Test/500095/5000952016/5000952016.avi,2,2,0.10111738,0.19567421,0.43680733,0.26640108
307,/mnt/c/Users/puneet/Downloads/DAiSEE/DataSet/Test/500095/5000952017/5000952017.avi,2,2,0.08940774,0.19212598,0.44664764,0.27181864
308,/mnt/c/Users/puneet/Downloads/DAiSEE/DataSet/Test/500095/5000952018/5000952018.avi,2,2,0.090366825,0.19276914,0.44666094,0.27020308
309,/mnt/c/Users/puneet/Downloads/DAiSEE/DataSet/Test/500095/5000952020/5000952020.avi,2,2,0.088996455,0.1918386,0.4466189,0.27254602
310,/mnt/c/Users/puneet/Downloads/DAiSEE/DataSet/Test/500095/5000952021/5000952021.avi,2,2,0.08933349,0.19206187,0.4466182,0.27198642
311,/mnt/c/Users/puneet/Downloads/DAiSEE/DataSet/Test/500095/5000952022/5000952022.avi,2,2,0.08922279,0.19198869,0.4466187,0.2721698
312,/mnt/c/Users/puneet/Downloads/DAiSEE/DataSet/Test/500095/5000952023/5000952023.avi,2,3,0.10090289,0.1955175,0.43677872,0.26680088
313,/mnt/c/Users/puneet/Downloads/DAiSEE/DataSet/Test/500095/5000952024/5000952024.avi,2,2,0.10095499,0.19555159,0.43677783,0.2667156
314,/mnt/c/Users/puneet/Downloads/DAiSEE/DataSet/Test/500095/5000952025/5000952025.avi,2,3,0.10235105,0.19649899,0.4368195,0.26433048
315,/mnt/c/Users/puneet/Downloads/DAiSEE/DataSet/Test/500095/5000952026/5000952026.avi,2,3,0.099822894,0.1947334,0.43664113,0.26880258
316,/mnt/c/Users/puneet/Downloads/DAiSEE/DataSet/Test/500095/5000952027/5000952027.avi,2,2,0.10005192,0.19488437,0.43663922,0.26842448
317,/mnt/c/Users/puneet/Downloads/DAiSEE/DataSet/Test/500095/5000952028/5000952028.avi,2,2,0.100182176,0.19496985,0.43663737,0.2682106
318,/mnt/c/Users/puneet/Downloads/DAiSEE/DataSet/Test/500095/5000952029/5000952029.avi,2,2,0.09956679,0.19456159,0.43663752,0.26923412
319,/mnt/c/Users/puneet/Downloads/DAiSEE/DataSet/Test/500095/5000952031/5000952031.avi,2,2,0.099398084,0.19445044,0.43663904,0.26951244
320,/mnt/c/Users/puneet/Downloads/DAiSEE/DataSet/Test/500095/5000952032/5000952032.avi,2,2,0.10151968,0.19594626,0.4368174,0.26571664
321,/mnt/c/Users/puneet/Downloads/DAiSEE/DataSet/Test/500095/5000952033/5000952033.avi,2,2,0.10151489,0.19594312,0.43681747,0.2657245
322,/mnt/c/Users/puneet/Downloads/DAiSEE/DataSet/Test/500095/5000952034/5000952034.avi,2,1,0.10149735,0.19593164,0.4368178,0.26575324
323,/mnt/c/Users/puneet/Downloads/DAiSEE/DataSet/Test/500095/5000952035/5000952035.avi,2,2,0.08991523,0.19229923,0.44618317,0.27160236
324,/mnt/c/Users/puneet/Downloads/DAiSEE/DataSet/Test/500095/5000952036/5000952036.avi,2,2,0.0887936,0.19153695,0.4461476,0.27352184
325,/mnt/c/Users/puneet/Downloads/DAiSEE/DataSet/Test/500095/5000952038/5000952038.avi,2,3,0.08861588,0.19141737,0.44614437,0.2738224
326,/mnt/c/Users/puneet/Downloads/DAiSEE/DataSet/Test/500095/5000952040/5000952040.avi,2,3,0.08848772,0.19133307,0.44614577,0.27403343
327,/mnt/c/Users/puneet/Downloads/DAiSEE/DataSet/Test/500095/5000952041/5000952041.avi,2,2,0.088253304,0.19117872,0.44614813,0.27441984
328,/mnt/c/Users/puneet/Downloads/DAiSEE/DataSet/Test/500095/5000952042/5000952042.avi,2,2,0.10019693,0.19505243,0.4367855,0.26796517
329,/mnt/c/Users/puneet/Downloads/DAiSEE/DataSet/Test/500095/5000952044/5000952044.avi,2,2,0.10128069,0.19578962,0.43682116,0.2661085
330,/mnt/c/Users/puneet/Downloads/DAiSEE/DataSet/Test/500095/5000952045/5000952045.avi,2,2,0.10171446,0.19607973,0.4368256,0.26538023
331,/mnt/c/Users/puneet/Downloads/DAiSEE/DataSet/Test/500095/5000952046/5000952046.avi,2,3,0.101705,0.19607349,0.43682566,0.26539585
332,/mnt/c/Users/puneet/Downloads/DAiSEE/DataSet/Test/500095/5000952048/5000952048.avi,2,2,0.10083459,0.19548503,0.43680423,0.26687616
333,/mnt/c/Users/puneet/Downloads/DAiSEE/DataSet/Test/500095/5000952050/5000952050.avi,2,3,0.10094683,0.19555908,0.43680343,0.26669064
334,/mnt/c/Users/puneet/Downloads/DAiSEE/DataSet/Test/500095/5000952052/5000952052.avi,2,2,0.100947976,0.19555984,0.43680343,0.26668873
335,/mnt/c/Users/puneet/Downloads/DAiSEE/DataSet/Test/500095/5000952053/5000952053.avi,2,3,0.10101553,0.19560449,0.43680307,0.26657692
336,/mnt/c/Users/puneet/Downloads/DAiSEE/DataSet/Test/500095/5000952054/5000952054.avi,2,2,0.10086016,0.19550154,0.43680337,0.26683494
337,/mnt/c/Users/puneet/Downloads/DAiSEE/DataSet/Test/500095/5000952055/5000952055.avi,2,2,0.10178145,0.19612366,0.43682456,0.26527032
338,/mnt/c/Users/puneet/Downloads/DAiSEE/DataSet/Test/500095/5000952060/5000952060.avi,2,2,0.10064104,0.19535224,0.4367956,0.2672111
339,/mnt/c/Users/puneet/Downloads/DAiSEE/DataSet/Test/500095/5000952061/5000952061.avi,2,2,0.100652575,0.19535989,0.43679556,0.26719198
340,/mnt/c/Users/puneet/Downloads/DAiSEE/DataSet/Test/500095/5000952062/5000952062.avi,2,1,0.100637235,0.19534977,0.43679568,0.26721734
341,/mnt/c/Users/puneet/Downloads/DAiSEE/DataSet/Test/500095/5000952063/5000952063.avi,2,2,0.10067595,0.19537549,0.43679574,0.26715282
342,/mnt/c/Users/puneet/Downloads/DAiSEE/DataSet/Test/500095/5000952064/5000952064.avi,2,3,0.10063285,0.19534698,0.43679595,0.26722422
343,/mnt/c/Users/puneet/Downloads/DAiSEE/DataSet/Test/500095/5000952065/5000952065.avi,2,2,0.10167075,0.19605076,0.43682566,0.2654528
344,/mnt/c/Users/puneet/Downloads/DAiSEE/DataSet/Test/500095/5000952066/5000952066.avi,2,2,0.09279825,0.1950218,0.44822374,0.26395622
345,/mnt/c/Users/puneet/Downloads/DAiSEE/DataSet/Test/500095/5000952068/5000952068.avi,2,3,0.09269726,0.19495496,0.4482241,0.26412368
346,/mnt/c/Users/puneet/Downloads/DAiSEE/DataSet/Test/500095/5000952069/5000952069.avi,2,2,0.09192046,0.19442958,0.44820458,0.2654454
347,/mnt/c/Users/puneet/Downloads/DAiSEE/DataSet/Test/500095/5000952070/5000952070.avi,2,3,0.09191552,0.1944263,0.44820458,0.2654536
348,/mnt/c/Users/puneet/Downloads/DAiSEE/DataSet/Test/500095/5000952071/5000952071.avi,2,2,0.09196558,0.19445938,0.4482043,0.26537076
349,/mnt/c/Users/puneet/Downloads/DAiSEE/DataSet/Test/500095/5000952072/5000952072.avi,2,3,0.10080019,0.19546323,0.43680626,0.2669303
350,/mnt/c/Users/puneet/Downloads/DAiSEE/DataSet/Test/500095/5000952073/5000952073.avi,2,2,0.10048611,0.19525328,0.43680328,0.26745734
351,/mnt/c/Users/puneet/Downloads/DAiSEE/DataSet/Test/500095/5000952075/5000952075.avi,2,2,0.101432204,0.19589059,0.436822,0.2658552
352,/mnt/c/Users/puneet/Downloads/DAiSEE/DataSet/Test/500095/5000952076/5000952076.avi,2,3,0.10070938,0.19540371,0.43680778,0.26707911
353,/mnt/c/Users/puneet/Downloads/DAiSEE/DataSet/Test/500095/5000952077/5000952077.avi,2,2,0.10064919,0.19536394,0.4368081,0.26717874
354,/mnt/c/Users/puneet/Downloads/DAiSEE/DataSet/Test/500095/5000952078/5000952078.avi,2,2,0.1006717,0.19537887,0.4368081,0.26714134
355,/mnt/c/Users/puneet/Downloads/DAiSEE/DataSet/Test/500095/5000952080/5000952080.avi,2,3,0.10098114,0.19558573,0.4368111,0.26662204
356,/mnt/c/Users/puneet/Downloads/DAiSEE/DataSet/Test/500095/5000952083/5000952083.avi,2,1,0.09082203,0.193532,0.44783032,0.26781565
357,/mnt/c/Users/puneet/Downloads/DAiSEE/DataSet/Test/510009/5100091001/5100091001.avi,2,2,0.08264666,0.19297157,0.45923987,0.2651419
358,/mnt/c/Users/puneet/Downloads/DAiSEE/DataSet/Test/510009/5100091003/5100091003.avi,2,3,0.07376322,0.19193618,0.4706397,0.26366088
359,/mnt/c/Users/puneet/Downloads/DAiSEE/DataSet/Test/510009/5100091004/5100091004.avi,2,3,0.07403131,0.19211274,0.47063714,0.26321882
360,/mnt/c/Users/puneet/Downloads/DAiSEE/DataSet/Test/510009/5100091005/5100091005.avi,2,2,0.07437122,0.19233645,0.47063363,0.26265872
361,/mnt/c/Users/puneet/Downloads/DAiSEE/DataSet/Test/510009/5100091006/5100091006.avi,2,2,0.08445681,0.19434169,0.45961493,0.26158658
362,/mnt/c/Users/puneet/Downloads/DAiSEE/DataSet/Test/510009/5100091007/5100091007.avi,2,3,0.093705565,0.19561915,0.44821483,0.26246047
363,/mnt/c/Users/puneet/Downloads/DAiSEE/DataSet/Test/510009/5100091008/5100091008.avi,2,3,0.1015799,0.19597042,0.43678638,0.2656633
364,/mnt/c/Users/puneet/Downloads/DAiSEE/DataSet/Test/510009/5100091009/5100091009.avi,2,2,0.09992824,0.1948458,0.43672937,0.2684966
365,/mnt/c/Users/puneet/Downloads/DAiSEE/DataSet/Test/510009/5100091010/5100091010.avi,2,3,0.099986106,0.19488351,0.43672806,0.2684023
366,/mnt/c/Users/puneet/Downloads/DAiSEE/DataSet/Test/510009/5100091012/5100091012.avi,2,2,0.08748811,0.19035183,0.4452148,0.27694526
367,/mnt/c/Users/puneet/Downloads/DAiSEE/DataSet/Test/510009/5100091017/5100091017.avi,2,2,0.08506518,0.18867968,0.44508493,0.2811702
368,/mnt/c/Users/puneet/Downloads/DAiSEE/DataSet/Test/510009/5100091019/5100091019.avi,2,2,0.08658561,0.18969801,0.44510382,0.27861255
369,/mnt/c/Users/puneet/Downloads/DAiSEE/DataSet/Test/510009/5100091020/5100091020.avi,2,3,0.08849897,0.19099282,0.44515416,0.27535406
370,/mnt/c/Users/puneet/Downloads/DAiSEE/DataSet/Test/510009/5100091025/5100091025.avi,2,2,0.088173896,0.19077952,0.4451588,0.27588776
371,/mnt/c/Users/puneet/Downloads/DAiSEE/DataSet/Test/510009/5100091026/5100091026.avi,2,3,0.100704625,0.19533284,0.43667188,0.26729068
372,/mnt/c/Users/puneet/Downloads/DAiSEE/DataSet/Test/510009/5100091027/5100091027.avi,2,2,0.1029488,0.19688812,0.4368051,0.263358
373,/mnt/c/Users/puneet/Downloads/DAiSEE/DataSet/Test/510009/5100091028/5100091028.avi,2,2,0.102841735,0.19681881,0.43680844,0.26353103
374,/mnt/c/Users/puneet/Downloads/DAiSEE/DataSet/Test/510009/5100091032/5100091032.avi,2,3,0.10265862,0.19669998,0.43681353,0.2638279
375,/mnt/c/Users/puneet/Downloads/DAiSEE/DataSet/Test/510009/5100091033/5100091033.avi,2,2,0.10265244,0.19669588,0.43681356,0.26383814
376,/mnt/c/Users/puneet/Downloads/DAiSEE/DataSet/Test/510009/5100091034/5100091034.avi,2,3,0.10304714,0.19695383,0.43680596,0.26319307
377,/mnt/c/Users/puneet/Downloads/DAiSEE/DataSet/Test/510009/5100091035/5100091035.avi,2,3,0.10333025,0.19713844,0.43679973,0.26273155
378,/mnt/c/Users/puneet/Downloads/DAiSEE/DataSet/Test/510009/5100091036/5100091036.avi,2,3,0.103383586,0.19717301,0.4367982,0.2626452
379,/mnt/c/Users/puneet/Downloads/DAiSEE/DataSet/Test/510009/5100091038/5100091038.avi,2,3,0.103554636,0.19728406,0.43679348,0.2623678
380,/mnt/c/Users/puneet/Downloads/DAiSEE/DataSet/Test/510009/5100091039/5100091039.avi,2,3,0.10399058,0.19756941,0.43678597,0.26165405
381,/mnt/c/Users/puneet/Downloads/DAiSEE/DataSet/Test/510009/5100091042/5100091042.avi,2,3,0.1040084,0.19758095,0.4367854,0.26162526
382,/mnt/c/Users/puneet/Downloads/DAiSEE/DataSet/Test/510009/5100091046/5100091046.avi,2,3,0.10402203,0.19758977,0.43678498,0.2616032
383,/mnt/c/Users/puneet/Downloads/DAiSEE/DataSet/Test/510009/5100091049/5100091049.avi,2,1,0.103665285,0.19735686,0.43679228,0.26218557
384,/mnt/c/Users/puneet/Downloads/DAiSEE/DataSet/Test/510009/5100091050/5100091050.avi,2,2,0.10267442,0.19670074,0.4367948,0.26383007
385,/mnt/c/Users/puneet/Downloads/DAiSEE/DataSet/Test/510009/5100091051/5100091051.avi,2,2,0.10265759,0.19668983,0.4367953,0.26385728
386,/mnt/c/Users/puneet/Downloads/DAiSEE/DataSet/Test/510009/5100091053/5100091053.avi,2,2,0.102631174,0.19667274,0.43679613,0.26389995
387,/mnt/c/Users/puneet/Downloads/DAiSEE/DataSet/Test/510009/5100091055/5100091055.avi,2,3,0.10263414,0.19667466,0.43679604,0.26389518
388,/mnt/c/Users/puneet/Downloads/DAiSEE/DataSet/Test/510009/5100091056/5100091056.avi,2,2,0.102994755,0.19691007,0.43678862,0.26330656
389,/mnt/c/Users/puneet/Downloads/DAiSEE/DataSet/Test/510009/5100091057/5100091057.avi,2,2,0.10396531,0.19755307,0.43678674,0.26169488
390,/mnt/c/Users/puneet/Downloads/DAiSEE/DataSet/Test/510009/5100091058/5100091058.avi,2,2,0.10382229,0.19746003,0.43679032,0.26192737
391,/mnt/c/Users/puneet/Downloads/DAiSEE/DataSet/Test/510009/5100091059/5100091059.avi,2,2,0.10360102,0.19731596,0.4367956,0.2622874
392,/mnt/c/Users/puneet/Downloads/DAiSEE/DataSet/Test/510009/5100091062/5100091062.avi,2,2,0.092389226,0.19439355,0.44740438,0.26581284
393,/mnt/c/Users/puneet/Downloads/DAiSEE/DataSet/Test/510009/5100091064/5100091064.avi,2,2,0.09056664,0.19316095,0.44735807,0.26891434
394,/mnt/c/Users/puneet/Downloads/DAiSEE/DataSet/Test/510009/5100091065/5100091065.avi,2,3,0.08061164,0.19134715,0.45861214,0.26942906
395,/mnt/c/Users/puneet/Downloads/DAiSEE/DataSet/Test/510009/5100091066/5100091066.avi,2,2,0.08075125,0.19143797,0.45860866,0.2692021
396,/mnt/c/Users/puneet/Downloads/DAiSEE/DataSet/Test/510009/5100091067/5100091067.avi,2,3,0.07128935,0.18998307,0.4699325,0.26879507
397,/mnt/c/Users/puneet/Downloads/DAiSEE/DataSet/Test/510009/5100091068/5100091068.avi,2,2,0.08222985,0.19272876,0.45933005,0.26571134
398,/mnt/c/Users/puneet/Downloads/DAiSEE/DataSet/Test/510009/5100091069/5100091069.avi,2,3,0.084011294,0.19393471,0.45937762,0.2626764
399,/mnt/c/Users/puneet/Downloads/DAiSEE/DataSet/Test/510009/5100092002/5100092002.avi,2,3,0.09396604,0.19574833,0.44812354,0.2621621
400,/mnt/c/Users/puneet/Downloads/DAiSEE/DataSet/Test/510009/5100092003/5100092003.avi,2,3,0.09145209,0.19401637,0.44799468,0.26653686
401,/mnt/c/Users/puneet/Downloads/DAiSEE/DataSet/Test/510009/5100092005/5100092005.avi,2,3,0.101050675,0.19556046,0.43666792,0.26672098
402,/mnt/c/Users/puneet/Downloads/DAiSEE/DataSet/Test/510009/5100092006/5100092006.avi,2,3,0.101175755,0.19564222,0.43666553,0.2665165
403,/mnt/c/Users/puneet/Downloads/DAiSEE/DataSet/Test/510009/5100092008/5100092008.avi,2,3,0.10112857,0.19561158,0.43666685,0.266593
404,/mnt/c/Users/puneet/Downloads/DAiSEE/DataSet/Test/510009/5100092010/5100092010.avi,2,3,0.10114621,0.195623,0.43666628,0.26656452
405,/mnt/c/Users/puneet/Downloads/DAiSEE/DataSet/Test/510009/5100092011/5100092011.avi,2,2,0.10303338,0.1969424,0.43680155,0.2632227
406,/mnt/c/Users/puneet/Downloads/DAiSEE/DataSet/Test/510009/5100092013/5100092013.avi,2,3,0.102584444,0.1966473,0.43680692,0.26396134
407,/mnt/c/Users/puneet/Downloads/DAiSEE/DataSet/Test/510009/5100092017/5100092017.avi,2,2,0.10257773,0.19664292,0.43680707,0.26397228
408,/mnt/c/Users/puneet/Downloads/DAiSEE/DataSet/Test/510009/5100092019/5100092019.avi,2,3,0.102619834,0.19667026,0.4368059,0.263904
409,/mnt/c/Users/puneet/Downloads/DAiSEE/DataSet/Test/510009/5100092021/5100092021.avi,2,2,0.102550074,0.19662507,0.43680802,0.26401684
410,/mnt/c/Users/puneet/Downloads/DAiSEE/DataSet/Test/510009/5100092022/5100092022.avi,2,3,0.103106126,0.1969917,0.43680352,0.26309866
411,/mnt/c/Users/puneet/Downloads/DAiSEE/DataSet/Test/510009/5100092023/5100092023.avi,2,3,0.1035629,0.1972919,0.43679795,0.26234725
412,/mnt/c/Users/puneet/Downloads/DAiSEE/DataSet/Test/510009/5100092026/5100092026.avi,2,3,0.10344763,0.19721654,0.43680012,0.2625357
413,/mnt/c/Users/puneet/Downloads/DAiSEE/DataSet/Test/510009/5100092027/5100092027.avi,2,3,0.102443375,0.19654919,0.43679813,0.2642093
414,/mnt/c/Users/puneet/Downloads/DAiSEE/DataSet/Test/510009/5100092032/5100092032.avi,2,2,0.10197912,0.1962446,0.43680477,0.2649715
415,/mnt/c/Users/puneet/Downloads/DAiSEE/DataSet/Test/510009/5100092033/5100092033.avi,2,3,0.101961434,0.19623308,0.4368052,0.26500028
416,/mnt/c/Users/puneet/Downloads/DAiSEE/DataSet/Test/510009/5100092034/5100092034.avi,2,2,0.102023214,0.1962732,0.4368035,0.26490012
417,/mnt/c/Users/puneet/Downloads/DAiSEE/DataSet/Test/510009/5100092035/5100092035.avi,2,2,0.102279015,0.19643985,0.4367976,0.26448354
418,/mnt/c/Users/puneet/Downloads/DAiSEE/DataSet/Test/510009/5100092037/5100092037.avi,2,2,0.10314322,0.19701606,0.436803,0.2630377
419,/mnt/c/Users/puneet/Downloads/DAiSEE/DataSet/Test/510009/5100092038/5100092038.avi,2,2,0.10365065,0.19734864,0.4367951,0.2622056
420,/mnt/c/Users/puneet/Downloads/DAiSEE/DataSet/Test/510009/5100092039/5100092039.avi,2,3,0.10378036,0.19743283,0.4367915,0.26199532
421,/mnt/c/Users/puneet/Downloads/DAiSEE/DataSet/Test/510009/5100092040/5100092040.avi,2,3,0.10380419,0.19744827,0.4367908,0.26195675
422,/mnt/c/Users/puneet/Downloads/DAiSEE/DataSet/Test/510009/5100092041/5100092041.avi,2,2,0.10383349,0.19746722,0.43678987,0.26190943
423,/mnt/c/Users/puneet/Downloads/DAiSEE/DataSet/Test/510009/5100092042/5100092042.avi,2,3,0.1040316,0.19759597,0.43678468,0.26158774
424,/mnt/c/Users/puneet/Downloads/DAiSEE/DataSet/Test/510009/5100092043/5100092043.avi,2,2,0.1040649,0.19761752,0.4367836,0.26153398
425,/mnt/c/Users/puneet/Downloads/DAiSEE/DataSet/Test/510009/5100092044/5100092044.avi,2,3,0.10408256,0.19762895,0.43678305,0.26150545
426,/mnt/c/Users/puneet/Downloads/DAiSEE/DataSet/Test/510009/5100092045/5100092045.avi,2,3,0.10410247,0.19764182,0.43678242,0.26147327
427,/mnt/c/Users/puneet/Downloads/DAiSEE/DataSet/Test/510009/5100092053/5100092053.avi,2,2,0.10358003,0.19729972,0.43679118,0.26232907
428,/mnt/c/Users/puneet/Downloads/DAiSEE/DataSet/Test/510009/5100092056/5100092056.avi,2,2,0.10358282,0.19730152,0.4367911,0.26232457
429,/mnt/c/Users/puneet/Downloads/DAiSEE/DataSet/Test/510009/5100092057/5100092057.avi,2,2,0.103567034,0.19729131,0.4367916,0.26235005
430,/mnt/c/Users/puneet/Downloads/DAiSEE/DataSet/Test/510009/5100092060/5100092060.avi,2,3,0.10354138,0.19727471,0.43679243,0.26239148
431,/mnt/c/Users/puneet/Downloads/DAiSEE/DataSet/Test/510009/5100092061/5100092061.avi,2,3,0.10353666,0.19727166,0.43679258,0.2623991
432,/mnt/c/Users/puneet/Downloads/DAiSEE/DataSet/Test/510009/5100092062/5100092062.avi,2,2,0.104063965,0.19761692,0.43678367,0.26153547
433,/mnt/c/Users/puneet/Downloads/DAiSEE/DataSet/Test/510009/5100092063/5100092063.avi,2,2,0.10406829,0.1976197,0.43678352,0.2615285
434,/mnt/c/Users/puneet/Downloads/DAiSEE/DataSet/Test/510009/5100092064/5100092064.avi,2,3,0.10407254,0.19762246,0.43678337,0.2615216
435,/mnt/c/Users/puneet/Downloads/DAiSEE/DataSet/Test/510009/5100092065/5100092065.avi,2,2,0.10406989,0.19762075,0.43678346,0.2615259
436,/mnt/c/Users/puneet/Downloads/DAiSEE/DataSet/Test/510009/5100092067/5100092067.avi,2,3,0.10393561,0.1975336,0.43678722,0.26174358
437,/mnt/c/Users/puneet/Downloads/DAiSEE/DataSet/Test/510009/5100092068/5100092068.avi,2,2,0.103929885,0.1975299,0.4367874,0.2617528
438,/mnt/c/Users/puneet/Downloads/DAiSEE/DataSet/Test/510009/5100092069/5100092069.avi,2,3,0.10391922,0.197523,0.43678775,0.26177004
439,/mnt/c/Users/puneet/Downloads/DAiSEE/DataSet/Test/510009/5100092071/5100092071.avi,2,3,0.103442036,0.19721079,0.43679625,0.26255092
440,/mnt/c/Users/puneet/Downloads/DAiSEE/DataSet/Test/510009/5100092072/5100092072.avi,2,3,0.10339337,0.19717926,0.43679768,0.2626297
441,/mnt/c/Users/puneet/Downloads/DAiSEE/DataSet/Test/510034/5100341002/5100341002.avi,2,2,0.10351778,0.19726,0.43679425,0.26242796
442,/mnt/c/Users/puneet/Downloads/DAiSEE/DataSet/Test/510034/5100341003/5100341003.avi,2,2,0.103459194,0.19722207,0.43679604,0.2625227
443,/mnt/c/Users/puneet/Downloads/DAiSEE/DataSet/Test/510034/5100341004/5100341004.avi,2,3,0.103401735,0.19718485,0.43679777,0.26261565
444,/mnt/c/Users/puneet/Downloads/DAiSEE/DataSet/Test/510034/5100341005/5100341005.avi,2,2,0.10358407,0.197305,0.43679613,0.2623148
445,/mnt/c/Users/puneet/Downloads/DAiSEE/DataSet/Test/510034/5100341006/5100341006.avi,2,2,0.10361157,0.19732283,0.43679535,0.26227027
446,/mnt/c/Users/puneet/Downloads/DAiSEE/DataSet/Test/510034/5100341008/5100341008.avi,2,2,0.10359028,0.19730905,0.436796,0.2623047
447,/mnt/c/Users/puneet/Downloads/DAiSEE/DataSet/Test/510034/5100341009/5100341009.avi,2,2,0.10363108,0.19733547,0.43679476,0.26223868
448,/mnt/c/Users/puneet/Downloads/DAiSEE/DataSet/Test/510034/5100341010/5100341010.avi,2,2,0.103665516,0.19735779,0.43679374,0.26218292
449,/mnt/c/Users/puneet/Downloads/DAiSEE/DataSet/Test/510034/5100341012/5100341012.avi,2,3,0.103950046,0.19754317,0.43678722,0.26171958
450,/mnt/c/Users/puneet/Downloads/DAiSEE/DataSet/Test/510034/5100341013/5100341013.avi,2,2,0.10369318,0.19737568,0.43679285,0.26213828
451,/mnt/c/Users/puneet/Downloads/DAiSEE/DataSet/Test/510034/5100341014/5100341014.avi,2,3,0.10370922,0.19738607,0.43679237,0.26211232
452,/mnt/c/Users/puneet/Downloads/DAiSEE/DataSet/Test/510034/5100341015/5100341015.avi,2,2,0.1036473,0.19734594,0.4367942,0.26221257
453,/mnt/c/Users/puneet/Downloads/DAiSEE/DataSet/Test/510034/5100341016/5100341016.avi,2,2,0.10361533,0.19732521,0.43679515,0.2622643
454,/mnt/c/Users/puneet/Downloads/DAiSEE/DataSet/Test/510034/5100341017/5100341017.avi,2,2,0.10357479,0.19729896,0.43679637,0.2623299
455,/mnt/c/Users/puneet/Downloads/DAiSEE/DataSet/Test/510034/5100341019/5100341019.avi,2,2,0.103837766,0.19747041,0.43679053,0.2619013
456,/mnt/c/Users/puneet/Downloads/DAiSEE/DataSet/Test/510034/5100341020/5100341020.avi,2,3,0.103832744,0.19746716,0.43679067,0.2619094
457,/mnt/c/Users/puneet/Downloads/DAiSEE/DataSet/Test/510034/5100341021/5100341021.avi,2,3,0.10388735,0.19750257,0.4367891,0.261821
458,/mnt/c/Users/puneet/Downloads/DAiSEE/DataSet/Test/510034/5100341022/5100341022.avi,2,2,0.103936955,0.1975347,0.4367876,0.26174074
459,/mnt/c/Users/puneet/Downloads/DAiSEE/DataSet/Test/510034/5100341023/5100341023.avi,2,2,0.103947416,0.19754148,0.43678728,0.26172382
460,/mnt/c/Users/puneet/Downloads/DAiSEE/DataSet/Test/510034/5100341024/5100341024.avi,2,3,0.10395285,0.19754499,0.43678713,0.26171502
461,/mnt/c/Users/puneet/Downloads/DAiSEE/DataSet/Test/510034/5100341025/5100341025.avi,2,2,0.103908144,0.19751602,0.43678844,0.26178738
462,/mnt/c/Users/puneet/Downloads/DAiSEE/DataSet/Test/510034/5100341026/5100341026.avi,2,3,0.103710465,0.19738743,0.4367934,0.26210874
463,/mnt/c/Users/puneet/Downloads/DAiSEE/DataSet/Test/510034/5100341027/5100341027.avi,2,3,0.10370482,0.19738378,0.43679357,0.26211786
464,/mnt/c/Users/puneet/Downloads/DAiSEE/DataSet/Test/510034/5100341028/5100341028.avi,2,2,0.10369705,0.19737874,0.43679377,0.26213044
465,/mnt/c/Users/puneet/Downloads/DAiSEE/DataSet/Test/510034/5100341030/5100341030.avi,2,2,0.10370973,0.19738695,0.4367934,0.26210994
466,/mnt/c/Users/puneet/Downloads/DAiSEE/DataSet/Test/510034/5100341031/5100341031.avi,2,3,0.10377693,0.19743048,0.43679136,0.26200122
467,/mnt/c/Users/puneet/Downloads/DAiSEE/DataSet/Test/510034/5100341032/5100341032.avi,2,2,0.10399805,0.19757424,0.4367857,0.261642
468,/mnt/c/Users/puneet/Downloads/DAiSEE/DataSet/Test/510034/5100341033/5100341033.avi,2,2,0.10400218,0.19757691,0.43678558,0.26163533
469,/mnt/c/Users/puneet/Downloads/DAiSEE/DataSet/Test/510034/5100341034/5100341034.avi,2,3,0.1040376,0.19759986,0.4367845,0.26157805
470,/mnt/c/Users/puneet/Downloads/DAiSEE/DataSet/Test/510034/5100341035/5100341035.avi,2,2,0.10403471,0.197598,0.4367846,0.2615827
471,/mnt/c/Users/puneet/Downloads/DAiSEE/DataSet/Test/510034/5100341037/5100341037.avi,2,2,0.10399386,0.19757155,0.43678585,0.26164874
472,/mnt/c/Users/puneet/Downloads/DAiSEE/DataSet/Test/510034/5100341038/5100341038.avi,2,2,0.103979714,0.1975624,0.4367863,0.2616716
473,/mnt/c/Users/puneet/Downloads/DAiSEE/DataSet/Test/510034/5100341039/5100341039.avi,2,3,0.10396321,0.19755171,0.4367868,0.26169828
474,/mnt/c/Users/puneet/Downloads/DAiSEE/DataSet/Test/510034/5100341042/5100341042.avi,2,2,0.10395687,0.1975476,0.436787,0.26170853
475,/mnt/c/Users/puneet/Downloads/DAiSEE/DataSet/Test/510034/5100341043/5100341043.avi,2,1,0.10396041,0.1975499,0.4367869,0.2617028
476,/mnt/c/Users/puneet/Downloads/DAiSEE/DataSet/Test/510034/5100341046/5100341046.avi,2,2,0.10399957,0.19757526,0.4367857,0.26163948
477,/mnt/c/Users/puneet/Downloads/DAiSEE/DataSet/Test/510034/5100341048/5100341048.avi,2,3,0.10397092,0.1975567,0.43678656,0.26168582
478,/mnt/c/Users/puneet/Downloads/DAiSEE/DataSet/Test/510034/5100341050/5100341050.avi,2,3,0.103864394,0.19748753,0.43678948,0.2618586
479,/mnt/c/Users/puneet/Downloads/DAiSEE/DataSet/Test/510034/5100341052/5100341052.avi,2,3,0.10386829,0.19749005,0.43678933,0.2618523
480,/mnt/c/Users/puneet/Downloads/DAiSEE/DataSet/Test/510034/5100341054/5100341054.avi,2,3,0.10385191,0.19747944,0.43678984,0.2618788
481,/mnt/c/Users/puneet/Downloads/DAiSEE/DataSet/Test/510034/5100341055/5100341055.avi,2,3,0.10383185,0.19746646,0.43679047,0.2619112
482,/mnt/c/Users/puneet/Downloads/DAiSEE/DataSet/Test/510034/5100341056/5100341056.avi,2,2,0.10384912,0.19747764,0.43678996,0.2618833
483,/mnt/c/Users/puneet/Downloads/DAiSEE/DataSet/Test/510034/5100341057/5100341057.avi,2,2,0.10395898,0.19754897,0.43678695,0.2617051
484,/mnt/c/Users/puneet/Downloads/DAiSEE/DataSet/Test/510034/5100341058/5100341058.avi,2,3,0.10396023,0.19754979,0.43678692,0.26170307
485,/mnt/c/Users/puneet/Downloads/DAiSEE/DataSet/Test/510034/5100341061/5100341061.avi,2,2,0.103957586,0.19754806,0.43678698,0.26170737
486,/mnt/c/Users/puneet/Downloads/DAiSEE/DataSet/Test/510034/5100341062/5100341062.avi,2,3,0.10393836,0.19753562,0.43678758,0.26173845
487,/mnt/c/Users/puneet/Downloads/DAiSEE/DataSet/Test/510034/5100341065/5100341065.avi,2,3,0.10394505,0.19753994,0.43678737,0.26172766
488,/mnt/c/Users/puneet/Downloads/DAiSEE/DataSet/Test/510034/5100341067/5100341067.avi,2,3,0.10396644,0.19755378,0.4367867,0.2616931
489,/mnt/c/Users/puneet/Downloads/DAiSEE/DataSet/Test/510034/5100341068/5100341068.avi,2,3,0.10396042,0.1975499,0.4367869,0.2617028
490,/mnt/c/Users/puneet/Downloads/DAiSEE/DataSet/Test/510034/5100341070/5100341070.avi,2,3,0.1039711,0.19755681,0.43678656,0.26168552
491,/mnt/c/Users/puneet/Downloads/DAiSEE/DataSet/Test/510034/5100341071/5100341071.avi,2,3,0.10399711,0.19757366,0.43678576,0.26164347
492,/mnt/c/Users/puneet/Downloads/DAiSEE/DataSet/Test/510034/5100341072/5100341072.avi,2,3,0.10401425,0.19758475,0.43678522,0.26161578
493,/mnt/c/Users/puneet/Downloads/DAiSEE/DataSet/Test/510034/5100341074/5100341074.avi,2,1,0.10399295,0.19757096,0.4367859,0.2616502
494,/mnt/c/Users/puneet/Downloads/DAiSEE/DataSet/Test/510034/5100341075/5100341075.avi,2,3,0.103996485,0.19757324,0.4367858,0.26164448
495,/mnt/c/Users/puneet/Downloads/DAiSEE/DataSet/Test/510034/5100341076/5100341076.avi,2,3,0.104012795,0.19758381,0.43678528,0.2616181
496,/mnt/c/Users/puneet/Downloads/DAiSEE/DataSet/Test/510034/5100341077/5100341077.avi,2,2,0.104001515,0.1975765,0.43678564,0.26163638
497,/mnt/c/Users/puneet/Downloads/DAiSEE/DataSet/Test/510034/5100341078/5100341078.avi,2,3,0.10396028,0.1975498,0.4367869,0.261703
498,/mnt/c/Users/puneet/Downloads/DAiSEE/DataSet/Test/510034/5100341079/5100341079.avi,2,3,0.103727184,0.19739802,0.43679243,0.26208237
499,/mnt/c/Users/puneet/Downloads/DAiSEE/DataSet/Test/510034/5100342002/5100342002.avi,2,3,0.09389301,0.19568095,0.44808275,0.2623433
500,/mnt/c/Users/puneet/Downloads/DAiSEE/DataSet/Test/510034/5100342003/5100342003.avi,2,2,0.08431982,0.19417013,0.45944434,0.2620657
501,/mnt/c/Users/puneet/Downloads/DAiSEE/DataSet/Test/510034/5100342007/5100342007.avi,2,3,0.08400029,0.1939616,0.45945105,0.26258707
502,/mnt/c/Users/puneet/Downloads/DAiSEE/DataSet/Test/510034/5100342008/5100342008.avi,2,2,0.083841756,0.19385847,0.459455,0.26284477
503,/mnt/c/Users/puneet/Downloads/DAiSEE/DataSet/Test/510034/5100342009/5100342009.avi,2,2,0.08395183,0.19393037,0.4594528,0.262665
504,/mnt/c/Users/puneet/Downloads/DAiSEE/DataSet/Test/510034/5100342012/5100342012.avi,2,2,0.09345859,0.19543384,0.44816947,0.2629381
505,/mnt/c/Users/puneet/Downloads/DAiSEE/DataSet/Test/510034/5100342016/5100342016.avi,2,2,0.10295898,0.19689745,0.43681002,0.26333356
506,/mnt/c/Users/puneet/Downloads/DAiSEE/DataSet/Test/510034/5100342017/5100342017.avi,2,3,0.10322692,0.19707254,0.4368048,0.26289573
507,/mnt/c/Users/puneet/Downloads/DAiSEE/DataSet/Test/510034/5100342018/5100342018.avi,2,2,0.103406064,0.19718902,0.4368002,0.26260468
508,/mnt/c/Users/puneet/Downloads/DAiSEE/DataSet/Test/510034/5100342020/5100342020.avi,2,3,0.10349554,0.19724718,0.4367979,0.2624594
509,/mnt/c/Users/puneet/Downloads/DAiSEE/DataSet/Test/510034/5100342022/5100342022.avi,2,0,0.103838384,0.19747077,0.4367904,0.26190042
510,/mnt/c/Users/puneet/Downloads/DAiSEE/DataSet/Test/510034/5100342023/5100342023.avi,2,1,0.10392982,0.19753,0.43678766,0.2617525
511,/mnt/c/Users/puneet/Downloads/DAiSEE/DataSet/Test/510034/5100342024/5100342024.avi,2,1,0.104013644,0.19758432,0.43678516,0.2616169
512,/mnt/c/Users/puneet/Downloads/DAiSEE/DataSet/Test/510034/5100342025/5100342025.avi,2,2,0.10404474,0.19760443,0.43678418,0.26156664
513,/mnt/c/Users/puneet/Downloads/DAiSEE/DataSet/Test/510034/5100342028/5100342028.avi,2,1,0.10387696,0.19749516,0.43678814,0.26183972
514,/mnt/c/Users/puneet/Downloads/DAiSEE/DataSet/Test/510034/5100342030/5100342030.avi,2,2,0.1037587,0.19741847,0.4367915,0.26203132
515,/mnt/c/Users/puneet/Downloads/DAiSEE/DataSet/Test/510034/5100342031/5100342031.avi,2,2,0.10363768,0.19734,0.43679506,0.26222727
516,/mnt/c/Users/puneet/Downloads/DAiSEE/DataSet/Test/510034/5100342034/5100342034.avi,2,2,0.103524506,0.19726662,0.43679833,0.26241055
517,/mnt/c/Users/puneet/Downloads/DAiSEE/DataSet/Test/510034/5100342036/5100342036.avi,2,1,0.10320053,0.19705555,0.4368058,0.2629381
518,/mnt/c/Users/puneet/Downloads/DAiSEE/DataSet/Test/510034/5100342042/5100342042.avi,2,2,0.10267973,0.19671074,0.43680727,0.26380226
519,/mnt/c/Users/puneet/Downloads/DAiSEE/DataSet/Test/510034/5100342043/5100342043.avi,2,2,0.102699235,0.1967234,0.43680677,0.26377058
520,/mnt/c/Users/puneet/Downloads/DAiSEE/DataSet/Test/510034/5100342045/5100342045.avi,2,2,0.102726236,0.19674096,0.43680605,0.26372674
521,/mnt/c/Users/puneet/Downloads/DAiSEE/DataSet/Test/510034/5100342048/5100342048.avi,2,1,0.10282065,0.1968022,0.43680337,0.2635738
522,/mnt/c/Users/puneet/Downloads/DAiSEE/DataSet/Test/510035/5100351001/5100351001.avi,2,1,0.10082408,0.19542669,0.4367018,0.2670474
523,/mnt/c/Users/puneet/Downloads/DAiSEE/DataSet/Test/510035/5100351002/5100351002.avi,2,1,0.100139424,0.19496012,0.43667763,0.26822284
524,/mnt/c/Users/puneet/Downloads/DAiSEE/DataSet/Test/510035/5100351004/5100351004.avi,2,2,0.0988756,0.19411334,0.4366615,0.27034956
525,/mnt/c/Users/puneet/Downloads/DAiSEE/DataSet/Test/510035/5100351005/5100351005.avi,2,2,0.096954055,0.1928063,0.43659756,0.2736421
526,/mnt/c/Users/puneet/Downloads/DAiSEE/DataSet/Test/510035/5100351007/5100351007.avi,2,2,0.09697853,0.19282213,0.43659678,0.27360255
527,/mnt/c/Users/puneet/Downloads/DAiSEE/DataSet/Test/510035/5100351009/5100351009.avi,2,2,0.099202864,0.19434637,0.43669373,0.26975703
528,/mnt/c/Users/puneet/Downloads/DAiSEE/DataSet/Test/510035/5100351010/5100351010.avi,2,2,0.09796778,0.1934653,0.43656895,0.27199796
529,/mnt/c/Users/puneet/Downloads/DAiSEE/DataSet/Test/510035/5100351012/5100351012.avi,2,3,0.09936339,0.19439743,0.4365811,0.26965806
530,/mnt/c/Users/puneet/Downloads/DAiSEE/DataSet/Test/510035/5100351013/5100351013.avi,2,1,0.100849085,0.19541846,0.43665117,0.2670813
531,/mnt/c/Users/puneet/Downloads/DAiSEE/DataSet/Test/510035/5100351015/5100351015.avi,2,2,0.10081777,0.1953982,0.43665218,0.26713187
532,/mnt/c/Users/puneet/Downloads/DAiSEE/DataSet/Test/510035/5100351016/5100351016.avi,2,2,0.100925215,0.1954678,0.43664894,0.26695806
533,/mnt/c/Users/puneet/Downloads/DAiSEE/DataSet/Test/510035/5100351019/5100351019.avi,2,2,0.10254157,0.19661057,0.4367909,0.26405692
534,/mnt/c/Users/puneet/Downloads/DAiSEE/DataSet/Test/510035/5100351020/5100351020.avi,2,2,0.10245559,0.19655494,0.43679363,0.26419583
535,/mnt/c/Users/puneet/Downloads/DAiSEE/DataSet/Test/510035/5100351021/5100351021.avi,2,2,0.1029789,0.19689764,0.43678492,0.26333854
536,/mnt/c/Users/puneet/Downloads/DAiSEE/DataSet/Test/510035/5100351022/5100351022.avi,2,0,0.102536514,0.19660817,0.43679273,0.26406258
537,/mnt/c/Users/puneet/Downloads/DAiSEE/DataSet/Test/510035/5100351023/5100351023.avi,2,2,0.10254077,0.19661091,0.43679258,0.26405573
538,/mnt/c/Users/puneet/Downloads/DAiSEE/DataSet/Test/510035/5100351024/5100351024.avi,2,2,0.10363581,0.19733655,0.43679085,0.26223677
539,/mnt/c/Users/puneet/Downloads/DAiSEE/DataSet/Test/510035/5100351025/5100351025.avi,2,2,0.10211546,0.19631384,0.4367633,0.26480743
540,/mnt/c/Users/puneet/Downloads/DAiSEE/DataSet/Test/510035/5100351026/5100351026.avi,2,3,0.102032945,0.19626038,0.43676573,0.26494095
541,/mnt/c/Users/puneet/Downloads/DAiSEE/DataSet/Test/510035/5100351032/5100351032.avi,2,3,0.10217495,0.19635397,0.4367645,0.26470658
542,/mnt/c/Users/puneet/Downloads/DAiSEE/DataSet/Test/510035/5100351034/5100351034.avi,2,3,0.10213221,0.19632633,0.43676588,0.26477557
543,/mnt/c/Users/puneet/Downloads/DAiSEE/DataSet/Test/510035/5100351035/5100351035.avi,2,2,0.102111585,0.19631302,0.4367666,0.2648088
544,/mnt/c/Users/puneet/Downloads/DAiSEE/DataSet/Test/510035/5100351036/5100351036.avi,2,2,0.10306337,0.19696195,0.4368009,0.2631738
545,/mnt/c/Users/puneet/Downloads/DAiSEE/DataSet/Test/510035/5100351038/5100351038.avi,2,2,0.1031882,0.19704275,0.43679702,0.26297203
546,/mnt/c/Users/puneet/Downloads/DAiSEE/DataSet/Test/510035/5100351039/5100351039.avi,2,3,0.10305399,0.19695431,0.43679821,0.2631935
547,/mnt/c/Users/puneet/Downloads/DAiSEE/DataSet/Test/510035/5100351040/5100351040.avi,2,2,0.1031044,0.1969869,0.43679658,0.26311216
548,/mnt/c/Users/puneet/Downloads/DAiSEE/DataSet/Test/510035/5100351042/5100351042.avi,2,1,0.10116747,0.19567569,0.43674463,0.2664122
549,/mnt/c/Users/puneet/Downloads/DAiSEE/DataSet/Test/510035/5100351043/5100351043.avi,2,3,0.10013326,0.19496916,0.43670455,0.26819304
550,/mnt/c/Users/puneet/Downloads/DAiSEE/DataSet/Test/510035/5100351044/5100351044.avi,2,2,0.099816725,0.19476332,0.4367126,0.26870736
551,/mnt/c/Users/puneet/Downloads/DAiSEE/DataSet/Test/510035/5100351045/5100351045.avi,2,2,0.10030755,0.19508399,0.43670297,0.26790547
552,/mnt/c/Users/puneet/Downloads/DAiSEE/DataSet/Test/510035/5100351046/5100351046.avi,2,3,0.09969727,0.19468409,0.43671265,0.268906
553,/mnt/c/Users/puneet/Downloads/DAiSEE/DataSet/Test/510035/5100351049/5100351049.avi,2,3,0.10127264,0.19575968,0.43677282,0.26619485
554,/mnt/c/Users/puneet/Downloads/DAiSEE/DataSet/Test/510035/5100351051/5100351051.avi,2,3,0.101144806,0.19566992,0.4367629,0.2664224
555,/mnt/c/Users/puneet/Downloads/DAiSEE/DataSet/Test/510035/5100351054/5100351054.avi,2,2,0.09979837,0.19475858,0.4367275,0.26871553
556,/mnt/c/Users/puneet/Downloads/DAiSEE/DataSet/Test/510035/5100351058/5100351058.avi,2,2,0.09968363,0.1946843,0.43673104,0.26890105
557,/mnt/c/Users/puneet/Downloads/DAiSEE/DataSet/Test/510035/5100352001/5100352001.avi,2,2,0.100110345,0.19496515,0.43672663,0.2681979
558,/mnt/c/Users/puneet/Downloads/DAiSEE/DataSet/Test/510035/5100352002/5100352002.avi,2,2,0.10021858,0.19503613,0.43672496,0.26802033
559,/mnt/c/Users/puneet/Downloads/DAiSEE/DataSet/Test/510035/5100352003/5100352003.avi,2,2,0.10014965,0.19498749,0.43671915,0.2681437
560,/mnt/c/Users/puneet/Downloads/DAiSEE/DataSet/Test/510035/5100352004/5100352004.avi,2,3,0.101363316,0.19581154,0.43675613,0.266069
561,/mnt/c/Users/puneet/Downloads/DAiSEE/DataSet/Test/510035/5100352005/5100352005.avi,2,2,0.10066564,0.19535089,0.43676054,0.2672229
562,/mnt/c/Users/puneet/Downloads/DAiSEE/DataSet/Test/510035/5100352006/5100352006.avi,2,2,0.10051207,0.19525048,0.43676344,0.26747403
563,/mnt/c/Users/puneet/Downloads/DAiSEE/DataSet/Test/510035/5100352007/5100352007.avi,2,3,0.099131115,0.19431686,0.43672922,0.2698228
564,/mnt/c/Users/puneet/Downloads/DAiSEE/DataSet/Test/510035/5100352008/5100352008.avi,2,2,0.1009819,0.19556877,0.4367768,0.26667255
565,/mnt/c/Users/puneet/Downloads/DAiSEE/DataSet/Test/510035/5100352009/5100352009.avi,2,3,0.10139477,0.19583835,0.43676838,0.2659985
566,/mnt/c/Users/puneet/Downloads/DAiSEE/DataSet/Test/510035/5100352011/5100352011.avi,2,2,0.10207857,0.19628999,0.43676433,0.2648671
567,/mnt/c/Users/puneet/Downloads/DAiSEE/DataSet/Test/510035/5100352012/5100352012.avi,2,2,0.10240188,0.19650052,0.43675667,0.26434094
568,/mnt/c/Users/puneet/Downloads/DAiSEE/DataSet/Test/510035/5100352013/5100352013.avi,2,3,0.10354432,0.19727725,0.43679357,0.2623849
569,/mnt/c/Users/puneet/Downloads/DAiSEE/DataSet/Test/510035/5100352014/5100352014.avi,2,2,0.10342836,0.19720204,0.43679684,0.26257277
570,/mnt/c/Users/puneet/Downloads/DAiSEE/DataSet/Test/510035/5100352015/5100352015.avi,2,2,0.10346047,0.19722278,0.43679577,0.26252097
571,/mnt/c/Users/puneet/Downloads/DAiSEE/DataSet/Test/510035/5100352016/5100352016.avi,2,2,0.1034837,0.19723786,0.43679515,0.2624833
572,/mnt/c/Users/puneet/Downloads/DAiSEE/DataSet/Test/510035/5100352017/5100352017.avi,2,3,0.10346501,0.19722578,0.43679574,0.26251346
573,/mnt/c/Users/puneet/Downloads/DAiSEE/DataSet/Test/510035/5100352018/5100352018.avi,2,2,0.1039462,0.19754043,0.43678683,0.26172653
574,/mnt/c/Users/puneet/Downloads/DAiSEE/DataSet/Test/510035/5100352020/5100352020.avi,2,3,0.10313888,0.19700496,0.43678725,0.2630689
575,/mnt/c/Users/puneet/Downloads/DAiSEE/DataSet/Test/510035/5100352021/5100352021.avi,2,2,0.103000656,0.19691545,0.43679145,0.26329246
576,/mnt/c/Users/puneet/Downloads/DAiSEE/DataSet/Test/510035/5100352022/5100352022.avi,2,1,0.10126562,0.19574137,0.43674603,0.26624697
577,/mnt/c/Users/puneet/Downloads/DAiSEE/DataSet/Test/510035/5100352026/5100352026.avi,2,3,0.101278774,0.19574988,0.4367456,0.26622573
578,/mnt/c/Users/puneet/Downloads/DAiSEE/DataSet/Test/510035/5100352027/5100352027.avi,2,3,0.10129851,0.19576262,0.43674496,0.2661939
579,/mnt/c/Users/puneet/Downloads/DAiSEE/DataSet/Test/510035/5100352028/5100352028.avi,2,2,0.10226135,0.19639887,0.43673995,0.26459983
580,/mnt/c/Users/puneet/Downloads/DAiSEE/DataSet/Test/510035/5100352030/5100352030.avi,2,3,0.10202565,0.19624484,0.4367445,0.26498502
581,/mnt/c/Users/puneet/Downloads/DAiSEE/DataSet/Test/510035/5100352031/5100352031.avi,2,3,0.10374327,0.19740762,0.43679038,0.26205873
582,/mnt/c/Users/puneet/Downloads/DAiSEE/DataSet/Test/510035/5100352032/5100352032.avi,2,2,0.10375513,0.19741528,0.43679,0.2620396
583,/mnt/c/Users/puneet/Downloads/DAiSEE/DataSet/Test/510035/5100352033/5100352033.avi,2,2,0.10224423,0.19640338,0.43677133,0.26458102
584,/mnt/c/Users/puneet/Downloads/DAiSEE/DataSet/Test/510035/5100352034/5100352034.avi,2,2,0.10011946,0.19495933,0.43670285,0.26821837
585,/mnt/c/Users/puneet/Downloads/DAiSEE/DataSet/Test/510035/5100352035/5100352035.avi,2,2,0.100145504,0.19497643,0.4367025,0.26817557
586,/mnt/c/Users/puneet/Downloads/DAiSEE/DataSet/Test/510035/5100352037/5100352037.avi,2,2,0.1001936,0.19500764,0.43670115,0.26809764
587,/mnt/c/Users/puneet/Downloads/DAiSEE/DataSet/Test/510035/5100352038/5100352038.avi,2,3,0.100220904,0.19502527,0.4367002,0.26805362
588,/mnt/c/Users/puneet/Downloads/DAiSEE/DataSet/Test/510035/5100352039/5100352039.avi,2,3,0.10144815,0.19585273,0.4367261,0.265973
589,/mnt/c/Users/puneet/Downloads/DAiSEE/DataSet/Test/510035/5100352041/5100352041.avi,2,2,0.10353234,0.19727056,0.43679595,0.26240113
590,/mnt/c/Users/puneet/Downloads/DAiSEE/DataSet/Test/510035/5100352042/5100352042.avi,2,2,0.10388051,0.19749719,0.43678752,0.26183477
591,/mnt/c/Users/puneet/Downloads/DAiSEE/DataSet/Test/510035/5100352043/5100352043.avi,2,1,0.10279417,0.19677456,0.4367839,0.26364735
592,/mnt/c/Users/puneet/Downloads/DAiSEE/DataSet/Test/510035/5100352044/5100352044.avi,2,2,0.100772776,0.1954053,0.4367279,0.26709402
593,/mnt/c/Users/puneet/Downloads/DAiSEE/DataSet/Test/510035/5100352045/5100352045.avi,2,3,0.10104468,0.19558214,0.43672103,0.26665217
594,/mnt/c/Users/puneet/Downloads/DAiSEE/DataSet/Test/510035/5100352046/5100352046.avi,2,3,0.09116497,0.19383053,0.4480019,0.26700258
595,/mnt/c/Users/puneet/Downloads/DAiSEE/DataSet/Test/510035/5100352049/5100352049.avi,2,2,0.091111645,0.19379607,0.44800365,0.26708862
596,/mnt/c/Users/puneet/Downloads/DAiSEE/DataSet/Test/510035/5100352050/5100352050.avi,2,2,0.09211247,0.19446318,0.4480096,0.26541477
597,/mnt/c/Users/puneet/Downloads/DAiSEE/DataSet/Test/510035/5100352051/5100352051.avi,2,2,0.0930631,0.1951236,0.44806868,0.26374462
598,/mnt/c/Users/puneet/Downloads/DAiSEE/DataSet/Test/510035/5100352052/5100352052.avi,2,3,0.09306477,0.19512467,0.44806862,0.2637419
599,/mnt/c/Users/puneet/Downloads/DAiSEE/DataSet/Test/510035/5100352054/5100352054.avi,2,1,0.10108871,0.19562079,0.43673965,0.26655084
600,/mnt/c/Users/puneet/Downloads/DAiSEE/DataSet/Test/510035/5100352055/5100352055.avi,2,3,0.100932576,0.19551937,0.43674386,0.26680422
601,/mnt/c/Users/puneet/Downloads/DAiSEE/DataSet/Test/510035/5100352056/5100352056.avi,2,2,0.101026535,0.19558038,0.43674126,0.26665184
602,/mnt/c/Users/puneet/Downloads/DAiSEE/DataSet/Test/510035/5100352057/5100352057.avi,2,2,0.100621186,0.19530241,0.43672353,0.26735288
603,/mnt/c/Users/puneet/Downloads/DAiSEE/DataSet/Test/510035/5100352060/5100352060.avi,2,2,0.10052228,0.19523837,0.43672654,0.26751283
604,/mnt/c/Users/puneet/Downloads/DAiSEE/DataSet/Test/510035/5100352061/5100352061.avi,2,2,0.1022402,0.19640438,0.43677846,0.26457694
605,/mnt/c/Users/puneet/Downloads/DAiSEE/DataSet/Test/510035/5100352063/5100352063.avi,2,2,0.10220957,0.19638439,0.4367791,0.26462692
606,/mnt/c/Users/puneet/Downloads/DAiSEE/DataSet/Test/510036/5100361009/5100361009.avi,2,2,0.10221564,0.19638833,0.43677893,0.2646171
607,/mnt/c/Users/puneet/Downloads/DAiSEE/DataSet/Test/510036/5100361056/5100361056.avi,2,2,0.10276145,0.19676135,0.43680033,0.26367688
608,/mnt/c/Users/puneet/Downloads/DAiSEE/DataSet/Test/510036/5100362028/5100362028.avi,2,3,0.10106891,0.19561687,0.43675774,0.26655647
609,/mnt/c/Users/puneet/Downloads/DAiSEE/DataSet/Test/510036/5100362029/5100362029.avi,2,2,0.10105662,0.19560887,0.43675804,0.26657647
610,/mnt/c/Users/puneet/Downloads/DAiSEE/DataSet/Test/510036/5100362030/5100362030.avi,2,3,0.101150036,0.19566973,0.4367559,0.26642436
611,/mnt/c/Users/puneet/Downloads/DAiSEE/DataSet/Test/510036/5100362052/5100362052.avi,2,2,0.10114676,0.19566761,0.43675599,0.26642966
612,/mnt/c/Users/puneet/Downloads/DAiSEE/DataSet/Test/510037/5100371022/5100371022.avi,2,2,0.10187171,0.19614825,0.43675524,0.2652248
613,/mnt/c/Users/puneet/Downloads/DAiSEE/DataSet/Test/510037/5100371023/5100371023.avi,2,3,0.10320741,0.19705908,0.43680385,0.26292965
614,/mnt/c/Users/puneet/Downloads/DAiSEE/DataSet/Test/510037/5100371024/5100371024.avi,2,2,0.10322865,0.19707291,0.43680334,0.26289508
615,/mnt/c/Users/puneet/Downloads/DAiSEE/DataSet/Test/510037/5100371026/5100371026.avi,2,3,0.10294236,0.19688553,0.43680832,0.2633638
616,/mnt/c/Users/puneet/Downloads/DAiSEE/DataSet/Test/510037/5100371027/5100371027.avi,2,3,0.102793574,0.19678882,0.4368122,0.26360542
617,/mnt/c/Users/puneet/Downloads/DAiSEE/DataSet/Test/510037/5100371042/5100371042.avi,2,3,0.102530204,0.19661614,0.4368162,0.26403746
618,/mnt/c/Users/puneet/Downloads/DAiSEE/DataSet/Test/510037/5100371055/5100371055.avi,2,2,0.10212486,0.19634585,0.4368136,0.2647157
619,/mnt/c/Users/puneet/Downloads/DAiSEE/DataSet/Test/510037/5100371056/5100371056.avi,2,2,0.10091315,0.19553375,0.43679765,0.26675546
620,/mnt/c/Users/puneet/Downloads/DAiSEE/DataSet/Test/510037/5100371067/5100371067.avi,2,2,0.1003778,0.19517635,0.43679345,0.26765242
621,/mnt/c/Users/puneet/Downloads/DAiSEE/DataSet/Test/510037/5100371079/5100371079.avi,2,2,0.10031651,0.19513631,0.43679464,0.26775253
622,/mnt/c/Users/puneet/Downloads/DAiSEE/DataSet/Test/510037/5100372001/5100372001.avi,2,3,0.10051439,0.19526625,0.43679202,0.26742733
623,/mnt/c/Users/puneet/Downloads/DAiSEE/DataSet/Test/510037/5100372002/5100372002.avi,2,2,0.101128004,0.1956734,0.43679202,0.2664066
624,/mnt/c/Users/puneet/Downloads/DAiSEE/DataSet/Test/510037/5100372003/5100372003.avi,2,2,0.10214426,0.19635768,0.43681154,0.2646865
625,/mnt/c/Users/puneet/Downloads/DAiSEE/DataSet/Test/510037/5100372005/5100372005.avi,2,2,0.102838196,0.1968192,0.43681362,0.26352897
626,/mnt/c/Users/puneet/Downloads/DAiSEE/DataSet/Test/510037/5100372006/5100372006.avi,2,3,0.10298579,0.19691542,0.43681034,0.26328847
627,/mnt/c/Users/puneet/Downloads/DAiSEE/DataSet/Test/510037/5100372007/5100372007.avi,2,3,0.10295628,0.1968961,0.43681088,0.26333675
628,/mnt/c/Users/puneet/Downloads/DAiSEE/DataSet/Test/510037/5100372009/5100372009.avi,2,3,0.10248049,0.19658145,0.4368129,0.26412514
629,/mnt/c/Users/puneet/Downloads/DAiSEE/DataSet/Test/510037/5100372011/5100372011.avi,2,3,0.10255087,0.19662762,0.4368119,0.26400962
630,/mnt/c/Users/puneet/Downloads/DAiSEE/DataSet/Test/510037/5100372015/5100372015.avi,2,3,0.10268337,0.19671401,0.43680894,0.26379368
631,/mnt/c/Users/puneet/Downloads/DAiSEE/DataSet/Test/510037/5100372016/5100372016.avi,2,3,0.10272361,0.19674014,0.4368078,0.26372844
632,/mnt/c/Users/puneet/Downloads/DAiSEE/DataSet/Test/510037/5100372017/5100372017.avi,2,3,0.10293998,0.196881,0.43680266,0.26337638
633,/mnt/c/Users/puneet/Downloads/DAiSEE/DataSet/Test/510037/5100372018/5100372018.avi,2,3,0.103595085,0.19731238,0.43679628,0.26229623
634,/mnt/c/Users/puneet/Downloads/DAiSEE/DataSet/Test/510037/5100372019/5100372019.avi,2,2,0.10374519,0.19741033,0.4367931,0.26205137
635,/mnt/c/Users/puneet/Downloads/DAiSEE/DataSet/Test/510037/5100372020/5100372020.avi,2,3,0.10372402,0.19739656,0.43679363,0.26208577
636,/mnt/c/Users/puneet/Downloads/DAiSEE/DataSet/Test/510037/5100372021/5100372021.avi,2,2,0.10362096,0.19732958,0.43679634,0.26225314
637,/mnt/c/Users/puneet/Downloads/DAiSEE/DataSet/Test/510037/5100372022/5100372022.avi,2,3,0.10356579,0.1972938,0.43679792,0.2623425
638,/mnt/c/Users/puneet/Downloads/DAiSEE/DataSet/Test/510037/5100372023/5100372023.avi,2,3,0.103247866,0.19708614,0.43680426,0.26286173
639,/mnt/c/Users/puneet/Downloads/DAiSEE/DataSet/Test/510037/5100372026/5100372026.avi,2,3,0.103001595,0.19692507,0.43680876,0.26326457
640,/mnt/c/Users/puneet/Downloads/DAiSEE/DataSet/Test/510037/5100372027/5100372027.avi,2,3,0.10283627,0.1968171,0.43681207,0.26353455
641,/mnt/c/Users/puneet/Downloads/DAiSEE/DataSet/Test/510037/5100372028/5100372028.avi,2,2,0.102849126,0.19682547,0.43681177,0.26351362
642,/mnt/c/Users/puneet/Downloads/DAiSEE/DataSet/Test/510037/5100372069/5100372069.avi,2,3,0.10216468,0.19637357,0.43681613,0.26464564
643,/mnt/c/Users/puneet/Downloads/DAiSEE/DataSet/Test/510038/5100381002/5100381002.avi,2,3,0.08858653,0.19031596,0.44233128,0.2787662
644,/mnt/c/Users/puneet/Downloads/DAiSEE/DataSet/Test/510038/5100381003/5100381003.avi,2,3,0.08842467,0.19020906,0.44233224,0.27903402
645,/mnt/c/Users/puneet/Downloads/DAiSEE/DataSet/Test/510038/5100381004/5100381004.avi,2,2,0.08740621,0.18952462,0.44231528,0.28075388
646,/mnt/c/Users/puneet/Downloads/DAiSEE/DataSet/Test/510038/5100381005/5100381005.avi,2,2,0.087144814,0.18935335,0.44231945,0.2811824
647,/mnt/c/Users/puneet/Downloads/DAiSEE/DataSet/Test/510038/5100381006/5100381006.avi,2,2,0.08728643,0.18944806,0.4423209,0.2809446
648,/mnt/c/Users/puneet/Downloads/DAiSEE/DataSet/Test/510038/5100381007/5100381007.avi,2,2,0.09154617,0.19414869,0.44813558,0.26616955
649,/mnt/c/Users/puneet/Downloads/DAiSEE/DataSet/Test/510038/5100381008/5100381008.avi,2,2,0.08224293,0.19278395,0.4594271,0.26554602
650,/mnt/c/Users/puneet/Downloads/DAiSEE/DataSet/Test/510038/5100381009/5100381009.avi,2,2,0.081914835,0.19255629,0.45940727,0.2661216
651,/mnt/c/Users/puneet/Downloads/DAiSEE/DataSet/Test/510038/5100381010/5100381010.avi,2,2,0.08067895,0.19171678,0.45936885,0.26823542
652,/mnt/c/Users/puneet/Downloads/DAiSEE/DataSet/Test/510038/5100381011/5100381011.avi,2,3,0.07994882,0.19122148,0.45934758,0.2694821
653,/mnt/c/Users/puneet/Downloads/DAiSEE/DataSet/Test/510038/5100381012/5100381012.avi,2,3,0.08820813,0.19186342,0.44799358,0.27193487
654,/mnt/c/Users/puneet/Downloads/DAiSEE/DataSet/Test/510038/5100381015/5100381015.avi,2,3,0.09683488,0.19277228,0.4366884,0.27370444
655,/mnt/c/Users/puneet/Downloads/DAiSEE/DataSet/Test/510038/5100381016/5100381016.avi,2,3,0.09706061,0.1929293,0.43670282,0.27330726
656,/mnt/c/Users/puneet/Downloads/DAiSEE/DataSet/Test/510038/5100381017/5100381017.avi,2,2,0.09749757,0.19323179,0.43672773,0.27254292
657,/mnt/c/Users/puneet/Downloads/DAiSEE/DataSet/Test/510038/5100381018/5100381018.avi,2,2,0.097834595,0.19346257,0.43674183,0.271961
658,/mnt/c/Users/puneet/Downloads/DAiSEE/DataSet/Test/510038/5100381019/5100381019.avi,2,3,0.09774313,0.1933991,0.43673632,0.27212146
659,/mnt/c/Users/puneet/Downloads/DAiSEE/DataSet/Test/510038/5100381020/5100381020.avi,2,2,0.097967215,0.19355175,0.43674406,0.27173698
660,/mnt/c/Users/puneet/Downloads/DAiSEE/DataSet/Test/510038/5100381021/5100381021.avi,2,2,0.09799784,0.19357291,0.43674576,0.27168348
661,/mnt/c/Users/puneet/Downloads/DAiSEE/DataSet/Test/510038/5100381022/5100381022.avi,2,2,0.09820837,0.19371642,0.43675324,0.27132195
662,/mnt/c/Users/puneet/Downloads/DAiSEE/DataSet/Test/510038/5100381023/5100381023.avi,2,3,0.09778245,0.19342417,0.4367342,0.2720592
663,/mnt/c/Users/puneet/Downloads/DAiSEE/DataSet/Test/510038/5100381024/5100381024.avi,2,3,0.09793706,0.19353127,0.4367432,0.27178848
664,/mnt/c/Users/puneet/Downloads/DAiSEE/DataSet/Test/510038/5100381026/5100381026.avi,2,2,0.09776588,0.19341482,0.43673757,0.27208176
665,/mnt/c/Users/puneet/Downloads/DAiSEE/DataSet/Test/510038/5100381027/5100381027.avi,2,3,0.09679327,0.19272712,0.43665227,0.27382734
666,/mnt/c/Users/puneet/Downloads/DAiSEE/DataSet/Test/510038/5100381028/5100381028.avi,2,3,0.09616709,0.19229601,0.43662137,0.27491555
667,/mnt/c/Users/puneet/Downloads/DAiSEE/DataSet/Test/510038/5100381029/5100381029.avi,2,3,0.09640242,0.19245823,0.43663335,0.27450597
668,/mnt/c/Users/puneet/Downloads/DAiSEE/DataSet/Test/510038/5100381031/5100381031.avi,2,2,0.0963578,0.1924274,0.43663093,0.27458388
669,/mnt/c/Users/puneet/Downloads/DAiSEE/DataSet/Test/510038/5100381032/5100381032.avi,2,2,0.0957447,0.19200243,0.43659484,0.27565804
670,/mnt/c/Users/puneet/Downloads/DAiSEE/DataSet/Test/510038/5100381034/5100381034.avi,2,3,0.0969377,0.19284159,0.43669045,0.27353027
671,/mnt/c/Users/puneet/Downloads/DAiSEE/DataSet/Test/510038/5100381035/5100381035.avi,2,2,0.097441755,0.19318962,0.43671736,0.27265128
672,/mnt/c/Users/puneet/Downloads/DAiSEE/DataSet/Test/510038/5100381037/5100381037.avi,2,2,0.09723006,0.19304378,0.43670672,0.27301943
673,/mnt/c/Users/puneet/Downloads/DAiSEE/DataSet/Test/510038/5100381038/5100381038.avi,2,2,0.09708544,0.1929434,0.43669793,0.27327323
674,/mnt/c/Users/puneet/Downloads/DAiSEE/DataSet/Test/510038/5100381039/5100381039.avi,2,2,0.09728628,0.19308397,0.43671253,0.2729172
675,/mnt/c/Users/puneet/Downloads/DAiSEE/DataSet/Test/510038/5100381040/5100381040.avi,2,3,0.09692411,0.19283423,0.43669388,0.2735478
676,/mnt/c/Users/puneet/Downloads/DAiSEE/DataSet/Test/510038/5100381041/5100381041.avi,2,3,0.09621864,0.19234477,0.4366514,0.2747852
677,/mnt/c/Users/puneet/Downloads/DAiSEE/DataSet/Test/510038/5100381042/5100381042.avi,2,2,0.096703544,0.19267668,0.4366714,0.27394837
678,/mnt/c/Users/puneet/Downloads/DAiSEE/DataSet/Test/510038/5100381043/5100381043.avi,2,2,0.09654989,0.19256927,0.4366605,0.27422032
679,/mnt/c/Users/puneet/Downloads/DAiSEE/DataSet/Test/510038/5100381044/5100381044.avi,2,2,0.096586,0.1925944,0.43666285,0.27415678
680,/mnt/c/Users/puneet/Downloads/DAiSEE/DataSet/Test/510038/5100381045/5100381045.avi,2,3,0.096646555,0.19263646,0.43666658,0.2740504
681,/mnt/c/Users/puneet/Downloads/DAiSEE/DataSet/Test/510038/5100381046/5100381046.avi,2,3,0.096936055,0.1928393,0.43668807,0.2735366
682,/mnt/c/Users/puneet/Downloads/DAiSEE/DataSet/Test/510038/5100381047/5100381047.avi,2,3,0.096310064,0.19240938,0.4366593,0.27462125
683,/mnt/c/Users/puneet/Downloads/DAiSEE/DataSet/Test/510038/5100381048/5100381048.avi,2,3,0.09667333,0.19266206,0.4366825,0.2739821
684,/mnt/c/Users/puneet/Downloads/DAiSEE/DataSet/Test/510038/5100381049/5100381049.avi,2,2,0.09662152,0.19262598,0.43667912,0.27407336
685,/mnt/c/Users/puneet/Downloads/DAiSEE/DataSet/Test/510038/5100381050/5100381050.avi,2,3,0.09645179,0.1925078,0.43666804,0.2743724
686,/mnt/c/Users/puneet/Downloads/DAiSEE/DataSet/Test/510038/5100381051/5100381051.avi,2,2,0.09641025,0.19247887,0.4366653,0.2744456
687,/mnt/c/Users/puneet/Downloads/DAiSEE/DataSet/Test/510038/5100381052/5100381052.avi,2,3,0.09636364,0.19244634,0.4366621,0.2745279
688,/mnt/c/Users/puneet/Downloads/DAiSEE/DataSet/Test/510038/5100381053/5100381053.avi,2,3,0.096168235,0.19231096,0.43665075,0.27487007
689,/mnt/c/Users/puneet/Downloads/DAiSEE/DataSet/Test/510038/5100381054/5100381054.avi,2,2,0.09638221,0.19245937,0.43666354,0.2744949
690,/mnt/c/Users/puneet/Downloads/DAiSEE/DataSet/Test/510038/5100381055/5100381055.avi,2,2,0.09661759,0.19262302,0.43667838,0.274081
691,/mnt/c/Users/puneet/Downloads/DAiSEE/DataSet/Test/510038/5100381056/5100381056.avi,2,3,0.09670965,0.19268708,0.43668428,0.273919
692,/mnt/c/Users/puneet/Downloads/DAiSEE/DataSet/Test/510038/5100381058/5100381058.avi,2,2,0.09691903,0.19283262,0.43669745,0.2735509
693,/mnt/c/Users/puneet/Downloads/DAiSEE/DataSet/Test/510038/5100381059/5100381059.avi,2,3,0.09701087,0.19289641,0.43670312,0.2733896
694,/mnt/c/Users/puneet/Downloads/DAiSEE/DataSet/Test/510038/5100381060/5100381060.avi,2,2,0.09651812,0.19255236,0.436669,0.27426055
695,/mnt/c/Users/puneet/Downloads/DAiSEE/DataSet/Test/510038/5100381061/5100381061.avi,2,2,0.0965607,0.19258176,0.43667126,0.27418625
696,/mnt/c/Users/puneet/Downloads/DAiSEE/DataSet/Test/510038/5100381063/5100381063.avi,2,2,0.096278474,0.19238453,0.43665138,0.27468565
697,/mnt/c/Users/puneet/Downloads/DAiSEE/DataSet/Test/510038/5100381065/5100381065.avi,2,2,0.09576529,0.1920252,0.43661374,0.27559575
698,/mnt/c/Users/puneet/Downloads/DAiSEE/DataSet/Test/510038/5100381066/5100381066.avi,2,2,0.09583222,0.19207151,0.43661752,0.27547875
699,/mnt/c/Users/puneet/Downloads/DAiSEE/DataSet/Test/510038/5100381067/5100381067.avi,2,2,0.096042,0.19221897,0.43663406,0.27510497
700,/mnt/c/Users/puneet/Downloads/DAiSEE/DataSet/Test/510038/5100381069/5100381069.avi,2,2,0.09556227,0.19188416,0.43660116,0.2759524
701,/mnt/c/Users/puneet/Downloads/DAiSEE/DataSet/Test/510038/5100382001/5100382001.avi,2,2,0.09527497,0.19168064,0.43657523,0.27646917
702,/mnt/c/Users/puneet/Downloads/DAiSEE/DataSet/Test/510038/5100382003/5100382003.avi,2,3,0.09537858,0.1917539,0.4365843,0.27628323
703,/mnt/c/Users/puneet/Downloads/DAiSEE/DataSet/Test/510038/5100382007/5100382007.avi,2,2,0.094532385,0.19115743,0.436514,0.2777962
704,/mnt/c/Users/puneet/Downloads/DAiSEE/DataSet/Test/510038/5100382008/5100382008.avi,2,2,0.09507107,0.19152942,0.43654284,0.27685666
705,/mnt/c/Users/puneet/Downloads/DAiSEE/DataSet/Test/510038/5100382010/5100382010.avi,2,3,0.095585965,0.19188848,0.43657756,0.27594802
706,/mnt/c/Users/puneet/Downloads/DAiSEE/DataSet/Test/510038/5100382011/5100382011.avi,2,3,0.09639317,0.1924533,0.43663597,0.27451757
707,/mnt/c/Users/puneet/Downloads/DAiSEE/DataSet/Test/510038/5100382012/5100382012.avi,2,3,0.096512176,0.19253698,0.43664545,0.27430537
708,/mnt/c/Users/puneet/Downloads/DAiSEE/DataSet/Test/510038/5100382013/5100382013.avi,2,3,0.09748627,0.19322154,0.43672213,0.27257004
709,/mnt/c/Users/puneet/Downloads/DAiSEE/DataSet/Test/510038/5100382014/5100382014.avi,2,3,0.0975416,0.19325921,0.43672404,0.27247515
710,/mnt/c/Users/puneet/Downloads/DAiSEE/DataSet/Test/510038/5100382015/5100382015.avi,2,2,0.09751122,0.19323826,0.43672246,0.27252805
711,/mnt/c/Users/puneet/Downloads/DAiSEE/DataSet/Test/510038/5100382016/5100382016.avi,2,3,0.09751281,0.19323936,0.43672255,0.27252528
712,/mnt/c/Users/puneet/Downloads/DAiSEE/DataSet/Test/510038/5100382018/5100382018.avi,2,3,0.09792606,0.19352634,0.43674797,0.27179962
713,/mnt/c/Users/puneet/Downloads/DAiSEE/DataSet/Test/510038/5100382019/5100382019.avi,2,3,0.09645869,0.19248289,0.43660656,0.27445185
714,/mnt/c/Users/puneet/Downloads/DAiSEE/DataSet/Test/510038/5100382020/5100382020.avi,2,2,0.083703086,0.1871243,0.44275522,0.2864174
715,/mnt/c/Users/puneet/Downloads/DAiSEE/DataSet/Test/510038/5100382021/5100382021.avi,2,3,0.08441851,0.18760948,0.4427758,0.28519621
716,/mnt/c/Users/puneet/Downloads/DAiSEE/DataSet/Test/510038/5100382022/5100382022.avi,2,3,0.07618191,0.18700033,0.4541683,0.28264946
717,/mnt/c/Users/puneet/Downloads/DAiSEE/DataSet/Test/510038/5100382023/5100382023.avi,2,3,0.07620413,0.18701561,0.45416933,0.28261095
718,/mnt/c/Users/puneet/Downloads/DAiSEE/DataSet/Test/510038/5100382025/5100382025.avi,2,3,0.078484945,0.18860687,0.4543265,0.27858168
719,/mnt/c/Users/puneet/Downloads/DAiSEE/DataSet/Test/510038/5100382026/5100382026.avi,2,3,0.09184872,0.19437304,0.44818565,0.26559258
720,/mnt/c/Users/puneet/Downloads/DAiSEE/DataSet/Test/510038/5100382027/5100382027.avi,2,3,0.09031786,0.1933143,0.44809994,0.2682679
721,/mnt/c/Users/puneet/Downloads/DAiSEE/DataSet/Test/510038/5100382028/5100382028.avi,2,2,0.099111736,0.19430088,0.43672246,0.26986495
722,/mnt/c/Users/puneet/Downloads/DAiSEE/DataSet/Test/510038/5100382029/5100382029.avi,2,3,0.09863628,0.19397055,0.43669292,0.27070025
723,/mnt/c/Users/puneet/Downloads/DAiSEE/DataSet/Test/510038/5100382030/5100382030.avi,2,3,0.09850288,0.19388218,0.4366932,0.27092177
724,/mnt/c/Users/puneet/Downloads/DAiSEE/DataSet/Test/510038/5100382031/5100382031.avi,2,2,0.09846629,0.19385798,0.43669337,0.27098235
725,/mnt/c/Users/puneet/Downloads/DAiSEE/DataSet/Test/510038/5100382032/5100382032.avi,2,2,0.09970503,0.19472061,0.43677467,0.2687997
726,/mnt/c/Users/puneet/Downloads/DAiSEE/DataSet/Test/510038/5100382033/5100382033.avi,2,3,0.09966473,0.19469364,0.43677425,0.26886737
727,/mnt/c/Users/puneet/Downloads/DAiSEE/DataSet/Test/510038/5100382034/5100382034.avi,2,2,0.10091705,0.19554785,0.43682024,0.26671487
728,/mnt/c/Users/puneet/Downloads/DAiSEE/DataSet/Test/510038/5100382035/5100382035.avi,2,2,0.100831956,0.19549118,0.43681982,0.26685706
729,/mnt/c/Users/puneet/Downloads/DAiSEE/DataSet/Test/510038/5100382036/5100382036.avi,2,3,0.10063676,0.19536144,0.4368194,0.2671824
730,/mnt/c/Users/puneet/Downloads/DAiSEE/DataSet/Test/510038/5100382037/5100382037.avi,2,2,0.10099787,0.19560346,0.43682408,0.2665746
731,/mnt/c/Users/puneet/Downloads/DAiSEE/DataSet/Test/510038/5100382038/5100382038.avi,2,3,0.100998014,0.19560355,0.43682408,0.26657432
732,/mnt/c/Users/puneet/Downloads/DAiSEE/DataSet/Test/510038/5100382039/5100382039.avi,2,3,0.101070516,0.19565146,0.4368237,0.26645434
733,/mnt/c/Users/puneet/Downloads/DAiSEE/DataSet/Test/510038/5100382040/5100382040.avi,2,2,0.101238884,0.19576338,0.43682405,0.2661737
734,/mnt/c/Users/puneet/Downloads/DAiSEE/DataSet/Test/510038/5100382042/5100382042.avi,2,3,0.100879,0.19552095,0.436817,0.26678306
735,/mnt/c/Users/puneet/Downloads/DAiSEE/DataSet/Test/510038/5100382045/5100382045.avi,2,3,0.10089763,0.19553334,0.43681702,0.266752
736,/mnt/c/Users/puneet/Downloads/DAiSEE/DataSet/Test/510038/5100382046/5100382046.avi,2,2,0.0998494,0.1948136,0.4367691,0.2685679
737,/mnt/c/Users/puneet/Downloads/DAiSEE/DataSet/Test/510038/5100382048/5100382048.avi,2,2,0.09901336,0.19425097,0.43675366,0.269982
738,/mnt/c/Users/puneet/Downloads/DAiSEE/DataSet/Test/510038/5100382050/5100382050.avi,2,3,0.09849518,0.19390364,0.43674684,0.27085435
739,/mnt/c/Users/puneet/Downloads/DAiSEE/DataSet/Test/510038/5100382051/5100382051.avi,2,2,0.09836292,0.1938135,0.43674216,0.27108142
740,/mnt/c/Users/puneet/Downloads/DAiSEE/DataSet/Test/510038/5100382052/5100382052.avi,2,3,0.09806203,0.1936123,0.43673918,0.27158648
741,/mnt/c/Users/puneet/Downloads/DAiSEE/DataSet/Test/510038/5100382053/5100382053.avi,2,3,0.09847857,0.19390261,0.43676692,0.27085188
742,/mnt/c/Users/puneet/Downloads/DAiSEE/DataSet/Test/510038/5100382054/5100382054.avi,2,2,0.09910576,0.1943268,0.43678266,0.2697848
743,/mnt/c/Users/puneet/Downloads/DAiSEE/DataSet/Test/510038/5100382055/5100382055.avi,2,3,0.09944075,0.19455232,0.43678898,0.26921794
744,/mnt/c/Users/puneet/Downloads/DAiSEE/DataSet/Test/510038/5100382056/5100382056.avi,2,3,0.09998957,0.19492267,0.43680108,0.26828668
745,/mnt/c/Users/puneet/Downloads/DAiSEE/DataSet/Test/510038/5100382057/5100382057.avi,2,3,0.0997168,0.19473776,0.43679342,0.26875204
746,/mnt/c/Users/puneet/Downloads/DAiSEE/DataSet/Test/510038/5100382058/5100382058.avi,2,2,0.09983666,0.19482024,0.43679923,0.26854387
747,/mnt/c/Users/puneet/Downloads/DAiSEE/DataSet/Test/510038/5100382059/5100382059.avi,2,2,0.09953178,0.19461563,0.43679473,0.26905784
748,/mnt/c/Users/puneet/Downloads/DAiSEE/DataSet/Test/510038/5100382060/5100382060.avi,2,3,0.09975249,0.19476226,0.43679506,0.26869017
749,/mnt/c/Users/puneet/Downloads/DAiSEE/DataSet/Test/510038/5100382061/5100382061.avi,2,3,0.0999414,0.1948875,0.43679485,0.26837623
750,/mnt/c/Users/puneet/Downloads/DAiSEE/DataSet/Test/510038/5100382062/5100382062.avi,2,3,0.09997832,0.19491267,0.4367962,0.26831284
751,/mnt/c/Users/puneet/Downloads/DAiSEE/DataSet/Test/510038/5100382063/5100382063.avi,2,3,0.10026989,0.19511135,0.4368064,0.26781234
752,/mnt/c/Users/puneet/Downloads/DAiSEE/DataSet/Test/510038/5100382064/5100382064.avi,2,3,0.10029549,0.19512865,0.436807,0.26776886
753,/mnt/c/Users/puneet/Downloads/DAiSEE/DataSet/Test/510038/5100382065/5100382065.avi,2,3,0.09993544,0.19488865,0.43680492,0.268371
754,/mnt/c/Users/puneet/Downloads/DAiSEE/DataSet/Test/510038/5100382066/5100382066.avi,2,2,0.09892779,0.19420731,0.43677992,0.270085
755,/mnt/c/Users/puneet/Downloads/DAiSEE/DataSet/Test/510038/5100382067/5100382067.avi,2,2,0.09879163,0.19411427,0.4367746,0.2703195
756,/mnt/c/Users/puneet/Downloads/DAiSEE/DataSet/Test/510038/5100382068/5100382068.avi,2,3,0.09889477,0.19418389,0.4367769,0.27014443
757,/mnt/c/Users/puneet/Downloads/DAiSEE/DataSet/Test/510038/5100382069/5100382069.avi,2,2,0.098422125,0.19386113,0.43675894,0.27095783
758,/mnt/c/Users/puneet/Downloads/DAiSEE/DataSet/Test/510038/5100382070/5100382070.avi,2,3,0.09776435,0.19341189,0.43673372,0.27209005
759,/mnt/c/Users/puneet/Downloads/DAiSEE/DataSet/Test/510038/5100382071/5100382071.avi,2,3,0.09643994,0.19246523,0.43659592,0.2744989
760,/mnt/c/Users/puneet/Downloads/DAiSEE/DataSet/Test/510038/5100382072/5100382072.avi,2,3,0.096380755,0.1924246,0.43659323,0.2746014
761,/mnt/c/Users/puneet/Downloads/DAiSEE/DataSet/Test/510038/5100382073/5100382073.avi,2,2,0.09603208,0.19218786,0.43658268,0.2751974
762,/mnt/c/Users/puneet/Downloads/DAiSEE/DataSet/Test/510038/5100382075/5100382075.avi,2,2,0.09645937,0.19247995,0.43659955,0.27446112
763,/mnt/c/Users/puneet/Downloads/DAiSEE/DataSet/Test/510038/5100382076/5100382076.avi,2,2,0.09496004,0.19140193,0.43642995,0.27720806
764,/mnt/c/Users/puneet/Downloads/DAiSEE/DataSet/Test/510038/5100382077/5100382077.avi,2,2,0.096199006,0.19228928,0.4365626,0.27494913
765,/mnt/c/Users/puneet/Downloads/DAiSEE/DataSet/Test/510038/5100382078/5100382078.avi,2,2,0.0958635,0.19205678,0.43654296,0.27553678
766,/mnt/c/Users/puneet/Downloads/DAiSEE/DataSet/Test/510038/5100382079/5100382079.avi,2,2,0.095546156,0.19183786,0.43652642,0.27608958
767,/mnt/c/Users/puneet/Downloads/DAiSEE/DataSet/Test/510040/5100401001/5100401001.avi,2,2,0.08702779,0.19103794,0.44791162,0.27402264
768,/mnt/c/Users/puneet/Downloads/DAiSEE/DataSet/Test/510040/5100401003/5100401003.avi,2,2,0.089173265,0.1925574,0.44810623,0.2701631
769,/mnt/c/Users/puneet/Downloads/DAiSEE/DataSet/Test/510040/5100401005/5100401005.avi,2,2,0.0881394,0.19182055,0.4480033,0.27203673
770,/mnt/c/Users/puneet/Downloads/DAiSEE/DataSet/Test/510040/5100401006/5100401006.avi,2,2,0.08926565,0.19258656,0.4480402,0.2701076
771,/mnt/c/Users/puneet/Downloads/DAiSEE/DataSet/Test/510040/5100401007/5100401007.avi,2,3,0.08975741,0.1929244,0.448063,0.2692552
772,/mnt/c/Users/puneet/Downloads/DAiSEE/DataSet/Test/510040/5100401008/5100401008.avi,2,3,0.09800288,0.19353844,0.43666837,0.2717903
773,/mnt/c/Users/puneet/Downloads/DAiSEE/DataSet/Test/510040/5100401010/5100401010.avi,2,2,0.097564146,0.1932402,0.4366544,0.27254128
774,/mnt/c/Users/puneet/Downloads/DAiSEE/DataSet/Test/510040/5100401011/5100401011.avi,2,2,0.09965309,0.19469257,0.43678772,0.26886663
775,/mnt/c/Users/puneet/Downloads/DAiSEE/DataSet/Test/510040/5100401012/5100401012.avi,2,2,0.09880771,0.19412145,0.4367678,0.27030307
776,/mnt/c/Users/puneet/Downloads/DAiSEE/DataSet/Test/510040/5100401014/5100401014.avi,2,3,0.09894146,0.19421199,0.43677124,0.27007532
777,/mnt/c/Users/puneet/Downloads/DAiSEE/DataSet/Test/510040/5100401015/5100401015.avi,2,2,0.09933374,0.1944784,0.43678325,0.26940462
778,/mnt/c/Users/puneet/Downloads/DAiSEE/DataSet/Test/510040/5100401016/5100401016.avi,2,2,0.09922616,0.19440432,0.43677792,0.2695916
779,/mnt/c/Users/puneet/Downloads/DAiSEE/DataSet/Test/510040/5100401018/5100401018.avi,2,2,0.09858412,0.1939732,0.43676797,0.2706747
780,/mnt/c/Users/puneet/Downloads/DAiSEE/DataSet/Test/510040/5100401021/5100401021.avi,2,3,0.09809576,0.19363263,0.43673503,0.27153656
781,/mnt/c/Users/puneet/Downloads/DAiSEE/DataSet/Test/510040/5100401022/5100401022.avi,2,3,0.0981095,0.1936419,0.43673533,0.27151325
782,/mnt/c/Users/puneet/Downloads/DAiSEE/DataSet/Test/510040/5100401023/5100401023.avi,2,1,0.09855896,0.19394107,0.43673712,0.27076283
783,/mnt/c/Users/puneet/Downloads/DAiSEE/DataSet/Test/510040/5100401025/5100401025.avi,2,3,0.09818893,0.19368333,0.43671277,0.27141497
784,/mnt/c/Users/puneet/Downloads/DAiSEE/DataSet/Test/510040/5100401026/5100401026.avi,2,3,0.09768218,0.19333361,0.43668607,0.27229816
785,/mnt/c/Users/puneet/Downloads/DAiSEE/DataSet/Test/510040/5100401028/5100401028.avi,2,2,0.09807261,0.19360651,0.4367137,0.2716072
786,/mnt/c/Users/puneet/Downloads/DAiSEE/DataSet/Test/510040/5100401029/5100401029.avi,2,2,0.09704992,0.19289991,0.43665805,0.2733921
787,/mnt/c/Users/puneet/Downloads/DAiSEE/DataSet/Test/510040/5100401030/5100401030.avi,2,3,0.09563666,0.19193716,0.43660852,0.27581766
788,/mnt/c/Users/puneet/Downloads/DAiSEE/DataSet/Test/510040/5100401031/5100401031.avi,2,2,0.09591011,0.19212808,0.43662742,0.27533442
789,/mnt/c/Users/puneet/Downloads/DAiSEE/DataSet/Test/510040/5100401032/5100401032.avi,2,2,0.09552545,0.19185694,0.43659547,0.27602214
790,/mnt/c/Users/puneet/Downloads/DAiSEE/DataSet/Test/510040/5100401033/5100401033.avi,2,2,0.09475729,0.19131516,0.436531,0.27739656
791,/mnt/c/Users/puneet/Downloads/DAiSEE/DataSet/Test/510040/5100401034/5100401034.avi,2,1,0.09497108,0.19146572,0.43654847,0.27701473
792,/mnt/c/Users/puneet/Downloads/DAiSEE/DataSet/Test/510040/5100401035/5100401035.avi,2,2,0.09480292,0.1913468,0.4365337,0.2773166
793,/mnt/c/Users/puneet/Downloads/DAiSEE/DataSet/Test/510040/5100401036/5100401036.avi,2,2,0.09428947,0.19098628,0.43649396,0.2782303
794,/mnt/c/Users/puneet/Downloads/DAiSEE/DataSet/Test/510040/5100401038/5100401038.avi,2,3,0.09454649,0.19116798,0.43651643,0.2777691
795,/mnt/c/Users/puneet/Downloads/DAiSEE/DataSet/Test/510040/5100401039/5100401039.avi,2,2,0.095409095,0.19177502,0.43658605,0.27622983
796,/mnt/c/Users/puneet/Downloads/DAiSEE/DataSet/Test/510040/5100401040/5100401040.avi,2,2,0.09526199,0.19167158,0.43657437,0.27649206
797,/mnt/c/Users/puneet/Downloads/DAiSEE/DataSet/Test/510040/5100401042/5100401042.avi,2,2,0.09581952,0.19206227,0.43661588,0.27550235
798,/mnt/c/Users/puneet/Downloads/DAiSEE/DataSet/Test/510040/5100401043/5100401043.avi,2,1,0.09563952,0.19193378,0.43659756,0.27582914
799,/mnt/c/Users/puneet/Downloads/DAiSEE/DataSet/Test/510040/5100401044/5100401044.avi,2,3,0.09556939,0.19188443,0.4365919,0.2759543
800,/mnt/c/Users/puneet/Downloads/DAiSEE/DataSet/Test/510040/5100401045/5100401045.avi,2,3,0.095127195,0.19157635,0.43656266,0.2767338
801,/mnt/c/Users/puneet/Downloads/DAiSEE/DataSet/Test/510040/5100401046/5100401046.avi,2,2,0.0949907,0.19147973,0.43655047,0.2769791
802,/mnt/c/Users/puneet/Downloads/DAiSEE/DataSet/Test/510040/5100401047/5100401047.avi,2,2,0.094439015,0.19109319,0.43650952,0.27795827
803,/mnt/c/Users/puneet/Downloads/DAiSEE/DataSet/Test/510040/5100401048/5100401048.avi,2,2,0.094427206,0.19108471,0.43650824,0.27797985
804,/mnt/c/Users/puneet/Downloads/DAiSEE/DataSet/Test/510040/5100401049/5100401049.avi,2,2,0.0943812,0.19105224,0.43650433,0.27806222
805,/mnt/c/Users/puneet/Downloads/DAiSEE/DataSet/Test/510040/5100401050/5100401050.avi,2,2,0.094369784,0.19104421,0.4365034,0.2780826
806,/mnt/c/Users/puneet/Downloads/DAiSEE/DataSet/Test/510040/5100401051/5100401051.avi,2,2,0.09424299,0.1909539,0.4364909,0.2783122
807,/mnt/c/Users/puneet/Downloads/DAiSEE/DataSet/Test/510040/5100401053/5100401053.avi,2,3,0.094672196,0.19125548,0.43652457,0.27754775
808,/mnt/c/Users/puneet/Downloads/DAiSEE/DataSet/Test/510040/5100401054/5100401054.avi,2,2,0.09504737,0.1915222,0.43656042,0.27687
809,/mnt/c/Users/puneet/Downloads/DAiSEE/DataSet/Test/510040/5100401055/5100401055.avi,2,2,0.09512899,0.19157976,0.43656725,0.27672398
810,/mnt/c/Users/puneet/Downloads/DAiSEE/DataSet/Test/510040/5100401056/5100401056.avi,2,3,0.095314115,0.1917096,0.43658125,0.27639502
811,/mnt/c/Users/puneet/Downloads/DAiSEE/DataSet/Test/510040/5100401057/5100401057.avi,2,3,0.09522764,0.19164768,0.43657207,0.27655262
812,/mnt/c/Users/puneet/Downloads/DAiSEE/DataSet/Test/510040/5100401059/5100401059.avi,2,2,0.095086105,0.1915489,0.4365624,0.27680263
813,/mnt/c/Users/puneet/Downloads/DAiSEE/DataSet/Test/510040/5100401060/5100401060.avi,2,2,0.09499863,0.19148713,0.4365549,0.27695933
814,/mnt/c/Users/puneet/Downloads/DAiSEE/DataSet/Test/510040/5100401061/5100401061.avi,2,2,0.095400244,0.19176714,0.43658188,0.27625075
815,/mnt/c/Users/puneet/Downloads/DAiSEE/DataSet/Test/510040/5100401062/5100401062.avi,2,3,0.095031045,0.19150707,0.43655157,0.2769103
816,/mnt/c/Users/puneet/Downloads/DAiSEE/DataSet/Test/510040/5100401063/5100401063.avi,2,2,0.09533019,0.19172017,0.43658108,0.27636856
817,/mnt/c/Users/puneet/Downloads/DAiSEE/DataSet/Test/510040/5100401064/5100401064.avi,2,2,0.094900645,0.19141631,0.43654317,0.2771399
818,/mnt/c/Users/puneet/Downloads/DAiSEE/DataSet/Test/510040/5100401065/5100401065.avi,2,1,0.09543892,0.19179232,0.4365808,0.27618796
819,/mnt/c/Users/puneet/Downloads/DAiSEE/DataSet/Test/510040/5100401066/5100401066.avi,2,3,0.09512859,0.19157644,0.43656093,0.27673402
820,/mnt/c/Users/puneet/Downloads/DAiSEE/DataSet/Test/510040/5100401067/5100401067.avi,2,2,0.095496565,0.19183564,0.43659115,0.27607664
821,/mnt/c/Users/puneet/Downloads/DAiSEE/DataSet/Test/510040/5100401069/5100401069.avi,2,3,0.09549956,0.19183776,0.43659142,0.27607128
822,/mnt/c/Users/puneet/Downloads/DAiSEE/DataSet/Test/510040/5100401070/5100401070.avi,2,2,0.096110255,0.19226794,0.4366415,0.2749803
823,/mnt/c/Users/puneet/Downloads/DAiSEE/DataSet/Test/510040/5100401071/5100401071.avi,2,2,0.095725104,0.19199987,0.4366166,0.27565843
824,/mnt/c/Users/puneet/Downloads/DAiSEE/DataSet/Test/510040/5100401072/5100401072.avi,2,3,0.095509484,0.19184798,0.4365989,0.27604365
825,/mnt/c/Users/puneet/Downloads/DAiSEE/DataSet/Test/510040/5100401073/5100401073.avi,2,2,0.09549997,0.19184133,0.43659824,0.27606046
826,/mnt/c/Users/puneet/Downloads/DAiSEE/DataSet/Test/510040/5100401074/5100401074.avi,2,3,0.095922336,0.19213705,0.43662915,0.27531147
827,/mnt/c/Users/puneet/Downloads/DAiSEE/DataSet/Test/510040/5100401075/5100401075.avi,2,2,0.096385345,0.19245496,0.43665028,0.2745094
828,/mnt/c/Users/puneet/Downloads/DAiSEE/DataSet/Test/510040/5100401076/5100401076.avi,2,2,0.09626763,0.19237205,0.43664065,0.27471966
829,/mnt/c/Users/puneet/Downloads/DAiSEE/DataSet/Test/510040/5100401077/5100401077.avi,2,2,0.096656255,0.1926447,0.4366702,0.27402884
830,/mnt/c/Users/puneet/Downloads/DAiSEE/DataSet/Test/510040/5100401078/5100401078.avi,2,2,0.09631151,0.19240187,0.43664196,0.27464464
831,/mnt/c/Users/puneet/Downloads/DAiSEE/DataSet/Test/510040/5100402001/5100402001.avi,2,1,0.09700648,0.1928757,0.43666697,0.27345085
832,/mnt/c/Users/puneet/Downloads/DAiSEE/DataSet/Test/510040/5100402002/5100402002.avi,2,2,0.08853431,0.19210467,0.4480483,0.2713127
833,/mnt/c/Users/puneet/Downloads/DAiSEE/DataSet/Test/510040/5100402004/5100402004.avi,2,3,0.08960779,0.19284388,0.44810173,0.2694466
834,/mnt/c/Users/puneet/Downloads/DAiSEE/DataSet/Test/510040/5100402005/5100402005.avi,2,3,0.090436645,0.19340879,0.4481311,0.26802346
835,/mnt/c/Users/puneet/Downloads/DAiSEE/DataSet/Test/510040/5100402007/5100402007.avi,2,2,0.091657184,0.19425087,0.4481952,0.26589677
836,/mnt/c/Users/puneet/Downloads/DAiSEE/DataSet/Test/510040/5100402008/5100402008.avi,2,3,0.091626085,0.19423,0.44819474,0.2659492
837,/mnt/c/Users/puneet/Downloads/DAiSEE/DataSet/Test/510040/5100402009/5100402009.avi,2,2,0.099700585,0.19472839,0.43679613,0.2687749
838,/mnt/c/Users/puneet/Downloads/DAiSEE/DataSet/Test/510040/5100402011/5100402011.avi,2,2,0.099930584,0.1948819,0.43679786,0.26838964
839,/mnt/c/Users/puneet/Downloads/DAiSEE/DataSet/Test/510040/5100402012/5100402012.avi,2,2,0.10026021,0.19510041,0.43679744,0.26784194
840,/mnt/c/Users/puneet/Downloads/DAiSEE/DataSet/Test/510040/5100402015/5100402015.avi,2,2,0.10030274,0.19512889,0.43679792,0.26777047
841,/mnt/c/Users/puneet/Downloads/DAiSEE/DataSet/Test/510040/5100402016/5100402016.avi,2,2,0.10044367,0.1952232,0.43679947,0.26753366
842,/mnt/c/Users/puneet/Downloads/DAiSEE/DataSet/Test/510040/5100402017/5100402017.avi,2,2,0.10124804,0.19576935,0.43682387,0.26615873
843,/mnt/c/Users/puneet/Downloads/DAiSEE/DataSet/Test/510040/5100402019/5100402019.avi,2,3,0.1011474,0.19570239,0.43682352,0.2663267
844,/mnt/c/Users/puneet/Downloads/DAiSEE/DataSet/Test/510040/5100402020/5100402020.avi,2,2,0.10084194,0.19550002,0.43682414,0.26683387
845,/mnt/c/Users/puneet/Downloads/DAiSEE/DataSet/Test/510040/5100402023/5100402023.avi,2,3,0.10106932,0.19565125,0.4368248,0.2664546
846,/mnt/c/Users/puneet/Downloads/DAiSEE/DataSet/Test/510040/5100402024/5100402024.avi,2,3,0.101207726,0.19574326,0.43682516,0.26622388
847,/mnt/c/Users/puneet/Downloads/DAiSEE/DataSet/Test/510040/5100402028/5100402028.avi,2,2,0.10129287,0.19579984,0.43682534,0.26608196
848,/mnt/c/Users/puneet/Downloads/DAiSEE/DataSet/Test/510040/5100402029/5100402029.avi,2,2,0.10136365,0.19584697,0.43682563,0.26596373
849,/mnt/c/Users/puneet/Downloads/DAiSEE/DataSet/Test/510040/5100402031/5100402031.avi,2,2,0.10141923,0.19588402,0.43682596,0.26587078
850,/mnt/c/Users/puneet/Downloads/DAiSEE/DataSet/Test/510040/5100402032/5100402032.avi,2,3,0.10110325,0.19567344,0.43682417,0.26639915
851,/mnt/c/Users/puneet/Downloads/DAiSEE/DataSet/Test/510040/5100402033/5100402033.avi,2,2,0.09861406,0.19392224,0.43662214,0.27084157
852,/mnt/c/Users/puneet/Downloads/DAiSEE/DataSet/Test/510040/5100402034/5100402034.avi,2,2,0.098428085,0.19379833,0.43662116,0.2711524
853,/mnt/c/Users/puneet/Downloads/DAiSEE/DataSet/Test/510040/5100402035/5100402035.avi,2,3,0.09817836,0.19363134,0.43661866,0.27157164
854,/mnt/c/Users/puneet/Downloads/DAiSEE/DataSet/Test/510040/5100402036/5100402036.avi,2,2,0.09799779,0.19351064,0.43661693,0.27187464
855,/mnt/c/Users/puneet/Downloads/DAiSEE/DataSet/Test/510040/5100402037/5100402037.avi,2,2,0.09771405,0.1933188,0.43660998,0.27235717
856,/mnt/c/Users/puneet/Downloads/DAiSEE/DataSet/Test/510040/5100402038/5100402038.avi,2,3,0.09968689,0.19472358,0.43680462,0.2687849
857,/mnt/c/Users/puneet/Downloads/DAiSEE/DataSet/Test/510040/5100402039/5100402039.avi,2,2,0.09936779,0.19450839,0.4367979,0.26932594
858,/mnt/c/Users/puneet/Downloads/DAiSEE/DataSet/Test/510040/5100402040/5100402040.avi,2,3,0.09918741,0.19438651,0.43679363,0.26963246
859,/mnt/c/Users/puneet/Downloads/DAiSEE/DataSet/Test/510040/5100402046/5100402046.avi,2,2,0.098351695,0.1938141,0.43675828,0.27107593
860,/mnt/c/Users/puneet/Downloads/DAiSEE/DataSet/Test/510040/5100402047/5100402047.avi,2,2,0.09775602,0.19340283,0.4367265,0.27211466
861,/mnt/c/Users/puneet/Downloads/DAiSEE/DataSet/Test/510040/5100402048/5100402048.avi,2,2,0.0980561,0.19360518,0.43673283,0.27160588
862,/mnt/c/Users/puneet/Downloads/DAiSEE/DataSet/Test/510040/5100402049/5100402049.avi,2,3,0.09835105,0.1938042,0.4367393,0.27110547
863,/mnt/c/Users/puneet/Downloads/DAiSEE/DataSet/Test/510040/5100402050/5100402050.avi,2,2,0.09767915,0.19334091,0.43670467,0.27227527
864,/mnt/c/Users/puneet/Downloads/DAiSEE/DataSet/Test/510040/5100402051/5100402051.avi,2,2,0.09828061,0.19375516,0.4367347,0.27122954
865,/mnt/c/Users/puneet/Downloads/DAiSEE/DataSet/Test/510040/5100402052/5100402052.avi,2,2,0.098987274,0.19424179,0.4367698,0.2700011
866,/mnt/c/Users/puneet/Downloads/DAiSEE/DataSet/Test/510040/5100402053/5100402053.avi,2,2,0.09883156,0.19413714,0.43676725,0.27026406
867,/mnt/c/Users/puneet/Downloads/DAiSEE/DataSet/Test/510040/5100402054/5100402054.avi,2,2,0.09866458,0.19402482,0.43676427,0.27054632
868,/mnt/c/Users/puneet/Downloads/DAiSEE/DataSet/Test/510040/5100402055/5100402055.avi,2,2,0.099435925,0.19455543,0.4368015,0.26920715
869,/mnt/c/Users/puneet/Downloads/DAiSEE/DataSet/Test/510040/5100402057/5100402057.avi,2,2,0.099062026,0.1942993,0.43678567,0.26985303
870,/mnt/c/Users/puneet/Downloads/DAiSEE/DataSet/Test/510040/5100402058/5100402058.avi,2,2,0.098988995,0.19424976,0.43678355,0.2699777
871,/mnt/c/Users/puneet/Downloads/DAiSEE/DataSet/Test/510040/5100402059/5100402059.avi,2,2,0.09868633,0.19404413,0.4367741,0.2704954
872,/mnt/c/Users/puneet/Downloads/DAiSEE/DataSet/Test/510040/5100402062/5100402062.avi,2,1,0.09847419,0.19390012,0.43676776,0.27085793
873,/mnt/c/Users/puneet/Downloads/DAiSEE/DataSet/Test/510040/5100402063/5100402063.avi,2,1,0.09810111,0.19364591,0.43675467,0.2714983
874,/mnt/c/Users/puneet/Downloads/DAiSEE/DataSet/Test/510040/5100402065/5100402065.avi,2,3,0.09852055,0.19393292,0.43677184,0.2707747
875,/mnt/c/Users/puneet/Downloads/DAiSEE/DataSet/Test/510040/5100402066/5100402066.avi,2,2,0.09862466,0.1940035,0.43677473,0.27059713
876,/mnt/c/Users/puneet/Downloads/DAiSEE/DataSet/Test/510040/5100402067/5100402067.avi,2,2,0.098776296,0.19410689,0.43678018,0.27033663
877,/mnt/c/Users/puneet/Downloads/DAiSEE/DataSet/Test/510040/5100402068/5100402068.avi,2,2,0.099041365,0.19428658,0.43678766,0.26988438
878,/mnt/c/Users/puneet/Downloads/DAiSEE/DataSet/Test/510040/5100402069/5100402069.avi,2,2,0.09972835,0.19475122,0.4368049,0.26871556
879,/mnt/c/Users/puneet/Downloads/DAiSEE/DataSet/Test/510042/5100421001/5100421001.avi,2,3,0.10015433,0.19503687,0.43681073,0.26799807
880,/mnt/c/Users/puneet/Downloads/DAiSEE/DataSet/Test/510042/5100421002/5100421002.avi,2,2,0.10073884,0.19542657,0.43681434,0.26702026
881,/mnt/c/Users/puneet/Downloads/DAiSEE/DataSet/Test/510042/5100421003/5100421003.avi,2,3,0.10118461,0.19572623,0.43682188,0.26626727
882,/mnt/c/Users/puneet/Downloads/DAiSEE/DataSet/Test/510042/5100421005/5100421005.avi,2,3,0.1017747,0.19611819,0.43682268,0.26528445
883,/mnt/c/Users/puneet/Downloads/DAiSEE/DataSet/Test/510042/5100421007/5100421007.avi,2,2,0.10181822,0.19614711,0.43682274,0.2652119
884,/mnt/c/Users/puneet/Downloads/DAiSEE/DataSet/Test/510042/5100421009/5100421009.avi,2,2,0.10213162,0.19635358,0.43681988,0.26469493
885,/mnt/c/Users/puneet/Downloads/DAiSEE/DataSet/Test/510042/5100421011/5100421011.avi,2,2,0.10228422,0.19645354,0.43681738,0.26444486
886,/mnt/c/Users/puneet/Downloads/DAiSEE/DataSet/Test/510042/5100421012/5100421012.avi,2,3,0.10255315,0.19663125,0.43681595,0.26399967
887,/mnt/c/Users/puneet/Downloads/DAiSEE/DataSet/Test/510042/5100421013/5100421013.avi,2,2,0.10216514,0.19637477,0.43681785,0.26464224
888,/mnt/c/Users/puneet/Downloads/DAiSEE/DataSet/Test/510042/5100421015/5100421015.avi,2,3,0.10098273,0.19556719,0.43677235,0.2666777
889,/mnt/c/Users/puneet/Downloads/DAiSEE/DataSet/Test/510042/5100421016/5100421016.avi,2,3,0.100761324,0.19542165,0.436775,0.267042
890,/mnt/c/Users/puneet/Downloads/DAiSEE/DataSet/Test/510042/5100421017/5100421017.avi,2,2,0.10054852,0.19528207,0.43677813,0.2673913
891,/mnt/c/Users/puneet/Downloads/DAiSEE/DataSet/Test/510042/5100421018/5100421018.avi,2,2,0.10035838,0.19515666,0.4367796,0.26770538
892,/mnt/c/Users/puneet/Downloads/DAiSEE/DataSet/Test/510042/5100421019/5100421019.avi,2,3,0.10051607,0.19526148,0.43677992,0.26744252
893,/mnt/c/Users/puneet/Downloads/DAiSEE/DataSet/Test/510042/5100421020/5100421020.avi,2,2,0.10182898,0.1961554,0.43682498,0.26519066
894,/mnt/c/Users/puneet/Downloads/DAiSEE/DataSet/Test/510042/5100421021/5100421021.avi,2,3,0.101963684,0.19624414,0.43682373,0.26496845
895,/mnt/c/Users/puneet/Downloads/DAiSEE/DataSet/Test/510042/5100421024/5100421024.avi,2,3,0.101549424,0.19596829,0.43682182,0.26566046
896,/mnt/c/Users/puneet/Downloads/DAiSEE/DataSet/Test/510042/5100421025/5100421025.avi,2,2,0.1014145,0.1958786,0.43682152,0.26588538
897,/mnt/c/Users/puneet/Downloads/DAiSEE/DataSet/Test/510042/5100421026/5100421026.avi,2,3,0.10152057,0.19594865,0.4368209,0.2657099
898,/mnt/c/Users/puneet/Downloads/DAiSEE/DataSet/Test/510042/5100421027/5100421027.avi,2,2,0.101687856,0.19605857,0.4368188,0.26543477
899,/mnt/c/Users/puneet/Downloads/DAiSEE/DataSet/Test/510042/5100421029/5100421029.avi,2,3,0.101635404,0.19602409,0.43681943,0.26552108
900,/mnt/c/Users/puneet/Downloads/DAiSEE/DataSet/Test/510042/5100421032/5100421032.avi,2,3,0.101652816,0.19603579,0.43681973,0.26549166
901,/mnt/c/Users/puneet/Downloads/DAiSEE/DataSet/Test/510042/5100421033/5100421033.avi,2,3,0.10192837,0.19621834,0.43681914,0.26503414
902,/mnt/c/Users/puneet/Downloads/DAiSEE/DataSet/Test/510042/5100421034/5100421034.avi,2,3,0.10177927,0.19611976,0.43681985,0.26528114
903,/mnt/c/Users/puneet/Downloads/DAiSEE/DataSet/Test/510042/5100421038/5100421038.avi,2,2,0.10157254,0.1959838,0.43682218,0.26562148
904,/mnt/c/Users/puneet/Downloads/DAiSEE/DataSet/Test/510042/5100421039/5100421039.avi,2,3,0.101703234,0.19606955,0.43682033,0.26540688
905,/mnt/c/Users/puneet/Downloads/DAiSEE/DataSet/Test/510042/5100421040/5100421040.avi,2,2,0.10219348,0.19639514,0.4368209,0.26459047
906,/mnt/c/Users/puneet/Downloads/DAiSEE/DataSet/Test/510042/5100421041/5100421041.avi,2,2,0.10216875,0.19637887,0.43682113,0.26463127
907,/mnt/c/Users/puneet/Downloads/DAiSEE/DataSet/Test/510042/5100421043/5100421043.avi,2,2,0.10232788,0.19648406,0.43682033,0.26436773
908,/mnt/c/Users/puneet/Downloads/DAiSEE/DataSet/Test/510042/5100421045/5100421045.avi,2,2,0.10220716,0.19640402,0.43682048,0.26456833
909,/mnt/c/Users/puneet/Downloads/DAiSEE/DataSet/Test/510042/5100421047/5100421047.avi,2,2,0.10221377,0.19640835,0.43682036,0.2645575
910,/mnt/c/Users/puneet/Downloads/DAiSEE/DataSet/Test/510042/5100421048/5100421048.avi,2,3,0.10206785,0.19631223,0.43682176,0.26479816
911,/mnt/c/Users/puneet/Downloads/DAiSEE/DataSet/Test/510042/5100421049/5100421049.avi,2,3,0.102048844,0.1962997,0.4368219,0.26482955
912,/mnt/c/Users/puneet/Downloads/DAiSEE/DataSet/Test/510042/5100421050/5100421050.avi,2,2,0.10190443,0.19620429,0.43682268,0.2650686
913,/mnt/c/Users/puneet/Downloads/DAiSEE/DataSet/Test/510042/5100421051/5100421051.avi,2,2,0.10226496,0.1964419,0.43681958,0.26447356
914,/mnt/c/Users/puneet/Downloads/DAiSEE/DataSet/Test/510042/5100421052/5100421052.avi,2,2,0.10165246,0.19603543,0.43681946,0.26549265
915,/mnt/c/Users/puneet/Downloads/DAiSEE/DataSet/Test/510042/5100421053/5100421053.avi,2,3,0.10157323,0.19598296,0.43681967,0.26562414
916,/mnt/c/Users/puneet/Downloads/DAiSEE/DataSet/Test/510042/5100421054/5100421054.avi,2,2,0.10006148,0.19494908,0.43675852,0.26823094
917,/mnt/c/Users/puneet/Downloads/DAiSEE/DataSet/Test/510042/5100421056/5100421056.avi,2,3,0.10029973,0.19510613,0.43675655,0.26783758
918,/mnt/c/Users/puneet/Downloads/DAiSEE/DataSet/Test/510042/5100421057/5100421057.avi,2,3,0.0991322,0.19432151,0.436737,0.26980928
919,/mnt/c/Users/puneet/Downloads/DAiSEE/DataSet/Test/510042/5100421058/5100421058.avi,2,2,0.09941546,0.19451098,0.43673992,0.26933363
920,/mnt/c/Users/puneet/Downloads/DAiSEE/DataSet/Test/510042/5100421059/5100421059.avi,2,2,0.09950063,0.19456737,0.4367397,0.2691923
921,/mnt/c/Users/puneet/Downloads/DAiSEE/DataSet/Test/510042/5100421060/5100421060.avi,2,2,0.1011206,0.19567247,0.43679968,0.26640728
922,/mnt/c/Users/puneet/Downloads/DAiSEE/DataSet/Test/510042/5100421061/5100421061.avi,2,2,0.1007776,0.19544576,0.4368014,0.26697522
923,/mnt/c/Users/puneet/Downloads/DAiSEE/DataSet/Test/510042/5100421062/5100421062.avi,2,3,0.10194545,0.19623059,0.43682092,0.26500303
924,/mnt/c/Users/puneet/Downloads/DAiSEE/DataSet/Test/510042/5100421063/5100421063.avi,2,2,0.10191907,0.19621305,0.43682086,0.265047
925,/mnt/c/Users/puneet/Downloads/DAiSEE/DataSet/Test/510042/5100421064/5100421064.avi,2,3,0.10189713,0.19619855,0.43682098,0.26508334
926,/mnt/c/Users/puneet/Downloads/DAiSEE/DataSet/Test/510042/5100421065/5100421065.avi,2,3,0.1019179,0.19621216,0.43682066,0.26504928
927,/mnt/c/Users/puneet/Downloads/DAiSEE/DataSet/Test/510042/5100421067/5100421067.avi,2,2,0.101896115,0.19619764,0.43682054,0.26508573
928,/mnt/c/Users/puneet/Downloads/DAiSEE/DataSet/Test/510042/5100421068/5100421068.avi,2,3,0.10124689,0.19576676,0.43682033,0.266166
929,/mnt/c/Users/puneet/Downloads/DAiSEE/DataSet/Test/510042/5100421069/5100421069.avi,2,2,0.101641186,0.19602658,0.4368168,0.26551542
930,/mnt/c/Users/puneet/Downloads/DAiSEE/DataSet/Test/510042/5100421070/5100421070.avi,2,3,0.1017543,0.19610119,0.43681598,0.26532853
931,/mnt/c/Users/puneet/Downloads/DAiSEE/DataSet/Test/510042/5100421071/5100421071.avi,2,2,0.10162843,0.19601844,0.43681747,0.26553565
932,/mnt/c/Users/puneet/Downloads/DAiSEE/DataSet/Test/510042/5100421072/5100421072.avi,2,2,0.10192281,0.19621345,0.4368168,0.26504692
933,/mnt/c/Users/puneet/Downloads/DAiSEE/DataSet/Test/510042/5100421073/5100421073.avi,2,3,0.10247063,0.1965779,0.43681866,0.2641328
934,/mnt/c/Users/puneet/Downloads/DAiSEE/DataSet/Test/510042/5100421074/5100421074.avi,2,2,0.10249,0.19659054,0.43681824,0.2641012
935,/mnt/c/Users/puneet/Downloads/DAiSEE/DataSet/Test/510042/5100421076/5100421076.avi,2,3,0.10236473,0.19650789,0.43681914,0.26430824
936,/mnt/c/Users/puneet/Downloads/DAiSEE/DataSet/Test/510042/5100421078/5100421078.avi,2,3,0.10162845,0.19601372,0.43680817,0.26554966
937,/mnt/c/Users/puneet/Downloads/DAiSEE/DataSet/Test/510042/5100421079/5100421079.avi,2,3,0.10127422,0.19577873,0.43680832,0.26613873
938,/mnt/c/Users/puneet/Downloads/DAiSEE/DataSet/Test/510042/5100421080/5100421080.avi,2,3,0.101247765,0.19576135,0.43680865,0.26618224
939,/mnt/c/Users/puneet/Downloads/DAiSEE/DataSet/Test/510042/5100421081/5100421081.avi,2,3,0.10096707,0.19557707,0.43681243,0.2666434
940,/mnt/c/Users/puneet/Downloads/DAiSEE/DataSet/Test/510042/5100422002/5100422002.avi,2,2,0.0999648,0.19489753,0.4367839,0.26835376
941,/mnt/c/Users/puneet/Downloads/DAiSEE/DataSet/Test/510042/5100422003/5100422003.avi,2,2,0.099156074,0.19433437,0.43673098,0.26977858
942,/mnt/c/Users/puneet/Downloads/DAiSEE/DataSet/Test/510042/5100422004/5100422004.avi,2,3,0.099168494,0.19434267,0.4367311,0.26975775
943,/mnt/c/Users/puneet/Downloads/DAiSEE/DataSet/Test/510042/5100422005/5100422005.avi,2,2,0.0981844,0.19368021,0.4367125,0.2714229
944,/mnt/c/Users/puneet/Downloads/DAiSEE/DataSet/Test/510042/5100422006/5100422006.avi,2,3,0.09830832,0.19376187,0.4367114,0.2712184
945,/mnt/c/Users/puneet/Downloads/DAiSEE/DataSet/Test/510042/5100422007/5100422007.avi,2,2,0.0981464,0.19364902,0.4367006,0.27150398
946,/mnt/c/Users/puneet/Downloads/DAiSEE/DataSet/Test/510042/5100422008/5100422008.avi,2,2,0.09984494,0.19480722,0.43676257,0.26858526
947,/mnt/c/Users/puneet/Downloads/DAiSEE/DataSet/Test/510042/5100422009/5100422009.avi,2,2,0.09970129,0.19471084,0.43676051,0.26882735
948,/mnt/c/Users/puneet/Downloads/DAiSEE/DataSet/Test/510042/5100422011/5100422011.avi,2,2,0.10067195,0.19536446,0.43677926,0.26718432
949,/mnt/c/Users/puneet/Downloads/DAiSEE/DataSet/Test/510042/5100422012/5100422012.avi,2,3,0.10047586,0.19523503,0.43678057,0.26750854
950,/mnt/c/Users/puneet/Downloads/DAiSEE/DataSet/Test/510042/5100422013/5100422013.avi,2,2,0.10193005,0.19621803,0.4368164,0.26503554
951,/mnt/c/Users/puneet/Downloads/DAiSEE/DataSet/Test/510042/5100422014/5100422014.avi,2,2,0.09261709,0.19487907,0.44817686,0.26432696
952,/mnt/c/Users/puneet/Downloads/DAiSEE/DataSet/Test/510042/5100422016/5100422016.avi,2,2,0.09193062,0.19440928,0.44814867,0.26551145
953,/mnt/c/Users/puneet/Downloads/DAiSEE/DataSet/Test/510042/5100422017/5100422017.avi,2,3,0.09165471,0.19422656,0.44814938,0.26596937
954,/mnt/c/Users/puneet/Downloads/DAiSEE/DataSet/Test/510042/5100422018/5100422018.avi,2,2,0.09183157,0.19434337,0.4481483,0.26567674
955,/mnt/c/Users/puneet/Downloads/DAiSEE/DataSet/Test/510042/5100422019/5100422019.avi,2,3,0.09182009,0.19433588,0.44814855,0.26569548
956,/mnt/c/Users/puneet/Downloads/DAiSEE/DataSet/Test/510042/5100422022/5100422022.avi,2,2,0.10029442,0.19511472,0.4367809,0.26780996
957,/mnt/c/Users/puneet/Downloads/DAiSEE/DataSet/Test/510042/5100422023/5100422023.avi,2,2,0.10036089,0.19516088,0.436785,0.26769322
958,/mnt/c/Users/puneet/Downloads/DAiSEE/DataSet/Test/510042/5100422024/5100422024.avi,2,2,0.10031817,0.19513237,0.43678468,0.26776475
959,/mnt/c/Users/puneet/Downloads/DAiSEE/DataSet/Test/510042/5100422025/5100422025.avi,2,3,0.10044894,0.1952181,0.4367827,0.26755026
960,/mnt/c/Users/puneet/Downloads/DAiSEE/DataSet/Test/510042/5100422026/5100422026.avi,2,3,0.09963872,0.19467854,0.43677887,0.26890385
961,/mnt/c/Users/puneet/Downloads/DAiSEE/DataSet/Test/510042/5100422027/5100422027.avi,2,2,0.0994907,0.19457732,0.43677297,0.269159
962,/mnt/c/Users/puneet/Downloads/DAiSEE/DataSet/Test/510042/5100422028/5100422028.avi,2,3,0.10034525,0.19515797,0.4367998,0.26769698
963,/mnt/c/Users/puneet/Downloads/DAiSEE/DataSet/Test/510042/5100422029/5100422029.avi,2,2,0.100814514,0.19546793,0.43679705,0.2669205
964,/mnt/c/Users/puneet/Downloads/DAiSEE/DataSet/Test/510042/5100422030/5100422030.avi,2,2,0.10081124,0.1954658,0.4367971,0.26692584
965,/mnt/c/Users/puneet/Downloads/DAiSEE/DataSet/Test/510042/5100422033/5100422033.avi,2,2,0.10150467,0.19592887,0.43680286,0.2657636
966,/mnt/c/Users/puneet/Downloads/DAiSEE/DataSet/Test/510042/5100422034/5100422034.avi,2,2,0.10251815,0.19660775,0.4368154,0.26405868
967,/mnt/c/Users/puneet/Downloads/DAiSEE/DataSet/Test/510042/5100422035/5100422035.avi,2,2,0.10282709,0.19681188,0.43681377,0.26354727
968,/mnt/c/Users/puneet/Downloads/DAiSEE/DataSet/Test/510042/5100422036/5100422036.avi,2,3,0.102778405,0.19678006,0.43681467,0.26362687
969,/mnt/c/Users/puneet/Downloads/DAiSEE/DataSet/Test/510042/5100422037/5100422037.avi,2,2,0.10263705,0.19668736,0.43681675,0.26385882
970,/mnt/c/Users/puneet/Downloads/DAiSEE/DataSet/Test/510042/5100422038/5100422038.avi,2,3,0.10239679,0.19652864,0.43681815,0.2642564
971,/mnt/c/Users/puneet/Downloads/DAiSEE/DataSet/Test/510042/5100422039/5100422039.avi,2,3,0.10054662,0.19526406,0.43674448,0.26744485
972,/mnt/c/Users/puneet/Downloads/DAiSEE/DataSet/Test/510042/5100422041/5100422041.avi,2,2,0.1005081,0.19523875,0.436745,0.26750815
973,/mnt/c/Users/puneet/Downloads/DAiSEE/DataSet/Test/510042/5100422042/5100422042.avi,2,3,0.10048745,0.19522524,0.43674535,0.26754197
974,/mnt/c/Users/puneet/Downloads/DAiSEE/DataSet/Test/510042/5100422044/5100422044.avi,2,2,0.10046459,0.19521019,0.43674555,0.26757964
975,/mnt/c/Users/puneet/Downloads/DAiSEE/DataSet/Test/510042/5100422045/5100422045.avi,2,2,0.10069365,0.19536154,0.4367443,0.2672005
976,/mnt/c/Users/puneet/Downloads/DAiSEE/DataSet/Test/510042/5100422046/5100422046.avi,2,3,0.10258741,0.19665459,0.4368171,0.26394087
977,/mnt/c/Users/puneet/Downloads/DAiSEE/DataSet/Test/510042/5100422047/5100422047.avi,2,2,0.10227511,0.19644783,0.436818,0.26445904
978,/mnt/c/Users/puneet/Downloads/DAiSEE/DataSet/Test/510042/5100422049/5100422049.avi,2,2,0.10225481,0.19643453,0.43681833,0.26449233
979,/mnt/c/Users/puneet/Downloads/DAiSEE/DataSet/Test/510042/5100422050/5100422050.avi,2,3,0.102450475,0.19656283,0.43681538,0.26417133
980,/mnt/c/Users/puneet/Downloads/DAiSEE/DataSet/Test/510042/5100422051/5100422051.avi,2,2,0.102576025,0.19664508,0.43681332,0.26396555
981,/mnt/c/Users/puneet/Downloads/DAiSEE/DataSet/Test/510042/5100422052/5100422052.avi,2,2,0.1025694,0.19664074,0.43681347,0.26397637
982,/mnt/c/Users/puneet/Downloads/DAiSEE/DataSet/Test/510042/5100422055/5100422055.avi,2,3,0.1029911,0.19691922,0.43681085,0.26327884
983,/mnt/c/Users/puneet/Downloads/DAiSEE/DataSet/Test/510042/5100422056/5100422056.avi,2,3,0.10321024,0.1970622,0.4368062,0.26292136
984,/mnt/c/Users/puneet/Downloads/DAiSEE/DataSet/Test/510042/5100422057/5100422057.avi,2,2,0.10307383,0.19697288,0.4368085,0.2631448
985,/mnt/c/Users/puneet/Downloads/DAiSEE/DataSet/Test/510042/5100422058/5100422058.avi,2,2,0.103022635,0.1969394,0.43680945,0.2632285
986,/mnt/c/Users/puneet/Downloads/DAiSEE/DataSet/Test/510042/5100422059/5100422059.avi,2,3,0.10225293,0.19642773,0.4368076,0.26451173
987,/mnt/c/Users/puneet/Downloads/DAiSEE/DataSet/Test/510042/5100422060/5100422060.avi,2,2,0.101906136,0.19619915,0.43681055,0.26508415
988,/mnt/c/Users/puneet/Downloads/DAiSEE/DataSet/Test/510042/5100422061/5100422061.avi,2,3,0.101695575,0.19606179,0.4368151,0.26542753
989,/mnt/c/Users/puneet/Downloads/DAiSEE/DataSet/Test/510042/5100422062/5100422062.avi,2,2,0.10155199,0.19596714,0.4368163,0.26566458
990,/mnt/c/Users/puneet/Downloads/DAiSEE/DataSet/Test/510042/5100422063/5100422063.avi,2,3,0.101532854,0.1959546,0.43681663,0.2656959
991,/mnt/c/Users/puneet/Downloads/DAiSEE/DataSet/Test/510042/5100422065/5100422065.avi,2,3,0.10191286,0.19620958,0.43682212,0.26505545
992,/mnt/c/Users/puneet/Downloads/DAiSEE/DataSet/Test/510042/5100422066/5100422066.avi,2,2,0.102192655,0.19639431,0.4368203,0.26459274
993,/mnt/c/Users/puneet/Downloads/DAiSEE/DataSet/Test/510042/5100422067/5100422067.avi,2,2,0.10206692,0.19631161,0.43682173,0.26479974
994,/mnt/c/Users/puneet/Downloads/DAiSEE/DataSet/Test/510042/5100422068/5100422068.avi,2,2,0.10133774,0.19582076,0.43680802,0.2660335
995,/mnt/c/Users/puneet/Downloads/DAiSEE/DataSet/Test/510042/5100422069/5100422069.avi,2,2,0.10135913,0.19583477,0.43680766,0.26599845
996,/mnt/c/Users/puneet/Downloads/DAiSEE/DataSet/Test/510042/5100422071/5100422071.avi,2,3,0.10169261,0.19605473,0.4368051,0.26544756
997,/mnt/c/Users/puneet/Downloads/DAiSEE/DataSet/Test/510042/5100422072/5100422072.avi,2,2,0.101765364,0.19610235,0.43680385,0.26532844
998,/mnt/c/Users/puneet/Downloads/DAiSEE/DataSet/Test/510042/5100422073/5100422073.avi,2,2,0.10187757,0.19617617,0.4368026,0.26514366
999,/mnt/c/Users/puneet/Downloads/DAiSEE/DataSet/Test/510042/5100422074/5100422074.avi,2,2,0.10226524,0.19643927,0.4368141,0.2644814
1000,/mnt/c/Users/puneet/Downloads/DAiSEE/DataSet/Test/510042/5100422075/5100422075.avi,2,3,0.10223755,0.19642112,0.43681455,0.26452678
1001,/mnt/c/Users/puneet/Downloads/DAiSEE/DataSet/Test/510042/5100422077/5100422077.avi,2,2,0.1004762,0.1952187,0.43674746,0.26755765
1002,/mnt/c/Users/puneet/Downloads/DAiSEE/DataSet/Test/510042/5100422078/5100422078.avi,2,2,0.10036974,0.19514894,0.43674916,0.26773214
1003,/mnt/c/Users/puneet/Downloads/DAiSEE/DataSet/Test/510042/5100422079/5100422079.avi,2,3,0.10026106,0.19507746,0.43675038,0.2679111
1004,/mnt/c/Users/puneet/Downloads/DAiSEE/DataSet/Test/510042/5100422080/5100422080.avi,2,2,0.10094997,0.19553311,0.43674755,0.26676938
1005,/mnt/c/Users/puneet/Downloads/DAiSEE/DataSet/Test/510042/5100422081/5100422081.avi,2,2,0.100657985,0.19534035,0.43674946,0.2672522
1006,/mnt/c/Users/puneet/Downloads/DAiSEE/DataSet/Test/510042/5100422084/5100422084.avi,2,2,0.10236435,0.19650674,0.43681744,0.26431146
1007,/mnt/c/Users/puneet/Downloads/DAiSEE/DataSet/Test/510042/5100422085/5100422085.avi,2,2,0.10213708,0.19635664,0.4368188,0.26468748
1008,/mnt/c/Users/puneet/Downloads/DAiSEE/DataSet/Test/510045/5100451001/5100451001.avi,2,2,0.10251222,0.19660184,0.43681166,0.2640743
1009,/mnt/c/Users/puneet/Downloads/DAiSEE/DataSet/Test/510045/5100451003/5100451003.avi,2,3,0.1025955,0.1966559,0.43680936,0.26393923
1010,/mnt/c/Users/puneet/Downloads/DAiSEE/DataSet/Test/510045/5100451004/5100451004.avi,2,3,0.103133745,0.19700915,0.43680185,0.26305526
1011,/mnt/c/Users/puneet/Downloads/DAiSEE/DataSet/Test/510045/5100451006/5100451006.avi,2,3,0.10340007,0.19718274,0.43679586,0.2626213
1012,/mnt/c/Users/puneet/Downloads/DAiSEE/DataSet/Test/510045/5100451007/5100451007.avi,2,3,0.103906386,0.1975149,0.43678856,0.26179016
1013,/mnt/c/Users/puneet/Downloads/DAiSEE/DataSet/Test/510045/5100451012/5100451012.avi,2,3,0.103898354,0.1975097,0.4367888,0.26180315
1014,/mnt/c/Users/puneet/Downloads/DAiSEE/DataSet/Test/510045/5100451013/5100451013.avi,2,3,0.10390725,0.19751547,0.43678853,0.26178876
1015,/mnt/c/Users/puneet/Downloads/DAiSEE/DataSet/Test/510045/5100451015/5100451015.avi,2,3,0.10378357,0.19743511,0.43679178,0.26198953
1016,/mnt/c/Users/puneet/Downloads/DAiSEE/DataSet/Test/510045/5100451016/5100451016.avi,2,3,0.10368953,0.19737406,0.43679437,0.26214203
1017,/mnt/c/Users/puneet/Downloads/DAiSEE/DataSet/Test/510045/5100451017/5100451017.avi,2,2,0.10366162,0.19735596,0.43679518,0.26218724
1018,/mnt/c/Users/puneet/Downloads/DAiSEE/DataSet/Test/510045/5100451018/5100451018.avi,2,3,0.10364343,0.19734417,0.4367957,0.2622167
1019,/mnt/c/Users/puneet/Downloads/DAiSEE/DataSet/Test/510045/5100451019/5100451019.avi,2,3,0.1033641,0.19716205,0.4368019,0.26267195
1020,/mnt/c/Users/puneet/Downloads/DAiSEE/DataSet/Test/510045/5100451020/5100451020.avi,2,2,0.10328276,0.19710894,0.43680355,0.26280475
1021,/mnt/c/Users/puneet/Downloads/DAiSEE/DataSet/Test/510045/5100451024/5100451024.avi,2,3,0.10326651,0.19709834,0.43680394,0.26283118
1022,/mnt/c/Users/puneet/Downloads/DAiSEE/DataSet/Test/510045/5100451026/5100451026.avi,2,3,0.10298728,0.19691594,0.43680942,0.26328737
1023,/mnt/c/Users/puneet/Downloads/DAiSEE/DataSet/Test/510045/5100451027/5100451027.avi,2,3,0.10300771,0.19692917,0.43680882,0.26325428
1024,/mnt/c/Users/puneet/Downloads/DAiSEE/DataSet/Test/510045/5100451033/5100451033.avi,2,2,0.10324489,0.19708398,0.43680388,0.26286724
1025,/mnt/c/Users/puneet/Downloads/DAiSEE/DataSet/Test/510045/5100451034/5100451034.avi,2,3,0.103376456,0.19716978,0.43680102,0.26265275
1026,/mnt/c/Users/puneet/Downloads/DAiSEE/DataSet/Test/510045/5100451035/5100451035.avi,2,3,0.10342831,0.1972035,0.4367997,0.2625685
1027,/mnt/c/Users/puneet/Downloads/DAiSEE/DataSet/Test/510045/5100451036/5100451036.avi,2,2,0.10283363,0.19680673,0.43679547,0.26356417
1028,/mnt/c/Users/puneet/Downloads/DAiSEE/DataSet/Test/510045/5100451038/5100451038.avi,2,2,0.102794506,0.19678135,0.4367966,0.26362753
1029,/mnt/c/Users/puneet/Downloads/DAiSEE/DataSet/Test/510045/5100451041/5100451041.avi,2,3,0.10281837,0.19679683,0.43679592,0.26358888
1030,/mnt/c/Users/puneet/Downloads/DAiSEE/DataSet/Test/510045/5100451043/5100451043.avi,2,2,0.10283078,0.19680491,0.4367956,0.26356873
1031,/mnt/c/Users/puneet/Downloads/DAiSEE/DataSet/Test/510045/5100451044/5100451044.avi,2,3,0.10286173,0.196825,0.43679473,0.26351854
1032,/mnt/c/Users/puneet/Downloads/DAiSEE/DataSet/Test/510045/5100451045/5100451045.avi,2,2,0.10345194,0.19721882,0.436799,0.26253024
1033,/mnt/c/Users/puneet/Downloads/DAiSEE/DataSet/Test/510045/5100451049/5100451049.avi,2,3,0.10342773,0.1972031,0.43679965,0.26256952
1034,/mnt/c/Users/puneet/Downloads/DAiSEE/DataSet/Test/510045/5100451050/5100451050.avi,2,3,0.10342953,0.19720426,0.43679962,0.2625666
1035,/mnt/c/Users/puneet/Downloads/DAiSEE/DataSet/Test/510045/5100451051/5100451051.avi,2,2,0.10347387,0.19723304,0.43679836,0.2624947
1036,/mnt/c/Users/puneet/Downloads/DAiSEE/DataSet/Test/510045/5100451052/5100451052.avi,2,3,0.10345947,0.1972237,0.43679878,0.26251805
1037,/mnt/c/Users/puneet/Downloads/DAiSEE/DataSet/Test/510045/5100451055/5100451055.avi,2,2,0.10359509,0.19731262,0.43679672,0.26229554
1038,/mnt/c/Users/puneet/Downloads/DAiSEE/DataSet/Test/510045/5100451056/5100451056.avi,2,3,0.103639446,0.19734143,0.4367955,0.26222363
1039,/mnt/c/Users/puneet/Downloads/DAiSEE/DataSet/Test/510045/5100451059/5100451059.avi,2,3,0.103634745,0.19733837,0.43679565,0.26223123
1040,/mnt/c/Users/puneet/Downloads/DAiSEE/DataSet/Test/510045/5100451060/5100451060.avi,2,3,0.1036419,0.197343,0.43679544,0.26221967
1041,/mnt/c/Users/puneet/Downloads/DAiSEE/DataSet/Test/510045/5100451061/5100451061.avi,2,3,0.10361948,0.19732845,0.43679604,0.26225603
1042,/mnt/c/Users/puneet/Downloads/DAiSEE/DataSet/Test/510045/5100451064/5100451064.avi,2,2,0.10378352,0.19743524,0.4367921,0.26198915
1043,/mnt/c/Users/puneet/Downloads/DAiSEE/DataSet/Test/510045/5100451065/5100451065.avi,2,3,0.10375756,0.1974184,0.43679282,0.2620312
1044,/mnt/c/Users/puneet/Downloads/DAiSEE/DataSet/Test/510045/5100451066/5100451066.avi,2,2,0.103599206,0.19731535,0.43679672,0.26228875
1045,/mnt/c/Users/puneet/Downloads/DAiSEE/DataSet/Test/510045/5100451067/5100451067.avi,2,3,0.103388056,0.1971778,0.4368016,0.26263252
1046,/mnt/c/Users/puneet/Downloads/DAiSEE/DataSet/Test/510045/5100451070/5100451070.avi,2,3,0.10342506,0.19720182,0.4368006,0.26257253
1047,/mnt/c/Users/puneet/Downloads/DAiSEE/DataSet/Test/510045/5100451071/5100451071.avi,2,3,0.10342538,0.19720203,0.4368006,0.262572
1048,/mnt/c/Users/puneet/Downloads/DAiSEE/DataSet/Test/510045/5100452002/5100452002.avi,2,2,0.10345722,0.19722268,0.4367997,0.2625204
1049,/mnt/c/Users/puneet/Downloads/DAiSEE/DataSet/Test/510045/5100452004/5100452004.avi,2,3,0.103583075,0.19730465,0.43679672,0.26231554
1050,/mnt/c/Users/puneet/Downloads/DAiSEE/DataSet/Test/510045/5100452005/5100452005.avi,2,2,0.103791706,0.19744056,0.4367919,0.26197582
1051,/mnt/c/Users/puneet/Downloads/DAiSEE/DataSet/Test/510045/5100452006/5100452006.avi,2,3,0.10379174,0.19744058,0.4367919,0.26197577
1052,/mnt/c/Users/puneet/Downloads/DAiSEE/DataSet/Test/510045/5100452007/5100452007.avi,2,2,0.103684835,0.1973711,0.43679467,0.26214942
1053,/mnt/c/Users/puneet/Downloads/DAiSEE/DataSet/Test/510045/5100452008/5100452008.avi,2,3,0.10369165,0.1973755,0.43679446,0.26213837
1054,/mnt/c/Users/puneet/Downloads/DAiSEE/DataSet/Test/510045/5100452009/5100452009.avi,2,3,0.10343644,0.19720878,0.43679947,0.2625553
1055,/mnt/c/Users/puneet/Downloads/DAiSEE/DataSet/Test/510045/5100452010/5100452010.avi,2,2,0.10344567,0.19721475,0.4367992,0.26254037
1056,/mnt/c/Users/puneet/Downloads/DAiSEE/DataSet/Test/510045/5100452011/5100452011.avi,2,2,0.10326827,0.19709922,0.43680337,0.26282915
1057,/mnt/c/Users/puneet/Downloads/DAiSEE/DataSet/Test/510045/5100452012/5100452012.avi,2,3,0.103374146,0.19716804,0.43680063,0.2626572
1058,/mnt/c/Users/puneet/Downloads/DAiSEE/DataSet/Test/510045/5100452013/5100452013.avi,2,3,0.10337776,0.19717039,0.43680054,0.26265132
1059,/mnt/c/Users/puneet/Downloads/DAiSEE/DataSet/Test/510045/5100452014/5100452014.avi,2,3,0.1035134,0.19725926,0.43679833,0.262429
1060,/mnt/c/Users/puneet/Downloads/DAiSEE/DataSet/Test/510045/5100452016/5100452016.avi,2,1,0.10346443,0.1972275,0.43679973,0.26250833
1061,/mnt/c/Users/puneet/Downloads/DAiSEE/DataSet/Test/510045/5100452017/5100452017.avi,2,3,0.10352339,0.197266,0.43679857,0.26241204
1062,/mnt/c/Users/puneet/Downloads/DAiSEE/DataSet/Test/510045/5100452018/5100452018.avi,2,3,0.10328311,0.19710928,0.4368038,0.26280382
1063,/mnt/c/Users/puneet/Downloads/DAiSEE/DataSet/Test/510045/5100452021/5100452021.avi,2,2,0.10324407,0.19708396,0.4368049,0.26286706
1064,/mnt/c/Users/puneet/Downloads/DAiSEE/DataSet/Test/510045/5100452023/5100452023.avi,2,2,0.10337224,0.19716741,0.43680182,0.26265854
1065,/mnt/c/Users/puneet/Downloads/DAiSEE/DataSet/Test/510045/5100452025/5100452025.avi,2,2,0.10338103,0.19717312,0.43680158,0.26264426
1066,/mnt/c/Users/puneet/Downloads/DAiSEE/DataSet/Test/510045/5100452027/5100452027.avi,2,2,0.10218164,0.19636789,0.43678308,0.2646674
1067,/mnt/c/Users/puneet/Downloads/DAiSEE/DataSet/Test/510045/5100452028/5100452028.avi,2,3,0.102394596,0.19650687,0.43677863,0.2643199
1068,/mnt/c/Users/puneet/Downloads/DAiSEE/DataSet/Test/510045/5100452030/5100452030.avi,2,3,0.10241448,0.19651978,0.43677807,0.26428768
1069,/mnt/c/Users/puneet/Downloads/DAiSEE/DataSet/Test/510045/5100452031/5100452031.avi,2,3,0.102459356,0.19654886,0.43677676,0.26421502
1070,/mnt/c/Users/puneet/Downloads/DAiSEE/DataSet/Test/510045/5100452032/5100452032.avi,2,2,0.102354355,0.19648053,0.43677932,0.2643858
1071,/mnt/c/Users/puneet/Downloads/DAiSEE/DataSet/Test/510045/5100452033/5100452033.avi,2,2,0.10368662,0.19737215,0.43679443,0.2621468
1072,/mnt/c/Users/puneet/Downloads/DAiSEE/DataSet/Test/510045/5100452034/5100452034.avi,2,3,0.10371979,0.19739367,0.43679348,0.26209304
1073,/mnt/c/Users/puneet/Downloads/DAiSEE/DataSet/Test/510045/5100452035/5100452035.avi,2,2,0.10372519,0.19739717,0.43679333,0.2620843
1074,/mnt/c/Users/puneet/Downloads/DAiSEE/DataSet/Test/510045/5100452036/5100452036.avi,2,3,0.1037069,0.19738533,0.4367939,0.2621139
1075,/mnt/c/Users/puneet/Downloads/DAiSEE/DataSet/Test/510045/5100452037/5100452037.avi,2,3,0.10384727,0.19747661,0.43679032,0.26188582
1076,/mnt/c/Users/puneet/Downloads/DAiSEE/DataSet/Test/510045/5100452038/5100452038.avi,2,3,0.103581876,0.1973035,0.43679607,0.26231855
1077,/mnt/c/Users/puneet/Downloads/DAiSEE/DataSet/Test/510045/5100452039/5100452039.avi,2,2,0.10355876,0.19728851,0.43679672,0.262356
1078,/mnt/c/Users/puneet/Downloads/DAiSEE/DataSet/Test/510045/5100452040/5100452040.avi,2,2,0.10329837,0.19711861,0.43680227,0.26278076
1079,/mnt/c/Users/puneet/Downloads/DAiSEE/DataSet/Test/510045/5100452047/5100452047.avi,2,3,0.10329799,0.19711837,0.43680227,0.26278138
1080,/mnt/c/Users/puneet/Downloads/DAiSEE/DataSet/Test/510045/5100452049/5100452049.avi,2,3,0.1032745,0.19710314,0.43680295,0.2628194
1081,/mnt/c/Users/puneet/Downloads/DAiSEE/DataSet/Test/510045/5100452050/5100452050.avi,2,3,0.10335287,0.19715448,0.43680167,0.262691
1082,/mnt/c/Users/puneet/Downloads/DAiSEE/DataSet/Test/510045/5100452053/5100452053.avi,2,2,0.10335889,0.19715838,0.43680152,0.26268122
1083,/mnt/c/Users/puneet/Downloads/DAiSEE/DataSet/Test/510045/5100452054/5100452054.avi,2,3,0.10349366,0.19724658,0.43679917,0.2624606
1084,/mnt/c/Users/puneet/Downloads/DAiSEE/DataSet/Test/510045/5100452055/5100452055.avi,2,2,0.1034912,0.19724499,0.43679923,0.26246458
1085,/mnt/c/Users/puneet/Downloads/DAiSEE/DataSet/Test/510045/5100452059/5100452059.avi,2,3,0.10344872,0.1972174,0.43680036,0.26253352
1086,/mnt/c/Users/puneet/Downloads/DAiSEE/DataSet/Test/510045/5100452060/5100452060.avi,2,3,0.10343542,0.1972087,0.43680063,0.26255527
1087,/mnt/c/Users/puneet/Downloads/DAiSEE/DataSet/Test/510045/5100452061/5100452061.avi,2,2,0.10342256,0.19720036,0.436801,0.2625761
1088,/mnt/c/Users/puneet/Downloads/DAiSEE/DataSet/Test/510045/5100452065/5100452065.avi,2,3,0.103339575,0.19714612,0.43680257,0.26271176
1089,/mnt/c/Users/puneet/Downloads/DAiSEE/DataSet/Test/510045/5100452066/5100452066.avi,2,3,0.10334471,0.19714944,0.4368024,0.26270345
1090,/mnt/c/Users/puneet/Downloads/DAiSEE/DataSet/Test/510045/5100452067/5100452067.avi,2,3,0.103366785,0.19716379,0.43680182,0.26266763
1091,/mnt/c/Users/puneet/Downloads/DAiSEE/DataSet/Test/510045/5100452076/5100452076.avi,2,3,0.10337409,0.19716856,0.43680167,0.26265568
1092,/mnt/c/Users/puneet/Downloads/DAiSEE/DataSet/Test/510045/5100452078/5100452078.avi,2,3,0.10340494,0.19718859,0.4368008,0.26260567
1093,/mnt/c/Users/puneet/Downloads/DAiSEE/DataSet/Test/510045/5100452079/5100452079.avi,2,3,0.10325396,0.19708933,0.43680263,0.2628541
1094,/mnt/c/Users/puneet/Downloads/DAiSEE/DataSet/Test/510045/5100452080/5100452080.avi,2,3,0.103221074,0.197068,0.43680355,0.26290736
1095,/mnt/c/Users/puneet/Downloads/DAiSEE/DataSet/Test/510045/5100452081/5100452081.avi,2,2,0.103242315,0.19708179,0.43680298,0.26287293
1096,/mnt/c/Users/puneet/Downloads/DAiSEE/DataSet/Test/510046/5100461004/5100461004.avi,2,2,0.103139155,0.19701414,0.43680453,0.26304218
1097,/mnt/c/Users/puneet/Downloads/DAiSEE/DataSet/Test/510046/5100461005/5100461005.avi,2,2,0.102619365,0.19667293,0.43681166,0.26389605
1098,/mnt/c/Users/puneet/Downloads/DAiSEE/DataSet/Test/510046/5100461006/5100461006.avi,2,2,0.10259643,0.19665779,0.4368118,0.26393396
1099,/mnt/c/Users/puneet/Downloads/DAiSEE/DataSet/Test/510046/5100461007/5100461007.avi,2,1,0.1019578,0.19623679,0.43681708,0.26498833
1100,/mnt/c/Users/puneet/Downloads/DAiSEE/DataSet/Test/510046/5100461008/5100461008.avi,2,2,0.101359814,0.19584319,0.43682325,0.26597375
1101,/mnt/c/Users/puneet/Downloads/DAiSEE/DataSet/Test/510046/5100461009/5100461009.avi,2,3,0.10094151,0.19556542,0.43682286,0.26667023
1102,/mnt/c/Users/puneet/Downloads/DAiSEE/DataSet/Test/510046/5100461010/5100461010.avi,2,2,0.101025164,0.19562091,0.4368228,0.2665311
1103,/mnt/c/Users/puneet/Downloads/DAiSEE/DataSet/Test/510046/5100461011/5100461011.avi,2,2,0.1002983,0.19513239,0.43681067,0.26775864
1104,/mnt/c/Users/puneet/Downloads/DAiSEE/DataSet/Test/510046/5100461014/5100461014.avi,2,2,0.10026003,0.19510676,0.4368102,0.267823
1105,/mnt/c/Users/puneet/Downloads/DAiSEE/DataSet/Test/510046/5100461015/5100461015.avi,2,3,0.10031289,0.195142,0.43681052,0.2677346
1106,/mnt/c/Users/puneet/Downloads/DAiSEE/DataSet/Test/510046/5100461016/5100461016.avi,2,2,0.10064522,0.19536313,0.43681172,0.2671799
1107,/mnt/c/Users/puneet/Downloads/DAiSEE/DataSet/Test/510046/5100461017/5100461017.avi,2,3,0.10068787,0.19539134,0.43681154,0.26710927
1108,/mnt/c/Users/puneet/Downloads/DAiSEE/DataSet/Test/510046/5100461018/5100461018.avi,2,2,0.1015615,0.19597645,0.43682215,0.2656399
1109,/mnt/c/Users/puneet/Downloads/DAiSEE/DataSet/Test/510046/5100461020/5100461020.avi,2,2,0.10184556,0.19616567,0.43682352,0.26516524
1110,/mnt/c/Users/puneet/Downloads/DAiSEE/DataSet/Test/510046/5100461021/5100461021.avi,2,2,0.10193421,0.19622457,0.4368237,0.2650175
1111,/mnt/c/Users/puneet/Downloads/DAiSEE/DataSet/Test/510046/5100461022/5100461022.avi,2,3,0.10168041,0.19605601,0.43682343,0.26544017
1112,/mnt/c/Users/puneet/Downloads/DAiSEE/DataSet/Test/510046/5100461023/5100461023.avi,2,3,0.1016928,0.1960642,0.43682334,0.26541966
1113,/mnt/c/Users/puneet/Downloads/DAiSEE/DataSet/Test/510046/5100461025/5100461025.avi,2,2,0.101311356,0.19581173,0.4368246,0.2660523
1114,/mnt/c/Users/puneet/Downloads/DAiSEE/DataSet/Test/510046/5100461029/5100461029.avi,2,2,0.10105012,0.19563784,0.43682352,0.26648852
1115,/mnt/c/Users/puneet/Downloads/DAiSEE/DataSet/Test/510046/5100461030/5100461030.avi,2,3,0.100786425,0.19546184,0.43682155,0.2669302
1116,/mnt/c/Users/puneet/Downloads/DAiSEE/DataSet/Test/510046/5100461031/5100461031.avi,2,2,0.10015091,0.19503067,0.43680295,0.26801547
1117,/mnt/c/Users/puneet/Downloads/DAiSEE/DataSet/Test/510046/5100461032/5100461032.avi,2,2,0.10015341,0.19503233,0.43680292,0.26801133
1118,/mnt/c/Users/puneet/Downloads/DAiSEE/DataSet/Test/510046/5100461033/5100461033.avi,2,2,0.10046803,0.19524089,0.43680254,0.26748854
1119,/mnt/c/Users/puneet/Downloads/DAiSEE/DataSet/Test/510046/5100461034/5100461034.avi,2,2,0.10059701,0.19532703,0.4368036,0.26727235
1120,/mnt/c/Users/puneet/Downloads/DAiSEE/DataSet/Test/510046/5100461035/5100461035.avi,2,2,0.10105615,0.19563203,0.43680423,0.26650757
1121,/mnt/c/Users/puneet/Downloads/DAiSEE/DataSet/Test/510046/5100461036/5100461036.avi,2,2,0.101679325,0.19605494,0.43682274,0.265443
1122,/mnt/c/Users/puneet/Downloads/DAiSEE/DataSet/Test/510046/5100461037/5100461037.avi,2,2,0.101213604,0.19574402,0.43681908,0.2662233
1123,/mnt/c/Users/puneet/Downloads/DAiSEE/DataSet/Test/510046/5100461038/5100461038.avi,2,2,0.1010241,0.19561878,0.43682003,0.2665371
1124,/mnt/c/Users/puneet/Downloads/DAiSEE/DataSet/Test/510046/5100461039/5100461039.avi,2,3,0.10097896,0.1955887,0.43681976,0.26661256
1125,/mnt/c/Users/puneet/Downloads/DAiSEE/DataSet/Test/510046/5100461040/5100461040.avi,2,2,0.100766,0.19544807,0.4368211,0.26696482
1126,/mnt/c/Users/puneet/Downloads/DAiSEE/DataSet/Test/510046/5100461042/5100461042.avi,2,3,0.1006977,0.19540232,0.43682027,0.26707968
1127,/mnt/c/Users/puneet/Downloads/DAiSEE/DataSet/Test/510046/5100461043/5100461043.avi,2,2,0.10126929,0.19578294,0.43682292,0.26612484
1128,/mnt/c/Users/puneet/Downloads/DAiSEE/DataSet/Test/510046/5100461044/5100461044.avi,2,3,0.10091379,0.1955449,0.43681872,0.2667226
1129,/mnt/c/Users/puneet/Downloads/DAiSEE/DataSet/Test/510046/5100461046/5100461046.avi,2,2,0.10112616,0.19568588,0.43681884,0.26636913
1130,/mnt/c/Users/puneet/Downloads/DAiSEE/DataSet/Test/510046/5100461047/5100461047.avi,2,2,0.1009869,0.19559313,0.43681818,0.2666018
1131,/mnt/c/Users/puneet/Downloads/DAiSEE/DataSet/Test/510046/5100461048/5100461048.avi,2,2,0.10118086,0.19572264,0.43681973,0.26627678
1132,/mnt/c/Users/puneet/Downloads/DAiSEE/DataSet/Test/510046/5100461049/5100461049.avi,2,2,0.10021703,0.19507472,0.43680328,0.26790497
1133,/mnt/c/Users/puneet/Downloads/DAiSEE/DataSet/Test/510046/5100461050/5100461050.avi,2,2,0.10060925,0.19533713,0.43680748,0.26724616
1134,/mnt/c/Users/puneet/Downloads/DAiSEE/DataSet/Test/510046/5100461051/5100461051.avi,2,3,0.10063454,0.19535382,0.4368073,0.26720434
1135,/mnt/c/Users/puneet/Downloads/DAiSEE/DataSet/Test/510046/5100461052/5100461052.avi,2,2,0.1009579,0.19556822,0.43680698,0.26666692
1136,/mnt/c/Users/puneet/Downloads/DAiSEE/DataSet/Test/510046/5100461053/5100461053.avi,2,3,0.10109391,0.19565831,0.43680668,0.2664411
1137,/mnt/c/Users/puneet/Downloads/DAiSEE/DataSet/Test/510046/5100461054/5100461054.avi,2,2,0.101647,0.19603376,0.43682328,0.26549596
1138,/mnt/c/Users/puneet/Downloads/DAiSEE/DataSet/Test/510046/5100461055/5100461055.avi,2,3,0.101671144,0.19604976,0.43682322,0.26545587
1139,/mnt/c/Users/puneet/Downloads/DAiSEE/DataSet/Test/510046/5100461056/5100461056.avi,2,3,0.101369105,0.19584908,0.43682268,0.26595914
1140,/mnt/c/Users/puneet/Downloads/DAiSEE/DataSet/Test/510046/5100461057/5100461057.avi,2,2,0.10131699,0.19581474,0.4368232,0.2660451
1141,/mnt/c/Users/puneet/Downloads/DAiSEE/DataSet/Test/510046/5100461058/5100461058.avi,2,2,0.09943015,0.19451112,0.43671978,0.26933894
1142,/mnt/c/Users/puneet/Downloads/DAiSEE/DataSet/Test/510046/5100461061/5100461061.avi,2,3,0.09975504,0.19472708,0.43672052,0.26879737
1143,/mnt/c/Users/puneet/Downloads/DAiSEE/DataSet/Test/510046/5100461062/5100461062.avi,2,2,0.09994395,0.19485156,0.43671885,0.26848564
1144,/mnt/c/Users/puneet/Downloads/DAiSEE/DataSet/Test/510046/5100461063/5100461063.avi,2,2,0.100288935,0.19508056,0.436719,0.26791152
1145,/mnt/c/Users/puneet/Downloads/DAiSEE/DataSet/Test/510046/5100461064/5100461064.avi,2,3,0.09117088,0.19387378,0.4480857,0.26686963
1146,/mnt/c/Users/puneet/Downloads/DAiSEE/DataSet/Test/510046/5100461065/5100461065.avi,2,3,0.091101356,0.19382347,0.4480772,0.266998
1147,/mnt/c/Users/puneet/Downloads/DAiSEE/DataSet/Test/510046/5100461066/5100461066.avi,2,3,0.08937801,0.19263875,0.44799498,0.26998827
1148,/mnt/c/Users/puneet/Downloads/DAiSEE/DataSet/Test/510046/5100461067/5100461067.avi,2,2,0.087458216,0.19131975,0.4479047,0.27331734
1149,/mnt/c/Users/puneet/Downloads/DAiSEE/DataSet/Test/510046/5100461068/5100461068.avi,2,2,0.07830417,0.19008969,0.45927265,0.2723335
1150,/mnt/c/Users/puneet/Downloads/DAiSEE/DataSet/Test/510046/5100461069/5100461069.avi,2,3,0.0848851,0.18951769,0.44771266,0.27788454
1151,/mnt/c/Users/puneet/Downloads/DAiSEE/DataSet/Test/510046/5100462001/5100462001.avi,2,2,0.086528994,0.19066377,0.44782355,0.27498367
1152,/mnt/c/Users/puneet/Downloads/DAiSEE/DataSet/Test/510046/5100462002/5100462002.avi,2,2,0.0873049,0.19120921,0.44788495,0.27360094
1153,/mnt/c/Users/puneet/Downloads/DAiSEE/DataSet/Test/510046/5100462003/5100462003.avi,2,1,0.088755034,0.1922166,0.4479753,0.27105305
1154,/mnt/c/Users/puneet/Downloads/DAiSEE/DataSet/Test/510046/5100462005/5100462005.avi,2,2,0.097883835,0.19343005,0.4366076,0.2720785
1155,/mnt/c/Users/puneet/Downloads/DAiSEE/DataSet/Test/510046/5100462009/5100462009.avi,2,2,0.088627174,0.191537,0.44645417,0.27338165
1156,/mnt/c/Users/puneet/Downloads/DAiSEE/DataSet/Test/510046/5100462010/5100462010.avi,2,3,0.08722235,0.19056322,0.44637105,0.27584338
1157,/mnt/c/Users/puneet/Downloads/DAiSEE/DataSet/Test/510046/5100462011/5100462011.avi,2,3,0.08811761,0.19116803,0.44639218,0.27432218
1158,/mnt/c/Users/puneet/Downloads/DAiSEE/DataSet/Test/510046/5100462012/5100462012.avi,2,2,0.08845686,0.19139381,0.4463935,0.27375582
1159,/mnt/c/Users/puneet/Downloads/DAiSEE/DataSet/Test/510046/5100462014/5100462014.avi,2,3,0.08841906,0.19136888,0.4463938,0.27381828
1160,/mnt/c/Users/puneet/Downloads/DAiSEE/DataSet/Test/510046/5100462015/5100462015.avi,2,2,0.100221075,0.19504613,0.4367404,0.26799238
1161,/mnt/c/Users/puneet/Downloads/DAiSEE/DataSet/Test/510046/5100462016/5100462016.avi,2,2,0.10198224,0.1962567,0.4368242,0.26493686
1162,/mnt/c/Users/puneet/Downloads/DAiSEE/DataSet/Test/510046/5100462017/5100462017.avi,2,2,0.102119975,0.19634748,0.43682298,0.26470956
1163,/mnt/c/Users/puneet/Downloads/DAiSEE/DataSet/Test/510046/5100462018/5100462018.avi,2,2,0.10203679,0.19629245,0.43682334,0.26484743
1164,/mnt/c/Users/puneet/Downloads/DAiSEE/DataSet/Test/510046/5100462019/5100462019.avi,2,2,0.10214627,0.19636454,0.43682227,0.26466691
1165,/mnt/c/Users/puneet/Downloads/DAiSEE/DataSet/Test/510046/5100462021/5100462021.avi,2,3,0.10183922,0.19616061,0.4368219,0.26517826
1166,/mnt/c/Users/puneet/Downloads/DAiSEE/DataSet/Test/510046/5100462022/5100462022.avi,2,2,0.10179001,0.19612814,0.43682227,0.26525956
1167,/mnt/c/Users/puneet/Downloads/DAiSEE/DataSet/Test/510046/5100462023/5100462023.avi,2,2,0.10139053,0.19586323,0.43682256,0.26592365
1168,/mnt/c/Users/puneet/Downloads/DAiSEE/DataSet/Test/510046/5100462024/5100462024.avi,2,2,0.101453796,0.19590509,0.43682235,0.26581874
1169,/mnt/c/Users/puneet/Downloads/DAiSEE/DataSet/Test/510046/5100462025/5100462025.avi,2,2,0.101319194,0.1958164,0.43682355,0.26604086
1170,/mnt/c/Users/puneet/Downloads/DAiSEE/DataSet/Test/510046/5100462026/5100462026.avi,2,3,0.101604335,0.19600588,0.43682408,0.2655657
1171,/mnt/c/Users/puneet/Downloads/DAiSEE/DataSet/Test/510046/5100462027/5100462027.avi,2,2,0.10139742,0.19586855,0.43682402,0.26591
1172,/mnt/c/Users/puneet/Downloads/DAiSEE/DataSet/Test/510046/5100462028/5100462028.avi,2,3,0.10176716,0.19611393,0.43682408,0.26529482
1173,/mnt/c/Users/puneet/Downloads/DAiSEE/DataSet/Test/510046/5100462029/5100462029.avi,2,3,0.10129131,0.19579588,0.4368196,0.2660932
1174,/mnt/c/Users/puneet/Downloads/DAiSEE/DataSet/Test/510046/5100462031/5100462031.avi,2,2,0.10018305,0.19504347,0.43678603,0.26798743
1175,/mnt/c/Users/puneet/Downloads/DAiSEE/DataSet/Test/510046/5100462032/5100462032.avi,2,2,0.10015732,0.19502649,0.4367862,0.26803
1176,/mnt/c/Users/puneet/Downloads/DAiSEE/DataSet/Test/510046/5100462033/5100462033.avi,2,2,0.100385636,0.19517793,0.43678612,0.26765034
1177,/mnt/c/Users/puneet/Downloads/DAiSEE/DataSet/Test/510046/5100462035/5100462035.avi,2,3,0.100289166,0.19511433,0.4367869,0.2678096
1178,/mnt/c/Users/puneet/Downloads/DAiSEE/DataSet/Test/510046/5100462037/5100462037.avi,2,3,0.10076571,0.19543284,0.43679136,0.2670101
1179,/mnt/c/Users/puneet/Downloads/DAiSEE/DataSet/Test/510046/5100462038/5100462038.avi,2,2,0.101838164,0.19616155,0.4368251,0.2651752
1180,/mnt/c/Users/puneet/Downloads/DAiSEE/DataSet/Test/510046/5100462039/5100462039.avi,2,2,0.102029614,0.19628748,0.43682295,0.26485994
1181,/mnt/c/Users/puneet/Downloads/DAiSEE/DataSet/Test/510046/5100462040/5100462040.avi,2,2,0.10180373,0.19613765,0.43682304,0.26523557
1182,/mnt/c/Users/puneet/Downloads/DAiSEE/DataSet/Test/510046/5100462041/5100462041.avi,2,3,0.10166708,0.19604705,0.4368232,0.26546267
1183,/mnt/c/Users/puneet/Downloads/DAiSEE/DataSet/Test/510046/5100462042/5100462042.avi,2,2,0.101520896,0.19595012,0.43682334,0.26570565
1184,/mnt/c/Users/puneet/Downloads/DAiSEE/DataSet/Test/510046/5100462043/5100462043.avi,2,2,0.101370186,0.19584996,0.436823,0.26595682
1185,/mnt/c/Users/puneet/Downloads/DAiSEE/DataSet/Test/510046/5100462044/5100462044.avi,2,2,0.10086217,0.19551325,0.43682376,0.26680082
1186,/mnt/c/Users/puneet/Downloads/DAiSEE/DataSet/Test/510046/5100462045/5100462045.avi,2,2,0.100931086,0.19555913,0.43682408,0.26668572
1187,/mnt/c/Users/puneet/Downloads/DAiSEE/DataSet/Test/510046/5100462046/5100462046.avi,2,2,0.10042922,0.19522126,0.43681458,0.26753494
1188,/mnt/c/Users/puneet/Downloads/DAiSEE/DataSet/Test/510046/5100462047/5100462047.avi,2,3,0.100305006,0.19513837,0.43681365,0.267743
1189,/mnt/c/Users/puneet/Downloads/DAiSEE/DataSet/Test/510046/5100462048/5100462048.avi,2,2,0.10040248,0.19520323,0.436814,0.26758027
1190,/mnt/c/Users/puneet/Downloads/DAiSEE/DataSet/Test/510046/5100462050/5100462050.avi,2,2,0.10024608,0.19509791,0.436811,0.267845
1191,/mnt/c/Users/puneet/Downloads/DAiSEE/DataSet/Test/510046/5100462051/5100462051.avi,2,2,0.10036567,0.19517717,0.43681082,0.2676463
1192,/mnt/c/Users/puneet/Downloads/DAiSEE/DataSet/Test/510046/5100462052/5100462052.avi,2,2,0.10099295,0.19559821,0.43682024,0.2665886
1193,/mnt/c/Users/puneet/Downloads/DAiSEE/DataSet/Test/510046/5100462053/5100462053.avi,2,3,0.10127207,0.19578381,0.43682095,0.26612318
1194,/mnt/c/Users/puneet/Downloads/DAiSEE/DataSet/Test/510046/5100462054/5100462054.avi,2,2,0.101329565,0.19582193,0.4368209,0.2660276
1195,/mnt/c/Users/puneet/Downloads/DAiSEE/DataSet/Test/510046/5100462055/5100462055.avi,2,3,0.10177404,0.19611919,0.43682542,0.26528135
1196,/mnt/c/Users/puneet/Downloads/DAiSEE/DataSet/Test/510046/5100462057/5100462057.avi,2,2,0.10141058,0.19587687,0.4368232,0.26588935
1197,/mnt/c/Users/puneet/Downloads/DAiSEE/DataSet/Test/510046/5100462058/5100462058.avi,2,3,0.100770086,0.1954468,0.43681332,0.26696977
1198,/mnt/c/Users/puneet/Downloads/DAiSEE/DataSet/Test/510046/5100462059/5100462059.avi,2,2,0.10044305,0.19522911,0.43681198,0.26751587
1199,/mnt/c/Users/puneet/Downloads/DAiSEE/DataSet/Test/510046/5100462061/5100462061.avi,2,2,0.09912962,0.19433165,0.43676057,0.26977816
1200,/mnt/c/Users/puneet/Downloads/DAiSEE/DataSet/Test/510046/5100462062/5100462062.avi,2,2,0.09890445,0.19418184,0.43675983,0.27015388
1201,/mnt/c/Users/puneet/Downloads/DAiSEE/DataSet/Test/510046/5100462063/5100462063.avi,2,3,0.09930783,0.19445053,0.4367618,0.26947984
1202,/mnt/c/Users/puneet/Downloads/DAiSEE/DataSet/Test/510046/5100462064/5100462064.avi,2,3,0.10012058,0.19499402,0.43676996,0.26811543
1203,/mnt/c/Users/puneet/Downloads/DAiSEE/DataSet/Test/510046/5100462066/5100462066.avi,2,2,0.10058725,0.19530363,0.4367699,0.26733923
1204,/mnt/c/Users/puneet/Downloads/DAiSEE/DataSet/Test/510046/5100462067/5100462067.avi,2,2,0.10189485,0.19619723,0.43682134,0.2650866
1205,/mnt/c/Users/puneet/Downloads/DAiSEE/DataSet/Test/510046/5100462068/5100462068.avi,2,2,0.102353185,0.19650045,0.43681958,0.26432678
1206,/mnt/c/Users/puneet/Downloads/DAiSEE/DataSet/Test/510046/5100462069/5100462069.avi,2,3,0.10215208,0.19636714,0.43681985,0.2646609
1207,/mnt/c/Users/puneet/Downloads/DAiSEE/DataSet/Test/510046/5100462070/5100462070.avi,2,3,0.0923009,0.19459233,0.4480086,0.26509818
1208,/mnt/c/Users/puneet/Downloads/DAiSEE/DataSet/Test/510046/5100462071/5100462071.avi,2,2,0.08274221,0.19305417,0.45929134,0.26491228
1209,/mnt/c/Users/puneet/Downloads/DAiSEE/DataSet/Test/510046/5100462072/5100462072.avi,2,3,0.07304647,0.19137302,0.47045916,0.26512134
1210,/mnt/c/Users/puneet/Downloads/DAiSEE/DataSet/Test/510046/5100462074/5100462074.avi,2,2,0.062204488,0.18873344,0.4811618,0.26790026
1211,/mnt/c/Users/puneet/Downloads/DAiSEE/DataSet/Test/510046/5100462075/5100462075.avi,2,3,0.052480903,0.1870075,0.49227017,0.26824144
1212,/mnt/c/Users/puneet/Downloads/DAiSEE/DataSet/Test/510046/5100462077/5100462077.avi,2,3,0.061299752,0.18808836,0.4810638,0.2695481
1213,/mnt/c/Users/puneet/Downloads/DAiSEE/DataSet/Test/510046/5100462078/5100462078.avi,2,2,0.07033526,0.18927893,0.46978024,0.27060556
1214,/mnt/c/Users/puneet/Downloads/DAiSEE/DataSet/Test/510046/5100462079/5100462079.avi,2,2,0.08017675,0.19105627,0.4586114,0.2701556
1215,/mnt/c/Users/puneet/Downloads/DAiSEE/DataSet/Test/510046/5100462080/5100462080.avi,2,2,0.09092696,0.19363567,0.44791013,0.26752722
1216,/mnt/c/Users/puneet/Downloads/DAiSEE/DataSet/Test/510046/5100462081/5100462081.avi,2,2,0.09058792,0.19334066,0.44774827,0.26832315
1217,/mnt/c/Users/puneet/Downloads/DAiSEE/DataSet/Test/510046/5100462082/5100462082.avi,2,2,0.080833934,0.19143458,0.45847508,0.2692564
1218,/mnt/c/Users/puneet/Downloads/DAiSEE/DataSet/Test/510047/5100471001/5100471001.avi,2,2,0.081318974,0.19175713,0.45847642,0.2684475
1219,/mnt/c/Users/puneet/Downloads/DAiSEE/DataSet/Test/510047/5100471002/5100471002.avi,2,3,0.0816343,0.19196293,0.45846984,0.26793295
1220,/mnt/c/Users/puneet/Downloads/DAiSEE/DataSet/Test/510047/5100471003/5100471003.avi,2,3,0.08029197,0.19105177,0.45842937,0.2702269
1221,/mnt/c/Users/puneet/Downloads/DAiSEE/DataSet/Test/510047/5100471011/5100471011.avi,2,2,0.090403035,0.19310494,0.44748303,0.269009
1222,/mnt/c/Users/puneet/Downloads/DAiSEE/DataSet/Test/510047/5100471012/5100471012.avi,2,2,0.101225376,0.19572859,0.43677324,0.26627278
1223,/mnt/c/Users/puneet/Downloads/DAiSEE/DataSet/Test/510047/5100471013/5100471013.avi,2,2,0.10147287,0.19589029,0.4367684,0.26586843
1224,/mnt/c/Users/puneet/Downloads/DAiSEE/DataSet/Test/510047/5100471015/5100471015.avi,2,2,0.101324774,0.19579402,0.43677223,0.266109
1225,/mnt/c/Users/puneet/Downloads/DAiSEE/DataSet/Test/510047/5100471016/5100471016.avi,2,3,0.10294626,0.1968874,0.43680695,0.26335937
1226,/mnt/c/Users/puneet/Downloads/DAiSEE/DataSet/Test/510047/5100471018/5100471018.avi,2,2,0.10332546,0.19713712,0.43680325,0.26273417
1227,/mnt/c/Users/puneet/Downloads/DAiSEE/DataSet/Test/510047/5100471019/5100471019.avi,2,3,0.10354593,0.19728068,0.436798,0.26237538
1228,/mnt/c/Users/puneet/Downloads/DAiSEE/DataSet/Test/510047/5100471020/5100471020.avi,2,2,0.103610106,0.19732228,0.43679616,0.26227146
1229,/mnt/c/Users/puneet/Downloads/DAiSEE/DataSet/Test/510047/5100471021/5100471021.avi,2,2,0.103754684,0.19741628,0.43679243,0.26203662
1230,/mnt/c/Users/puneet/Downloads/DAiSEE/DataSet/Test/510047/5100471023/5100471023.avi,2,2,0.10344483,0.19721384,0.43679854,0.26254278
1231,/mnt/c/Users/puneet/Downloads/DAiSEE/DataSet/Test/510047/5100471026/5100471026.avi,2,3,0.1035884,0.1973072,0.43679488,0.26230952
1232,/mnt/c/Users/puneet/Downloads/DAiSEE/DataSet/Test/510047/5100471027/5100471027.avi,2,2,0.10357887,0.19730103,0.43679518,0.26232493
1233,/mnt/c/Users/puneet/Downloads/DAiSEE/DataSet/Test/510047/5100471028/5100471028.avi,2,3,0.103519656,0.19726264,0.43679687,0.26242083
1234,/mnt/c/Users/puneet/Downloads/DAiSEE/DataSet/Test/510047/5100471029/5100471029.avi,2,2,0.10347637,0.19723457,0.43679813,0.26249093
1235,/mnt/c/Users/puneet/Downloads/DAiSEE/DataSet/Test/510047/5100471030/5100471030.avi,2,3,0.1024428,0.19653717,0.43677536,0.26424468
1236,/mnt/c/Users/puneet/Downloads/DAiSEE/DataSet/Test/510047/5100471031/5100471031.avi,2,2,0.102459356,0.1965479,0.43677485,0.26421788
1237,/mnt/c/Users/puneet/Downloads/DAiSEE/DataSet/Test/510047/5100471034/5100471034.avi,2,2,0.10084641,0.19546124,0.43674228,0.26695007
1238,/mnt/c/Users/puneet/Downloads/DAiSEE/DataSet/Test/510047/5100471037/5100471037.avi,2,3,0.10091709,0.19550706,0.43674022,0.26683563
1239,/mnt/c/Users/puneet/Downloads/DAiSEE/DataSet/Test/510047/5100471038/5100471038.avi,2,3,0.10082723,0.19544859,0.43674242,0.26698175
1240,/mnt/c/Users/puneet/Downloads/DAiSEE/DataSet/Test/510047/5100471039/5100471039.avi,2,3,0.10220996,0.1963739,0.43675792,0.2646582
1241,/mnt/c/Users/puneet/Downloads/DAiSEE/DataSet/Test/510047/5100471041/5100471041.avi,2,3,0.10220589,0.19637126,0.43675804,0.2646648
1242,/mnt/c/Users/puneet/Downloads/DAiSEE/DataSet/Test/510047/5100471042/5100471042.avi,2,2,0.1038669,0.19748901,0.43678913,0.26185498
1243,/mnt/c/Users/puneet/Downloads/DAiSEE/DataSet/Test/510047/5100471044/5100471044.avi,2,2,0.10382005,0.19745865,0.43679053,0.26193076
1244,/mnt/c/Users/puneet/Downloads/DAiSEE/DataSet/Test/510047/5100471045/5100471045.avi,2,2,0.10397178,0.19755723,0.4367865,0.2616845
1245,/mnt/c/Users/puneet/Downloads/DAiSEE/DataSet/Test/510047/5100471047/5100471047.avi,2,3,0.10392907,0.19752955,0.43678778,0.2617536
1246,/mnt/c/Users/puneet/Downloads/DAiSEE/DataSet/Test/510047/5100471049/5100471049.avi,2,2,0.10294624,0.19687778,0.43678838,0.2633876
1247,/mnt/c/Users/puneet/Downloads/DAiSEE/DataSet/Test/510047/5100471050/5100471050.avi,2,3,0.1027902,0.19677652,0.43679276,0.26364052
1248,/mnt/c/Users/puneet/Downloads/DAiSEE/DataSet/Test/510047/5100471051/5100471051.avi,2,2,0.10281789,0.19679447,0.43679196,0.2635957
1249,/mnt/c/Users/puneet/Downloads/DAiSEE/DataSet/Test/510047/5100471052/5100471052.avi,2,2,0.10248094,0.1965746,0.43679908,0.2641454
1250,/mnt/c/Users/puneet/Downloads/DAiSEE/DataSet/Test/510047/5100471054/5100471054.avi,2,2,0.102457315,0.19655927,0.43679973,0.2641837
1251,/mnt/c/Users/puneet/Downloads/DAiSEE/DataSet/Test/510047/5100471056/5100471056.avi,2,2,0.10335623,0.19715658,0.43680146,0.26268575
1252,/mnt/c/Users/puneet/Downloads/DAiSEE/DataSet/Test/510047/5100471057/5100471057.avi,2,3,0.103383645,0.19717443,0.4368008,0.26264113
1253,/mnt/c/Users/puneet/Downloads/DAiSEE/DataSet/Test/510047/5100471058/5100471058.avi,2,2,0.1033765,0.19716981,0.43680102,0.2626527
1254,/mnt/c/Users/puneet/Downloads/DAiSEE/DataSet/Test/510047/5100471059/5100471059.avi,2,2,0.10322617,0.19707055,0.43680197,0.2629013
1255,/mnt/c/Users/puneet/Downloads/DAiSEE/DataSet/Test/510047/5100471060/5100471060.avi,2,2,0.10295924,0.19689612,0.43680713,0.26333752
1256,/mnt/c/Users/puneet/Downloads/DAiSEE/DataSet/Test/510047/5100471062/5100471062.avi,2,3,0.10303278,0.19694385,0.4368051,0.26321825
1257,/mnt/c/Users/puneet/Downloads/DAiSEE/DataSet/Test/510047/5100471063/5100471063.avi,2,3,0.10311872,0.19699964,0.43680274,0.26307893
1258,/mnt/c/Users/puneet/Downloads/DAiSEE/DataSet/Test/510047/5100471065/5100471065.avi,2,2,0.10290031,0.19685738,0.43680784,0.26343447
1259,/mnt/c/Users/puneet/Downloads/DAiSEE/DataSet/Test/510047/5100471068/5100471068.avi,2,2,0.09371368,0.19558637,0.44813466,0.26256528
1260,/mnt/c/Users/puneet/Downloads/DAiSEE/DataSet/Test/510047/5100471069/5100471069.avi,2,3,0.09392417,0.19572411,0.44813097,0.26222074
1261,/mnt/c/Users/puneet/Downloads/DAiSEE/DataSet/Test/510047/5100471070/5100471070.avi,2,2,0.093918666,0.19572055,0.4481311,0.26222968
1262,/mnt/c/Users/puneet/Downloads/DAiSEE/DataSet/Test/510047/5100471072/5100471072.avi,2,2,0.09391272,0.1957167,0.4481313,0.26223928
1263,/mnt/c/Users/puneet/Downloads/DAiSEE/DataSet/Test/510047/5100471074/5100471074.avi,2,2,0.09384997,0.19567555,0.44813225,0.26234224
1264,/mnt/c/Users/puneet/Downloads/DAiSEE/DataSet/Test/510047/5100471075/5100471075.avi,2,2,0.103494816,0.19724685,0.43679821,0.26246014
1265,/mnt/c/Users/puneet/Downloads/DAiSEE/DataSet/Test/510047/5100471080/5100471080.avi,2,2,0.10321054,0.1970605,0.4368026,0.26292637
1266,/mnt/c/Users/puneet/Downloads/DAiSEE/DataSet/Test/510047/5100471081/5100471081.avi,2,2,0.10315659,0.19702548,0.4368041,0.26301384
1267,/mnt/c/Users/puneet/Downloads/DAiSEE/DataSet/Test/510047/5100472001/5100472001.avi,2,1,0.10311257,0.19699693,0.43680534,0.26308516
1268,/mnt/c/Users/puneet/Downloads/DAiSEE/DataSet/Test/510047/5100472002/5100472002.avi,2,2,0.10322271,0.19706908,0.43680355,0.26290467
1269,/mnt/c/Users/puneet/Downloads/DAiSEE/DataSet/Test/510047/5100472003/5100472003.avi,2,2,0.10300738,0.19692878,0.4368085,0.26325533
1270,/mnt/c/Users/puneet/Downloads/DAiSEE/DataSet/Test/510047/5100472004/5100472004.avi,2,3,0.10336494,0.19716276,0.4368022,0.2626701
1271,/mnt/c/Users/puneet/Downloads/DAiSEE/DataSet/Test/510047/5100472005/5100472005.avi,2,2,0.10269888,0.19672294,0.43680632,0.26377186
1272,/mnt/c/Users/puneet/Downloads/DAiSEE/DataSet/Test/510047/5100472007/5100472007.avi,2,3,0.102686055,0.19671461,0.43680665,0.26379266
1273,/mnt/c/Users/puneet/Downloads/DAiSEE/DataSet/Test/510047/5100472009/5100472009.avi,2,3,0.102881424,0.19684164,0.43680167,0.26347527
1274,/mnt/c/Users/puneet/Downloads/DAiSEE/DataSet/Test/510047/5100472010/5100472010.avi,2,3,0.10311554,0.19699411,0.43679616,0.2630942
1275,/mnt/c/Users/puneet/Downloads/DAiSEE/DataSet/Test/510047/5100472011/5100472011.avi,2,2,0.103135645,0.19700715,0.43679556,0.26306164
1276,/mnt/c/Users/puneet/Downloads/DAiSEE/DataSet/Test/510047/5100472012/5100472012.avi,2,2,0.10386528,0.19748822,0.43678966,0.26185685
1277,/mnt/c/Users/puneet/Downloads/DAiSEE/DataSet/Test/510047/5100472014/5100472014.avi,2,2,0.10393771,0.19753519,0.43678758,0.26173952
1278,/mnt/c/Users/puneet/Downloads/DAiSEE/DataSet/Test/510047/5100472019/5100472019.avi,2,2,0.1038925,0.1975059,0.43678895,0.26181266
1279,/mnt/c/Users/puneet/Downloads/DAiSEE/DataSet/Test/510047/5100472020/5100472020.avi,2,3,0.10390589,0.19751456,0.43678853,0.26179102
1280,/mnt/c/Users/puneet/Downloads/DAiSEE/DataSet/Test/510047/5100472021/5100472021.avi,2,3,0.10378515,0.1974361,0.43679166,0.2619871
1281,/mnt/c/Users/puneet/Downloads/DAiSEE/DataSet/Test/510047/5100472027/5100472027.avi,2,3,0.10328747,0.19710979,0.43679923,0.26280352
1282,/mnt/c/Users/puneet/Downloads/DAiSEE/DataSet/Test/510047/5100472030/5100472030.avi,2,2,0.103275076,0.19710176,0.4367996,0.26282358
1283,/mnt/c/Users/puneet/Downloads/DAiSEE/DataSet/Test/510047/5100472031/5100472031.avi,2,2,0.10318897,0.1970458,0.43680185,0.26296338
1284,/mnt/c/Users/puneet/Downloads/DAiSEE/DataSet/Test/510047/5100472032/5100472032.avi,2,3,0.10317666,0.19703783,0.43680224,0.2629833
1285,/mnt/c/Users/puneet/Downloads/DAiSEE/DataSet/Test/510047/5100472035/5100472035.avi,2,2,0.103095174,0.1969846,0.43680385,0.2631164
1286,/mnt/c/Users/puneet/Downloads/DAiSEE/DataSet/Test/510047/5100472039/5100472039.avi,2,2,0.10358626,0.19730663,0.4367965,0.26231062
1287,/mnt/c/Users/puneet/Downloads/DAiSEE/DataSet/Test/510047/5100472040/5100472040.avi,2,2,0.10360808,0.19732076,0.4367958,0.26227534
1288,/mnt/c/Users/puneet/Downloads/DAiSEE/DataSet/Test/510047/5100472041/5100472041.avi,2,3,0.10296668,0.19689652,0.43679842,0.26333836
1289,/mnt/c/Users/puneet/Downloads/DAiSEE/DataSet/Test/510047/5100472042/5100472042.avi,2,2,0.102634326,0.19667958,0.4368053,0.2638808
1290,/mnt/c/Users/puneet/Downloads/DAiSEE/DataSet/Test/510047/5100472044/5100472044.avi,2,2,0.1028518,0.19682117,0.4368001,0.26352692
1291,/mnt/c/Users/puneet/Downloads/DAiSEE/DataSet/Test/510047/5100472045/5100472045.avi,2,3,0.1023904,0.19651882,0.43680745,0.26428333
1292,/mnt/c/Users/puneet/Downloads/DAiSEE/DataSet/Test/510047/5100472047/5100472047.avi,2,2,0.099958375,0.1948495,0.43669555,0.26849657
1293,/mnt/c/Users/puneet/Downloads/DAiSEE/DataSet/Test/510047/5100472050/5100472050.avi,2,2,0.10036936,0.19512285,0.43669674,0.26781103
1294,/mnt/c/Users/puneet/Downloads/DAiSEE/DataSet/Test/510047/5100472052/5100472052.avi,2,3,0.10017573,0.19499485,0.4366977,0.26813173
1295,/mnt/c/Users/puneet/Downloads/DAiSEE/DataSet/Test/510047/5100472053/5100472053.avi,2,2,0.10000612,0.19488455,0.43670198,0.26840734
1296,/mnt/c/Users/puneet/Downloads/DAiSEE/DataSet/Test/510047/5100472054/5100472054.avi,2,2,0.10030346,0.19508016,0.43669873,0.26791763
1297,/mnt/c/Users/puneet/Downloads/DAiSEE/DataSet/Test/510047/5100472058/5100472058.avi,2,1,0.10187979,0.19618408,0.43681526,0.26512086
1298,/mnt/c/Users/puneet/Downloads/DAiSEE/DataSet/Test/510047/5100472060/5100472060.avi,2,2,0.10198608,0.19625391,0.4368139,0.26494613
1299,/mnt/c/Users/puneet/Downloads/DAiSEE/DataSet/Test/510047/5100472063/5100472063.avi,2,2,0.10248931,0.1965841,0.43680674,0.26411983
1300,/mnt/c/Users/puneet/Downloads/DAiSEE/DataSet/Test/510047/5100472064/5100472064.avi,2,2,0.102664195,0.19669783,0.43680227,0.2638357
1301,/mnt/c/Users/puneet/Downloads/DAiSEE/DataSet/Test/826412/826412010/826412010.avi,2,3,0.092647605,0.19479968,0.44796038,0.26459235
1302,/mnt/c/Users/puneet/Downloads/DAiSEE/DataSet/Test/826412/8264120110/8264120110.avi,2,2,0.08208832,0.19224422,0.45840493,0.26726252
1303,/mnt/c/Users/puneet/Downloads/DAiSEE/DataSet/Test/826412/8264120111/8264120111.avi,2,2,0.07129092,0.18963872,0.46911865,0.2699517
1304,/mnt/c/Users/puneet/Downloads/DAiSEE/DataSet/Test/826412/8264120112/8264120112.avi,2,2,0.07099988,0.18944871,0.46912464,0.27042675
1305,/mnt/c/Users/puneet/Downloads/DAiSEE/DataSet/Test/826412/8264120113/8264120113.avi,2,3,0.06985904,0.18868941,0.46912003,0.27233154
1306,/mnt/c/Users/puneet/Downloads/DAiSEE/DataSet/Test/826412/8264120116/8264120116.avi,2,1,0.080095075,0.19073014,0.45795614,0.27121866
1307,/mnt/c/Users/puneet/Downloads/DAiSEE/DataSet/Test/826412/8264120117/8264120117.avi,2,3,0.09155769,0.19388177,0.44750538,0.26705515
1308,/mnt/c/Users/puneet/Downloads/DAiSEE/DataSet/Test/826412/8264120119/8264120119.avi,2,3,0.101520576,0.19592942,0.4367836,0.2657664
1309,/mnt/c/Users/puneet/Downloads/DAiSEE/DataSet/Test/826412/8264120120/8264120120.avi,2,1,0.09107402,0.19362825,0.4476698,0.26762792
1310,/mnt/c/Users/puneet/Downloads/DAiSEE/DataSet/Test/826412/8264120121/8264120121.avi,2,2,0.09143539,0.19387329,0.44768006,0.26701128
1311,/mnt/c/Users/puneet/Downloads/DAiSEE/DataSet/Test/826412/8264120122/8264120122.avi,2,2,0.09063141,0.19334349,0.44768712,0.26833797
1312,/mnt/c/Users/puneet/Downloads/DAiSEE/DataSet/Test/826412/8264120123/8264120123.avi,2,1,0.08105116,0.19183244,0.45905802,0.2680584
1313,/mnt/c/Users/puneet/Downloads/DAiSEE/DataSet/Test/826412/8264120124/8264120124.avi,2,2,0.07209751,0.19067045,0.47028404,0.266948
1314,/mnt/c/Users/puneet/Downloads/DAiSEE/DataSet/Test/826412/8264120125/8264120125.avi,2,2,0.08076301,0.19174944,0.45931733,0.26817024
1315,/mnt/c/Users/puneet/Downloads/DAiSEE/DataSet/Test/826412/8264120126/8264120126.avi,2,2,0.07147607,0.19035698,0.47052374,0.26764318
1316,/mnt/c/Users/puneet/Downloads/DAiSEE/DataSet/Test/826412/8264120127/8264120127.avi,2,1,0.0617615,0.18860477,0.48155782,0.2680759
1317,/mnt/c/Users/puneet/Downloads/DAiSEE/DataSet/Test/826412/826412013/826412013.avi,2,1,0.06042785,0.1874856,0.48102587,0.27106068
1318,/mnt/c/Users/puneet/Downloads/DAiSEE/DataSet/Test/826412/8264120131/8264120131.avi,2,2,0.07010546,0.18913284,0.46980932,0.27095237
1319,/mnt/c/Users/puneet/Downloads/DAiSEE/DataSet/Test/826412/8264120132/8264120132.avi,2,2,0.05988514,0.18648103,0.4793611,0.27427274
1320,/mnt/c/Users/puneet/Downloads/DAiSEE/DataSet/Test/826412/8264120136/8264120136.avi,2,2,0.069987595,0.18841107,0.4681479,0.2734534
1321,/mnt/c/Users/puneet/Downloads/DAiSEE/DataSet/Test/826412/8264120139/8264120139.avi,2,3,0.07865004,0.18943849,0.45706087,0.2748506
1322,/mnt/c/Users/puneet/Downloads/DAiSEE/DataSet/Test/826412/8264120141/8264120141.avi,2,2,0.08957099,0.19207327,0.44622168,0.27213407
1323,/mnt/c/Users/puneet/Downloads/DAiSEE/DataSet/Test/826412/8264120144/8264120144.avi,2,3,0.089982875,0.1923419,0.4462127,0.27146253
1324,/mnt/c/Users/puneet/Downloads/DAiSEE/DataSet/Test/826412/8264120145/8264120145.avi,2,3,0.10224339,0.19638516,0.43673638,0.2646351
1325,/mnt/c/Users/puneet/Downloads/DAiSEE/DataSet/Test/826412/8264120146/8264120146.avi,2,3,0.08889562,0.19102938,0.4443579,0.2757171
1326,/mnt/c/Users/puneet/Downloads/DAiSEE/DataSet/Test/826412/8264120149/8264120149.avi,2,2,0.09070473,0.19225357,0.4444053,0.2726364
1327,/mnt/c/Users/puneet/Downloads/DAiSEE/DataSet/Test/826412/8264120150/8264120150.avi,2,1,0.090672575,0.1922328,0.44440636,0.27268827
1328,/mnt/c/Users/puneet/Downloads/DAiSEE/DataSet/Test/826412/8264120156/8264120156.avi,2,1,0.080172226,0.18997055,0.4554651,0.27439213
1329,/mnt/c/Users/puneet/Downloads/DAiSEE/DataSet/Test/826412/8264120157/8264120157.avi,2,2,0.07954541,0.18955739,0.4554704,0.2754268
1330,/mnt/c/Users/puneet/Downloads/DAiSEE/DataSet/Test/826412/8264120159/8264120159.avi,2,2,0.092692405,0.19478276,0.44785428,0.26467055
1331,/mnt/c/Users/puneet/Downloads/DAiSEE/DataSet/Test/826412/8264120165/8264120165.avi,2,3,0.09277374,0.19483534,0.44785163,0.2645393
1332,/mnt/c/Users/puneet/Downloads/DAiSEE/DataSet/Test/826412/8264120166/8264120166.avi,2,3,0.09278579,0.19484313,0.44785124,0.26451984
1333,/mnt/c/Users/puneet/Downloads/DAiSEE/DataSet/Test/826412/8264120169/8264120169.avi,2,1,0.10142924,0.1958513,0.43674865,0.26597083
1334,/mnt/c/Users/puneet/Downloads/DAiSEE/DataSet/Test/826412/826412017/826412017.avi,2,2,0.09255286,0.19479887,0.44810256,0.26454568
1335,/mnt/c/Users/puneet/Downloads/DAiSEE/DataSet/Test/826412/826412018/826412018.avi,2,2,0.082792364,0.19311458,0.45935827,0.26473477
1336,/mnt/c/Users/puneet/Downloads/DAiSEE/DataSet/Test/826412/826412019/826412019.avi,2,2,0.07336898,0.19172479,0.4707653,0.26414093
1337,/mnt/c/Users/puneet/Downloads/DAiSEE/DataSet/Test/826412/8264120210/8264120210.avi,2,2,0.07331712,0.19169123,0.47076696,0.2642247
1338,/mnt/c/Users/puneet/Downloads/DAiSEE/DataSet/Test/826412/8264120211/8264120211.avi,2,1,0.07477929,0.19268799,0.4708196,0.26171315
1339,/mnt/c/Users/puneet/Downloads/DAiSEE/DataSet/Test/826412/8264120213/8264120213.avi,2,3,0.08218667,0.19272225,0.45937893,0.26571217
1340,/mnt/c/Users/puneet/Downloads/DAiSEE/DataSet/Test/826412/8264120215/8264120215.avi,2,3,0.091415405,0.19405502,0.44812578,0.2664038
1341,/mnt/c/Users/puneet/Downloads/DAiSEE/DataSet/Test/826412/8264120216/8264120216.avi,2,3,0.0997467,0.19472133,0.43672088,0.2688111
1342,/mnt/c/Users/puneet/Downloads/DAiSEE/DataSet/Test/826412/8264120218/8264120218.avi,2,3,0.09976468,0.19473298,0.43672034,0.26878202
1343,/mnt/c/Users/puneet/Downloads/DAiSEE/DataSet/Test/826412/8264120219/8264120219.avi,2,3,0.09863135,0.1939665,0.4366918,0.27071035
1344,/mnt/c/Users/puneet/Downloads/DAiSEE/DataSet/Test/826412/8264120220/8264120220.avi,2,2,0.10071314,0.1953887,0.4367736,0.26712456
1345,/mnt/c/Users/puneet/Downloads/DAiSEE/DataSet/Test/826412/8264120221/8264120221.avi,2,3,0.101446584,0.19587122,0.4367656,0.2659166
1346,/mnt/c/Users/puneet/Downloads/DAiSEE/DataSet/Test/826412/8264120223/8264120223.avi,2,2,0.10252351,0.19658491,0.436764,0.26412755
1347,/mnt/c/Users/puneet/Downloads/DAiSEE/DataSet/Test/826412/8264120224/8264120224.avi,2,3,0.10134206,0.19579816,0.43675837,0.2661014
1348,/mnt/c/Users/puneet/Downloads/DAiSEE/DataSet/Test/826412/8264120227/8264120227.avi,2,3,0.10138908,0.19583079,0.43676123,0.2660189
1349,/mnt/c/Users/puneet/Downloads/DAiSEE/DataSet/Test/826412/8264120228/8264120228.avi,2,3,0.0909464,0.19359058,0.44778332,0.2676797
1350,/mnt/c/Users/puneet/Downloads/DAiSEE/DataSet/Test/826412/8264120229/8264120229.avi,2,2,0.08049571,0.19136707,0.4588555,0.26928172
1351,/mnt/c/Users/puneet/Downloads/DAiSEE/DataSet/Test/826412/826412023/826412023.avi,2,3,0.07937223,0.1906217,0.45885554,0.27115053
1352,/mnt/c/Users/puneet/Downloads/DAiSEE/DataSet/Test/826412/8264120231/8264120231.avi,2,1,0.07005533,0.18913758,0.46989727,0.27090982
1353,/mnt/c/Users/puneet/Downloads/DAiSEE/DataSet/Test/826412/8264120232/8264120232.avi,2,2,0.07154891,0.19013686,0.46991372,0.2684005
1354,/mnt/c/Users/puneet/Downloads/DAiSEE/DataSet/Test/826412/8264120233/8264120233.avi,2,3,0.08203282,0.19240382,0.45889047,0.26667288
1355,/mnt/c/Users/puneet/Downloads/DAiSEE/DataSet/Test/826412/8264120234/8264120234.avi,2,2,0.09246189,0.19461334,0.447819,0.26510578
1356,/mnt/c/Users/puneet/Downloads/DAiSEE/DataSet/Test/826412/8264120239/8264120239.avi,2,1,0.09131123,0.19380735,0.44773382,0.2671476
1357,/mnt/c/Users/puneet/Downloads/DAiSEE/DataSet/Test/826412/826412024/826412024.avi,2,3,0.101879,0.19612308,0.4366954,0.2653025
1358,/mnt/c/Users/puneet/Downloads/DAiSEE/DataSet/Test/826412/8264120240/8264120240.avi,2,0,0.09010583,0.19266246,0.44688013,0.27035156
1359,/mnt/c/Users/puneet/Downloads/DAiSEE/DataSet/Test/826412/8264120241/8264120241.avi,2,2,0.08975952,0.19243604,0.4468866,0.27091786
1360,/mnt/c/Users/puneet/Downloads/DAiSEE/DataSet/Test/826412/8264120242/8264120242.avi,2,2,0.08963986,0.19235837,0.44688994,0.27111182
1361,/mnt/c/Users/puneet/Downloads/DAiSEE/DataSet/Test/826412/8264120243/8264120243.avi,2,1,0.080382556,0.19069019,0.45736906,0.2715582
1362,/mnt/c/Users/puneet/Downloads/DAiSEE/DataSet/Test/826412/8264120245/8264120245.avi,2,2,0.07954735,0.19014047,0.45737767,0.2729345
1363,/mnt/c/Users/puneet/Downloads/DAiSEE/DataSet/Test/826412/8264120247/8264120247.avi,2,3,0.08984096,0.19261153,0.44717732,0.2703702
1364,/mnt/c/Users/puneet/Downloads/DAiSEE/DataSet/Test/826412/8264120248/8264120248.avi,2,2,0.088347465,0.19159086,0.4471184,0.2729433
1365,/mnt/c/Users/puneet/Downloads/DAiSEE/DataSet/Test/826412/8264120249/8264120249.avi,2,1,0.0788749,0.19014306,0.45847234,0.2725097
1366,/mnt/c/Users/puneet/Downloads/DAiSEE/DataSet/Test/826412/826412025/826412025.avi,2,2,0.07632144,0.1868451,0.45302325,0.28381023
1367,/mnt/c/Users/puneet/Downloads/DAiSEE/DataSet/Test/826412/8264120254/8264120254.avi,2,1,0.07716145,0.1873979,0.4530145,0.28242618
1368,/mnt/c/Users/puneet/Downloads/DAiSEE/DataSet/Test/826412/8264120256/8264120256.avi,2,1,0.07864374,0.18838923,0.45303002,0.27993703
1369,/mnt/c/Users/puneet/Downloads/DAiSEE/DataSet/Test/826412/8264120257/8264120257.avi,2,3,0.08058221,0.18970016,0.45307934,0.2766383
1370,/mnt/c/Users/puneet/Downloads/DAiSEE/DataSet/Test/826412/8264120258/8264120258.avi,2,2,0.09024781,0.19127299,0.44171953,0.27675965
1371,/mnt/c/Users/puneet/Downloads/DAiSEE/DataSet/Test/826412/8264120261/8264120261.avi,2,1,0.1041352,0.19766238,0.43678024,0.2614222
1372,/mnt/c/Users/puneet/Downloads/DAiSEE/DataSet/Test/826412/8264120262/8264120262.avi,2,1,0.10388562,0.19750045,0.43678728,0.26182663
1373,/mnt/c/Users/puneet/Downloads/DAiSEE/DataSet/Test/826412/8264120263/8264120263.avi,2,1,0.10390305,0.1975117,0.43678668,0.2617986
1374,/mnt/c/Users/puneet/Downloads/DAiSEE/DataSet/Test/826412/8264120265/8264120265.avi,2,1,0.10199129,0.19621967,0.4367397,0.26504934
1375,/mnt/c/Users/puneet/Downloads/DAiSEE/DataSet/Test/826412/8264120266/8264120266.avi,2,1,0.10025552,0.19505265,0.43670923,0.2679826
1376,/mnt/c/Users/puneet/Downloads/DAiSEE/DataSet/Test/826412/8264120268/8264120268.avi,2,3,0.100481346,0.19519906,0.43670264,0.26761693
1377,/mnt/c/Users/puneet/Downloads/DAiSEE/DataSet/Test/826412/8264120269/8264120269.avi,2,1,0.09072216,0.19351561,0.44795835,0.26780388
1378,/mnt/c/Users/puneet/Downloads/DAiSEE/DataSet/Test/826412/826412027/826412027.avi,2,2,0.09028732,0.19323231,0.44796836,0.268512
1379,/mnt/c/Users/puneet/Downloads/DAiSEE/DataSet/Test/826412/8264120274/8264120274.avi,2,3,0.092055716,0.1944315,0.4480197,0.26549307
1380,/mnt/c/Users/puneet/Downloads/DAiSEE/DataSet/Test/826412/8264120275/8264120275.avi,2,3,0.093677394,0.19552477,0.44805393,0.26274392
1381,/mnt/c/Users/puneet/Downloads/DAiSEE/DataSet/Test/826412/8264120279/8264120279.avi,2,1,0.093667224,0.19551821,0.44805428,0.26276028
1382,/mnt/c/Users/puneet/Downloads/DAiSEE/DataSet/Test/826412/8264120280/8264120280.avi,2,2,0.10316674,0.1970311,0.43680197,0.2630002
1383,/mnt/c/Users/puneet/Downloads/DAiSEE/DataSet/Test/826412/8264120282/8264120282.avi,2,1,0.09210597,0.1941413,0.44724336,0.26650935
1384,/mnt/c/Users/puneet/Downloads/DAiSEE/DataSet/Test/826412/8264120284/8264120284.avi,2,1,0.077851176,0.18701576,0.4491834,0.28594965
1385,/mnt/c/Users/puneet/Downloads/DAiSEE/DataSet/Test/882654/88265401100/88265401100.mp4,2,3,0.07680923,0.18632309,0.44918078,0.2876869
1386,/mnt/c/Users/puneet/Downloads/DAiSEE/DataSet/Test/882654/88265401130/88265401130.mp4,2,3,0.076257244,0.18596222,0.44919112,0.28858942
1387,/mnt/c/Users/puneet/Downloads/DAiSEE/DataSet/Test/882654/88265401140/88265401140.mp4,2,3,0.07672975,0.18627097,0.44918194,0.28781733
1388,/mnt/c/Users/puneet/Downloads/DAiSEE/DataSet/Test/882654/88265401150/88265401150.mp4,2,3,0.088161975,0.18940313,0.43873268,0.2837022
1389,/mnt/c/Users/puneet/Downloads/DAiSEE/DataSet/Test/882654/88265401160/88265401160.mp4,2,3,0.10199975,0.19625497,0.43679842,0.26494685
1390,/mnt/c/Users/puneet/Downloads/DAiSEE/DataSet/Test/882654/88265401170/88265401170.mp4,2,2,0.10104431,0.19558881,0.4367341,0.26663277
1391,/mnt/c/Users/puneet/Downloads/DAiSEE/DataSet/Test/882654/88265401190/88265401190.mp4,2,3,0.10143143,0.1958429,0.43672875,0.2659969
1392,/mnt/c/Users/puneet/Downloads/DAiSEE/DataSet/Test/882654/8826540120/8826540120.mp4,2,3,0.10102679,0.19557893,0.43673745,0.26665685
1393,/mnt/c/Users/puneet/Downloads/DAiSEE/DataSet/Test/882654/88265401200/88265401200.mp4,2,2,0.099747665,0.19472578,0.43672866,0.2687979
1394,/mnt/c/Users/puneet/Downloads/DAiSEE/DataSet/Test/882654/88265401240/88265401240.mp4,2,3,0.1002985,0.19508617,0.43671885,0.26789647
1395,/mnt/c/Users/puneet/Downloads/DAiSEE/DataSet/Test/882654/88265401260/88265401260.mp4,2,3,0.09989526,0.19479582,0.43667248,0.26863644
1396,/mnt/c/Users/puneet/Downloads/DAiSEE/DataSet/Test/882654/88265401270/88265401270.mp4,2,3,0.09973904,0.19469385,0.43667573,0.26889136
1397,/mnt/c/Users/puneet/Downloads/DAiSEE/DataSet/Test/882654/88265401280/88265401280.mp4,2,3,0.10012055,0.19494288,0.4366678,0.26826876
1398,/mnt/c/Users/puneet/Downloads/DAiSEE/DataSet/Test/882654/88265401300/88265401300.mp4,2,3,0.10058094,0.19525598,0.4366828,0.26748028
1399,/mnt/c/Users/puneet/Downloads/DAiSEE/DataSet/Test/882654/88265401320/88265401320.mp4,2,3,0.10051027,0.19521028,0.43668506,0.2675944
1400,/mnt/c/Users/puneet/Downloads/DAiSEE/DataSet/Test/882654/88265401350/88265401350.mp4,2,3,0.10263612,0.19668014,0.43680412,0.26387963
1401,/mnt/c/Users/puneet/Downloads/DAiSEE/DataSet/Test/882654/88265401360/88265401360.mp4,2,3,0.10270433,0.19672476,0.4368029,0.26376802
1402,/mnt/c/Users/puneet/Downloads/DAiSEE/DataSet/Test/882654/88265401380/88265401380.mp4,2,3,0.10245724,0.196564,0.436809,0.26416975
1403,/mnt/c/Users/puneet/Downloads/DAiSEE/DataSet/Test/882654/88265401390/88265401390.mp4,2,3,0.10328927,0.19711263,0.4368024,0.26279572
1404,/mnt/c/Users/puneet/Downloads/DAiSEE/DataSet/Test/882654/88265401400/88265401400.mp4,2,3,0.10336584,0.19716215,0.4367999,0.2626721
1405,/mnt/c/Users/puneet/Downloads/DAiSEE/DataSet/Test/882654/88265401410/88265401410.mp4,2,3,0.10369836,0.19737884,0.43679234,0.26213044
1406,/mnt/c/Users/puneet/Downloads/DAiSEE/DataSet/Test/882654/88265401420/88265401420.mp4,2,2,0.10393831,0.19753465,0.4367858,0.26174125
1407,/mnt/c/Users/puneet/Downloads/DAiSEE/DataSet/Test/882654/88265401430/88265401430.mp4,2,3,0.10420061,0.19770524,0.43677917,0.261315
1408,/mnt/c/Users/puneet/Downloads/DAiSEE/DataSet/Test/882654/88265401450/88265401450.mp4,2,3,0.102672935,0.19668083,0.4367578,0.26388845
1409,/mnt/c/Users/puneet/Downloads/DAiSEE/DataSet/Test/882654/88265401470/88265401470.mp4,2,2,0.10244194,0.19653091,0.4367642,0.26426294
1410,/mnt/c/Users/puneet/Downloads/DAiSEE/DataSet/Test/882654/88265401480/88265401480.mp4,2,3,0.102304175,0.19644155,0.43676814,0.26448613
1411,/mnt/c/Users/puneet/Downloads/DAiSEE/DataSet/Test/882654/88265401490/88265401490.mp4,2,3,0.10205841,0.19628195,0.43677482,0.26488483
1412,/mnt/c/Users/puneet/Downloads/DAiSEE/DataSet/Test/882654/8826540150/8826540150.mp4,2,3,0.101943366,0.19620739,0.43677822,0.265071
1413,/mnt/c/Users/puneet/Downloads/DAiSEE/DataSet/Test/882654/88265401520/88265401520.mp4,2,3,0.10127688,0.19573656,0.4367207,0.26626584
1414,/mnt/c/Users/puneet/Downloads/DAiSEE/DataSet/Test/882654/88265401550/88265401550.mp4,2,3,0.10140485,0.19581982,0.43671754,0.2660578
1415,/mnt/c/Users/puneet/Downloads/DAiSEE/DataSet/Test/882654/88265401630/88265401630.mp4,2,2,0.10154235,0.19590901,0.4367136,0.26583502
1416,/mnt/c/Users/puneet/Downloads/DAiSEE/DataSet/Test/882654/88265401640/88265401640.mp4,2,2,0.09998149,0.19485034,0.43666804,0.26850015
1417,/mnt/c/Users/puneet/Downloads/DAiSEE/DataSet/Test/882654/88265401660/88265401660.mp4,2,3,0.09987097,0.19477832,0.43667057,0.26868013
1418,/mnt/c/Users/puneet/Downloads/DAiSEE/DataSet/Test/882654/88265401690/88265401690.mp4,2,3,0.101693,0.1960309,0.43675762,0.2655185
1419,/mnt/c/Users/puneet/Downloads/DAiSEE/DataSet/Test/882654/8826540170/8826540170.mp4,2,3,0.10171543,0.19604544,0.43675697,0.26548216
1420,/mnt/c/Users/puneet/Downloads/DAiSEE/DataSet/Test/882654/88265401730/88265401730.mp4,2,3,0.101720855,0.19604895,0.4367568,0.26547343
1421,/mnt/c/Users/puneet/Downloads/DAiSEE/DataSet/Test/882654/88265401740/88265401740.mp4,2,3,0.10332196,0.19713388,0.43680152,0.26274264
1422,/mnt/c/Users/puneet/Downloads/DAiSEE/DataSet/Test/882654/88265401750/88265401750.mp4,2,1,0.09347985,0.19537951,0.4480222,0.26311845
1423,/mnt/c/Users/puneet/Downloads/DAiSEE/DataSet/Test/882654/8826540180/8826540180.mp4,2,3,0.09353101,0.19541313,0.44802156,0.2630343
1424,/mnt/c/Users/puneet/Downloads/DAiSEE/DataSet/Test/882654/88265402120/88265402120.mp4,2,3,0.09352276,0.19540778,0.4480218,0.26304767
1425,/mnt/c/Users/puneet/Downloads/DAiSEE/DataSet/Test/882654/88265402150/88265402150.mp4,2,3,0.09173934,0.19420439,0.44798186,0.2660744
1426,/mnt/c/Users/puneet/Downloads/DAiSEE/DataSet/Test/882654/88265402160/88265402160.mp4,2,2,0.0916567,0.1941504,0.4479835,0.2662094
1427,/mnt/c/Users/puneet/Downloads/DAiSEE/DataSet/Test/882654/88265402170/88265402170.mp4,2,3,0.10143725,0.1958645,0.43676394,0.26593432
1428,/mnt/c/Users/puneet/Downloads/DAiSEE/DataSet/Test/882654/88265402180/88265402180.mp4,2,2,0.101594605,0.19596739,0.43676102,0.26567698
1429,/mnt/c/Users/puneet/Downloads/DAiSEE/DataSet/Test/882654/88265402190/88265402190.mp4,2,3,0.10068671,0.19536585,0.4367627,0.26718476
1430,/mnt/c/Users/puneet/Downloads/DAiSEE/DataSet/Test/882654/88265402200/88265402200.mp4,2,3,0.102179095,0.19637981,0.43680966,0.26463142
1431,/mnt/c/Users/puneet/Downloads/DAiSEE/DataSet/Test/882654/88265402230/88265402230.mp4,2,2,0.102386765,0.19651507,0.43680477,0.26429337
1432,/mnt/c/Users/puneet/Downloads/DAiSEE/DataSet/Test/882654/88265402240/88265402240.mp4,2,2,0.10256494,0.19663133,0.436801,0.26400274
1433,/mnt/c/Users/puneet/Downloads/DAiSEE/DataSet/Test/882654/88265402270/88265402270.mp4,2,2,0.102735735,0.19674212,0.43679616,0.263726
1434,/mnt/c/Users/puneet/Downloads/DAiSEE/DataSet/Test/882654/8826540230/8826540230.mp4,2,3,0.10299928,0.19691944,0.43680093,0.26328036
1435,/mnt/c/Users/puneet/Downloads/DAiSEE/DataSet/Test/882654/88265402300/88265402300.mp4,2,3,0.1017468,0.19607338,0.43677136,0.26540846
1436,/mnt/c/Users/puneet/Downloads/DAiSEE/DataSet/Test/882654/88265402310/88265402310.mp4,2,3,0.10180489,0.19611098,0.43676955,0.2653146
1437,/mnt/c/Users/puneet/Downloads/DAiSEE/DataSet/Test/882654/88265402320/88265402320.mp4,2,2,0.10189051,0.19616649,0.43676704,0.26517597
1438,/mnt/c/Users/puneet/Downloads/DAiSEE/DataSet/Test/882654/88265402330/88265402330.mp4,2,3,0.10155839,0.1959502,0.43677488,0.26571655
1439,/mnt/c/Users/puneet/Downloads/DAiSEE/DataSet/Test/882654/88265402340/88265402340.mp4,2,2,0.10199748,0.1962407,0.4367732,0.2649886
1440,/mnt/c/Users/puneet/Downloads/DAiSEE/DataSet/Test/882654/88265402350/88265402350.mp4,2,3,0.10354994,0.19728197,0.4367954,0.26237267
1441,/mnt/c/Users/puneet/Downloads/DAiSEE/DataSet/Test/882654/88265402370/88265402370.mp4,2,3,0.10344619,0.19721475,0.43679854,0.26254052
1442,/mnt/c/Users/puneet/Downloads/DAiSEE/DataSet/Test/882654/88265402380/88265402380.mp4,2,3,0.10128309,0.19574015,0.43671978,0.266257
1443,/mnt/c/Users/puneet/Downloads/DAiSEE/DataSet/Test/882654/8826540240/8826540240.mp4,2,3,0.10107132,0.19560042,0.4367213,0.26660696
1444,/mnt/c/Users/puneet/Downloads/DAiSEE/DataSet/Test/882654/88265402400/88265402400.mp4,2,2,0.10125784,0.19572198,0.43671706,0.26630312
1445,/mnt/c/Users/puneet/Downloads/DAiSEE/DataSet/Test/882654/88265402420/88265402420.mp4,2,3,0.10082306,0.19543813,0.43672597,0.26701283
1446,/mnt/c/Users/puneet/Downloads/DAiSEE/DataSet/Test/882654/88265402440/88265402440.mp4,2,2,0.10085697,0.19546014,0.43672502,0.26695785
1447,/mnt/c/Users/puneet/Downloads/DAiSEE/DataSet/Test/882654/88265402450/88265402450.mp4,2,3,0.102955535,0.19689292,0.43680573,0.26334584
1448,/mnt/c/Users/puneet/Downloads/DAiSEE/DataSet/Test/882654/88265402480/88265402480.mp4,2,2,0.10295353,0.19689159,0.43680573,0.26334918
1449,/mnt/c/Users/puneet/Downloads/DAiSEE/DataSet/Test/882654/88265402490/88265402490.mp4,2,3,0.10229186,0.19645539,0.4368112,0.26444155
1450,/mnt/c/Users/puneet/Downloads/DAiSEE/DataSet/Test/882654/88265402500/88265402500.mp4,2,3,0.10272343,0.19673716,0.4368024,0.26373702
1451,/mnt/c/Users/puneet/Downloads/DAiSEE/DataSet/Test/882654/88265402520/88265402520.mp4,2,3,0.10221581,0.19640397,0.43680936,0.26457086
1452,/mnt/c/Users/puneet/Downloads/DAiSEE/DataSet/Test/882654/88265402540/88265402540.mp4,2,2,0.101964064,0.19623958,0.4368145,0.26498187
1453,/mnt/c/Users/puneet/Downloads/DAiSEE/DataSet/Test/882654/88265402570/88265402570.mp4,2,2,0.10233242,0.19648175,0.43681014,0.2643757
1454,/mnt/c/Users/puneet/Downloads/DAiSEE/DataSet/Test/882654/88265402580/88265402580.mp4,2,3,0.10278633,0.19678247,0.43680924,0.26362196
1455,/mnt/c/Users/puneet/Downloads/DAiSEE/DataSet/Test/882654/88265402590/88265402590.mp4,2,3,0.102604754,0.19666463,0.4368143,0.2639163
1456,/mnt/c/Users/puneet/Downloads/DAiSEE/DataSet/Test/882654/8826540260/8826540260.mp4,2,2,0.10110382,0.19563076,0.4367387,0.26652673
1457,/mnt/c/Users/puneet/Downloads/DAiSEE/DataSet/Test/882654/88265402600/88265402600.mp4,2,2,0.10068884,0.1953554,0.43673873,0.26721704
1458,/mnt/c/Users/puneet/Downloads/DAiSEE/DataSet/Test/882654/88265402630/88265402630.mp4,2,3,0.1007285,0.19538122,0.43673778,0.26715252
1459,/mnt/c/Users/puneet/Downloads/DAiSEE/DataSet/Test/882654/88265402660/88265402660.mp4,2,3,0.10100094,0.1955586,0.43673122,0.26670924
1460,/mnt/c/Users/puneet/Downloads/DAiSEE/DataSet/Test/882654/88265402690/88265402690.mp4,2,3,0.101034105,0.1955802,0.43673044,0.26665524
1461,/mnt/c/Users/puneet/Downloads/DAiSEE/DataSet/Test/882654/8826540270/8826540270.mp4,2,3,0.10311425,0.1969936,0.43679684,0.2630953
1462,/mnt/c/Users/puneet/Downloads/DAiSEE/DataSet/Test/882654/88265402700/88265402700.mp4,2,3,0.10388284,0.19749929,0.43678856,0.26182932
1463,/mnt/c/Users/puneet/Downloads/DAiSEE/DataSet/Test/882654/88265402770/88265402770.mp4,2,3,0.10387138,0.19749184,0.43678886,0.26184794
1464,/mnt/c/Users/puneet/Downloads/DAiSEE/DataSet/Test/882654/88265402780/88265402780.mp4,2,3,0.10380489,0.19744876,0.43679085,0.2619555
1465,/mnt/c/Users/puneet/Downloads/DAiSEE/DataSet/Test/882654/88265402790/88265402790.mp4,2,2,0.10390317,0.19751257,0.43678817,0.2617961
1466,/mnt/c/Users/puneet/Downloads/DAiSEE/DataSet/Test/882654/8826540280/8826540280.mp4,2,2,0.10381827,0.1974576,0.43679076,0.26193336
1467,/mnt/c/Users/puneet/Downloads/DAiSEE/DataSet/Test/882654/88265402800/88265402800.mp4,2,3,0.10277289,0.19676518,0.43679306,0.26366884
1468,/mnt/c/Users/puneet/Downloads/DAiSEE/DataSet/Test/882654/88265402810/88265402810.mp4,2,3,0.10249347,0.19658214,0.43679762,0.26412678
1469,/mnt/c/Users/puneet/Downloads/DAiSEE/DataSet/Test/882654/88265402820/88265402820.mp4,2,3,0.102497436,0.19658472,0.4367975,0.26412034
1470,/mnt/c/Users/puneet/Downloads/DAiSEE/DataSet/Test/882654/88265402840/88265402840.mp4,2,3,0.10222403,0.19640645,0.43680355,0.26456597
1471,/mnt/c/Users/puneet/Downloads/DAiSEE/DataSet/Test/882654/88265402850/88265402850.mp4,2,3,0.101873256,0.19617693,0.43680975,0.26514006
1472,/mnt/c/Users/puneet/Downloads/DAiSEE/DataSet/Test/882654/88265402880/88265402880.mp4,2,2,0.10286671,0.19683576,0.43680912,0.2634884
1473,/mnt/c/Users/puneet/Downloads/DAiSEE/DataSet/Test/882654/88265402890/88265402890.mp4,2,3,0.10268505,0.19671541,0.43680954,0.26379
1474,/mnt/c/Users/puneet/Downloads/DAiSEE/DataSet/Test/882654/8826540290/8826540290.mp4,2,3,0.10264677,0.19669056,0.43681058,0.2638521
1475,/mnt/c/Users/puneet/Downloads/DAiSEE/DataSet/Test/882654/88265402900/88265402900.mp4,2,3,0.10230883,0.19646697,0.43681183,0.26441237
1476,/mnt/c/Users/puneet/Downloads/DAiSEE/DataSet/Test/907001/907001100/907001100.mp4,2,3,0.09291573,0.19504401,0.44810632,0.26393393
1477,/mnt/c/Users/puneet/Downloads/DAiSEE/DataSet/Test/907001/9070011010/9070011010.mp4,2,2,0.082380295,0.19273885,0.45912006,0.2657608
1478,/mnt/c/Users/puneet/Downloads/DAiSEE/DataSet/Test/907001/9070011020/9070011020.mp4,2,3,0.070722006,0.18913594,0.46871468,0.2714274
1479,/mnt/c/Users/puneet/Downloads/DAiSEE/DataSet/Test/907001/9070011060/9070011060.mp4,2,3,0.06106831,0.18754993,0.48002988,0.27135187
1480,/mnt/c/Users/puneet/Downloads/DAiSEE/DataSet/Test/907001/9070011090/9070011090.mp4,2,2,0.0519523,0.18631762,0.49133903,0.27039105
1481,/mnt/c/Users/puneet/Downloads/DAiSEE/DataSet/Test/907001/907001110/907001110.mp4,2,3,0.059238754,0.18627816,0.4799147,0.2745684
1482,/mnt/c/Users/puneet/Downloads/DAiSEE/DataSet/Test/907001/9070011110/9070011110.mp4,2,3,0.06746045,0.18699917,0.4688027,0.2767377
1483,/mnt/c/Users/puneet/Downloads/DAiSEE/DataSet/Test/907001/907001120/907001120.mp4,2,2,0.07912838,0.1906085,0.4592081,0.271055
1484,/mnt/c/Users/puneet/Downloads/DAiSEE/DataSet/Test/907001/907001150/907001150.mp4,2,3,0.08769818,0.1914714,0.4478852,0.27294523
1485,/mnt/c/Users/puneet/Downloads/DAiSEE/DataSet/Test/907001/907001160/907001160.mp4,2,2,0.09633563,0.19238082,0.43656558,0.274718
1486,/mnt/c/Users/puneet/Downloads/DAiSEE/DataSet/Test/907001/907001170/907001170.mp4,2,3,0.097417004,0.1931498,0.43666962,0.27276358
1487,/mnt/c/Users/puneet/Downloads/DAiSEE/DataSet/Test/907001/907001180/907001180.mp4,2,3,0.089997485,0.19309625,0.44808516,0.26882112
1488,/mnt/c/Users/puneet/Downloads/DAiSEE/DataSet/Test/907001/907001210/907001210.mp4,2,3,0.090061955,0.19313905,0.4480852,0.2687138
1489,/mnt/c/Users/puneet/Downloads/DAiSEE/DataSet/Test/907001/907001220/907001220.mp4,2,3,0.09097285,0.19374925,0.44809654,0.26718137
1490,/mnt/c/Users/puneet/Downloads/DAiSEE/DataSet/Test/907001/907001240/907001240.mp4,2,3,0.082656,0.1930881,0.45949194,0.26476395
1491,/mnt/c/Users/puneet/Downloads/DAiSEE/DataSet/Test/907001/907001270/907001270.mp4,2,2,0.08291363,0.19326554,0.4595048,0.264316
1492,/mnt/c/Users/puneet/Downloads/DAiSEE/DataSet/Test/907001/907001280/907001280.mp4,2,3,0.08245749,0.1928945,0.45935398,0.26529405
1493,/mnt/c/Users/puneet/Downloads/DAiSEE/DataSet/Test/907001/907001310/907001310.mp4,2,3,0.080311336,0.19139636,0.45920458,0.2690877
1494,/mnt/c/Users/puneet/Downloads/DAiSEE/DataSet/Test/907001/907001340/907001340.mp4,2,3,0.077607594,0.18950506,0.45900708,0.27388027
1495,/mnt/c/Users/puneet/Downloads/DAiSEE/DataSet/Test/907001/907001350/907001350.mp4,2,3,0.07760471,0.18950287,0.4590065,0.27388594
1496,/mnt/c/Users/puneet/Downloads/DAiSEE/DataSet/Test/907001/907001360/907001360.mp4,2,3,0.07849353,0.19009857,0.45901814,0.27238977
1497,/mnt/c/Users/puneet/Downloads/DAiSEE/DataSet/Test/907001/907001370/907001370.mp4,2,3,0.088152975,0.19175978,0.44785962,0.27222762
1498,/mnt/c/Users/puneet/Downloads/DAiSEE/DataSet/Test/907001/907001400/907001400.mp4,2,3,0.087912336,0.1915821,0.44782236,0.2726832
1499,/mnt/c/Users/puneet/Downloads/DAiSEE/DataSet/Test/907001/907001430/907001430.mp4,2,2,0.09000242,0.19306526,0.448018,0.2689143
1500,/mnt/c/Users/puneet/Downloads/DAiSEE/DataSet/Test/907001/907001450/907001450.mp4,2,3,0.09713069,0.192892,0.43653077,0.27344656
1501,/mnt/c/Users/puneet/Downloads/DAiSEE/DataSet/Test/907001/907001480/907001480.mp4,2,1,0.095490724,0.19177277,0.43646905,0.27626744
1502,/mnt/c/Users/puneet/Downloads/DAiSEE/DataSet/Test/907001/907001490/907001490.mp4,2,3,0.093776,0.19058602,0.43637106,0.2792669
1503,/mnt/c/Users/puneet/Downloads/DAiSEE/DataSet/Test/907001/90700150/90700150.mp4,2,3,0.086417146,0.19053501,0.44769725,0.2753506
1504,/mnt/c/Users/puneet/Downloads/DAiSEE/DataSet/Test/907001/907001500/907001500.mp4,2,3,0.08683892,0.19081682,0.44770104,0.27464324
1505,/mnt/c/Users/puneet/Downloads/DAiSEE/DataSet/Test/907001/907001520/907001520.mp4,2,3,0.088810645,0.19217612,0.4478031,0.2712101
1506,/mnt/c/Users/puneet/Downloads/DAiSEE/DataSet/Test/907001/907001550/907001550.mp4,2,3,0.08993941,0.19295582,0.44786423,0.26924056
1507,/mnt/c/Users/puneet/Downloads/DAiSEE/DataSet/Test/907001/907001560/907001560.mp4,2,2,0.0917451,0.19420287,0.44796205,0.26608998
1508,/mnt/c/Users/puneet/Downloads/DAiSEE/DataSet/Test/907001/907001570/907001570.mp4,2,3,0.100135714,0.19500166,0.43676513,0.2680975
1509,/mnt/c/Users/puneet/Downloads/DAiSEE/DataSet/Test/907001/907001580/907001580.mp4,2,3,0.098536424,0.19390239,0.43668926,0.27087194
1510,/mnt/c/Users/puneet/Downloads/DAiSEE/DataSet/Test/907001/90700160/90700160.mp4,2,3,0.09796245,0.19351979,0.43668586,0.2718319
1511,/mnt/c/Users/puneet/Downloads/DAiSEE/DataSet/Test/907001/907001600/907001600.mp4,2,3,0.096228406,0.19230445,0.43655556,0.27491158
1512,/mnt/c/Users/puneet/Downloads/DAiSEE/DataSet/Test/907001/907001620/907001620.mp4,2,3,0.0858767,0.19005908,0.447425,0.27663922
1513,/mnt/c/Users/puneet/Downloads/DAiSEE/DataSet/Test/907001/907001650/907001650.mp4,2,2,0.087174214,0.19094892,0.44748235,0.2743945
1514,/mnt/c/Users/puneet/Downloads/DAiSEE/DataSet/Test/907001/907001670/907001670.mp4,2,3,0.078785986,0.19012406,0.45861384,0.2724761
1515,/mnt/c/Users/puneet/Downloads/DAiSEE/DataSet/Test/907001/907001680/907001680.mp4,2,3,0.07875462,0.19010286,0.45861307,0.27252945
1516,/mnt/c/Users/puneet/Downloads/DAiSEE/DataSet/Test/907001/90700170/90700170.mp4,2,3,0.071648136,0.190283,0.47008318,0.26798567
1517,/mnt/c/Users/puneet/Downloads/DAiSEE/DataSet/Test/907001/907001730/907001730.mp4,2,3,0.081879705,0.1924487,0.45921382,0.26645774
1518,/mnt/c/Users/puneet/Downloads/DAiSEE/DataSet/Test/907001/907001740/907001740.mp4,2,2,0.08041569,0.19144064,0.4591409,0.26900277
1519,/mnt/c/Users/puneet/Downloads/DAiSEE/DataSet/Test/907001/907001780/907001780.mp4,2,3,0.09053614,0.19345243,0.44808418,0.26792726
1520,/mnt/c/Users/puneet/Downloads/DAiSEE/DataSet/Test/907001/907001790/907001790.mp4,2,3,0.08062987,0.19149584,0.45893627,0.26893803
1521,/mnt/c/Users/puneet/Downloads/DAiSEE/DataSet/Test/907001/90700180/90700180.mp4,2,3,0.08078722,0.19161724,0.4589724,0.26862314
1522,/mnt/c/Users/puneet/Downloads/DAiSEE/DataSet/Test/907001/907001820/907001820.mp4,2,3,0.07153915,0.19028777,0.47026098,0.26791212
1523,/mnt/c/Users/puneet/Downloads/DAiSEE/DataSet/Test/907001/907001840/907001840.mp4,2,3,0.07150237,0.19026153,0.47025725,0.26797882
1524,/mnt/c/Users/puneet/Downloads/DAiSEE/DataSet/Test/907001/907001850/907001850.mp4,2,3,0.061348345,0.18822066,0.48129833,0.26913267
1525,/mnt/c/Users/puneet/Downloads/DAiSEE/DataSet/Test/907001/907001860/907001860.mp4,2,3,0.069795735,0.18915483,0.4703369,0.2707125
1526,/mnt/c/Users/puneet/Downloads/DAiSEE/DataSet/Test/907001/90700190/90700190.mp4,2,3,0.077646814,0.1894979,0.45892423,0.27393103
1527,/mnt/c/Users/puneet/Downloads/DAiSEE/DataSet/Test/907001/907001910/907001910.mp4,2,2,0.07659312,0.18859774,0.4584636,0.27634555
1528,/mnt/c/Users/puneet/Downloads/DAiSEE/DataSet/Test/907001/907001940/907001940.mp4,2,3,0.06829453,0.18784897,0.46963307,0.27422342
1529,/mnt/c/Users/puneet/Downloads/DAiSEE/DataSet/Test/907001/907001950/907001950.mp4,2,1,0.07790812,0.18953,0.4585896,0.27397227
1530,/mnt/c/Users/puneet/Downloads/DAiSEE/DataSet/Test/907001/907001970/907001970.mp4,2,3,0.07045938,0.1894484,0.46998587,0.27010635
1531,/mnt/c/Users/puneet/Downloads/DAiSEE/DataSet/Test/928901/9289010111/9289010111.avi,2,2,0.07213831,0.19057705,0.470015,0.26726967
1532,/mnt/c/Users/puneet/Downloads/DAiSEE/DataSet/Test/928901/9289010112/9289010112.avi,2,2,0.08304493,0.19320318,0.45917773,0.26457414
1533,/mnt/c/Users/puneet/Downloads/DAiSEE/DataSet/Test/928901/9289010113/9289010113.avi,2,2,0.09185396,0.19431205,0.4480513,0.26578268
1534,/mnt/c/Users/puneet/Downloads/DAiSEE/DataSet/Test/928901/9289010114/9289010114.avi,2,1,0.092000864,0.19441079,0.44805375,0.2655346
1535,/mnt/c/Users/puneet/Downloads/DAiSEE/DataSet/Test/928901/9289010115/9289010115.avi,2,3,0.10138794,0.1958356,0.43677196,0.26600447
1536,/mnt/c/Users/puneet/Downloads/DAiSEE/DataSet/Test/928901/9289010117/9289010117.avi,2,3,0.10137001,0.19582403,0.43677258,0.26603338
1537,/mnt/c/Users/puneet/Downloads/DAiSEE/DataSet/Test/928901/9289010118/9289010118.avi,2,3,0.10139748,0.19584177,0.43677163,0.26598912
1538,/mnt/c/Users/puneet/Downloads/DAiSEE/DataSet/Test/928901/9289010119/9289010119.avi,2,3,0.091653116,0.19388127,0.44734457,0.26712105
1539,/mnt/c/Users/puneet/Downloads/DAiSEE/DataSet/Test/928901/9289010120/9289010120.avi,2,2,0.092431836,0.19439319,0.4473354,0.26583958
1540,/mnt/c/Users/puneet/Downloads/DAiSEE/DataSet/Test/928901/9289010121/9289010121.avi,2,2,0.09291621,0.19470985,0.4473263,0.26504764
1541,/mnt/c/Users/puneet/Downloads/DAiSEE/DataSet/Test/928901/9289010127/9289010127.avi,2,2,0.091601446,0.19383302,0.4473174,0.26724812
1542,/mnt/c/Users/puneet/Downloads/DAiSEE/DataSet/Test/928901/928901013/928901013.avi,2,3,0.09122628,0.19358876,0.4473264,0.26785856
1543,/mnt/c/Users/puneet/Downloads/DAiSEE/DataSet/Test/928901/9289010131/9289010131.avi,2,2,0.10183382,0.19613867,0.4367863,0.26524124
1544,/mnt/c/Users/puneet/Downloads/DAiSEE/DataSet/Test/928901/9289010132/9289010132.avi,2,2,0.10043401,0.19520454,0.43677565,0.2675858
1545,/mnt/c/Users/puneet/Downloads/DAiSEE/DataSet/Test/928901/9289010133/9289010133.avi,2,3,0.09993054,0.19487523,0.4367848,0.26840943
1546,/mnt/c/Users/puneet/Downloads/DAiSEE/DataSet/Test/928901/9289010134/9289010134.avi,2,3,0.10089033,0.19552074,0.43680182,0.2667871
1547,/mnt/c/Users/puneet/Downloads/DAiSEE/DataSet/Test/928901/9289010138/9289010138.avi,2,2,0.10122483,0.19573875,0.4367942,0.26624224
1548,/mnt/c/Users/puneet/Downloads/DAiSEE/DataSet/Test/928901/9289010139/9289010139.avi,2,2,0.10193109,0.1962032,0.43678617,0.26507956
1549,/mnt/c/Users/puneet/Downloads/DAiSEE/DataSet/Test/928901/928901014/928901014.avi,2,1,0.102083586,0.19630803,0.43679336,0.26481503
1550,/mnt/c/Users/puneet/Downloads/DAiSEE/DataSet/Test/928901/9289010143/9289010143.avi,2,2,0.10121862,0.19572337,0.43677235,0.26628566
1551,/mnt/c/Users/puneet/Downloads/DAiSEE/DataSet/Test/928901/9289010144/9289010144.avi,2,2,0.10148077,0.19589458,0.43676707,0.26585758
1552,/mnt/c/Users/puneet/Downloads/DAiSEE/DataSet/Test/928901/9289010145/9289010145.avi,2,1,0.10123825,0.19573689,0.43677327,0.2662516
1553,/mnt/c/Users/puneet/Downloads/DAiSEE/DataSet/Test/928901/9289010147/9289010147.avi,2,2,0.10124302,0.19573997,0.4367731,0.2662439
1554,/mnt/c/Users/puneet/Downloads/DAiSEE/DataSet/Test/928901/9289010149/9289010149.avi,2,3,0.102407366,0.19651565,0.43677926,0.26429772
1555,/mnt/c/Users/puneet/Downloads/DAiSEE/DataSet/Test/928901/9289010150/9289010150.avi,2,3,0.10371924,0.197393,0.4367929,0.26209486
1556,/mnt/c/Users/puneet/Downloads/DAiSEE/DataSet/Test/928901/9289010151/9289010151.avi,2,3,0.09030638,0.19187729,0.44400522,0.2738111
1557,/mnt/c/Users/puneet/Downloads/DAiSEE/DataSet/Test/928901/9289010152/9289010152.avi,2,1,0.08795612,0.19025052,0.44386962,0.27792373
1558,/mnt/c/Users/puneet/Downloads/DAiSEE/DataSet/Test/928901/9289010153/9289010153.avi,2,2,0.08793743,0.19023843,0.44387022,0.27795392
1559,/mnt/c/Users/puneet/Downloads/DAiSEE/DataSet/Test/928901/9289010154/9289010154.avi,2,2,0.08795565,0.19025023,0.44386968,0.27792445
1560,/mnt/c/Users/puneet/Downloads/DAiSEE/DataSet/Test/928901/9289010155/9289010155.avi,2,3,0.08647165,0.18925361,0.44384602,0.28042874
1561,/mnt/c/Users/puneet/Downloads/DAiSEE/DataSet/Test/928901/9289010157/9289010157.avi,2,3,0.09777903,0.19333167,0.43655244,0.27233687
1562,/mnt/c/Users/puneet/Downloads/DAiSEE/DataSet/Test/928901/9289010158/9289010158.avi,2,3,0.090672605,0.19350979,0.4480178,0.2677998
1563,/mnt/c/Users/puneet/Downloads/DAiSEE/DataSet/Test/928901/928901016/928901016.avi,2,2,0.088174194,0.19179285,0.44789857,0.2721344
1564,/mnt/c/Users/puneet/Downloads/DAiSEE/DataSet/Test/928901/9289010160/9289010160.avi,2,3,0.08783172,0.19156937,0.4479058,0.2726931
1565,/mnt/c/Users/puneet/Downloads/DAiSEE/DataSet/Test/928901/9289010161/9289010161.avi,2,2,0.08857215,0.19207548,0.447935,0.27141738
1566,/mnt/c/Users/puneet/Downloads/DAiSEE/DataSet/Test/928901/9289010163/9289010163.avi,2,3,0.08938425,0.19264714,0.44800088,0.26996773
1567,/mnt/c/Users/puneet/Downloads/DAiSEE/DataSet/Test/928901/9289010166/9289010166.avi,2,2,0.08704658,0.19049999,0.4465343,0.27591914
1568,/mnt/c/Users/puneet/Downloads/DAiSEE/DataSet/Test/928901/9289010167/9289010167.avi,2,3,0.080112495,0.19081417,0.45804626,0.2710271
1569,/mnt/c/Users/puneet/Downloads/DAiSEE/DataSet/Test/928901/928901018/928901018.avi,2,3,0.0804415,0.19102892,0.45803943,0.27049017
1570,/mnt/c/Users/puneet/Downloads/DAiSEE/DataSet/Test/928901/9289010210/9289010210.avi,2,3,0.081290655,0.19158767,0.45803043,0.26909125
1571,/mnt/c/Users/puneet/Downloads/DAiSEE/DataSet/Test/928901/9289010211/9289010211.avi,2,2,0.08192626,0.19201994,0.4580511,0.2680027
1572,/mnt/c/Users/puneet/Downloads/DAiSEE/DataSet/Test/928901/9289010216/9289010216.avi,2,3,0.09401837,0.19580913,0.4481798,0.2619927
1573,/mnt/c/Users/puneet/Downloads/DAiSEE/DataSet/Test/928901/9289010221/9289010221.avi,2,3,0.10351837,0.19725548,0.43678483,0.2624413
1574,/mnt/c/Users/puneet/Downloads/DAiSEE/DataSet/Test/928901/9289010222/9289010222.avi,2,3,0.10359115,0.19730252,0.43678245,0.26232386
1575,/mnt/c/Users/puneet/Downloads/DAiSEE/DataSet/Test/928901/9289010223/9289010223.avi,2,3,0.103167154,0.19702639,0.43679243,0.26301405
1576,/mnt/c/Users/puneet/Downloads/DAiSEE/DataSet/Test/928901/9289010227/9289010227.avi,2,3,0.10257589,0.1966247,0.43677405,0.26402536
1577,/mnt/c/Users/puneet/Downloads/DAiSEE/DataSet/Test/928901/9289010229/9289010229.avi,2,3,0.100250386,0.19503869,0.4366877,0.26802322
1578,/mnt/c/Users/puneet/Downloads/DAiSEE/DataSet/Test/928901/928901023/928901023.avi,2,3,0.09970305,0.19468105,0.43669835,0.26891756
1579,/mnt/c/Users/puneet/Downloads/DAiSEE/DataSet/Test/928901/9289010230/9289010230.avi,2,3,0.08535662,0.18761522,0.4395715,0.2874567
1580,/mnt/c/Users/puneet/Downloads/DAiSEE/DataSet/Test/928901/9289010231/9289010231.avi,2,2,0.08455283,0.18707603,0.4395601,0.28881106
1581,/mnt/c/Users/puneet/Downloads/DAiSEE/DataSet/Test/928901/9289010232/9289010232.avi,2,3,0.08591714,0.18798602,0.43956956,0.28652728
1582,/mnt/c/Users/puneet/Downloads/DAiSEE/DataSet/Test/928901/9289010233/9289010233.avi,2,3,0.08761814,0.18916328,0.43966672,0.28355187
1583,/mnt/c/Users/puneet/Downloads/DAiSEE/DataSet/Test/928901/9289010235/9289010235.avi,2,3,0.08810809,0.18948387,0.43965805,0.28275
1584,/mnt/c/Users/puneet/Downloads/DAiSEE/DataSet/Test/928901/9289010242/9289010242.avi,2,3,0.10245741,0.19655158,0.43678477,0.26420623
1585,/mnt/c/Users/puneet/Downloads/DAiSEE/DataSet/Test/928901/9289010243/9289010243.avi,2,3,0.10365985,0.19735055,0.43678713,0.26220247
1586,/mnt/c/Users/puneet/Downloads/DAiSEE/DataSet/Test/928901/9289010244/9289010244.avi,2,3,0.10367164,0.19735815,0.4367867,0.2621835
1587,/mnt/c/Users/puneet/Downloads/DAiSEE/DataSet/Test/928901/9289010245/9289010245.avi,2,3,0.1042847,0.19775952,0.43677628,0.2611795
1588,/mnt/c/Users/puneet/Downloads/DAiSEE/DataSet/Test/928901/9289010248/9289010248.avi,2,3,0.10425986,0.19774345,0.43677709,0.26121962
1589,/mnt/c/Users/puneet/Downloads/DAiSEE/DataSet/Test/928901/9289010249/9289010249.avi,2,3,0.1036603,0.19735096,0.43678734,0.2622014
1590,/mnt/c/Users/puneet/Downloads/DAiSEE/DataSet/Test/928901/928901025/928901025.avi,2,3,0.10180051,0.1960954,0.4367444,0.26535967
1591,/mnt/c/Users/puneet/Downloads/DAiSEE/DataSet/Test/928901/9289010250/9289010250.avi,2,2,0.089996934,0.19260754,0.44691035,0.2704852
1592,/mnt/c/Users/puneet/Downloads/DAiSEE/DataSet/Test/928901/9289010251/9289010251.avi,2,3,0.08783105,0.19113529,0.44683996,0.2741937
1593,/mnt/c/Users/puneet/Downloads/DAiSEE/DataSet/Test/928901/9289010253/9289010253.avi,2,3,0.08737014,0.19083355,0.44684786,0.27494845
1594,/mnt/c/Users/puneet/Downloads/DAiSEE/DataSet/Test/928901/9289010254/9289010254.avi,2,2,0.087752186,0.19108497,0.4468438,0.27431905
1595,/mnt/c/Users/puneet/Downloads/DAiSEE/DataSet/Test/928901/9289010257/9289010257.avi,2,3,0.089468226,0.1922474,0.4468911,0.27139327
1596,/mnt/c/Users/puneet/Downloads/DAiSEE/DataSet/Test/928901/9289010259/9289010259.avi,2,3,0.10123656,0.19571254,0.43672636,0.26632455
1597,/mnt/c/Users/puneet/Downloads/DAiSEE/DataSet/Test/928901/928901026/928901026.avi,2,3,0.10098247,0.19552967,0.43669733,0.26679054
1598,/mnt/c/Users/puneet/Downloads/DAiSEE/DataSet/Test/928901/9289010261/9289010261.avi,2,3,0.101538114,0.19589259,0.43668628,0.26588303
1599,/mnt/c/Users/puneet/Downloads/DAiSEE/DataSet/Test/928901/9289010262/9289010262.avi,2,3,0.10171132,0.19600505,0.43668154,0.26560208
1600,/mnt/c/Users/puneet/Downloads/DAiSEE/DataSet/Test/928901/9289010263/9289010263.avi,2,2,0.10186226,0.1961028,0.43667692,0.26535803
1601,/mnt/c/Users/puneet/Downloads/DAiSEE/DataSet/Test/928901/9289010265/9289010265.avi,2,3,0.10187081,0.19610831,0.43667665,0.26534423
1602,/mnt/c/Users/puneet/Downloads/DAiSEE/DataSet/Test/928901/9289010266/9289010266.avi,2,3,0.104244195,0.19773334,0.43677762,0.26124483
1603,/mnt/c/Users/puneet/Downloads/DAiSEE/DataSet/Test/928901/9289010267/9289010267.avi,2,3,0.104213804,0.19771375,0.43677872,0.26129374
1604,/mnt/c/Users/puneet/Downloads/DAiSEE/DataSet/Test/928901/9289010268/9289010268.avi,2,3,0.10426787,0.19774866,0.43677688,0.2612066
1605,/mnt/c/Users/puneet/Downloads/DAiSEE/DataSet/Test/928901/9289010269/9289010269.avi,2,3,0.1038627,0.19748467,0.43678617,0.26186645
1606,/mnt/c/Users/puneet/Downloads/DAiSEE/DataSet/Test/928901/9289010270/9289010270.avi,2,3,0.103876755,0.19749375,0.4367857,0.2618438
1607,/mnt/c/Users/puneet/Downloads/DAiSEE/DataSet/Test/928901/9289010271/9289010271.avi,2,2,0.1038973,0.19750702,0.436785,0.26181063
1608,/mnt/c/Users/puneet/Downloads/DAiSEE/DataSet/Test/928901/9289010273/9289010273.avi,2,3,0.089559875,0.19045874,0.43973708,0.2802443
1609,/mnt/c/Users/puneet/Downloads/DAiSEE/DataSet/Test/928901/9289010274/9289010274.avi,2,3,0.07996849,0.18894237,0.4511122,0.2799769
1610,/mnt/c/Users/puneet/Downloads/DAiSEE/DataSet/Test/928901/9289010275/9289010275.avi,2,3,0.07787511,0.18749388,0.45099282,0.2836382
1611,/mnt/c/Users/puneet/Downloads/DAiSEE/DataSet/Test/928901/9289010276/9289010276.avi,2,1,0.067576244,0.1854059,0.46214402,0.28487384
1612,/mnt/c/Users/puneet/Downloads/DAiSEE/DataSet/Test/928901/9289010278/9289010278.avi,2,3,0.06639486,0.18462078,0.46214145,0.2868429
1613,/mnt/c/Users/puneet/Downloads/DAiSEE/DataSet/Test/928901/928901028/928901028.avi,2,3,0.08073072,0.19166805,0.45918947,0.2684118
1614,/mnt/c/Users/puneet/Downloads/DAiSEE/DataSet/Test/928901/928901029/928901029.avi,2,3,0.09025455,0.19314077,0.44781658,0.2687881
1615,/mnt/c/Users/puneet/Downloads/DAiSEE/DataSet/Test/940328/940328011/940328011.avi,2,3,0.08971816,0.19274588,0.4477361,0.26979983
1616,/mnt/c/Users/puneet/Downloads/DAiSEE/DataSet/Test/940328/9403280110/9403280110.avi,2,3,0.09998725,0.19481462,0.43658593,0.2686122
1617,/mnt/c/Users/puneet/Downloads/DAiSEE/DataSet/Test/940328/9403280112/9403280112.avi,2,3,0.101157635,0.19559263,0.43658885,0.2666609
1618,/mnt/c/Users/puneet/Downloads/DAiSEE/DataSet/Test/940328/9403280114/9403280114.avi,2,3,0.10052477,0.19517787,0.43659875,0.26769862
1619,/mnt/c/Users/puneet/Downloads/DAiSEE/DataSet/Test/940328/9403280115/9403280115.avi,2,2,0.09999904,0.19483337,0.43660712,0.2685605
1620,/mnt/c/Users/puneet/Downloads/DAiSEE/DataSet/Test/940328/9403280116/9403280116.avi,2,3,0.10260266,0.19665955,0.43680725,0.26393056
1621,/mnt/c/Users/puneet/Downloads/DAiSEE/DataSet/Test/940328/9403280117/9403280117.avi,2,3,0.102504395,0.19659588,0.4368102,0.26408952
1622,/mnt/c/Users/puneet/Downloads/DAiSEE/DataSet/Test/940328/940328012/940328012.avi,2,3,0.09298747,0.19513147,0.44819093,0.26369014
1623,/mnt/c/Users/puneet/Downloads/DAiSEE/DataSet/Test/940328/9403280126/9403280126.avi,2,3,0.093591884,0.19552787,0.448182,0.2626983
1624,/mnt/c/Users/puneet/Downloads/DAiSEE/DataSet/Test/940328/9403280129/9403280129.avi,2,3,0.09219461,0.19456899,0.44811895,0.26511744
1625,/mnt/c/Users/puneet/Downloads/DAiSEE/DataSet/Test/940328/9403280132/9403280132.avi,2,3,0.09251256,0.19477686,0.44811296,0.26459762
1626,/mnt/c/Users/puneet/Downloads/DAiSEE/DataSet/Test/940328/9403280134/9403280134.avi,2,2,0.091119684,0.19384141,0.44809076,0.26694816
1627,/mnt/c/Users/puneet/Downloads/DAiSEE/DataSet/Test/940328/9403280136/9403280136.avi,2,3,0.09948208,0.19453864,0.4367077,0.26927158
1628,/mnt/c/Users/puneet/Downloads/DAiSEE/DataSet/Test/940328/9403280138/9403280138.avi,2,2,0.09909724,0.19428758,0.43671596,0.26989922
1629,/mnt/c/Users/puneet/Downloads/DAiSEE/DataSet/Test/940328/940328014/940328014.avi,2,3,0.09815238,0.19360216,0.43659633,0.27164915
1630,/mnt/c/Users/puneet/Downloads/DAiSEE/DataSet/Test/940328/9403280140/9403280140.avi,2,2,0.09814374,0.19359656,0.43659657,0.27166313
1631,/mnt/c/Users/puneet/Downloads/DAiSEE/DataSet/Test/940328/9403280143/9403280143.avi,2,2,0.09881581,0.1940557,0.4366226,0.2705059
1632,/mnt/c/Users/puneet/Downloads/DAiSEE/DataSet/Test/940328/9403280145/9403280145.avi,2,2,0.0998847,0.19476743,0.4366275,0.26872036
1633,/mnt/c/Users/puneet/Downloads/DAiSEE/DataSet/Test/940328/9403280146/9403280146.avi,2,2,0.09828119,0.19367011,0.43656123,0.27148747
1634,/mnt/c/Users/puneet/Downloads/DAiSEE/DataSet/Test/940328/9403280147/9403280147.avi,2,3,0.09921162,0.1943453,0.4366795,0.26976356
1635,/mnt/c/Users/puneet/Downloads/DAiSEE/DataSet/Test/940328/9403280149/9403280149.avi,2,3,0.0987451,0.19403908,0.43668595,0.27052987
1636,/mnt/c/Users/puneet/Downloads/DAiSEE/DataSet/Test/940328/9403280150/9403280150.avi,2,3,0.099176966,0.19432643,0.4366875,0.2698091
1637,/mnt/c/Users/puneet/Downloads/DAiSEE/DataSet/Test/940328/9403280151/9403280151.avi,2,2,0.09886507,0.19412252,0.43669334,0.27031907
1638,/mnt/c/Users/puneet/Downloads/DAiSEE/DataSet/Test/940328/9403280152/9403280152.avi,2,2,0.10067127,0.19535264,0.43675637,0.2672197
1639,/mnt/c/Users/puneet/Downloads/DAiSEE/DataSet/Test/940328/9403280155/9403280155.avi,2,3,0.09211249,0.19439848,0.44785234,0.26563668
1640,/mnt/c/Users/puneet/Downloads/DAiSEE/DataSet/Test/940328/9403280156/9403280156.avi,2,3,0.09245943,0.19462685,0.4478488,0.2650649
1641,/mnt/c/Users/puneet/Downloads/DAiSEE/DataSet/Test/940328/9403280157/9403280157.avi,2,2,0.09097704,0.19361527,0.44779333,0.26761436
1642,/mnt/c/Users/puneet/Downloads/DAiSEE/DataSet/Test/940328/9403280159/9403280159.avi,2,3,0.090990335,0.19362402,0.4477932,0.26759246
1643,/mnt/c/Users/puneet/Downloads/DAiSEE/DataSet/Test/940328/940328016/940328016.avi,2,3,0.088725984,0.19206469,0.44767892,0.2715304
1644,/mnt/c/Users/puneet/Downloads/DAiSEE/DataSet/Test/940328/9403280164/9403280164.avi,2,3,0.097623564,0.1932574,0.43661055,0.27250847
1645,/mnt/c/Users/puneet/Downloads/DAiSEE/DataSet/Test/940328/9403280165/9403280165.avi,2,2,0.096812986,0.19271785,0.43660718,0.27386197
1646,/mnt/c/Users/puneet/Downloads/DAiSEE/DataSet/Test/940328/9403280167/9403280167.avi,2,3,0.097123094,0.19293542,0.43663082,0.27331066
1647,/mnt/c/Users/puneet/Downloads/DAiSEE/DataSet/Test/940328/940328017/940328017.avi,2,3,0.09742293,0.19313139,0.43662506,0.27282062
1648,/mnt/c/Users/puneet/Downloads/DAiSEE/DataSet/Test/940328/940328018/940328018.avi,2,3,0.09978206,0.19475237,0.43673697,0.2687286
1649,/mnt/c/Users/puneet/Downloads/DAiSEE/DataSet/Test/940328/9403280212/9403280212.avi,2,3,0.10124906,0.19574198,0.43676904,0.2662399
1650,/mnt/c/Users/puneet/Downloads/DAiSEE/DataSet/Test/940328/9403280213/9403280213.avi,2,2,0.10224044,0.19639906,0.43676767,0.26459283
1651,/mnt/c/Users/puneet/Downloads/DAiSEE/DataSet/Test/940328/9403280217/9403280217.avi,2,2,0.103114344,0.19699517,0.43679973,0.26309076
1652,/mnt/c/Users/puneet/Downloads/DAiSEE/DataSet/Test/940328/9403280218/9403280218.avi,2,2,0.10314865,0.19701742,0.43679872,0.2630352
1653,/mnt/c/Users/puneet/Downloads/DAiSEE/DataSet/Test/940328/9403280219/9403280219.avi,2,2,0.10297785,0.1969061,0.4368026,0.26331344
1654,/mnt/c/Users/puneet/Downloads/DAiSEE/DataSet/Test/940328/940328022/940328022.avi,2,3,0.100904986,0.19548717,0.43671548,0.26689234
1655,/mnt/c/Users/puneet/Downloads/DAiSEE/DataSet/Test/940328/9403280227/9403280227.avi,2,2,0.09153349,0.19412999,0.4481189,0.26621762
1656,/mnt/c/Users/puneet/Downloads/DAiSEE/DataSet/Test/940328/9403280229/9403280229.avi,2,3,0.091712624,0.19424914,0.44811946,0.2659188
1657,/mnt/c/Users/puneet/Downloads/DAiSEE/DataSet/Test/940328/9403280234/9403280234.avi,2,3,0.09079878,0.19364396,0.4481217,0.26743558
1658,/mnt/c/Users/puneet/Downloads/DAiSEE/DataSet/Test/940328/9403280235/9403280235.avi,2,2,0.09099891,0.1937743,0.448117,0.2671098
1659,/mnt/c/Users/puneet/Downloads/DAiSEE/DataSet/Test/940328/9403280236/9403280236.avi,2,2,0.09281193,0.19502296,0.44820824,0.26395687
1660,/mnt/c/Users/puneet/Downloads/DAiSEE/DataSet/Test/940328/9403280238/9403280238.avi,2,2,0.09282121,0.19502996,0.44820997,0.26393884
1661,/mnt/c/Users/puneet/Downloads/DAiSEE/DataSet/Test/940328/9403280241/9403280241.avi,2,3,0.092969306,0.19512768,0.44820893,0.26369408
1662,/mnt/c/Users/puneet/Downloads/DAiSEE/DataSet/Test/940328/9403280243/9403280243.avi,2,3,0.093618356,0.19556025,0.4482126,0.2626088
1663,/mnt/c/Users/puneet/Downloads/DAiSEE/DataSet/Test/940328/9403280245/9403280245.avi,2,3,0.09256534,0.19486016,0.44820985,0.26436463
1664,/mnt/c/Users/puneet/Downloads/DAiSEE/DataSet/Test/940328/9403280246/9403280246.avi,2,3,0.08329599,0.193537,0.45954245,0.26362455
1665,/mnt/c/Users/puneet/Downloads/DAiSEE/DataSet/Test/940328/9403280247/9403280247.avi,2,2,0.083212614,0.1934739,0.45952615,0.26378733
1666,/mnt/c/Users/puneet/Downloads/DAiSEE/DataSet/Test/940328/9403280249/9403280249.avi,2,3,0.083334975,0.19355413,0.45952427,0.2635866
1667,/mnt/c/Users/puneet/Downloads/DAiSEE/DataSet/Test/940328/9403280250/9403280250.avi,2,2,0.08285253,0.19323389,0.4595241,0.2643895
1668,/mnt/c/Users/puneet/Downloads/DAiSEE/DataSet/Test/940328/9403280251/9403280251.avi,2,2,0.08321284,0.19347742,0.4595328,0.26377696
1669,/mnt/c/Users/puneet/Downloads/DAiSEE/DataSet/Test/940328/9403280254/9403280254.avi,2,3,0.092417635,0.19475797,0.44820058,0.26462382
1670,/mnt/c/Users/puneet/Downloads/DAiSEE/DataSet/Test/940328/9403280255/9403280255.avi,2,3,0.09210856,0.19451821,0.44812652,0.26524672
1671,/mnt/c/Users/puneet/Downloads/DAiSEE/DataSet/Test/940328/9403280256/9403280256.avi,2,3,0.08197951,0.19252156,0.45923057,0.26626837
1672,/mnt/c/Users/puneet/Downloads/DAiSEE/DataSet/Test/940328/9403280259/9403280259.avi,2,3,0.08272716,0.19301468,0.45922488,0.2650333
1673,/mnt/c/Users/puneet/Downloads/DAiSEE/DataSet/Test/940328/9403280260/9403280260.avi,2,3,0.07394536,0.192032,0.4705936,0.26342905
1674,/mnt/c/Users/puneet/Downloads/DAiSEE/DataSet/Test/940328/9403280262/9403280262.avi,2,3,0.07434953,0.19229673,0.47058696,0.2627668
1675,/mnt/c/Users/puneet/Downloads/DAiSEE/DataSet/Test/940328/9403280265/9403280265.avi,2,3,0.083272986,0.193401,0.45927745,0.26404858
1676,/mnt/c/Users/puneet/Downloads/DAiSEE/DataSet/Test/940328/9403280266/9403280266.avi,2,3,0.09242766,0.19474554,0.44816247,0.26466432
1677,/mnt/c/Users/puneet/Downloads/DAiSEE/DataSet/Test/940328/9403280271/9403280271.avi,2,1,0.08947317,0.19269,0.44796893,0.2698679
1678,/mnt/c/Users/puneet/Downloads/DAiSEE/DataSet/Test/940328/9403280272/9403280272.avi,2,3,0.09762224,0.1932422,0.43657935,0.27255622
1679,/mnt/c/Users/puneet/Downloads/DAiSEE/DataSet/Test/940328/9403280273/9403280273.avi,2,2,0.097411126,0.19310458,0.43658403,0.27290025
1680,/mnt/c/Users/puneet/Downloads/DAiSEE/DataSet/Test/940328/9403280277/9403280277.avi,2,3,0.09815645,0.19359767,0.43658122,0.27166465
1681,/mnt/c/Users/puneet/Downloads/DAiSEE/DataSet/Test/940328/9403280279/9403280279.avi,2,3,0.09749581,0.19313797,0.4365387,0.2728275
1682,/mnt/c/Users/puneet/Downloads/DAiSEE/DataSet/Test/987736/9877360111/9877360111.avi,2,3,0.09985485,0.19480222,0.43673956,0.26860335
1683,/mnt/c/Users/puneet/Downloads/DAiSEE/DataSet/Test/987736/9877360113/9877360113.avi,2,2,0.099233046,0.19436638,0.436693,0.26970756
1684,/mnt/c/Users/puneet/Downloads/DAiSEE/DataSet/Test/987736/9877360114/9877360114.avi,2,3,0.09700104,0.19282298,0.43656757,0.2736084
1685,/mnt/c/Users/puneet/Downloads/DAiSEE/DataSet/Test/987736/9877360115/9877360115.avi,2,3,0.09580646,0.19202407,0.4365552,0.27561426
1686,/mnt/c/Users/puneet/Downloads/DAiSEE/DataSet/Test/987736/9877360116/9877360116.avi,2,2,0.097220875,0.19299088,0.43661135,0.2731769
1687,/mnt/c/Users/puneet/Downloads/DAiSEE/DataSet/Test/987736/9877360117/9877360117.avi,2,2,0.097137034,0.19293489,0.43661064,0.27331746
1688,/mnt/c/Users/puneet/Downloads/DAiSEE/DataSet/Test/987736/9877360120/9877360120.avi,2,1,0.086818606,0.19022581,0.44618994,0.27676567
1689,/mnt/c/Users/puneet/Downloads/DAiSEE/DataSet/Test/987736/9877360121/9877360121.avi,2,2,0.08894813,0.19170187,0.4463167,0.27303332
1690,/mnt/c/Users/puneet/Downloads/DAiSEE/DataSet/Test/987736/9877360124/9877360124.avi,2,3,0.09024062,0.19256426,0.4463262,0.27086893
1691,/mnt/c/Users/puneet/Downloads/DAiSEE/DataSet/Test/987736/9877360125/9877360125.avi,2,3,0.09039977,0.19266902,0.44632456,0.27060667
1692,/mnt/c/Users/puneet/Downloads/DAiSEE/DataSet/Test/987736/9877360126/9877360126.avi,2,3,0.09090537,0.19300333,0.4463223,0.269769
1693,/mnt/c/Users/puneet/Downloads/DAiSEE/DataSet/Test/987736/9877360127/9877360127.avi,2,2,0.10312428,0.19700493,0.43680578,0.263065
1694,/mnt/c/Users/puneet/Downloads/DAiSEE/DataSet/Test/987736/9877360128/9877360128.avi,2,3,0.103420645,0.1971987,0.43680024,0.26258042
1695,/mnt/c/Users/puneet/Downloads/DAiSEE/DataSet/Test/987736/9877360130/9877360130.avi,2,2,0.10345473,0.19722073,0.4367991,0.26252544
1696,/mnt/c/Users/puneet/Downloads/DAiSEE/DataSet/Test/987736/9877360131/9877360131.avi,2,3,0.103563435,0.1972918,0.4367971,0.26234764
1697,/mnt/c/Users/puneet/Downloads/DAiSEE/DataSet/Test/987736/9877360132/9877360132.avi,2,2,0.10371654,0.19739145,0.43679336,0.26209864
1698,/mnt/c/Users/puneet/Downloads/DAiSEE/DataSet/Test/987736/9877360133/9877360133.avi,2,0,0.09065586,0.19235487,0.44485158,0.2721377
1699,/mnt/c/Users/puneet/Downloads/DAiSEE/DataSet/Test/987736/9877360134/9877360134.avi,2,3,0.090469584,0.1922334,0.44485566,0.27244136
1700,/mnt/c/Users/puneet/Downloads/DAiSEE/DataSet/Test/987736/9877360135/9877360135.avi,2,2,0.09046571,0.1922309,0.44485578,0.27244762
1701,/mnt/c/Users/puneet/Downloads/DAiSEE/DataSet/Test/987736/9877360138/9877360138.avi,2,2,0.08985004,0.19182332,0.44485763,0.273469
1702,/mnt/c/Users/puneet/Downloads/DAiSEE/DataSet/Test/987736/987736014/987736014.avi,2,3,0.07964507,0.18979554,0.45600462,0.2745548
1703,/mnt/c/Users/puneet/Downloads/DAiSEE/DataSet/Test/987736/9877360140/9877360140.avi,2,3,0.09241787,0.19464383,0.4479516,0.2649867
1704,/mnt/c/Users/puneet/Downloads/DAiSEE/DataSet/Test/987736/9877360141/9877360141.avi,2,3,0.092325196,0.19458297,0.4479529,0.26513895
1705,/mnt/c/Users/puneet/Downloads/DAiSEE/DataSet/Test/987736/9877360143/9877360143.avi,2,3,0.09212979,0.19445619,0.44795838,0.26545563
1706,/mnt/c/Users/puneet/Downloads/DAiSEE/DataSet/Test/987736/9877360147/9877360147.avi,2,3,0.09264602,0.19479874,0.4479584,0.26459685
1707,/mnt/c/Users/puneet/Downloads/DAiSEE/DataSet/Test/987736/9877360149/9877360149.avi,2,3,0.10247393,0.1965798,0.4368181,0.26412818
1708,/mnt/c/Users/puneet/Downloads/DAiSEE/DataSet/Test/987736/987736015/987736015.avi,2,2,0.08956216,0.19154152,0.44454288,0.2743534
1709,/mnt/c/Users/puneet/Downloads/DAiSEE/DataSet/Test/987736/9877360151/9877360151.avi,2,3,0.07662682,0.18648708,0.4522658,0.2846203
1710,/mnt/c/Users/puneet/Downloads/DAiSEE/DataSet/Test/987736/9877360152/9877360152.avi,2,3,0.07675243,0.18656872,0.45226252,0.28441632
1711,/mnt/c/Users/puneet/Downloads/DAiSEE/DataSet/Test/987736/9877360154/9877360154.avi,2,2,0.07667802,0.18651986,0.45226353,0.2845386
1712,/mnt/c/Users/puneet/Downloads/DAiSEE/DataSet/Test/987736/9877360156/9877360156.avi,2,3,0.07641431,0.18634462,0.45226303,0.28497803
1713,/mnt/c/Users/puneet/Downloads/DAiSEE/DataSet/Test/987736/9877360157/9877360157.avi,2,1,0.08969878,0.1916262,0.44453055,0.27414447
1714,/mnt/c/Users/puneet/Downloads/DAiSEE/DataSet/Test/987736/9877360158/9877360158.avi,2,3,0.10288827,0.19684684,0.43680298,0.26346192
1715,/mnt/c/Users/puneet/Downloads/DAiSEE/DataSet/Test/987736/9877360159/9877360159.avi,2,3,0.10289776,0.196853,0.4368027,0.26344654
1716,/mnt/c/Users/puneet/Downloads/DAiSEE/DataSet/Test/987736/987736016/987736016.avi,2,3,0.090805225,0.19286929,0.4461325,0.27019298
1717,/mnt/c/Users/puneet/Downloads/DAiSEE/DataSet/Test/987736/9877360163/9877360163.avi,2,2,0.08965637,0.19207959,0.44607818,0.27218586
1718,/mnt/c/Users/puneet/Downloads/DAiSEE/DataSet/Test/987736/9877360164/9877360164.avi,2,3,0.089256965,0.1918187,0.44608608,0.27283826
1719,/mnt/c/Users/puneet/Downloads/DAiSEE/DataSet/Test/987736/9877360165/9877360165.avi,2,3,0.08927061,0.19182755,0.44608572,0.27281612
1720,/mnt/c/Users/puneet/Downloads/DAiSEE/DataSet/Test/987736/9877360166/9877360166.avi,2,3,0.0893139,0.19185556,0.44608435,0.27274618
1721,/mnt/c/Users/puneet/Downloads/DAiSEE/DataSet/Test/987736/9877360168/9877360168.avi,2,3,0.09146273,0.19397554,0.4478815,0.26668024
1722,/mnt/c/Users/puneet/Downloads/DAiSEE/DataSet/Test/987736/9877360169/9877360169.avi,2,1,0.080219194,0.19438477,0.46631357,0.25908247
1723,/mnt/c/Users/puneet/Downloads/DAiSEE/DataSet/Test/987736/987736017/987736017.avi,2,2,0.08008129,0.19429351,0.46631405,0.25931114
1724,/mnt/c/Users/puneet/Downloads/DAiSEE/DataSet/Test/987736/9877360170/9877360170.avi,2,3,0.07923706,0.19373389,0.46631506,0.260714
1725,/mnt/c/Users/puneet/Downloads/DAiSEE/DataSet/Test/987736/9877360172/9877360172.avi,2,1,0.06959662,0.19217387,0.4776668,0.26056272
1726,/mnt/c/Users/puneet/Downloads/DAiSEE/DataSet/Test/987736/9877360173/9877360173.avi,2,2,0.06989785,0.19242391,0.47777894,0.25989932
1727,/mnt/c/Users/puneet/Downloads/DAiSEE/DataSet/Test/987736/9877360174/9877360174.avi,2,3,0.070732675,0.18926615,0.46898943,0.27101174
1728,/mnt/c/Users/puneet/Downloads/DAiSEE/DataSet/Test/987736/9877360175/9877360175.avi,2,2,0.07004828,0.18880424,0.46897423,0.27217326
1729,/mnt/c/Users/puneet/Downloads/DAiSEE/DataSet/Test/987736/9877360177/9877360177.avi,2,3,0.07090731,0.18937348,0.4689728,0.2707464
1730,/mnt/c/Users/puneet/Downloads/DAiSEE/DataSet/Test/987736/987736018/987736018.avi,2,2,0.078023784,0.18919958,0.45750174,0.2752749
1731,/mnt/c/Users/puneet/Downloads/DAiSEE/DataSet/Test/987736/9877360180/9877360180.avi,2,3,0.0753905,0.18661344,0.45531467,0.2826814
1732,/mnt/c/Users/puneet/Downloads/DAiSEE/DataSet/Test/987736/9877360181/9877360181.avi,2,3,0.077216804,0.18840355,0.45679566,0.27758396
1733,/mnt/c/Users/puneet/Downloads/DAiSEE/DataSet/Test/987736/9877360182/9877360182.avi,2,2,0.07707491,0.18830588,0.45678872,0.27783048
1734,/mnt/c/Users/puneet/Downloads/DAiSEE/DataSet/Test/987736/9877360183/9877360183.avi,2,3,0.07573172,0.18740535,0.45677036,0.28009257
1735,/mnt/c/Users/puneet/Downloads/DAiSEE/DataSet/Test/987736/9877360184/9877360184.avi,2,3,0.068877265,0.18777955,0.46829733,0.27504584
1736,/mnt/c/Users/puneet/Downloads/DAiSEE/DataSet/Test/987736/9877360185/9877360185.avi,2,2,0.078764886,0.19031566,0.4590855,0.27183396
1737,/mnt/c/Users/puneet/Downloads/DAiSEE/DataSet/Test/987736/9877360210/9877360210.avi,2,3,0.089065924,0.19243963,0.44801196,0.27048248
1738,/mnt/c/Users/puneet/Downloads/DAiSEE/DataSet/Test/987736/9877360212/9877360212.avi,2,3,0.09046161,0.19337209,0.4480247,0.26814163
1739,/mnt/c/Users/puneet/Downloads/DAiSEE/DataSet/Test/987736/9877360213/9877360213.avi,2,2,0.09168826,0.19419676,0.44804588,0.26606908
1740,/mnt/c/Users/puneet/Downloads/DAiSEE/DataSet/Test/987736/9877360215/9877360215.avi,2,3,0.09004451,0.19282112,0.44739702,0.26973736
1741,/mnt/c/Users/puneet/Downloads/DAiSEE/DataSet/Test/987736/9877360217/9877360217.avi,2,2,0.092826046,0.19474114,0.44754776,0.26488504
1742,/mnt/c/Users/puneet/Downloads/DAiSEE/DataSet/Test/987736/987736022/987736022.avi,2,2,0.09266478,0.19463581,0.44755098,0.26514843
1743,/mnt/c/Users/puneet/Downloads/DAiSEE/DataSet/Test/987736/9877360221/9877360221.avi,2,3,0.09253057,0.19454885,0.44755495,0.26536563
1744,/mnt/c/Users/puneet/Downloads/DAiSEE/DataSet/Test/987736/9877360223/9877360223.avi,2,3,0.09230432,0.19440036,0.4475581,0.2657372
1745,/mnt/c/Users/puneet/Downloads/DAiSEE/DataSet/Test/987736/9877360225/9877360225.avi,2,3,0.103238545,0.19707878,0.436802,0.26288068
1746,/mnt/c/Users/puneet/Downloads/DAiSEE/DataSet/Test/987736/9877360226/9877360226.avi,2,3,0.10300444,0.19692683,0.4368085,0.26326022
1747,/mnt/c/Users/puneet/Downloads/DAiSEE/DataSet/Test/987736/9877360227/9877360227.avi,2,3,0.103255495,0.19709046,0.43680283,0.2628512
1748,/mnt/c/Users/puneet/Downloads/DAiSEE/DataSet/Test/987736/9877360228/9877360228.avi,2,2,0.10342885,0.1972027,0.4367975,0.26257095
1749,/mnt/c/Users/puneet/Downloads/DAiSEE/DataSet/Test/987736/9877360229/9877360229.avi,2,2,0.103885986,0.19750106,0.43678796,0.261825
1750,/mnt/c/Users/puneet/Downloads/DAiSEE/DataSet/Test/987736/9877360231/9877360231.avi,2,3,0.10392109,0.19752382,0.43678695,0.26176813
1751,/mnt/c/Users/puneet/Downloads/DAiSEE/DataSet/Test/987736/9877360232/9877360232.avi,2,3,0.10369263,0.19737388,0.43679014,0.26214334
1752,/mnt/c/Users/puneet/Downloads/DAiSEE/DataSet/Test/987736/9877360234/9877360234.avi,2,3,0.10376759,0.19742236,0.43678772,0.26202235
1753,/mnt/c/Users/puneet/Downloads/DAiSEE/DataSet/Test/987736/9877360238/9877360238.avi,2,3,0.10374223,0.197406,0.43678862,0.26206318
1754,/mnt/c/Users/puneet/Downloads/DAiSEE/DataSet/Test/987736/9877360239/9877360239.avi,2,3,0.10373069,0.19739854,0.436789,0.26208177
1755,/mnt/c/Users/puneet/Downloads/DAiSEE/DataSet/Test/987736/987736024/987736024.avi,2,2,0.103484794,0.19723827,0.43679452,0.2624824
1756,/mnt/c/Users/puneet/Downloads/DAiSEE/DataSet/Test/987736/9877360240/9877360240.avi,2,3,0.103950836,0.19754238,0.4367847,0.26172206
1757,/mnt/c/Users/puneet/Downloads/DAiSEE/DataSet/Test/987736/9877360241/9877360241.avi,2,3,0.103959695,0.1975481,0.43678442,0.2617078
1758,/mnt/c/Users/puneet/Downloads/DAiSEE/DataSet/Test/987736/9877360242/9877360242.avi,2,2,0.10382605,0.19746155,0.43678847,0.2619239
1759,/mnt/c/Users/puneet/Downloads/DAiSEE/DataSet/Test/987736/9877360247/9877360247.avi,2,3,0.09183634,0.19376679,0.44673222,0.26766464
1760,/mnt/c/Users/puneet/Downloads/DAiSEE/DataSet/Test/987736/9877360248/9877360248.avi,2,3,0.09166191,0.19365194,0.44673395,0.2679522
1761,/mnt/c/Users/puneet/Downloads/DAiSEE/DataSet/Test/987736/987736025/987736025.avi,2,3,0.09124177,0.19337808,0.44674337,0.2686368
1762,/mnt/c/Users/puneet/Downloads/DAiSEE/DataSet/Test/987736/9877360250/9877360250.avi,2,2,0.0911871,0.19334275,0.4467452,0.26872495
1763,/mnt/c/Users/puneet/Downloads/DAiSEE/DataSet/Test/987736/9877360252/9877360252.avi,2,2,0.09118763,0.1933431,0.4467452,0.26872408
1764,/mnt/c/Users/puneet/Downloads/DAiSEE/DataSet/Test/987736/9877360253/9877360253.avi,2,3,0.10317301,0.19703506,0.43680158,0.26299036
1765,/mnt/c/Users/puneet/Downloads/DAiSEE/DataSet/Test/987736/9877360254/9877360254.avi,2,3,0.10355947,0.19728823,0.4367953,0.262357
1766,/mnt/c/Users/puneet/Downloads/DAiSEE/DataSet/Test/987736/9877360256/9877360256.avi,2,1,0.10390428,0.1975134,0.43678835,0.261794
1767,/mnt/c/Users/puneet/Downloads/DAiSEE/DataSet/Test/987736/9877360258/9877360258.avi,2,2,0.102670915,0.1966914,0.4367811,0.2638566
1768,/mnt/c/Users/puneet/Downloads/DAiSEE/DataSet/Test/987736/9877360259/9877360259.avi,2,2,0.102723315,0.1967254,0.43677962,0.26377168
1769,/mnt/c/Users/puneet/Downloads/DAiSEE/DataSet/Test/987736/9877360261/9877360261.avi,2,3,0.09118131,0.19349194,0.4471561,0.26817065
1770,/mnt/c/Users/puneet/Downloads/DAiSEE/DataSet/Test/987736/9877360262/9877360262.avi,2,3,0.09108084,0.19342658,0.4471586,0.268334
1771,/mnt/c/Users/puneet/Downloads/DAiSEE/DataSet/Test/987736/9877360264/9877360264.avi,2,3,0.09109246,0.19343409,0.44715825,0.2683152
1772,/mnt/c/Users/puneet/Downloads/DAiSEE/DataSet/Test/987736/987736027/987736027.avi,2,3,0.092224896,0.19419065,0.4471684,0.26641604
1773,/mnt/c/Users/puneet/Downloads/DAiSEE/DataSet/Test/987736/9877360270/9877360270.avi,2,1,0.09127134,0.19355832,0.44716907,0.26800126
1774,/mnt/c/Users/puneet/Downloads/DAiSEE/DataSet/Test/987736/9877360271/9877360271.avi,2,2,0.10227604,0.19644015,0.436802,0.2644818
1775,/mnt/c/Users/puneet/Downloads/DAiSEE/DataSet/Test/987736/9877360273/9877360273.avi,2,3,0.10224525,0.19642004,0.43680263,0.26453206
1776,/mnt/c/Users/puneet/Downloads/DAiSEE/DataSet/Test/987736/9877360279/9877360279.avi,2,2,0.10227085,0.19643661,0.43680182,0.26449072
1777,/mnt/c/Users/puneet/Downloads/DAiSEE/DataSet/Test/987736/987736028/987736028.avi,2,2,0.10219842,0.19638944,0.43680355,0.2646086
1778,/mnt/c/Users/puneet/Downloads/DAiSEE/DataSet/Test/987736/9877360281/9877360281.avi,2,3,0.103166625,0.19703127,0.43680242,0.26299968
1779,/mnt/c/Users/puneet/Downloads/DAiSEE/DataSet/Test/987736/987736029/987736029.avi,2,3,0.10346838,0.19722986,0.43679926,0.2625025
1780,/mnt/c/Users/puneet/Downloads/DAiSEE/DataSet/Test/998826/998826011/998826011.avi,2,3,0.10122868,0.19568582,0.43668288,0.2664026
1781,/mnt/c/Users/puneet/Downloads/DAiSEE/DataSet/Test/998826/9988260112/9988260112.avi,2,3,0.10079597,0.19540317,0.43669146,0.26710942
1782,/mnt/c/Users/puneet/Downloads/DAiSEE/DataSet/Test/998826/9988260115/9988260115.avi,2,3,0.10095932,0.19550931,0.43668714,0.2668442
1783,/mnt/c/Users/puneet/Downloads/DAiSEE/DataSet/Test/998826/9988260119/9988260119.avi,2,2,0.100689314,0.19533332,0.43669322,0.26728415
