clip_id,clip_path,pred_engagement,true_engagement,prob_class_0,prob_class_1,prob_class_2,prob_class_3
0,/mnt/c/Users/puneet/Downloads/DAiSEE/DataSet/Test/500044/5000441001/5000441001.avi,0,2,0.47700238,0.16065845,0.09019612,0.27214304
1,/mnt/c/Users/puneet/Downloads/DAiSEE/DataSet/Test/500044/5000441002/5000441002.avi,0,2,0.45987365,0.17571425,0.090232596,0.2741795
2,/mnt/c/Users/puneet/Downloads/DAiSEE/DataSet/Test/500044/5000441003/5000441003.avi,0,2,0.46652135,0.17333345,0.08947201,0.2706732
3,/mnt/c/Users/puneet/Downloads/DAiSEE/DataSet/Test/500044/5000441005/5000441005.avi,0,2,0.46896958,0.16980541,0.09023587,0.27098915
4,/mnt/c/Users/puneet/Downloads/DAiSEE/DataSet/Test/500044/5000441006/5000441006.avi,0,2,0.4653565,0.17110606,0.090088554,0.2734489
5,/mnt/c/Users/puneet/Downloads/DAiSEE/DataSet/Test/500044/5000441007/5000441007.avi,0,2,0.46196374,0.17234191,0.08961923,0.2760751
6,/mnt/c/Users/puneet/Downloads/DAiSEE/DataSet/Test/500044/5000441008/5000441008.avi,0,2,0.46438813,0.1707439,0.091421254,0.2734467
7,/mnt/c/Users/puneet/Downloads/DAiSEE/DataSet/Test/500044/5000441009/5000441009.avi,0,3,0.46213433,0.17242028,0.09062882,0.27481657
8,/mnt/c/Users/puneet/Downloads/DAiSEE/DataSet/Test/500044/5000441010/5000441010.avi,0,2,0.46346307,0.17140596,0.09022283,0.27490816
9,/mnt/c/Users/puneet/Downloads/DAiSEE/DataSet/Test/500044/5000441012/5000441012.avi,0,2,0.46078953,0.1707986,0.09291027,0.27550158
10,/mnt/c/Users/puneet/Downloads/DAiSEE/DataSet/Test/500044/5000441013/5000441013.avi,0,2,0.46087572,0.17185748,0.090512596,0.2767542
11,/mnt/c/Users/puneet/Downloads/DAiSEE/DataSet/Test/500044/5000441014/5000441014.avi,0,2,0.44889337,0.1780292,0.09673433,0.2763431
12,/mnt/c/Users/puneet/Downloads/DAiSEE/DataSet/Test/500044/5000441015/5000441015.avi,0,2,0.46395686,0.17104761,0.08977626,0.27521926
13,/mnt/c/Users/puneet/Downloads/DAiSEE/DataSet/Test/500044/5000441016/5000441016.avi,0,3,0.4648741,0.17022307,0.08958139,0.27532142
14,/mnt/c/Users/puneet/Downloads/DAiSEE/DataSet/Test/500044/5000441017/5000441017.avi,0,2,0.46334234,0.1715123,0.089130096,0.27601525
15,/mnt/c/Users/puneet/Downloads/DAiSEE/DataSet/Test/500044/5000441018/5000441018.avi,0,3,0.46277577,0.17213692,0.08967604,0.2754113
16,/mnt/c/Users/puneet/Downloads/DAiSEE/DataSet/Test/500044/5000441021/5000441021.avi,0,3,0.46250328,0.17017272,0.09106285,0.27626112
17,/mnt/c/Users/puneet/Downloads/DAiSEE/DataSet/Test/500044/5000441022/5000441022.avi,0,2,0.46520153,0.17149852,0.089422,0.27387795
18,/mnt/c/Users/puneet/Downloads/DAiSEE/DataSet/Test/500044/5000441023/5000441023.avi,0,3,0.4628842,0.17199984,0.0905031,0.27461287
19,/mnt/c/Users/puneet/Downloads/DAiSEE/DataSet/Test/500044/5000441024/5000441024.avi,0,1,0.46399957,0.17113368,0.08998093,0.27488583
20,/mnt/c/Users/puneet/Downloads/DAiSEE/DataSet/Test/500044/5000441027/5000441027.avi,0,3,0.4643829,0.17111418,0.090664506,0.27383843
21,/mnt/c/Users/puneet/Downloads/DAiSEE/DataSet/Test/500044/5000441030/5000441030.avi,0,2,0.46360737,0.1715245,0.08969467,0.2751735
22,/mnt/c/Users/puneet/Downloads/DAiSEE/DataSet/Test/500044/5000441031/5000441031.avi,0,2,0.46468377,0.17078188,0.09008523,0.2744491
23,/mnt/c/Users/puneet/Downloads/DAiSEE/DataSet/Test/500044/5000441032/5000441032.avi,0,2,0.4598884,0.17240964,0.09010632,0.27759564
24,/mnt/c/Users/puneet/Downloads/DAiSEE/DataSet/Test/500044/5000441033/5000441033.avi,0,2,0.46581194,0.17052047,0.09037819,0.27328938
25,/mnt/c/Users/puneet/Downloads/DAiSEE/DataSet/Test/500044/5000441034/5000441034.avi,0,2,0.44528547,0.18164487,0.09665247,0.27641717
26,/mnt/c/Users/puneet/Downloads/DAiSEE/DataSet/Test/500044/5000441035/5000441035.avi,0,3,0.45263997,0.17747718,0.091063894,0.27881894
27,/mnt/c/Users/puneet/Downloads/DAiSEE/DataSet/Test/500044/5000441037/5000441037.avi,0,2,0.46605894,0.1690873,0.08984522,0.27500856
28,/mnt/c/Users/puneet/Downloads/DAiSEE/DataSet/Test/500044/5000441038/5000441038.avi,0,3,0.45740694,0.17337784,0.09346987,0.27574536
29,/mnt/c/Users/puneet/Downloads/DAiSEE/DataSet/Test/500044/5000441039/5000441039.avi,0,3,0.45975766,0.1717967,0.0930486,0.27539703
30,/mnt/c/Users/puneet/Downloads/DAiSEE/DataSet/Test/500044/5000441040/5000441040.avi,0,3,0.46607614,0.17194022,0.09014488,0.27183875
31,/mnt/c/Users/puneet/Downloads/DAiSEE/DataSet/Test/500044/5000441041/5000441041.avi,0,3,0.46208033,0.17136191,0.08992863,0.27662915
32,/mnt/c/Users/puneet/Downloads/DAiSEE/DataSet/Test/500044/5000441042/5000441042.avi,0,2,0.46302828,0.16858894,0.09275145,0.27563134
33,/mnt/c/Users/puneet/Downloads/DAiSEE/DataSet/Test/500044/5000441043/5000441043.avi,0,2,0.45668283,0.17220782,0.093157455,0.2779519
34,/mnt/c/Users/puneet/Downloads/DAiSEE/DataSet/Test/500044/5000441044/5000441044.avi,0,2,0.4592597,0.17432508,0.09079111,0.27562413
35,/mnt/c/Users/puneet/Downloads/DAiSEE/DataSet/Test/500044/5000441045/5000441045.avi,0,2,0.45976502,0.17395738,0.09191658,0.274361
36,/mnt/c/Users/puneet/Downloads/DAiSEE/DataSet/Test/500044/5000441046/5000441046.avi,0,3,0.46562436,0.16980931,0.08990602,0.27466032
37,/mnt/c/Users/puneet/Downloads/DAiSEE/DataSet/Test/500044/5000441047/5000441047.avi,0,2,0.47620022,0.16089284,0.09019145,0.27271548
38,/mnt/c/Users/puneet/Downloads/DAiSEE/DataSet/Test/500044/5000441048/5000441048.avi,0,2,0.46517006,0.16950855,0.090380475,0.27494094
39,/mnt/c/Users/puneet/Downloads/DAiSEE/DataSet/Test/500044/5000441050/5000441050.avi,0,2,0.46873024,0.16793798,0.090375245,0.27295655
40,/mnt/c/Users/puneet/Downloads/DAiSEE/DataSet/Test/500044/5000441051/5000441051.avi,0,2,0.47847584,0.15870985,0.08999002,0.2728243
41,/mnt/c/Users/puneet/Downloads/DAiSEE/DataSet/Test/500044/5000441052/5000441052.avi,0,2,0.46386456,0.1682318,0.091956414,0.2759472
42,/mnt/c/Users/puneet/Downloads/DAiSEE/DataSet/Test/500044/5000441053/5000441053.avi,0,3,0.46329573,0.17156747,0.089941524,0.2751953
43,/mnt/c/Users/puneet/Downloads/DAiSEE/DataSet/Test/500044/5000441054/5000441054.avi,0,2,0.45332095,0.1733617,0.09353852,0.2797788
44,/mnt/c/Users/puneet/Downloads/DAiSEE/DataSet/Test/500044/5000441055/5000441055.avi,0,3,0.46366453,0.17176276,0.089704394,0.2748683
45,/mnt/c/Users/puneet/Downloads/DAiSEE/DataSet/Test/500044/5000441058/5000441058.avi,0,1,0.46535158,0.16955172,0.09050032,0.2745964
46,/mnt/c/Users/puneet/Downloads/DAiSEE/DataSet/Test/500044/5000441059/5000441059.avi,0,2,0.47248095,0.16481684,0.09057037,0.27213183
47,/mnt/c/Users/puneet/Downloads/DAiSEE/DataSet/Test/500044/5000441061/5000441061.avi,0,3,0.47226053,0.1663063,0.09018499,0.27124816
48,/mnt/c/Users/puneet/Downloads/DAiSEE/DataSet/Test/500044/5000441062/5000441062.avi,0,2,0.46263123,0.17205635,0.089975424,0.275337
49,/mnt/c/Users/puneet/Downloads/DAiSEE/DataSet/Test/500044/5000441064/5000441064.avi,0,2,0.4647852,0.16964798,0.09105498,0.27451184
50,/mnt/c/Users/puneet/Downloads/DAiSEE/DataSet/Test/500044/5000441065/5000441065.avi,0,2,0.4626433,0.17192094,0.09046364,0.2749721
51,/mnt/c/Users/puneet/Downloads/DAiSEE/DataSet/Test/500044/5000441066/5000441066.avi,0,2,0.45946467,0.1717131,0.09354797,0.27527425
52,/mnt/c/Users/puneet/Downloads/DAiSEE/DataSet/Test/500044/5000441067/5000441067.avi,0,1,0.45494905,0.17350017,0.09331472,0.27823606
53,/mnt/c/Users/puneet/Downloads/DAiSEE/DataSet/Test/500044/5000441068/5000441068.avi,0,2,0.44860062,0.17989647,0.09462517,0.27687773
54,/mnt/c/Users/puneet/Downloads/DAiSEE/DataSet/Test/500044/5000441069/5000441069.avi,0,2,0.4643325,0.17098147,0.08961175,0.2750743
55,/mnt/c/Users/puneet/Downloads/DAiSEE/DataSet/Test/500044/5000441070/5000441070.avi,0,3,0.4640515,0.17138489,0.089582466,0.27498114
56,/mnt/c/Users/puneet/Downloads/DAiSEE/DataSet/Test/500044/5000441071/5000441071.avi,0,3,0.4703274,0.16785286,0.09010438,0.27171537
57,/mnt/c/Users/puneet/Downloads/DAiSEE/DataSet/Test/500044/5000441072/5000441072.avi,0,3,0.46517155,0.17088406,0.090507574,0.27343684
58,/mnt/c/Users/puneet/Downloads/DAiSEE/DataSet/Test/500044/5000442001/5000442001.avi,0,3,0.46498272,0.17223044,0.090108104,0.27267873
59,/mnt/c/Users/puneet/Downloads/DAiSEE/DataSet/Test/500044/5000442002/5000442002.avi,0,2,0.46344253,0.17239504,0.090309024,0.27385342
60,/mnt/c/Users/puneet/Downloads/DAiSEE/DataSet/Test/500044/5000442003/5000442003.avi,0,2,0.45327672,0.17643832,0.09209709,0.27818784
61,/mnt/c/Users/puneet/Downloads/DAiSEE/DataSet/Test/500044/5000442004/5000442004.avi,0,2,0.4594893,0.17142358,0.09242667,0.27666044
62,/mnt/c/Users/puneet/Downloads/DAiSEE/DataSet/Test/500044/5000442005/5000442005.avi,0,2,0.4597125,0.17072904,0.09299911,0.27655935
63,/mnt/c/Users/puneet/Downloads/DAiSEE/DataSet/Test/500044/5000442007/5000442007.avi,0,2,0.46783686,0.16930947,0.09000717,0.27284652
64,/mnt/c/Users/puneet/Downloads/DAiSEE/DataSet/Test/500044/5000442008/5000442008.avi,0,2,0.46357003,0.17010407,0.09074374,0.27558213
65,/mnt/c/Users/puneet/Downloads/DAiSEE/DataSet/Test/500044/5000442009/5000442009.avi,0,3,0.4556683,0.17248994,0.09394617,0.2778956
66,/mnt/c/Users/puneet/Downloads/DAiSEE/DataSet/Test/500044/5000442010/5000442010.avi,0,2,0.47239935,0.16384724,0.09049757,0.27325585
67,/mnt/c/Users/puneet/Downloads/DAiSEE/DataSet/Test/500044/5000442014/5000442014.avi,0,3,0.47047684,0.16713813,0.090780705,0.27160433
68,/mnt/c/Users/puneet/Downloads/DAiSEE/DataSet/Test/500044/5000442015/5000442015.avi,0,2,0.46262443,0.17164387,0.09089528,0.27483642
69,/mnt/c/Users/puneet/Downloads/DAiSEE/DataSet/Test/500044/5000442016/5000442016.avi,0,2,0.45950714,0.17160589,0.093177184,0.27570978
70,/mnt/c/Users/puneet/Downloads/DAiSEE/DataSet/Test/500044/5000442019/5000442019.avi,0,2,0.4601659,0.1707337,0.09293616,0.27616426
71,/mnt/c/Users/puneet/Downloads/DAiSEE/DataSet/Test/500044/5000442021/5000442021.avi,0,2,0.46289733,0.17110954,0.091916464,0.27407667
72,/mnt/c/Users/puneet/Downloads/DAiSEE/DataSet/Test/500044/5000442022/5000442022.avi,0,3,0.45605612,0.17564024,0.0922087,0.27609494
73,/mnt/c/Users/puneet/Downloads/DAiSEE/DataSet/Test/500044/5000442024/5000442024.avi,0,2,0.46572477,0.16979107,0.08930165,0.27518252
74,/mnt/c/Users/puneet/Downloads/DAiSEE/DataSet/Test/500044/5000442025/5000442025.avi,0,2,0.46615443,0.17000669,0.08902299,0.27481592
75,/mnt/c/Users/puneet/Downloads/DAiSEE/DataSet/Test/500044/5000442026/5000442026.avi,0,2,0.46338525,0.17092785,0.090076715,0.27561018
76,/mnt/c/Users/puneet/Downloads/DAiSEE/DataSet/Test/500044/5000442027/5000442027.avi,0,3,0.45932132,0.17146936,0.09145547,0.27775386
77,/mnt/c/Users/puneet/Downloads/DAiSEE/DataSet/Test/500044/5000442028/5000442028.avi,0,2,0.46424657,0.17224944,0.090509705,0.27299428
78,/mnt/c/Users/puneet/Downloads/DAiSEE/DataSet/Test/500044/5000442029/5000442029.avi,0,3,0.44918334,0.18201095,0.09265854,0.2761472
79,/mnt/c/Users/puneet/Downloads/DAiSEE/DataSet/Test/500044/5000442033/5000442033.avi,0,2,0.46684983,0.16847633,0.09123339,0.27344045
80,/mnt/c/Users/puneet/Downloads/DAiSEE/DataSet/Test/500044/5000442034/5000442034.avi,0,3,0.46475357,0.17083983,0.08915425,0.27525234
81,/mnt/c/Users/puneet/Downloads/DAiSEE/DataSet/Test/500044/5000442035/5000442035.avi,0,3,0.4552494,0.17644139,0.09099267,0.27731657
82,/mnt/c/Users/puneet/Downloads/DAiSEE/DataSet/Test/500044/5000442036/5000442036.avi,0,2,0.46777856,0.16791934,0.09067705,0.27362505
83,/mnt/c/Users/puneet/Downloads/DAiSEE/DataSet/Test/500044/5000442037/5000442037.avi,0,3,0.45516145,0.17591015,0.09093882,0.27798957
84,/mnt/c/Users/puneet/Downloads/DAiSEE/DataSet/Test/500044/5000442038/5000442038.avi,0,3,0.46585718,0.1706542,0.08990722,0.27358142
85,/mnt/c/Users/puneet/Downloads/DAiSEE/DataSet/Test/500044/5000442039/5000442039.avi,0,3,0.46435,0.17104743,0.08993602,0.27466658
86,/mnt/c/Users/puneet/Downloads/DAiSEE/DataSet/Test/500044/5000442040/5000442040.avi,0,3,0.46403566,0.17052488,0.09014098,0.27529848
87,/mnt/c/Users/puneet/Downloads/DAiSEE/DataSet/Test/500044/5000442042/5000442042.avi,0,2,0.4642503,0.17105079,0.08989871,0.27480018
88,/mnt/c/Users/puneet/Downloads/DAiSEE/DataSet/Test/500044/5000442043/5000442043.avi,0,3,0.4580239,0.17285322,0.09339139,0.2757315
89,/mnt/c/Users/puneet/Downloads/DAiSEE/DataSet/Test/500044/5000442045/5000442045.avi,0,3,0.46736372,0.17030552,0.09038113,0.27194965
90,/mnt/c/Users/puneet/Downloads/DAiSEE/DataSet/Test/500044/5000442047/5000442047.avi,0,2,0.46803296,0.16946322,0.09009377,0.27241006
91,/mnt/c/Users/puneet/Downloads/DAiSEE/DataSet/Test/500044/5000442048/5000442048.avi,0,2,0.4601994,0.1733657,0.089920126,0.2765148
92,/mnt/c/Users/puneet/Downloads/DAiSEE/DataSet/Test/500044/5000442050/5000442050.avi,0,2,0.46208787,0.17149445,0.09249738,0.2739203
93,/mnt/c/Users/puneet/Downloads/DAiSEE/DataSet/Test/500044/5000442051/5000442051.avi,0,2,0.46370497,0.17132744,0.0896922,0.27527538
94,/mnt/c/Users/puneet/Downloads/DAiSEE/DataSet/Test/500044/5000442052/5000442052.avi,0,2,0.45707232,0.17263551,0.09086117,0.279431
95,/mnt/c/Users/puneet/Downloads/DAiSEE/DataSet/Test/500044/5000442053/5000442053.avi,0,2,0.4682513,0.16946386,0.090390146,0.27189472
96,/mnt/c/Users/puneet/Downloads/DAiSEE/DataSet/Test/500044/5000442054/5000442054.avi,0,3,0.46510598,0.16990425,0.08910478,0.275885
97,/mnt/c/Users/puneet/Downloads/DAiSEE/DataSet/Test/500044/5000442055/5000442055.avi,0,3,0.46354964,0.17106031,0.090025455,0.27536458
98,/mnt/c/Users/puneet/Downloads/DAiSEE/DataSet/Test/500044/5000442056/5000442056.avi,0,2,0.4697583,0.16527985,0.09091455,0.27404732
99,/mnt/c/Users/puneet/Downloads/DAiSEE/DataSet/Test/500044/5000442057/5000442057.avi,0,3,0.46285763,0.17124768,0.0904643,0.2754304
100,/mnt/c/Users/puneet/Downloads/DAiSEE/DataSet/Test/500044/5000442058/5000442058.avi,0,3,0.46375078,0.17077458,0.08993936,0.2755353
101,/mnt/c/Users/puneet/Downloads/DAiSEE/DataSet/Test/500044/5000442059/5000442059.avi,0,3,0.4664621,0.16996975,0.090131626,0.27343652
102,/mnt/c/Users/puneet/Downloads/DAiSEE/DataSet/Test/500044/5000442060/5000442060.avi,0,2,0.46213123,0.17213291,0.090732105,0.27500376
103,/mnt/c/Users/puneet/Downloads/DAiSEE/DataSet/Test/500044/5000442062/5000442062.avi,0,2,0.46367627,0.17149374,0.09010969,0.2747203
104,/mnt/c/Users/puneet/Downloads/DAiSEE/DataSet/Test/500044/5000442063/5000442063.avi,0,3,0.46451545,0.17070176,0.089705996,0.27507678
105,/mnt/c/Users/puneet/Downloads/DAiSEE/DataSet/Test/500044/5000442064/5000442064.avi,0,3,0.4664046,0.16996008,0.090532444,0.27310288
106,/mnt/c/Users/puneet/Downloads/DAiSEE/DataSet/Test/500044/5000442065/5000442065.avi,0,3,0.4656559,0.17021108,0.08968738,0.27444565
107,/mnt/c/Users/puneet/Downloads/DAiSEE/DataSet/Test/500044/5000442066/5000442066.avi,0,3,0.4639418,0.17094554,0.09044544,0.2746672
108,/mnt/c/Users/puneet/Downloads/DAiSEE/DataSet/Test/500044/5000442067/5000442067.avi,0,2,0.46392176,0.17127135,0.08972608,0.2750808
109,/mnt/c/Users/puneet/Downloads/DAiSEE/DataSet/Test/500044/5000442068/5000442068.avi,0,3,0.46573275,0.17078793,0.08860109,0.2748782
110,/mnt/c/Users/puneet/Downloads/DAiSEE/DataSet/Test/500044/5000442069/5000442069.avi,0,3,0.45796677,0.17244369,0.09313004,0.2764595
111,/mnt/c/Users/puneet/Downloads/DAiSEE/DataSet/Test/500044/5000442070/5000442070.avi,0,3,0.46318975,0.17180587,0.0906937,0.27431068
112,/mnt/c/Users/puneet/Downloads/DAiSEE/DataSet/Test/500044/5000442072/5000442072.avi,0,2,0.46901485,0.16895503,0.09038485,0.27164525
113,/mnt/c/Users/puneet/Downloads/DAiSEE/DataSet/Test/500044/5000442073/5000442073.avi,0,3,0.46444234,0.17136405,0.09005177,0.27414182
114,/mnt/c/Users/puneet/Downloads/DAiSEE/DataSet/Test/500044/5000442074/5000442074.avi,0,2,0.46413973,0.16995753,0.09004627,0.27585644
115,/mnt/c/Users/puneet/Downloads/DAiSEE/DataSet/Test/500044/5000442075/5000442075.avi,0,2,0.46444312,0.17138705,0.09046763,0.2737022
116,/mnt/c/Users/puneet/Downloads/DAiSEE/DataSet/Test/500044/5000442076/5000442076.avi,0,2,0.45638558,0.17516659,0.09183995,0.2766079
117,/mnt/c/Users/puneet/Downloads/DAiSEE/DataSet/Test/500044/5000442077/5000442077.avi,0,2,0.45676577,0.1754101,0.091231324,0.27659282
118,/mnt/c/Users/puneet/Downloads/DAiSEE/DataSet/Test/500044/5000442078/5000442078.avi,0,2,0.46691343,0.16949183,0.088819996,0.27477473
119,/mnt/c/Users/puneet/Downloads/DAiSEE/DataSet/Test/500067/5000671001/5000671001.avi,0,3,0.45662054,0.17329286,0.09045972,0.27962688
120,/mnt/c/Users/puneet/Downloads/DAiSEE/DataSet/Test/500067/5000671002/5000671002.avi,0,2,0.46622768,0.16782723,0.09018494,0.27576014
121,/mnt/c/Users/puneet/Downloads/DAiSEE/DataSet/Test/500067/5000671003/5000671003.avi,0,2,0.46725923,0.17025742,0.090137795,0.27234554
122,/mnt/c/Users/puneet/Downloads/DAiSEE/DataSet/Test/500067/5000671004/5000671004.avi,0,3,0.46411994,0.16872682,0.0904045,0.27674875
123,/mnt/c/Users/puneet/Downloads/DAiSEE/DataSet/Test/500067/5000671005/5000671005.avi,0,2,0.46333033,0.16932537,0.08954024,0.27780405
124,/mnt/c/Users/puneet/Downloads/DAiSEE/DataSet/Test/500067/5000671006/5000671006.avi,0,2,0.46514353,0.16733696,0.08980147,0.27771804
125,/mnt/c/Users/puneet/Downloads/DAiSEE/DataSet/Test/500067/5000671008/5000671008.avi,0,3,0.45150846,0.17601714,0.090664975,0.28180942
126,/mnt/c/Users/puneet/Downloads/DAiSEE/DataSet/Test/500067/5000671009/5000671009.avi,0,2,0.4663663,0.16713545,0.08878363,0.27771464
127,/mnt/c/Users/puneet/Downloads/DAiSEE/DataSet/Test/500067/5000671010/5000671010.avi,0,3,0.4742849,0.16315082,0.090520084,0.2720442
128,/mnt/c/Users/puneet/Downloads/DAiSEE/DataSet/Test/500067/5000671011/5000671011.avi,0,3,0.44905764,0.17947316,0.09164963,0.27981958
129,/mnt/c/Users/puneet/Downloads/DAiSEE/DataSet/Test/500067/5000671012/5000671012.avi,0,3,0.4633708,0.16835853,0.090864904,0.27740574
130,/mnt/c/Users/puneet/Downloads/DAiSEE/DataSet/Test/500067/5000671013/5000671013.avi,0,2,0.46302176,0.16874856,0.090441115,0.27778858
131,/mnt/c/Users/puneet/Downloads/DAiSEE/DataSet/Test/500067/5000671014/5000671014.avi,0,3,0.4629789,0.1695148,0.09098024,0.27652606
132,/mnt/c/Users/puneet/Downloads/DAiSEE/DataSet/Test/500067/5000671015/5000671015.avi,0,3,0.46304175,0.16883102,0.090095825,0.27803138
133,/mnt/c/Users/puneet/Downloads/DAiSEE/DataSet/Test/500067/5000671016/5000671016.avi,0,2,0.47968322,0.15790312,0.08994687,0.27246678
134,/mnt/c/Users/puneet/Downloads/DAiSEE/DataSet/Test/500067/5000671017/5000671017.avi,0,2,0.4537378,0.17434588,0.08887082,0.2830455
135,/mnt/c/Users/puneet/Downloads/DAiSEE/DataSet/Test/500067/5000671018/5000671018.avi,0,3,0.45652136,0.17451143,0.09266974,0.27629745
136,/mnt/c/Users/puneet/Downloads/DAiSEE/DataSet/Test/500067/5000671019/5000671019.avi,0,2,0.46431002,0.1697694,0.09115964,0.27476093
137,/mnt/c/Users/puneet/Downloads/DAiSEE/DataSet/Test/500067/5000671020/5000671020.avi,0,2,0.4675298,0.17100917,0.0901297,0.27133134
138,/mnt/c/Users/puneet/Downloads/DAiSEE/DataSet/Test/500067/5000671022/5000671022.avi,0,2,0.453499,0.17491804,0.08893021,0.28265277
139,/mnt/c/Users/puneet/Downloads/DAiSEE/DataSet/Test/500067/5000671023/5000671023.avi,0,3,0.4693346,0.16678561,0.09081694,0.27306286
140,/mnt/c/Users/puneet/Downloads/DAiSEE/DataSet/Test/500067/5000671024/5000671024.avi,0,2,0.44908372,0.17706108,0.09081604,0.28303915
141,/mnt/c/Users/puneet/Downloads/DAiSEE/DataSet/Test/500067/5000671026/5000671026.avi,0,3,0.46649018,0.16867398,0.091280155,0.27355567
142,/mnt/c/Users/puneet/Downloads/DAiSEE/DataSet/Test/500067/5000671027/5000671027.avi,0,2,0.46347237,0.16903636,0.08926913,0.27822214
143,/mnt/c/Users/puneet/Downloads/DAiSEE/DataSet/Test/500067/5000671028/5000671028.avi,0,3,0.45702174,0.175959,0.09134951,0.27566975
144,/mnt/c/Users/puneet/Downloads/DAiSEE/DataSet/Test/500067/5000671029/5000671029.avi,0,2,0.46597797,0.16889775,0.09097404,0.27415025
145,/mnt/c/Users/puneet/Downloads/DAiSEE/DataSet/Test/500067/5000671030/5000671030.avi,0,3,0.44744638,0.17806937,0.091148876,0.2833354
146,/mnt/c/Users/puneet/Downloads/DAiSEE/DataSet/Test/500067/5000671031/5000671031.avi,0,2,0.45888296,0.17286812,0.08978824,0.27846068
147,/mnt/c/Users/puneet/Downloads/DAiSEE/DataSet/Test/500067/5000671032/5000671032.avi,0,3,0.45026383,0.17649369,0.090331025,0.28291145
148,/mnt/c/Users/puneet/Downloads/DAiSEE/DataSet/Test/500067/5000671033/5000671033.avi,0,3,0.4621696,0.16939157,0.08664702,0.28179184
149,/mnt/c/Users/puneet/Downloads/DAiSEE/DataSet/Test/500067/5000671034/5000671034.avi,0,2,0.45773965,0.17264803,0.093743995,0.27586833
150,/mnt/c/Users/puneet/Downloads/DAiSEE/DataSet/Test/500067/5000671035/5000671035.avi,0,3,0.47069627,0.16583726,0.09067507,0.27279142
151,/mnt/c/Users/puneet/Downloads/DAiSEE/DataSet/Test/500067/5000671036/5000671036.avi,0,2,0.4604228,0.17109154,0.08988217,0.27860346
152,/mnt/c/Users/puneet/Downloads/DAiSEE/DataSet/Test/500067/5000671037/5000671037.avi,0,2,0.4571676,0.17272817,0.09185025,0.27825397
153,/mnt/c/Users/puneet/Downloads/DAiSEE/DataSet/Test/500067/5000671038/5000671038.avi,0,2,0.46430367,0.16845307,0.08939226,0.277851
154,/mnt/c/Users/puneet/Downloads/DAiSEE/DataSet/Test/500067/5000671039/5000671039.avi,0,2,0.45621184,0.17581782,0.091174334,0.276796
155,/mnt/c/Users/puneet/Downloads/DAiSEE/DataSet/Test/500067/5000671040/5000671040.avi,0,2,0.4499821,0.18005177,0.09168063,0.27828547
156,/mnt/c/Users/puneet/Downloads/DAiSEE/DataSet/Test/500067/5000671041/5000671041.avi,0,1,0.46631876,0.16789044,0.0913833,0.2744075
157,/mnt/c/Users/puneet/Downloads/DAiSEE/DataSet/Test/500067/5000671042/5000671042.avi,0,1,0.45146897,0.17885679,0.09230137,0.27737287
158,/mnt/c/Users/puneet/Downloads/DAiSEE/DataSet/Test/500067/5000671043/5000671043.avi,0,2,0.45350033,0.17962888,0.09079847,0.27607232
159,/mnt/c/Users/puneet/Downloads/DAiSEE/DataSet/Test/500067/5000671046/5000671046.avi,0,2,0.45340517,0.17713267,0.08962866,0.2798335
160,/mnt/c/Users/puneet/Downloads/DAiSEE/DataSet/Test/500067/5000671047/5000671047.avi,0,2,0.46020156,0.17181996,0.09036845,0.27761003
161,/mnt/c/Users/puneet/Downloads/DAiSEE/DataSet/Test/500067/5000671048/5000671048.avi,0,1,0.4624453,0.16970626,0.090759724,0.27708873
162,/mnt/c/Users/puneet/Downloads/DAiSEE/DataSet/Test/500067/5000671049/5000671049.avi,0,1,0.46831462,0.16858642,0.0905766,0.2725224
163,/mnt/c/Users/puneet/Downloads/DAiSEE/DataSet/Test/500067/5000671050/5000671050.avi,0,2,0.45028937,0.1806124,0.09189957,0.27719867
164,/mnt/c/Users/puneet/Downloads/DAiSEE/DataSet/Test/500067/5000671051/5000671051.avi,0,2,0.45594308,0.17415816,0.0902712,0.27962756
165,/mnt/c/Users/puneet/Downloads/DAiSEE/DataSet/Test/500067/5000671053/5000671053.avi,0,2,0.4610748,0.17018951,0.09219032,0.27654538
166,/mnt/c/Users/puneet/Downloads/DAiSEE/DataSet/Test/500067/5000671055/5000671055.avi,0,2,0.455073,0.17658566,0.09116573,0.2771756
167,/mnt/c/Users/puneet/Downloads/DAiSEE/DataSet/Test/500067/5000671056/5000671056.avi,0,3,0.46440217,0.16853061,0.09000394,0.27706328
168,/mnt/c/Users/puneet/Downloads/DAiSEE/DataSet/Test/500067/5000671057/5000671057.avi,0,2,0.45829707,0.17368163,0.09000578,0.27801552
169,/mnt/c/Users/puneet/Downloads/DAiSEE/DataSet/Test/500067/5000671058/5000671058.avi,0,1,0.45274013,0.1748584,0.09160443,0.28079703
170,/mnt/c/Users/puneet/Downloads/DAiSEE/DataSet/Test/500067/5000671059/5000671059.avi,0,2,0.461367,0.17223601,0.09019887,0.27619812
171,/mnt/c/Users/puneet/Downloads/DAiSEE/DataSet/Test/500067/5000671060/5000671060.avi,0,2,0.45880625,0.17335644,0.08931371,0.2785236
172,/mnt/c/Users/puneet/Downloads/DAiSEE/DataSet/Test/500067/5000671061/5000671061.avi,0,1,0.45532545,0.17367204,0.09003377,0.28096873
173,/mnt/c/Users/puneet/Downloads/DAiSEE/DataSet/Test/500067/5000671062/5000671062.avi,0,2,0.47275445,0.16380903,0.090626456,0.27281004
174,/mnt/c/Users/puneet/Downloads/DAiSEE/DataSet/Test/500067/5000671063/5000671063.avi,0,2,0.45775014,0.17410171,0.09322889,0.27491924
175,/mnt/c/Users/puneet/Downloads/DAiSEE/DataSet/Test/500067/5000671064/5000671064.avi,0,3,0.45488203,0.17484982,0.090091914,0.28017622
176,/mnt/c/Users/puneet/Downloads/DAiSEE/DataSet/Test/500067/5000671065/5000671065.avi,0,2,0.4626715,0.16911659,0.090266265,0.27794567
177,/mnt/c/Users/puneet/Downloads/DAiSEE/DataSet/Test/500067/5000671066/5000671066.avi,0,2,0.45625988,0.17363212,0.090338975,0.279769
178,/mnt/c/Users/puneet/Downloads/DAiSEE/DataSet/Test/500067/5000671067/5000671067.avi,0,2,0.46352085,0.16890472,0.089724585,0.27784982
179,/mnt/c/Users/puneet/Downloads/DAiSEE/DataSet/Test/500067/5000671069/5000671069.avi,0,1,0.47272334,0.16434154,0.09039591,0.2725392
180,/mnt/c/Users/puneet/Downloads/DAiSEE/DataSet/Test/500067/5000671070/5000671070.avi,0,1,0.46316364,0.1697631,0.090133965,0.27693927
181,/mnt/c/Users/puneet/Downloads/DAiSEE/DataSet/Test/500067/5000671071/5000671071.avi,0,2,0.46425772,0.1694373,0.09208251,0.27422246
182,/mnt/c/Users/puneet/Downloads/DAiSEE/DataSet/Test/500067/5000672002/5000672002.avi,0,2,0.45806763,0.1731181,0.09028562,0.27852866
183,/mnt/c/Users/puneet/Downloads/DAiSEE/DataSet/Test/500067/5000672004/5000672004.avi,0,2,0.46385598,0.1684908,0.090059675,0.27759355
184,/mnt/c/Users/puneet/Downloads/DAiSEE/DataSet/Test/500067/5000672005/5000672005.avi,0,2,0.4588531,0.17077543,0.09267955,0.27769193
185,/mnt/c/Users/puneet/Downloads/DAiSEE/DataSet/Test/500067/5000672006/5000672006.avi,0,3,0.4613137,0.16920418,0.091417216,0.2780649
186,/mnt/c/Users/puneet/Downloads/DAiSEE/DataSet/Test/500067/5000672007/5000672007.avi,0,2,0.46550557,0.16864158,0.091383114,0.27446973
187,/mnt/c/Users/puneet/Downloads/DAiSEE/DataSet/Test/500067/5000672008/5000672008.avi,0,2,0.46363074,0.16875729,0.08980368,0.2778083
188,/mnt/c/Users/puneet/Downloads/DAiSEE/DataSet/Test/500067/5000672010/5000672010.avi,0,2,0.45582846,0.17277414,0.08890193,0.28249547
189,/mnt/c/Users/puneet/Downloads/DAiSEE/DataSet/Test/500067/5000672011/5000672011.avi,0,3,0.46649376,0.16932969,0.09093689,0.27323967
190,/mnt/c/Users/puneet/Downloads/DAiSEE/DataSet/Test/500067/5000672012/5000672012.avi,0,2,0.46065193,0.1711448,0.09088356,0.2773197
191,/mnt/c/Users/puneet/Downloads/DAiSEE/DataSet/Test/500067/5000672013/5000672013.avi,0,3,0.44853535,0.17805173,0.09585293,0.27756
192,/mnt/c/Users/puneet/Downloads/DAiSEE/DataSet/Test/500067/5000672014/5000672014.avi,0,3,0.46361068,0.16942814,0.09086368,0.2760975
193,/mnt/c/Users/puneet/Downloads/DAiSEE/DataSet/Test/500067/5000672016/5000672016.avi,0,2,0.4633174,0.16983618,0.09121284,0.2756336
194,/mnt/c/Users/puneet/Downloads/DAiSEE/DataSet/Test/500067/5000672017/5000672017.avi,0,2,0.44851804,0.17769647,0.09138423,0.28240126
195,/mnt/c/Users/puneet/Downloads/DAiSEE/DataSet/Test/500067/5000672019/5000672019.avi,0,3,0.46444964,0.16893184,0.089022435,0.2775961
196,/mnt/c/Users/puneet/Downloads/DAiSEE/DataSet/Test/500067/5000672020/5000672020.avi,0,3,0.45932242,0.17145933,0.09182968,0.27738857
197,/mnt/c/Users/puneet/Downloads/DAiSEE/DataSet/Test/500067/5000672021/5000672021.avi,0,3,0.46929276,0.1671106,0.09082796,0.27276868
198,/mnt/c/Users/puneet/Downloads/DAiSEE/DataSet/Test/500067/5000672022/5000672022.avi,0,3,0.46175468,0.17079706,0.09084583,0.27660245
199,/mnt/c/Users/puneet/Downloads/DAiSEE/DataSet/Test/500067/5000672023/5000672023.avi,0,2,0.4631463,0.16931912,0.09087146,0.27666312
200,/mnt/c/Users/puneet/Downloads/DAiSEE/DataSet/Test/500067/5000672024/5000672024.avi,0,2,0.46473938,0.16865103,0.09062309,0.2759865
201,/mnt/c/Users/puneet/Downloads/DAiSEE/DataSet/Test/500067/5000672025/5000672025.avi,0,3,0.46616834,0.16764419,0.09106473,0.27512273
202,/mnt/c/Users/puneet/Downloads/DAiSEE/DataSet/Test/500067/5000672026/5000672026.avi,0,3,0.4622141,0.17034204,0.090972714,0.2764711
203,/mnt/c/Users/puneet/Downloads/DAiSEE/DataSet/Test/500067/5000672027/5000672027.avi,0,2,0.45545754,0.17430162,0.091387905,0.27885294
204,/mnt/c/Users/puneet/Downloads/DAiSEE/DataSet/Test/500067/5000672030/5000672030.avi,0,2,0.46372485,0.16948691,0.09073775,0.27605048
205,/mnt/c/Users/puneet/Downloads/DAiSEE/DataSet/Test/500067/5000672031/5000672031.avi,0,2,0.4742274,0.1627316,0.09040153,0.27263945
206,/mnt/c/Users/puneet/Downloads/DAiSEE/DataSet/Test/500067/5000672033/5000672033.avi,0,2,0.46134067,0.17098594,0.08958157,0.27809182
207,/mnt/c/Users/puneet/Downloads/DAiSEE/DataSet/Test/500067/5000672034/5000672034.avi,0,2,0.4630511,0.1698162,0.090178475,0.2769542
208,/mnt/c/Users/puneet/Downloads/DAiSEE/DataSet/Test/500067/5000672035/5000672035.avi,0,3,0.4668803,0.16597264,0.09043427,0.2767128
209,/mnt/c/Users/puneet/Downloads/DAiSEE/DataSet/Test/500067/5000672036/5000672036.avi,0,2,0.46418375,0.16867213,0.0901981,0.27694604
210,/mnt/c/Users/puneet/Downloads/DAiSEE/DataSet/Test/500067/5000672038/5000672038.avi,0,3,0.44756097,0.17865743,0.09213585,0.28164577
211,/mnt/c/Users/puneet/Downloads/DAiSEE/DataSet/Test/500067/5000672042/5000672042.avi,0,3,0.45325884,0.17675039,0.09127382,0.27871695
212,/mnt/c/Users/puneet/Downloads/DAiSEE/DataSet/Test/500067/5000672043/5000672043.avi,0,3,0.4642793,0.1683478,0.0896043,0.27776858
213,/mnt/c/Users/puneet/Downloads/DAiSEE/DataSet/Test/500067/5000672044/5000672044.avi,0,3,0.4645708,0.17020206,0.09104447,0.27418268
214,/mnt/c/Users/puneet/Downloads/DAiSEE/DataSet/Test/500067/5000672045/5000672045.avi,0,3,0.45326608,0.17449096,0.08862515,0.2836178
215,/mnt/c/Users/puneet/Downloads/DAiSEE/DataSet/Test/500067/5000672046/5000672046.avi,0,2,0.46649224,0.16691133,0.08921884,0.2773776
216,/mnt/c/Users/puneet/Downloads/DAiSEE/DataSet/Test/500067/5000672047/5000672047.avi,0,2,0.47082502,0.16466132,0.09100808,0.2735056
217,/mnt/c/Users/puneet/Downloads/DAiSEE/DataSet/Test/500067/5000672048/5000672048.avi,0,2,0.46141762,0.17111993,0.08962723,0.27783522
218,/mnt/c/Users/puneet/Downloads/DAiSEE/DataSet/Test/500067/5000672049/5000672049.avi,0,2,0.45952857,0.17196222,0.08947421,0.279035
219,/mnt/c/Users/puneet/Downloads/DAiSEE/DataSet/Test/500067/5000672050/5000672050.avi,0,2,0.46341443,0.16900185,0.090775415,0.2768083
220,/mnt/c/Users/puneet/Downloads/DAiSEE/DataSet/Test/500067/5000672051/5000672051.avi,0,3,0.45395663,0.1740273,0.094155006,0.27786106
221,/mnt/c/Users/puneet/Downloads/DAiSEE/DataSet/Test/500067/5000672052/5000672052.avi,0,3,0.44889963,0.17856786,0.091652095,0.28088042
222,/mnt/c/Users/puneet/Downloads/DAiSEE/DataSet/Test/500067/5000672053/5000672053.avi,0,2,0.46040362,0.17114116,0.09017146,0.27828375
223,/mnt/c/Users/puneet/Downloads/DAiSEE/DataSet/Test/500067/5000672054/5000672054.avi,0,3,0.4711371,0.16565192,0.09062975,0.27258122
224,/mnt/c/Users/puneet/Downloads/DAiSEE/DataSet/Test/500067/5000672055/5000672055.avi,0,3,0.462405,0.16969684,0.08993771,0.27796045
225,/mnt/c/Users/puneet/Downloads/DAiSEE/DataSet/Test/500067/5000672056/5000672056.avi,0,3,0.46207044,0.16975944,0.089936756,0.27823335
226,/mnt/c/Users/puneet/Downloads/DAiSEE/DataSet/Test/500067/5000672057/5000672057.avi,0,2,0.444503,0.17889696,0.09340555,0.28319445
227,/mnt/c/Users/puneet/Downloads/DAiSEE/DataSet/Test/500067/5000672058/5000672058.avi,0,2,0.4651047,0.16774729,0.08966488,0.27748314
228,/mnt/c/Users/puneet/Downloads/DAiSEE/DataSet/Test/500067/5000672059/5000672059.avi,0,2,0.4684584,0.16681337,0.09080602,0.27392218
229,/mnt/c/Users/puneet/Downloads/DAiSEE/DataSet/Test/500067/5000672060/5000672060.avi,0,2,0.46193367,0.16940342,0.09129195,0.27737096
230,/mnt/c/Users/puneet/Downloads/DAiSEE/DataSet/Test/500067/5000672062/5000672062.avi,0,3,0.46703523,0.16658708,0.090195276,0.27618238
231,/mnt/c/Users/puneet/Downloads/DAiSEE/DataSet/Test/500067/5000672064/5000672064.avi,0,2,0.46724716,0.16795605,0.09127853,0.27351826
232,/mnt/c/Users/puneet/Downloads/DAiSEE/DataSet/Test/500067/5000672065/5000672065.avi,0,2,0.47041386,0.16596448,0.09088233,0.27273932
233,/mnt/c/Users/puneet/Downloads/DAiSEE/DataSet/Test/500067/5000672066/5000672066.avi,0,2,0.45551726,0.17371085,0.09030202,0.28046986
234,/mnt/c/Users/puneet/Downloads/DAiSEE/DataSet/Test/500067/5000672067/5000672067.avi,0,2,0.465743,0.16868064,0.09072802,0.2748483
235,/mnt/c/Users/puneet/Downloads/DAiSEE/DataSet/Test/500067/5000672068/5000672068.avi,0,2,0.4551633,0.17285143,0.09194305,0.28004223
236,/mnt/c/Users/puneet/Downloads/DAiSEE/DataSet/Test/500067/5000672070/5000672070.avi,0,3,0.445408,0.17919512,0.098221436,0.27717543
237,/mnt/c/Users/puneet/Downloads/DAiSEE/DataSet/Test/500067/5000672071/5000672071.avi,0,2,0.45231012,0.17577992,0.09523694,0.27667305
238,/mnt/c/Users/puneet/Downloads/DAiSEE/DataSet/Test/500067/5000672072/5000672072.avi,0,2,0.46232846,0.17047668,0.08978767,0.2774072
239,/mnt/c/Users/puneet/Downloads/DAiSEE/DataSet/Test/500067/5000672074/5000672074.avi,0,3,0.44893926,0.17734112,0.09201352,0.2817061
240,/mnt/c/Users/puneet/Downloads/DAiSEE/DataSet/Test/500067/5000672075/5000672075.avi,0,3,0.44656336,0.18615246,0.09256336,0.27472082
241,/mnt/c/Users/puneet/Downloads/DAiSEE/DataSet/Test/500067/5000672076/5000672076.avi,0,3,0.4719932,0.16474232,0.09056817,0.2726963
242,/mnt/c/Users/puneet/Downloads/DAiSEE/DataSet/Test/500067/5000672077/5000672077.avi,0,2,0.4701258,0.16619666,0.090793915,0.27288362
243,/mnt/c/Users/puneet/Downloads/DAiSEE/DataSet/Test/500067/5000672081/5000672081.avi,0,2,0.44683227,0.17983653,0.09203621,0.281295
244,/mnt/c/Users/puneet/Downloads/DAiSEE/DataSet/Test/500067/5000672082/5000672082.avi,0,2,0.46201208,0.16963142,0.09191573,0.27644077
245,/mnt/c/Users/puneet/Downloads/DAiSEE/DataSet/Test/500095/5000951001/5000951001.avi,0,2,0.46216774,0.1708533,0.08889063,0.27808833
246,/mnt/c/Users/puneet/Downloads/DAiSEE/DataSet/Test/500095/5000951002/5000951002.avi,0,2,0.45805478,0.17309387,0.08985977,0.27899158
247,/mnt/c/Users/puneet/Downloads/DAiSEE/DataSet/Test/500095/5000951003/5000951003.avi,0,3,0.46080154,0.17132643,0.089775905,0.2780961
248,/mnt/c/Users/puneet/Downloads/DAiSEE/DataSet/Test/500095/5000951004/5000951004.avi,0,2,0.45093745,0.1801704,0.09292648,0.27596566
249,/mnt/c/Users/puneet/Downloads/DAiSEE/DataSet/Test/500095/5000951005/5000951005.avi,0,2,0.46286276,0.17031589,0.090695105,0.27612624
250,/mnt/c/Users/puneet/Downloads/DAiSEE/DataSet/Test/500095/5000951006/5000951006.avi,0,2,0.4481147,0.1787594,0.091851704,0.28127423
251,/mnt/c/Users/puneet/Downloads/DAiSEE/DataSet/Test/500095/5000951007/5000951007.avi,0,3,0.45247,0.1755196,0.090092115,0.2819183
252,/mnt/c/Users/puneet/Downloads/DAiSEE/DataSet/Test/500095/5000951008/5000951008.avi,0,2,0.4542581,0.17567177,0.09069096,0.27937916
253,/mnt/c/Users/puneet/Downloads/DAiSEE/DataSet/Test/500095/5000951009/5000951009.avi,0,3,0.46804297,0.1655693,0.09086476,0.27552295
254,/mnt/c/Users/puneet/Downloads/DAiSEE/DataSet/Test/500095/5000951010/5000951010.avi,0,2,0.45040703,0.17819728,0.091970176,0.27942553
255,/mnt/c/Users/puneet/Downloads/DAiSEE/DataSet/Test/500095/5000951011/5000951011.avi,0,3,0.45572898,0.17344055,0.09071434,0.28011614
256,/mnt/c/Users/puneet/Downloads/DAiSEE/DataSet/Test/500095/5000951012/5000951012.avi,0,2,0.4595049,0.1720221,0.09089317,0.2775798
257,/mnt/c/Users/puneet/Downloads/DAiSEE/DataSet/Test/500095/5000951013/5000951013.avi,0,2,0.449445,0.17700921,0.091427036,0.28211874
258,/mnt/c/Users/puneet/Downloads/DAiSEE/DataSet/Test/500095/5000951015/5000951015.avi,0,3,0.4561646,0.17330143,0.09142346,0.27911052
259,/mnt/c/Users/puneet/Downloads/DAiSEE/DataSet/Test/500095/5000951016/5000951016.avi,0,2,0.4589871,0.17247933,0.09117282,0.27736077
260,/mnt/c/Users/puneet/Downloads/DAiSEE/DataSet/Test/500095/5000951017/5000951017.avi,0,2,0.4507137,0.18224034,0.09202369,0.2750223
261,/mnt/c/Users/puneet/Downloads/DAiSEE/DataSet/Test/500095/5000951018/5000951018.avi,0,2,0.45929047,0.17390345,0.09160269,0.2752034
262,/mnt/c/Users/puneet/Downloads/DAiSEE/DataSet/Test/500095/5000951019/5000951019.avi,0,1,0.45470604,0.17459564,0.09086517,0.27983314
263,/mnt/c/Users/puneet/Downloads/DAiSEE/DataSet/Test/500095/5000951021/5000951021.avi,0,2,0.4461307,0.17883815,0.09186066,0.2831705
264,/mnt/c/Users/puneet/Downloads/DAiSEE/DataSet/Test/500095/5000951023/5000951023.avi,0,1,0.45576274,0.17310852,0.08900819,0.28212056
265,/mnt/c/Users/puneet/Downloads/DAiSEE/DataSet/Test/500095/5000951024/5000951024.avi,0,1,0.45537245,0.17439161,0.09150038,0.27873558
266,/mnt/c/Users/puneet/Downloads/DAiSEE/DataSet/Test/500095/5000951025/5000951025.avi,0,2,0.45853803,0.17463796,0.0912441,0.27557993
267,/mnt/c/Users/puneet/Downloads/DAiSEE/DataSet/Test/500095/5000951027/5000951027.avi,0,1,0.45001027,0.17611293,0.09460815,0.27926865
268,/mnt/c/Users/puneet/Downloads/DAiSEE/DataSet/Test/500095/5000951028/5000951028.avi,0,3,0.4498303,0.17680934,0.09033812,0.28302225
269,/mnt/c/Users/puneet/Downloads/DAiSEE/DataSet/Test/500095/5000951033/5000951033.avi,0,2,0.4587729,0.17184384,0.089342244,0.280041
270,/mnt/c/Users/puneet/Downloads/DAiSEE/DataSet/Test/500095/5000951034/5000951034.avi,0,2,0.46186867,0.17306937,0.09169944,0.27336252
271,/mnt/c/Users/puneet/Downloads/DAiSEE/DataSet/Test/500095/5000951035/5000951035.avi,0,2,0.467613,0.16723193,0.088624164,0.2765309
272,/mnt/c/Users/puneet/Downloads/DAiSEE/DataSet/Test/500095/5000951037/5000951037.avi,0,2,0.4568284,0.17254436,0.09091881,0.27970845
273,/mnt/c/Users/puneet/Downloads/DAiSEE/DataSet/Test/500095/5000951039/5000951039.avi,0,2,0.4538074,0.17809615,0.092208505,0.27588794
274,/mnt/c/Users/puneet/Downloads/DAiSEE/DataSet/Test/500095/5000951040/5000951040.avi,0,3,0.4569209,0.17406996,0.091174446,0.2778347
275,/mnt/c/Users/puneet/Downloads/DAiSEE/DataSet/Test/500095/5000951042/5000951042.avi,0,2,0.45679784,0.17404923,0.09171248,0.27744043
276,/mnt/c/Users/puneet/Downloads/DAiSEE/DataSet/Test/500095/5000951043/5000951043.avi,0,3,0.4719698,0.1644292,0.09061643,0.27298456
277,/mnt/c/Users/puneet/Downloads/DAiSEE/DataSet/Test/500095/5000951044/5000951044.avi,0,2,0.4623698,0.16970827,0.09136684,0.2765551
278,/mnt/c/Users/puneet/Downloads/DAiSEE/DataSet/Test/500095/5000951045/5000951045.avi,0,2,0.4578711,0.17527115,0.09172267,0.27513507
279,/mnt/c/Users/puneet/Downloads/DAiSEE/DataSet/Test/500095/5000951047/5000951047.avi,0,2,0.47330993,0.16397397,0.09055096,0.27216512
280,/mnt/c/Users/puneet/Downloads/DAiSEE/DataSet/Test/500095/5000951049/5000951049.avi,0,3,0.460597,0.17094384,0.089729935,0.27872923
281,/mnt/c/Users/puneet/Downloads/DAiSEE/DataSet/Test/500095/5000951051/5000951051.avi,0,3,0.45447254,0.1792021,0.0919715,0.27435386
282,/mnt/c/Users/puneet/Downloads/DAiSEE/DataSet/Test/500095/5000951052/5000951052.avi,0,2,0.4550449,0.17637636,0.0905209,0.27805787
283,/mnt/c/Users/puneet/Downloads/DAiSEE/DataSet/Test/500095/5000951053/5000951053.avi,0,2,0.4621464,0.17293769,0.09098181,0.2739341
284,/mnt/c/Users/puneet/Downloads/DAiSEE/DataSet/Test/500095/5000951054/5000951054.avi,0,3,0.45177227,0.17793489,0.09137153,0.2789213
285,/mnt/c/Users/puneet/Downloads/DAiSEE/DataSet/Test/500095/5000951055/5000951055.avi,0,2,0.46091756,0.17044362,0.091766015,0.2768728
286,/mnt/c/Users/puneet/Downloads/DAiSEE/DataSet/Test/500095/5000951056/5000951056.avi,0,3,0.4608497,0.17264651,0.09080954,0.27569425
287,/mnt/c/Users/puneet/Downloads/DAiSEE/DataSet/Test/500095/5000951057/5000951057.avi,0,3,0.45743337,0.17278376,0.09031838,0.27946448
288,/mnt/c/Users/puneet/Downloads/DAiSEE/DataSet/Test/500095/5000951058/5000951058.avi,0,3,0.45690468,0.17463781,0.09094562,0.2775119
289,/mnt/c/Users/puneet/Downloads/DAiSEE/DataSet/Test/500095/5000951060/5000951060.avi,0,3,0.46210277,0.17119025,0.09076703,0.27593997
290,/mnt/c/Users/puneet/Downloads/DAiSEE/DataSet/Test/500095/5000951061/5000951061.avi,0,2,0.447269,0.1783627,0.092077956,0.28229034
291,/mnt/c/Users/puneet/Downloads/DAiSEE/DataSet/Test/500095/5000951062/5000951062.avi,0,2,0.46235684,0.17059472,0.09125262,0.27579582
292,/mnt/c/Users/puneet/Downloads/DAiSEE/DataSet/Test/500095/5000951063/5000951063.avi,0,2,0.46048865,0.17273968,0.09082053,0.27595115
293,/mnt/c/Users/puneet/Downloads/DAiSEE/DataSet/Test/500095/5000951065/5000951065.avi,0,3,0.46578947,0.168324,0.08929373,0.2765928
294,/mnt/c/Users/puneet/Downloads/DAiSEE/DataSet/Test/500095/5000951066/5000951066.avi,0,2,0.4524246,0.1781471,0.09362557,0.27580273
295,/mnt/c/Users/puneet/Downloads/DAiSEE/DataSet/Test/500095/5000951067/5000951067.avi,0,2,0.4693324,0.17182429,0.08930648,0.26953682
296,/mnt/c/Users/puneet/Downloads/DAiSEE/DataSet/Test/500095/5000952002/5000952002.avi,0,2,0.46014008,0.1752593,0.09050611,0.2740945
297,/mnt/c/Users/puneet/Downloads/DAiSEE/DataSet/Test/500095/5000952003/5000952003.avi,0,2,0.44901362,0.178724,0.09572383,0.27653855
298,/mnt/c/Users/puneet/Downloads/DAiSEE/DataSet/Test/500095/5000952004/5000952004.avi,0,2,0.4610767,0.17349774,0.0905485,0.27487707
299,/mnt/c/Users/puneet/Downloads/DAiSEE/DataSet/Test/500095/5000952005/5000952005.avi,0,3,0.44544402,0.18185584,0.09610741,0.27659273
300,/mnt/c/Users/puneet/Downloads/DAiSEE/DataSet/Test/500095/5000952007/5000952007.avi,0,3,0.4527529,0.17782205,0.09329996,0.2761251
301,/mnt/c/Users/puneet/Downloads/DAiSEE/DataSet/Test/500095/5000952008/5000952008.avi,0,3,0.4575754,0.17438282,0.09072952,0.27731225
302,/mnt/c/Users/puneet/Downloads/DAiSEE/DataSet/Test/500095/5000952011/5000952011.avi,0,2,0.45483398,0.17878671,0.09168764,0.27469167
303,/mnt/c/Users/puneet/Downloads/DAiSEE/DataSet/Test/500095/5000952013/5000952013.avi,0,2,0.44984898,0.17439803,0.09724299,0.27850997
304,/mnt/c/Users/puneet/Downloads/DAiSEE/DataSet/Test/500095/5000952014/5000952014.avi,0,2,0.45830044,0.17110513,0.09404852,0.2765459
305,/mnt/c/Users/puneet/Downloads/DAiSEE/DataSet/Test/500095/5000952015/5000952015.avi,0,3,0.44762456,0.17786977,0.09176614,0.28273955
306,/mnt/c/Users/puneet/Downloads/DAiSEE/DataSet/Test/500095/5000952016/5000952016.avi,0,2,0.46108463,0.17313965,0.09108707,0.27468863
307,/mnt/c/Users/puneet/Downloads/DAiSEE/DataSet/Test/500095/5000952017/5000952017.avi,0,2,0.4576118,0.17178023,0.08996496,0.280643
308,/mnt/c/Users/puneet/Downloads/DAiSEE/DataSet/Test/500095/5000952018/5000952018.avi,0,2,0.4624647,0.17065759,0.09095451,0.2759232
309,/mnt/c/Users/puneet/Downloads/DAiSEE/DataSet/Test/500095/5000952020/5000952020.avi,0,2,0.46823046,0.17169458,0.08956477,0.2705102
310,/mnt/c/Users/puneet/Downloads/DAiSEE/DataSet/Test/500095/5000952021/5000952021.avi,0,2,0.45726833,0.17210498,0.09325136,0.27737534
311,/mnt/c/Users/puneet/Downloads/DAiSEE/DataSet/Test/500095/5000952022/5000952022.avi,0,2,0.4661453,0.17247896,0.08986,0.27151573
312,/mnt/c/Users/puneet/Downloads/DAiSEE/DataSet/Test/500095/5000952023/5000952023.avi,0,3,0.45167437,0.1764476,0.0909543,0.28092375
313,/mnt/c/Users/puneet/Downloads/DAiSEE/DataSet/Test/500095/5000952024/5000952024.avi,0,2,0.45729458,0.17305118,0.09145115,0.27820307
314,/mnt/c/Users/puneet/Downloads/DAiSEE/DataSet/Test/500095/5000952025/5000952025.avi,0,3,0.4573911,0.17341593,0.091187894,0.27800506
315,/mnt/c/Users/puneet/Downloads/DAiSEE/DataSet/Test/500095/5000952026/5000952026.avi,0,3,0.464233,0.17185903,0.089734875,0.27417308
316,/mnt/c/Users/puneet/Downloads/DAiSEE/DataSet/Test/500095/5000952027/5000952027.avi,0,2,0.46122125,0.17140284,0.09215027,0.27522564
317,/mnt/c/Users/puneet/Downloads/DAiSEE/DataSet/Test/500095/5000952028/5000952028.avi,0,2,0.46130878,0.17102519,0.09084223,0.2768238
318,/mnt/c/Users/puneet/Downloads/DAiSEE/DataSet/Test/500095/5000952029/5000952029.avi,0,2,0.4550654,0.17517336,0.090700895,0.27906036
319,/mnt/c/Users/puneet/Downloads/DAiSEE/DataSet/Test/500095/5000952031/5000952031.avi,0,2,0.4554384,0.17268403,0.09257714,0.27930045
320,/mnt/c/Users/puneet/Downloads/DAiSEE/DataSet/Test/500095/5000952032/5000952032.avi,0,2,0.4676651,0.16661188,0.09064919,0.2750738
321,/mnt/c/Users/puneet/Downloads/DAiSEE/DataSet/Test/500095/5000952033/5000952033.avi,0,2,0.46094707,0.17077178,0.09074186,0.2775393
322,/mnt/c/Users/puneet/Downloads/DAiSEE/DataSet/Test/500095/5000952034/5000952034.avi,0,1,0.46112856,0.17082731,0.09158258,0.27646154
323,/mnt/c/Users/puneet/Downloads/DAiSEE/DataSet/Test/500095/5000952035/5000952035.avi,0,2,0.4492373,0.17924206,0.09368281,0.27783784
324,/mnt/c/Users/puneet/Downloads/DAiSEE/DataSet/Test/500095/5000952036/5000952036.avi,0,2,0.45199138,0.17840609,0.091467425,0.2781351
325,/mnt/c/Users/puneet/Downloads/DAiSEE/DataSet/Test/500095/5000952038/5000952038.avi,0,3,0.45028913,0.17979948,0.09407844,0.27583295
326,/mnt/c/Users/puneet/Downloads/DAiSEE/DataSet/Test/500095/5000952040/5000952040.avi,0,3,0.4609798,0.17201693,0.09141108,0.2755922
327,/mnt/c/Users/puneet/Downloads/DAiSEE/DataSet/Test/500095/5000952041/5000952041.avi,0,2,0.46429172,0.16947128,0.090918325,0.27531868
328,/mnt/c/Users/puneet/Downloads/DAiSEE/DataSet/Test/500095/5000952042/5000952042.avi,0,2,0.45383123,0.17702553,0.0934123,0.27573094
329,/mnt/c/Users/puneet/Downloads/DAiSEE/DataSet/Test/500095/5000952044/5000952044.avi,0,2,0.46826014,0.16734205,0.090723425,0.27367437
330,/mnt/c/Users/puneet/Downloads/DAiSEE/DataSet/Test/500095/5000952045/5000952045.avi,0,2,0.46463954,0.16985439,0.09090634,0.27459973
331,/mnt/c/Users/puneet/Downloads/DAiSEE/DataSet/Test/500095/5000952046/5000952046.avi,0,3,0.46706876,0.1674438,0.09057518,0.27491227
332,/mnt/c/Users/puneet/Downloads/DAiSEE/DataSet/Test/500095/5000952048/5000952048.avi,0,2,0.46404913,0.16998513,0.09129976,0.27466595
333,/mnt/c/Users/puneet/Downloads/DAiSEE/DataSet/Test/500095/5000952050/5000952050.avi,0,3,0.46000576,0.17204551,0.09204443,0.2759043
334,/mnt/c/Users/puneet/Downloads/DAiSEE/DataSet/Test/500095/5000952052/5000952052.avi,0,2,0.4660543,0.16916154,0.090570755,0.2742134
335,/mnt/c/Users/puneet/Downloads/DAiSEE/DataSet/Test/500095/5000952053/5000952053.avi,0,3,0.46342602,0.1696199,0.09116856,0.2757855
336,/mnt/c/Users/puneet/Downloads/DAiSEE/DataSet/Test/500095/5000952054/5000952054.avi,0,2,0.4655599,0.17115813,0.09052867,0.2727533
337,/mnt/c/Users/puneet/Downloads/DAiSEE/DataSet/Test/500095/5000952055/5000952055.avi,0,2,0.46415803,0.17107035,0.090893544,0.27387807
338,/mnt/c/Users/puneet/Downloads/DAiSEE/DataSet/Test/500095/5000952060/5000952060.avi,0,2,0.46876386,0.1687125,0.09064806,0.27187556
339,/mnt/c/Users/puneet/Downloads/DAiSEE/DataSet/Test/500095/5000952061/5000952061.avi,0,2,0.46327248,0.1695575,0.091506496,0.27566352
340,/mnt/c/Users/puneet/Downloads/DAiSEE/DataSet/Test/500095/5000952062/5000952062.avi,0,1,0.46934187,0.16608654,0.09041565,0.27415594
341,/mnt/c/Users/puneet/Downloads/DAiSEE/DataSet/Test/500095/5000952063/5000952063.avi,0,2,0.45478427,0.17650141,0.09158632,0.277128
342,/mnt/c/Users/puneet/Downloads/DAiSEE/DataSet/Test/500095/5000952064/5000952064.avi,0,3,0.46713543,0.16722578,0.090521224,0.27511758
343,/mnt/c/Users/puneet/Downloads/DAiSEE/DataSet/Test/500095/5000952065/5000952065.avi,0,2,0.4644202,0.17036416,0.09092982,0.27428582
344,/mnt/c/Users/puneet/Downloads/DAiSEE/DataSet/Test/500095/5000952066/5000952066.avi,0,2,0.4549042,0.17694978,0.09302973,0.2751163
345,/mnt/c/Users/puneet/Downloads/DAiSEE/DataSet/Test/500095/5000952068/5000952068.avi,0,3,0.46915448,0.16665004,0.09043354,0.27376196
346,/mnt/c/Users/puneet/Downloads/DAiSEE/DataSet/Test/500095/5000952069/5000952069.avi,0,2,0.4579463,0.17165767,0.089873955,0.28052208
347,/mnt/c/Users/puneet/Downloads/DAiSEE/DataSet/Test/500095/5000952070/5000952070.avi,0,3,0.46547657,0.1701171,0.090815544,0.2735908
348,/mnt/c/Users/puneet/Downloads/DAiSEE/DataSet/Test/500095/5000952071/5000952071.avi,0,2,0.46441725,0.16854548,0.091531895,0.2755054
349,/mnt/c/Users/puneet/Downloads/DAiSEE/DataSet/Test/500095/5000952072/5000952072.avi,0,3,0.46826544,0.16644979,0.09089892,0.27438584
350,/mnt/c/Users/puneet/Downloads/DAiSEE/DataSet/Test/500095/5000952073/5000952073.avi,0,2,0.46778637,0.16633143,0.090891086,0.2749911
351,/mnt/c/Users/puneet/Downloads/DAiSEE/DataSet/Test/500095/5000952075/5000952075.avi,0,2,0.46171167,0.1712368,0.09135005,0.2757015
352,/mnt/c/Users/puneet/Downloads/DAiSEE/DataSet/Test/500095/5000952076/5000952076.avi,0,3,0.4529619,0.17355135,0.09498806,0.27849868
353,/mnt/c/Users/puneet/Downloads/DAiSEE/DataSet/Test/500095/5000952077/5000952077.avi,0,2,0.46984217,0.16601932,0.09068993,0.2734486
354,/mnt/c/Users/puneet/Downloads/DAiSEE/DataSet/Test/500095/5000952078/5000952078.avi,0,2,0.4644518,0.17005767,0.09052592,0.27496463
355,/mnt/c/Users/puneet/Downloads/DAiSEE/DataSet/Test/500095/5000952080/5000952080.avi,0,3,0.46455902,0.17084731,0.09132101,0.27327266
356,/mnt/c/Users/puneet/Downloads/DAiSEE/DataSet/Test/500095/5000952083/5000952083.avi,0,1,0.46304002,0.1718985,0.091219,0.27384248
357,/mnt/c/Users/puneet/Downloads/DAiSEE/DataSet/Test/510009/5100091001/5100091001.avi,0,2,0.46336094,0.16951604,0.09095965,0.27616337
358,/mnt/c/Users/puneet/Downloads/DAiSEE/DataSet/Test/510009/5100091003/5100091003.avi,0,3,0.4650966,0.16749793,0.09099688,0.27640858
359,/mnt/c/Users/puneet/Downloads/DAiSEE/DataSet/Test/510009/5100091004/5100091004.avi,0,3,0.46039936,0.17091118,0.08814791,0.28054157
360,/mnt/c/Users/puneet/Downloads/DAiSEE/DataSet/Test/510009/5100091005/5100091005.avi,0,2,0.46153724,0.17450325,0.090685196,0.2732743
361,/mnt/c/Users/puneet/Downloads/DAiSEE/DataSet/Test/510009/5100091006/5100091006.avi,0,2,0.44967207,0.17660508,0.09057839,0.28314447
362,/mnt/c/Users/puneet/Downloads/DAiSEE/DataSet/Test/510009/5100091007/5100091007.avi,0,3,0.4634552,0.17053574,0.090901025,0.27510804
363,/mnt/c/Users/puneet/Downloads/DAiSEE/DataSet/Test/510009/5100091008/5100091008.avi,0,3,0.46712863,0.16838114,0.09080001,0.27369022
364,/mnt/c/Users/puneet/Downloads/DAiSEE/DataSet/Test/510009/5100091009/5100091009.avi,0,2,0.48000732,0.15765737,0.0899074,0.27242792
365,/mnt/c/Users/puneet/Downloads/DAiSEE/DataSet/Test/510009/5100091010/5100091010.avi,0,3,0.4562994,0.1737371,0.09134813,0.2786154
366,/mnt/c/Users/puneet/Downloads/DAiSEE/DataSet/Test/510009/5100091012/5100091012.avi,0,2,0.46649095,0.17211151,0.090021804,0.27137575
367,/mnt/c/Users/puneet/Downloads/DAiSEE/DataSet/Test/510009/5100091017/5100091017.avi,0,2,0.46504524,0.17093728,0.09044407,0.27357337
368,/mnt/c/Users/puneet/Downloads/DAiSEE/DataSet/Test/510009/5100091019/5100091019.avi,0,2,0.45999187,0.17253736,0.090915635,0.27655512
369,/mnt/c/Users/puneet/Downloads/DAiSEE/DataSet/Test/510009/5100091020/5100091020.avi,0,3,0.4576092,0.17345157,0.09228396,0.27665526
370,/mnt/c/Users/puneet/Downloads/DAiSEE/DataSet/Test/510009/5100091025/5100091025.avi,0,2,0.47219938,0.16371149,0.09044261,0.27364653
371,/mnt/c/Users/puneet/Downloads/DAiSEE/DataSet/Test/510009/5100091026/5100091026.avi,0,3,0.4557868,0.17492206,0.091623664,0.27766746
372,/mnt/c/Users/puneet/Downloads/DAiSEE/DataSet/Test/510009/5100091027/5100091027.avi,0,2,0.4684432,0.17001858,0.090286486,0.2712517
373,/mnt/c/Users/puneet/Downloads/DAiSEE/DataSet/Test/510009/5100091028/5100091028.avi,0,2,0.46270072,0.17141423,0.09073076,0.2751543
374,/mnt/c/Users/puneet/Downloads/DAiSEE/DataSet/Test/510009/5100091032/5100091032.avi,0,3,0.45022964,0.17795813,0.094629705,0.27718252
375,/mnt/c/Users/puneet/Downloads/DAiSEE/DataSet/Test/510009/5100091033/5100091033.avi,0,2,0.46625194,0.16672063,0.08927001,0.2777574
376,/mnt/c/Users/puneet/Downloads/DAiSEE/DataSet/Test/510009/5100091034/5100091034.avi,0,3,0.46383828,0.17098574,0.09055338,0.2746226
377,/mnt/c/Users/puneet/Downloads/DAiSEE/DataSet/Test/510009/5100091035/5100091035.avi,0,3,0.46229973,0.16966905,0.09029279,0.27773842
378,/mnt/c/Users/puneet/Downloads/DAiSEE/DataSet/Test/510009/5100091036/5100091036.avi,0,3,0.46667984,0.16856754,0.09043522,0.2743174
379,/mnt/c/Users/puneet/Downloads/DAiSEE/DataSet/Test/510009/5100091038/5100091038.avi,0,3,0.46291128,0.16975687,0.090499304,0.27683252
380,/mnt/c/Users/puneet/Downloads/DAiSEE/DataSet/Test/510009/5100091039/5100091039.avi,0,3,0.45713544,0.17391849,0.0908278,0.27811828
381,/mnt/c/Users/puneet/Downloads/DAiSEE/DataSet/Test/510009/5100091042/5100091042.avi,0,3,0.460938,0.17084111,0.09107293,0.27714795
382,/mnt/c/Users/puneet/Downloads/DAiSEE/DataSet/Test/510009/5100091046/5100091046.avi,0,3,0.46627,0.16849928,0.09026428,0.27496645
383,/mnt/c/Users/puneet/Downloads/DAiSEE/DataSet/Test/510009/5100091049/5100091049.avi,0,1,0.45916602,0.17148888,0.08821723,0.28112787
384,/mnt/c/Users/puneet/Downloads/DAiSEE/DataSet/Test/510009/5100091050/5100091050.avi,0,2,0.46816343,0.17054817,0.090122536,0.27116588
385,/mnt/c/Users/puneet/Downloads/DAiSEE/DataSet/Test/510009/5100091051/5100091051.avi,0,2,0.46210364,0.1709385,0.0907195,0.27623835
386,/mnt/c/Users/puneet/Downloads/DAiSEE/DataSet/Test/510009/5100091053/5100091053.avi,0,2,0.45629287,0.17381033,0.09052269,0.2793741
387,/mnt/c/Users/puneet/Downloads/DAiSEE/DataSet/Test/510009/5100091055/5100091055.avi,0,3,0.4659249,0.16801772,0.090482324,0.2755751
388,/mnt/c/Users/puneet/Downloads/DAiSEE/DataSet/Test/510009/5100091056/5100091056.avi,0,2,0.467162,0.16765589,0.09066439,0.27451771
389,/mnt/c/Users/puneet/Downloads/DAiSEE/DataSet/Test/510009/5100091057/5100091057.avi,0,2,0.4651434,0.1689583,0.09080647,0.2750918
390,/mnt/c/Users/puneet/Downloads/DAiSEE/DataSet/Test/510009/5100091058/5100091058.avi,0,2,0.45626143,0.17157984,0.0934151,0.27874365
391,/mnt/c/Users/puneet/Downloads/DAiSEE/DataSet/Test/510009/5100091059/5100091059.avi,0,2,0.4624352,0.17334265,0.090488434,0.27373376
392,/mnt/c/Users/puneet/Downloads/DAiSEE/DataSet/Test/510009/5100091062/5100091062.avi,0,2,0.4512062,0.1768069,0.09210068,0.27988622
393,/mnt/c/Users/puneet/Downloads/DAiSEE/DataSet/Test/510009/5100091064/5100091064.avi,0,2,0.45717984,0.17430262,0.09057285,0.27794468
394,/mnt/c/Users/puneet/Downloads/DAiSEE/DataSet/Test/510009/5100091065/5100091065.avi,0,3,0.46207958,0.17334178,0.0902913,0.2742873
395,/mnt/c/Users/puneet/Downloads/DAiSEE/DataSet/Test/510009/5100091066/5100091066.avi,0,2,0.45592305,0.17279246,0.09381494,0.27746955
396,/mnt/c/Users/puneet/Downloads/DAiSEE/DataSet/Test/510009/5100091067/5100091067.avi,0,3,0.4539171,0.17645773,0.092555314,0.27706987
397,/mnt/c/Users/puneet/Downloads/DAiSEE/DataSet/Test/510009/5100091068/5100091068.avi,0,2,0.46892753,0.16982363,0.090060584,0.27118826
398,/mnt/c/Users/puneet/Downloads/DAiSEE/DataSet/Test/510009/5100091069/5100091069.avi,0,3,0.45604295,0.17483515,0.09300597,0.27611595
399,/mnt/c/Users/puneet/Downloads/DAiSEE/DataSet/Test/510009/5100092002/5100092002.avi,0,3,0.46148834,0.17143129,0.090924785,0.2761556
400,/mnt/c/Users/puneet/Downloads/DAiSEE/DataSet/Test/510009/5100092003/5100092003.avi,0,3,0.46860227,0.16815418,0.090692215,0.27255133
401,/mnt/c/Users/puneet/Downloads/DAiSEE/DataSet/Test/510009/5100092005/5100092005.avi,0,3,0.45380872,0.17691438,0.091277845,0.27799907
402,/mnt/c/Users/puneet/Downloads/DAiSEE/DataSet/Test/510009/5100092006/5100092006.avi,0,3,0.4620834,0.17182605,0.090858415,0.27523214
403,/mnt/c/Users/puneet/Downloads/DAiSEE/DataSet/Test/510009/5100092008/5100092008.avi,0,3,0.46966866,0.16519085,0.08983874,0.27530175
404,/mnt/c/Users/puneet/Downloads/DAiSEE/DataSet/Test/510009/5100092010/5100092010.avi,0,3,0.46332768,0.170218,0.09061181,0.27584252
405,/mnt/c/Users/puneet/Downloads/DAiSEE/DataSet/Test/510009/5100092011/5100092011.avi,0,2,0.45338368,0.17489241,0.089773506,0.28195038
406,/mnt/c/Users/puneet/Downloads/DAiSEE/DataSet/Test/510009/5100092013/5100092013.avi,0,3,0.45506623,0.1726493,0.0925671,0.2797174
407,/mnt/c/Users/puneet/Downloads/DAiSEE/DataSet/Test/510009/5100092017/5100092017.avi,0,2,0.465168,0.16961607,0.09091281,0.2743031
408,/mnt/c/Users/puneet/Downloads/DAiSEE/DataSet/Test/510009/5100092019/5100092019.avi,0,3,0.4627845,0.16963749,0.09069848,0.27687952
409,/mnt/c/Users/puneet/Downloads/DAiSEE/DataSet/Test/510009/5100092021/5100092021.avi,0,2,0.46000278,0.17183319,0.089940146,0.2782239
410,/mnt/c/Users/puneet/Downloads/DAiSEE/DataSet/Test/510009/5100092022/5100092022.avi,0,3,0.46067968,0.1716631,0.09092701,0.2767302
411,/mnt/c/Users/puneet/Downloads/DAiSEE/DataSet/Test/510009/5100092023/5100092023.avi,0,3,0.46062666,0.1713903,0.09033518,0.27764785
412,/mnt/c/Users/puneet/Downloads/DAiSEE/DataSet/Test/510009/5100092026/5100092026.avi,0,3,0.464178,0.169336,0.09007872,0.27640727
413,/mnt/c/Users/puneet/Downloads/DAiSEE/DataSet/Test/510009/5100092027/5100092027.avi,0,3,0.46095976,0.17025316,0.08721371,0.28157339
414,/mnt/c/Users/puneet/Downloads/DAiSEE/DataSet/Test/510009/5100092032/5100092032.avi,0,2,0.46283415,0.16925117,0.08671515,0.2811995
415,/mnt/c/Users/puneet/Downloads/DAiSEE/DataSet/Test/510009/5100092033/5100092033.avi,0,3,0.46112296,0.17040531,0.0880852,0.2803865
416,/mnt/c/Users/puneet/Downloads/DAiSEE/DataSet/Test/510009/5100092034/5100092034.avi,0,2,0.46231824,0.17031583,0.09082442,0.2765415
417,/mnt/c/Users/puneet/Downloads/DAiSEE/DataSet/Test/510009/5100092035/5100092035.avi,0,2,0.46651787,0.17051323,0.090201475,0.27276742
418,/mnt/c/Users/puneet/Downloads/DAiSEE/DataSet/Test/510009/5100092037/5100092037.avi,0,2,0.4538837,0.17667663,0.091186345,0.27825332
419,/mnt/c/Users/puneet/Downloads/DAiSEE/DataSet/Test/510009/5100092038/5100092038.avi,0,2,0.46505255,0.16879793,0.09049328,0.27565628
420,/mnt/c/Users/puneet/Downloads/DAiSEE/DataSet/Test/510009/5100092039/5100092039.avi,0,3,0.4635238,0.17047615,0.09058296,0.2754171
421,/mnt/c/Users/puneet/Downloads/DAiSEE/DataSet/Test/510009/5100092040/5100092040.avi,0,3,0.46551737,0.16781484,0.09028035,0.27638742
422,/mnt/c/Users/puneet/Downloads/DAiSEE/DataSet/Test/510009/5100092041/5100092041.avi,0,2,0.46712616,0.16804445,0.09057907,0.2742503
423,/mnt/c/Users/puneet/Downloads/DAiSEE/DataSet/Test/510009/5100092042/5100092042.avi,0,3,0.4605515,0.17046009,0.08959173,0.27939665
424,/mnt/c/Users/puneet/Downloads/DAiSEE/DataSet/Test/510009/5100092043/5100092043.avi,0,2,0.45987847,0.17184229,0.09034213,0.27793708
425,/mnt/c/Users/puneet/Downloads/DAiSEE/DataSet/Test/510009/5100092044/5100092044.avi,0,3,0.45890862,0.17224264,0.089452885,0.27939585
426,/mnt/c/Users/puneet/Downloads/DAiSEE/DataSet/Test/510009/5100092045/5100092045.avi,0,3,0.4616695,0.17078982,0.09065601,0.27688468
427,/mnt/c/Users/puneet/Downloads/DAiSEE/DataSet/Test/510009/5100092053/5100092053.avi,0,2,0.44995397,0.1774935,0.09151869,0.2810338
428,/mnt/c/Users/puneet/Downloads/DAiSEE/DataSet/Test/510009/5100092056/5100092056.avi,0,2,0.45968604,0.17246959,0.09212669,0.2757177
429,/mnt/c/Users/puneet/Downloads/DAiSEE/DataSet/Test/510009/5100092057/5100092057.avi,0,2,0.46567166,0.168122,0.09056543,0.2756409
430,/mnt/c/Users/puneet/Downloads/DAiSEE/DataSet/Test/510009/5100092060/5100092060.avi,0,3,0.45823324,0.17190292,0.09236908,0.27749476
431,/mnt/c/Users/puneet/Downloads/DAiSEE/DataSet/Test/510009/5100092061/5100092061.avi,0,3,0.46997347,0.16538423,0.09049543,0.27414685
432,/mnt/c/Users/puneet/Downloads/DAiSEE/DataSet/Test/510009/5100092062/5100092062.avi,0,2,0.46246216,0.16981503,0.09067543,0.2770474
433,/mnt/c/Users/puneet/Downloads/DAiSEE/DataSet/Test/510009/5100092063/5100092063.avi,0,2,0.46003407,0.17191534,0.09046306,0.27758753
434,/mnt/c/Users/puneet/Downloads/DAiSEE/DataSet/Test/510009/5100092064/5100092064.avi,0,3,0.4608086,0.17133866,0.090763845,0.2770889
435,/mnt/c/Users/puneet/Downloads/DAiSEE/DataSet/Test/510009/5100092065/5100092065.avi,0,2,0.45200744,0.17730372,0.093247615,0.2774412
436,/mnt/c/Users/puneet/Downloads/DAiSEE/DataSet/Test/510009/5100092067/5100092067.avi,0,3,0.46852756,0.16715784,0.090770066,0.27354452
437,/mnt/c/Users/puneet/Downloads/DAiSEE/DataSet/Test/510009/5100092068/5100092068.avi,0,2,0.46517968,0.16875152,0.0906394,0.2754294
438,/mnt/c/Users/puneet/Downloads/DAiSEE/DataSet/Test/510009/5100092069/5100092069.avi,0,3,0.46319437,0.17098363,0.09051992,0.27530208
439,/mnt/c/Users/puneet/Downloads/DAiSEE/DataSet/Test/510009/5100092071/5100092071.avi,0,3,0.46841222,0.16763122,0.0905699,0.27338666
440,/mnt/c/Users/puneet/Downloads/DAiSEE/DataSet/Test/510009/5100092072/5100092072.avi,0,3,0.45157114,0.18021123,0.09197327,0.27624437
441,/mnt/c/Users/puneet/Downloads/DAiSEE/DataSet/Test/510034/5100341002/5100341002.avi,0,2,0.463625,0.16974533,0.09072986,0.2758998
442,/mnt/c/Users/puneet/Downloads/DAiSEE/DataSet/Test/510034/5100341003/5100341003.avi,0,2,0.45551017,0.1751874,0.09216943,0.27713302
443,/mnt/c/Users/puneet/Downloads/DAiSEE/DataSet/Test/510034/5100341004/5100341004.avi,0,3,0.4666941,0.169845,0.09019332,0.2732676
444,/mnt/c/Users/puneet/Downloads/DAiSEE/DataSet/Test/510034/5100341005/5100341005.avi,0,2,0.4627803,0.17013818,0.091790505,0.27529103
445,/mnt/c/Users/puneet/Downloads/DAiSEE/DataSet/Test/510034/5100341006/5100341006.avi,0,2,0.46794507,0.16702323,0.0904461,0.2745856
446,/mnt/c/Users/puneet/Downloads/DAiSEE/DataSet/Test/510034/5100341008/5100341008.avi,0,2,0.45833874,0.17268105,0.09077009,0.2782101
447,/mnt/c/Users/puneet/Downloads/DAiSEE/DataSet/Test/510034/5100341009/5100341009.avi,0,2,0.46225694,0.1724885,0.09087558,0.274379
448,/mnt/c/Users/puneet/Downloads/DAiSEE/DataSet/Test/510034/5100341010/5100341010.avi,0,2,0.45911434,0.17177334,0.089853905,0.2792584
449,/mnt/c/Users/puneet/Downloads/DAiSEE/DataSet/Test/510034/5100341012/5100341012.avi,0,3,0.46278942,0.17024821,0.09077172,0.27619064
450,/mnt/c/Users/puneet/Downloads/DAiSEE/DataSet/Test/510034/5100341013/5100341013.avi,0,2,0.45919657,0.17348208,0.09074189,0.27657947
451,/mnt/c/Users/puneet/Downloads/DAiSEE/DataSet/Test/510034/5100341014/5100341014.avi,0,3,0.4601787,0.17211607,0.09085949,0.27684572
452,/mnt/c/Users/puneet/Downloads/DAiSEE/DataSet/Test/510034/5100341015/5100341015.avi,0,2,0.46211594,0.17016384,0.09059086,0.27712935
453,/mnt/c/Users/puneet/Downloads/DAiSEE/DataSet/Test/510034/5100341016/5100341016.avi,0,2,0.46279165,0.17053404,0.090792164,0.27588215
454,/mnt/c/Users/puneet/Downloads/DAiSEE/DataSet/Test/510034/5100341017/5100341017.avi,0,2,0.46305943,0.17002103,0.09013277,0.27678677
455,/mnt/c/Users/puneet/Downloads/DAiSEE/DataSet/Test/510034/5100341019/5100341019.avi,0,2,0.46146527,0.17074703,0.090451404,0.2773363
456,/mnt/c/Users/puneet/Downloads/DAiSEE/DataSet/Test/510034/5100341020/5100341020.avi,0,3,0.45978773,0.1721906,0.09025206,0.27776963
457,/mnt/c/Users/puneet/Downloads/DAiSEE/DataSet/Test/510034/5100341021/5100341021.avi,0,3,0.46100906,0.17105001,0.090500355,0.27744058
458,/mnt/c/Users/puneet/Downloads/DAiSEE/DataSet/Test/510034/5100341022/5100341022.avi,0,2,0.46243685,0.17035887,0.090371296,0.276833
459,/mnt/c/Users/puneet/Downloads/DAiSEE/DataSet/Test/510034/5100341023/5100341023.avi,0,2,0.4601768,0.17174223,0.09081007,0.2772709
460,/mnt/c/Users/puneet/Downloads/DAiSEE/DataSet/Test/510034/5100341024/5100341024.avi,0,3,0.46390724,0.16998039,0.090422064,0.2756903
461,/mnt/c/Users/puneet/Downloads/DAiSEE/DataSet/Test/510034/5100341025/5100341025.avi,0,2,0.46700823,0.16775666,0.09054285,0.27469227
462,/mnt/c/Users/puneet/Downloads/DAiSEE/DataSet/Test/510034/5100341026/5100341026.avi,0,3,0.4679853,0.16669509,0.09022076,0.27509886
463,/mnt/c/Users/puneet/Downloads/DAiSEE/DataSet/Test/510034/5100341027/5100341027.avi,0,3,0.46383658,0.1696983,0.09029261,0.27617252
464,/mnt/c/Users/puneet/Downloads/DAiSEE/DataSet/Test/510034/5100341028/5100341028.avi,0,2,0.45925182,0.1728908,0.092216864,0.2756405
465,/mnt/c/Users/puneet/Downloads/DAiSEE/DataSet/Test/510034/5100341030/5100341030.avi,0,2,0.46053252,0.17220369,0.09075468,0.2765091
466,/mnt/c/Users/puneet/Downloads/DAiSEE/DataSet/Test/510034/5100341031/5100341031.avi,0,3,0.45896587,0.17208274,0.09082924,0.27812216
467,/mnt/c/Users/puneet/Downloads/DAiSEE/DataSet/Test/510034/5100341032/5100341032.avi,0,2,0.4629009,0.17028825,0.09067057,0.27614027
468,/mnt/c/Users/puneet/Downloads/DAiSEE/DataSet/Test/510034/5100341033/5100341033.avi,0,2,0.4617209,0.1710025,0.09067544,0.2766011
469,/mnt/c/Users/puneet/Downloads/DAiSEE/DataSet/Test/510034/5100341034/5100341034.avi,0,3,0.45999542,0.17219941,0.09073382,0.27707136
470,/mnt/c/Users/puneet/Downloads/DAiSEE/DataSet/Test/510034/5100341035/5100341035.avi,0,2,0.4631321,0.1697832,0.090249546,0.27683514
471,/mnt/c/Users/puneet/Downloads/DAiSEE/DataSet/Test/510034/5100341037/5100341037.avi,0,2,0.4621812,0.17055283,0.08996282,0.27730316
472,/mnt/c/Users/puneet/Downloads/DAiSEE/DataSet/Test/510034/5100341038/5100341038.avi,0,2,0.46124136,0.17099181,0.09021235,0.27755445
473,/mnt/c/Users/puneet/Downloads/DAiSEE/DataSet/Test/510034/5100341039/5100341039.avi,0,3,0.46062163,0.17136225,0.08968735,0.27832878
474,/mnt/c/Users/puneet/Downloads/DAiSEE/DataSet/Test/510034/5100341042/5100341042.avi,0,2,0.46136266,0.17096631,0.090427004,0.27724403
475,/mnt/c/Users/puneet/Downloads/DAiSEE/DataSet/Test/510034/5100341043/5100341043.avi,0,1,0.46234885,0.17031692,0.09054504,0.2767892
476,/mnt/c/Users/puneet/Downloads/DAiSEE/DataSet/Test/510034/5100341046/5100341046.avi,0,2,0.4619033,0.17069376,0.0903291,0.27707383
477,/mnt/c/Users/puneet/Downloads/DAiSEE/DataSet/Test/510034/5100341048/5100341048.avi,0,3,0.46395192,0.1715993,0.08985486,0.27459395
478,/mnt/c/Users/puneet/Downloads/DAiSEE/DataSet/Test/510034/5100341050/5100341050.avi,0,3,0.46406415,0.17137097,0.089973435,0.27459145
479,/mnt/c/Users/puneet/Downloads/DAiSEE/DataSet/Test/510034/5100341052/5100341052.avi,0,3,0.46166873,0.1710196,0.09041703,0.27689463
480,/mnt/c/Users/puneet/Downloads/DAiSEE/DataSet/Test/510034/5100341054/5100341054.avi,0,3,0.46378058,0.1701414,0.09066565,0.27541238
481,/mnt/c/Users/puneet/Downloads/DAiSEE/DataSet/Test/510034/5100341055/5100341055.avi,0,3,0.45579338,0.17461862,0.090752125,0.27883586
482,/mnt/c/Users/puneet/Downloads/DAiSEE/DataSet/Test/510034/5100341056/5100341056.avi,0,2,0.46499446,0.16931145,0.090561315,0.2751328
483,/mnt/c/Users/puneet/Downloads/DAiSEE/DataSet/Test/510034/5100341057/5100341057.avi,0,2,0.4632983,0.17013705,0.09062293,0.27594173
484,/mnt/c/Users/puneet/Downloads/DAiSEE/DataSet/Test/510034/5100341058/5100341058.avi,0,3,0.46360102,0.16997382,0.09062394,0.2758012
485,/mnt/c/Users/puneet/Downloads/DAiSEE/DataSet/Test/510034/5100341061/5100341061.avi,0,2,0.46332794,0.16971369,0.09080398,0.2761544
486,/mnt/c/Users/puneet/Downloads/DAiSEE/DataSet/Test/510034/5100341062/5100341062.avi,0,3,0.46066052,0.17083824,0.090234205,0.27826703
487,/mnt/c/Users/puneet/Downloads/DAiSEE/DataSet/Test/510034/5100341065/5100341065.avi,0,3,0.4624638,0.17067033,0.09053953,0.27632636
488,/mnt/c/Users/puneet/Downloads/DAiSEE/DataSet/Test/510034/5100341067/5100341067.avi,0,3,0.4637494,0.1694959,0.09048765,0.27626705
489,/mnt/c/Users/puneet/Downloads/DAiSEE/DataSet/Test/510034/5100341068/5100341068.avi,0,3,0.45741406,0.17345306,0.0910069,0.27812597
490,/mnt/c/Users/puneet/Downloads/DAiSEE/DataSet/Test/510034/5100341070/5100341070.avi,0,3,0.46105674,0.17129153,0.09050749,0.27714422
491,/mnt/c/Users/puneet/Downloads/DAiSEE/DataSet/Test/510034/5100341071/5100341071.avi,0,3,0.45912352,0.17188701,0.090544455,0.278445
492,/mnt/c/Users/puneet/Downloads/DAiSEE/DataSet/Test/510034/5100341072/5100341072.avi,0,3,0.4633084,0.17037185,0.09127303,0.27504674
493,/mnt/c/Users/puneet/Downloads/DAiSEE/DataSet/Test/510034/5100341074/5100341074.avi,0,1,0.4642158,0.16998482,0.09096567,0.27483374
494,/mnt/c/Users/puneet/Downloads/DAiSEE/DataSet/Test/510034/5100341075/5100341075.avi,0,3,0.4618186,0.17083438,0.09055213,0.27679488
495,/mnt/c/Users/puneet/Downloads/DAiSEE/DataSet/Test/510034/5100341076/5100341076.avi,0,3,0.45819798,0.17307152,0.09100613,0.2777244
496,/mnt/c/Users/puneet/Downloads/DAiSEE/DataSet/Test/510034/5100341077/5100341077.avi,0,2,0.46371168,0.17034954,0.09039941,0.27553937
497,/mnt/c/Users/puneet/Downloads/DAiSEE/DataSet/Test/510034/5100341078/5100341078.avi,0,3,0.46524164,0.16873029,0.090538576,0.27548948
498,/mnt/c/Users/puneet/Downloads/DAiSEE/DataSet/Test/510034/5100341079/5100341079.avi,0,3,0.46600124,0.16791548,0.090212494,0.2758708
499,/mnt/c/Users/puneet/Downloads/DAiSEE/DataSet/Test/510034/5100342002/5100342002.avi,0,3,0.45839575,0.17680983,0.091397576,0.27339685
500,/mnt/c/Users/puneet/Downloads/DAiSEE/DataSet/Test/510034/5100342003/5100342003.avi,0,2,0.44523254,0.1822569,0.09618928,0.2763213
501,/mnt/c/Users/puneet/Downloads/DAiSEE/DataSet/Test/510034/5100342007/5100342007.avi,0,3,0.45161587,0.17577143,0.095201015,0.27741167
502,/mnt/c/Users/puneet/Downloads/DAiSEE/DataSet/Test/510034/5100342008/5100342008.avi,0,2,0.4514445,0.17509823,0.09594955,0.27750772
503,/mnt/c/Users/puneet/Downloads/DAiSEE/DataSet/Test/510034/5100342009/5100342009.avi,0,2,0.44994116,0.17744386,0.09531982,0.27729517
504,/mnt/c/Users/puneet/Downloads/DAiSEE/DataSet/Test/510034/5100342012/5100342012.avi,0,2,0.46026385,0.17462082,0.09049173,0.2746236
505,/mnt/c/Users/puneet/Downloads/DAiSEE/DataSet/Test/510034/5100342016/5100342016.avi,0,2,0.45710266,0.1735647,0.09040575,0.27892688
506,/mnt/c/Users/puneet/Downloads/DAiSEE/DataSet/Test/510034/5100342017/5100342017.avi,0,3,0.45851052,0.17231897,0.08931705,0.27985346
507,/mnt/c/Users/puneet/Downloads/DAiSEE/DataSet/Test/510034/5100342018/5100342018.avi,0,2,0.46618256,0.16824475,0.09021961,0.27535307
508,/mnt/c/Users/puneet/Downloads/DAiSEE/DataSet/Test/510034/5100342020/5100342020.avi,0,3,0.4558354,0.17371935,0.091496125,0.27894914
509,/mnt/c/Users/puneet/Downloads/DAiSEE/DataSet/Test/510034/5100342022/5100342022.avi,0,0,0.46083534,0.17163835,0.0907047,0.2768216
510,/mnt/c/Users/puneet/Downloads/DAiSEE/DataSet/Test/510034/5100342023/5100342023.avi,0,1,0.4624719,0.17082758,0.09040217,0.27629834
511,/mnt/c/Users/puneet/Downloads/DAiSEE/DataSet/Test/510034/5100342024/5100342024.avi,0,1,0.46202847,0.17048067,0.09112472,0.27636614
512,/mnt/c/Users/puneet/Downloads/DAiSEE/DataSet/Test/510034/5100342025/5100342025.avi,0,2,0.46352965,0.16949438,0.0904903,0.27648568
513,/mnt/c/Users/puneet/Downloads/DAiSEE/DataSet/Test/510034/5100342028/5100342028.avi,0,1,0.45561484,0.1765335,0.0909235,0.27692816
514,/mnt/c/Users/puneet/Downloads/DAiSEE/DataSet/Test/510034/5100342030/5100342030.avi,0,2,0.45803913,0.17578045,0.090867005,0.27531344
515,/mnt/c/Users/puneet/Downloads/DAiSEE/DataSet/Test/510034/5100342031/5100342031.avi,0,2,0.46786186,0.1664508,0.090658344,0.275029
516,/mnt/c/Users/puneet/Downloads/DAiSEE/DataSet/Test/510034/5100342034/5100342034.avi,0,2,0.4546184,0.17573136,0.091185376,0.27846485
517,/mnt/c/Users/puneet/Downloads/DAiSEE/DataSet/Test/510034/5100342036/5100342036.avi,0,1,0.46021152,0.17180525,0.0911258,0.27685744
518,/mnt/c/Users/puneet/Downloads/DAiSEE/DataSet/Test/510034/5100342042/5100342042.avi,0,2,0.46848902,0.16760711,0.09087207,0.2730318
519,/mnt/c/Users/puneet/Downloads/DAiSEE/DataSet/Test/510034/5100342043/5100342043.avi,0,2,0.45682156,0.17361827,0.09294208,0.2766181
520,/mnt/c/Users/puneet/Downloads/DAiSEE/DataSet/Test/510034/5100342045/5100342045.avi,0,2,0.4628792,0.16992638,0.08989705,0.27729735
521,/mnt/c/Users/puneet/Downloads/DAiSEE/DataSet/Test/510034/5100342048/5100342048.avi,0,1,0.46338212,0.17014787,0.09036865,0.27610135
522,/mnt/c/Users/puneet/Downloads/DAiSEE/DataSet/Test/510035/5100351001/5100351001.avi,0,1,0.46345016,0.17244634,0.09058923,0.27351427
523,/mnt/c/Users/puneet/Downloads/DAiSEE/DataSet/Test/510035/5100351002/5100351002.avi,0,1,0.46544692,0.17082079,0.0908913,0.272841
524,/mnt/c/Users/puneet/Downloads/DAiSEE/DataSet/Test/510035/5100351004/5100351004.avi,0,2,0.4594905,0.17217368,0.08929066,0.27904516
525,/mnt/c/Users/puneet/Downloads/DAiSEE/DataSet/Test/510035/5100351005/5100351005.avi,0,2,0.46633327,0.16629985,0.09151036,0.27585652
526,/mnt/c/Users/puneet/Downloads/DAiSEE/DataSet/Test/510035/5100351007/5100351007.avi,0,2,0.45932034,0.17463483,0.091567345,0.27447748
527,/mnt/c/Users/puneet/Downloads/DAiSEE/DataSet/Test/510035/5100351009/5100351009.avi,0,2,0.4522369,0.17605247,0.094679296,0.27703136
528,/mnt/c/Users/puneet/Downloads/DAiSEE/DataSet/Test/510035/5100351010/5100351010.avi,0,2,0.465654,0.17064501,0.09048325,0.27321774
529,/mnt/c/Users/puneet/Downloads/DAiSEE/DataSet/Test/510035/5100351012/5100351012.avi,0,3,0.45392594,0.17610556,0.09189006,0.27807844
530,/mnt/c/Users/puneet/Downloads/DAiSEE/DataSet/Test/510035/5100351013/5100351013.avi,0,1,0.46049988,0.1707304,0.08689543,0.2818743
531,/mnt/c/Users/puneet/Downloads/DAiSEE/DataSet/Test/510035/5100351015/5100351015.avi,0,2,0.45887873,0.17306165,0.09143321,0.27662638
532,/mnt/c/Users/puneet/Downloads/DAiSEE/DataSet/Test/510035/5100351016/5100351016.avi,0,2,0.455766,0.17418317,0.09134304,0.2787078
533,/mnt/c/Users/puneet/Downloads/DAiSEE/DataSet/Test/510035/5100351019/5100351019.avi,0,2,0.45843738,0.171458,0.088309675,0.28179494
534,/mnt/c/Users/puneet/Downloads/DAiSEE/DataSet/Test/510035/5100351020/5100351020.avi,0,2,0.4619074,0.17433657,0.090439364,0.27331668
535,/mnt/c/Users/puneet/Downloads/DAiSEE/DataSet/Test/510035/5100351021/5100351021.avi,0,2,0.45425308,0.17789742,0.09206967,0.2757798
536,/mnt/c/Users/puneet/Downloads/DAiSEE/DataSet/Test/510035/5100351022/5100351022.avi,0,0,0.45296252,0.17490532,0.08933328,0.2827989
537,/mnt/c/Users/puneet/Downloads/DAiSEE/DataSet/Test/510035/5100351023/5100351023.avi,0,2,0.46145213,0.17220245,0.09139682,0.2749486
538,/mnt/c/Users/puneet/Downloads/DAiSEE/DataSet/Test/510035/5100351024/5100351024.avi,0,2,0.45999897,0.17307383,0.09168091,0.2752463
539,/mnt/c/Users/puneet/Downloads/DAiSEE/DataSet/Test/510035/5100351025/5100351025.avi,0,2,0.44420385,0.17968695,0.092541136,0.28356808
540,/mnt/c/Users/puneet/Downloads/DAiSEE/DataSet/Test/510035/5100351026/5100351026.avi,0,3,0.45637864,0.17484969,0.09146569,0.277306
541,/mnt/c/Users/puneet/Downloads/DAiSEE/DataSet/Test/510035/5100351032/5100351032.avi,0,3,0.4518495,0.17820038,0.09134781,0.2786023
542,/mnt/c/Users/puneet/Downloads/DAiSEE/DataSet/Test/510035/5100351034/5100351034.avi,0,3,0.46206427,0.17389719,0.09034474,0.2736938
543,/mnt/c/Users/puneet/Downloads/DAiSEE/DataSet/Test/510035/5100351035/5100351035.avi,0,2,0.4608467,0.17152962,0.090601355,0.27702233
544,/mnt/c/Users/puneet/Downloads/DAiSEE/DataSet/Test/510035/5100351036/5100351036.avi,0,2,0.44689485,0.17842373,0.09133172,0.2833497
545,/mnt/c/Users/puneet/Downloads/DAiSEE/DataSet/Test/510035/5100351038/5100351038.avi,0,2,0.4608573,0.17370895,0.09101011,0.27442363
546,/mnt/c/Users/puneet/Downloads/DAiSEE/DataSet/Test/510035/5100351039/5100351039.avi,0,3,0.45320377,0.1748368,0.089381434,0.282578
547,/mnt/c/Users/puneet/Downloads/DAiSEE/DataSet/Test/510035/5100351040/5100351040.avi,0,2,0.45952955,0.17254843,0.09135476,0.27656725
548,/mnt/c/Users/puneet/Downloads/DAiSEE/DataSet/Test/510035/5100351042/5100351042.avi,0,1,0.4481539,0.1783767,0.09121358,0.28225583
549,/mnt/c/Users/puneet/Downloads/DAiSEE/DataSet/Test/510035/5100351043/5100351043.avi,0,3,0.45731837,0.17438677,0.09104796,0.2772469
550,/mnt/c/Users/puneet/Downloads/DAiSEE/DataSet/Test/510035/5100351044/5100351044.avi,0,2,0.44743532,0.17809798,0.091623016,0.2828437
551,/mnt/c/Users/puneet/Downloads/DAiSEE/DataSet/Test/510035/5100351045/5100351045.avi,0,2,0.4590869,0.17482962,0.09090227,0.2751812
552,/mnt/c/Users/puneet/Downloads/DAiSEE/DataSet/Test/510035/5100351046/5100351046.avi,0,3,0.4461418,0.17947361,0.09216991,0.28221467
553,/mnt/c/Users/puneet/Downloads/DAiSEE/DataSet/Test/510035/5100351049/5100351049.avi,0,3,0.44641,0.18071778,0.096168034,0.2767042
554,/mnt/c/Users/puneet/Downloads/DAiSEE/DataSet/Test/510035/5100351051/5100351051.avi,0,3,0.44428712,0.18002775,0.092443824,0.28324133
555,/mnt/c/Users/puneet/Downloads/DAiSEE/DataSet/Test/510035/5100351054/5100351054.avi,0,2,0.46017632,0.1721574,0.088529415,0.27913684
556,/mnt/c/Users/puneet/Downloads/DAiSEE/DataSet/Test/510035/5100351058/5100351058.avi,0,2,0.4559912,0.17643677,0.09102915,0.27654287
557,/mnt/c/Users/puneet/Downloads/DAiSEE/DataSet/Test/510035/5100352001/5100352001.avi,0,2,0.448743,0.1778952,0.09203303,0.2813288
558,/mnt/c/Users/puneet/Downloads/DAiSEE/DataSet/Test/510035/5100352002/5100352002.avi,0,2,0.44639522,0.18356526,0.094214804,0.27582473
559,/mnt/c/Users/puneet/Downloads/DAiSEE/DataSet/Test/510035/5100352003/5100352003.avi,0,2,0.4471481,0.17846361,0.09237777,0.28201053
560,/mnt/c/Users/puneet/Downloads/DAiSEE/DataSet/Test/510035/5100352004/5100352004.avi,0,3,0.44601116,0.17934306,0.092106655,0.28253913
561,/mnt/c/Users/puneet/Downloads/DAiSEE/DataSet/Test/510035/5100352005/5100352005.avi,0,2,0.458169,0.17118089,0.08994919,0.2807009
562,/mnt/c/Users/puneet/Downloads/DAiSEE/DataSet/Test/510035/5100352006/5100352006.avi,0,2,0.45853108,0.17665893,0.09160853,0.27320147
563,/mnt/c/Users/puneet/Downloads/DAiSEE/DataSet/Test/510035/5100352007/5100352007.avi,0,3,0.45139214,0.17753586,0.09194957,0.27912244
564,/mnt/c/Users/puneet/Downloads/DAiSEE/DataSet/Test/510035/5100352008/5100352008.avi,0,2,0.4594671,0.17262441,0.09133262,0.27657586
565,/mnt/c/Users/puneet/Downloads/DAiSEE/DataSet/Test/510035/5100352009/5100352009.avi,0,3,0.45817587,0.17292306,0.089645945,0.27925512
566,/mnt/c/Users/puneet/Downloads/DAiSEE/DataSet/Test/510035/5100352011/5100352011.avi,0,2,0.46436498,0.17087017,0.09098871,0.27377614
567,/mnt/c/Users/puneet/Downloads/DAiSEE/DataSet/Test/510035/5100352012/5100352012.avi,0,2,0.46481845,0.16876271,0.091137685,0.27528116
568,/mnt/c/Users/puneet/Downloads/DAiSEE/DataSet/Test/510035/5100352013/5100352013.avi,0,3,0.45733142,0.17435807,0.09060163,0.27770886
569,/mnt/c/Users/puneet/Downloads/DAiSEE/DataSet/Test/510035/5100352014/5100352014.avi,0,2,0.45241007,0.17620675,0.090856425,0.28052676
570,/mnt/c/Users/puneet/Downloads/DAiSEE/DataSet/Test/510035/5100352015/5100352015.avi,0,2,0.45774704,0.17467305,0.09178865,0.27579126
571,/mnt/c/Users/puneet/Downloads/DAiSEE/DataSet/Test/510035/5100352016/5100352016.avi,0,2,0.45108786,0.1773475,0.09137281,0.28019184
572,/mnt/c/Users/puneet/Downloads/DAiSEE/DataSet/Test/510035/5100352017/5100352017.avi,0,3,0.45304182,0.17788532,0.09182668,0.27724618
573,/mnt/c/Users/puneet/Downloads/DAiSEE/DataSet/Test/510035/5100352018/5100352018.avi,0,2,0.45494273,0.17611355,0.09135456,0.27758914
574,/mnt/c/Users/puneet/Downloads/DAiSEE/DataSet/Test/510035/5100352020/5100352020.avi,0,3,0.4441841,0.17981844,0.09240253,0.2835949
575,/mnt/c/Users/puneet/Downloads/DAiSEE/DataSet/Test/510035/5100352021/5100352021.avi,0,2,0.45304194,0.17556661,0.094165444,0.277226
576,/mnt/c/Users/puneet/Downloads/DAiSEE/DataSet/Test/510035/5100352022/5100352022.avi,0,1,0.4575921,0.17129129,0.09016749,0.28094912
577,/mnt/c/Users/puneet/Downloads/DAiSEE/DataSet/Test/510035/5100352026/5100352026.avi,0,3,0.4605788,0.17262708,0.08979859,0.27699554
578,/mnt/c/Users/puneet/Downloads/DAiSEE/DataSet/Test/510035/5100352027/5100352027.avi,0,3,0.4596962,0.17157929,0.09137652,0.27734798
579,/mnt/c/Users/puneet/Downloads/DAiSEE/DataSet/Test/510035/5100352028/5100352028.avi,0,2,0.46340346,0.16959731,0.09135938,0.27563986
580,/mnt/c/Users/puneet/Downloads/DAiSEE/DataSet/Test/510035/5100352030/5100352030.avi,0,3,0.45671573,0.17610137,0.090410575,0.27677232
581,/mnt/c/Users/puneet/Downloads/DAiSEE/DataSet/Test/510035/5100352031/5100352031.avi,0,3,0.45579666,0.17771396,0.091698416,0.27479097
582,/mnt/c/Users/puneet/Downloads/DAiSEE/DataSet/Test/510035/5100352032/5100352032.avi,0,2,0.4577548,0.17393139,0.09133027,0.27698356
583,/mnt/c/Users/puneet/Downloads/DAiSEE/DataSet/Test/510035/5100352033/5100352033.avi,0,2,0.44510034,0.18067189,0.09295561,0.28127217
584,/mnt/c/Users/puneet/Downloads/DAiSEE/DataSet/Test/510035/5100352034/5100352034.avi,0,2,0.44776556,0.17889003,0.09192493,0.2814195
585,/mnt/c/Users/puneet/Downloads/DAiSEE/DataSet/Test/510035/5100352035/5100352035.avi,0,2,0.45826024,0.1736308,0.09106815,0.2770408
586,/mnt/c/Users/puneet/Downloads/DAiSEE/DataSet/Test/510035/5100352037/5100352037.avi,0,2,0.45532092,0.1744255,0.089679085,0.2805745
587,/mnt/c/Users/puneet/Downloads/DAiSEE/DataSet/Test/510035/5100352038/5100352038.avi,0,3,0.46539396,0.16789491,0.09139153,0.2753196
588,/mnt/c/Users/puneet/Downloads/DAiSEE/DataSet/Test/510035/5100352039/5100352039.avi,0,3,0.45519286,0.17441294,0.08947731,0.2809169
589,/mnt/c/Users/puneet/Downloads/DAiSEE/DataSet/Test/510035/5100352041/5100352041.avi,0,2,0.4551313,0.17633308,0.09125433,0.2772813
590,/mnt/c/Users/puneet/Downloads/DAiSEE/DataSet/Test/510035/5100352042/5100352042.avi,0,2,0.45799994,0.17400964,0.0901787,0.2778117
591,/mnt/c/Users/puneet/Downloads/DAiSEE/DataSet/Test/510035/5100352043/5100352043.avi,0,1,0.4684711,0.17258236,0.08947613,0.2694704
592,/mnt/c/Users/puneet/Downloads/DAiSEE/DataSet/Test/510035/5100352044/5100352044.avi,0,2,0.44852918,0.17785022,0.09628407,0.2773365
593,/mnt/c/Users/puneet/Downloads/DAiSEE/DataSet/Test/510035/5100352045/5100352045.avi,0,3,0.4626452,0.17101343,0.091345474,0.27499592
594,/mnt/c/Users/puneet/Downloads/DAiSEE/DataSet/Test/510035/5100352046/5100352046.avi,0,3,0.44424632,0.18630832,0.094102554,0.2753428
595,/mnt/c/Users/puneet/Downloads/DAiSEE/DataSet/Test/510035/5100352049/5100352049.avi,0,2,0.45767945,0.17422119,0.09134831,0.27675104
596,/mnt/c/Users/puneet/Downloads/DAiSEE/DataSet/Test/510035/5100352050/5100352050.avi,0,2,0.45516756,0.17661598,0.0913927,0.27682373
597,/mnt/c/Users/puneet/Downloads/DAiSEE/DataSet/Test/510035/5100352051/5100352051.avi,0,2,0.45345736,0.17274915,0.09396092,0.2798326
598,/mnt/c/Users/puneet/Downloads/DAiSEE/DataSet/Test/510035/5100352052/5100352052.avi,0,3,0.45333928,0.17596762,0.09324121,0.2774519
599,/mnt/c/Users/puneet/Downloads/DAiSEE/DataSet/Test/510035/5100352054/5100352054.avi,0,1,0.4439429,0.17988138,0.09230781,0.2838679
600,/mnt/c/Users/puneet/Downloads/DAiSEE/DataSet/Test/510035/5100352055/5100352055.avi,0,3,0.4580617,0.17608646,0.09080425,0.27504763
601,/mnt/c/Users/puneet/Downloads/DAiSEE/DataSet/Test/510035/5100352056/5100352056.avi,0,2,0.44975427,0.17786491,0.0914549,0.28092593
602,/mnt/c/Users/puneet/Downloads/DAiSEE/DataSet/Test/510035/5100352057/5100352057.avi,0,2,0.46376982,0.17043716,0.09113229,0.27466074
603,/mnt/c/Users/puneet/Downloads/DAiSEE/DataSet/Test/510035/5100352060/5100352060.avi,0,2,0.45374957,0.17937589,0.09214967,0.27472487
604,/mnt/c/Users/puneet/Downloads/DAiSEE/DataSet/Test/510035/5100352061/5100352061.avi,0,2,0.45433494,0.17652707,0.09117988,0.27795812
605,/mnt/c/Users/puneet/Downloads/DAiSEE/DataSet/Test/510035/5100352063/5100352063.avi,0,2,0.4492916,0.18075162,0.09388937,0.2760674
606,/mnt/c/Users/puneet/Downloads/DAiSEE/DataSet/Test/510036/5100361009/5100361009.avi,0,2,0.46138293,0.17106518,0.09011493,0.27743697
607,/mnt/c/Users/puneet/Downloads/DAiSEE/DataSet/Test/510036/5100361056/5100361056.avi,0,2,0.46725422,0.1716925,0.08985228,0.27120098
608,/mnt/c/Users/puneet/Downloads/DAiSEE/DataSet/Test/510036/5100362028/5100362028.avi,0,3,0.46397617,0.1685476,0.09106793,0.27640828
609,/mnt/c/Users/puneet/Downloads/DAiSEE/DataSet/Test/510036/5100362029/5100362029.avi,0,2,0.46084654,0.17214198,0.09128976,0.27572173
610,/mnt/c/Users/puneet/Downloads/DAiSEE/DataSet/Test/510036/5100362030/5100362030.avi,0,3,0.4609991,0.17142837,0.088543005,0.27902952
611,/mnt/c/Users/puneet/Downloads/DAiSEE/DataSet/Test/510036/5100362052/5100362052.avi,0,2,0.46630713,0.16831951,0.09046916,0.2749042
612,/mnt/c/Users/puneet/Downloads/DAiSEE/DataSet/Test/510037/5100371022/5100371022.avi,0,2,0.45350042,0.17609833,0.09374675,0.27665448
613,/mnt/c/Users/puneet/Downloads/DAiSEE/DataSet/Test/510037/5100371023/5100371023.avi,0,3,0.45510045,0.1764285,0.090927415,0.27754363
614,/mnt/c/Users/puneet/Downloads/DAiSEE/DataSet/Test/510037/5100371024/5100371024.avi,0,2,0.452519,0.176803,0.09101789,0.2796601
615,/mnt/c/Users/puneet/Downloads/DAiSEE/DataSet/Test/510037/5100371026/5100371026.avi,0,3,0.46582064,0.16832042,0.089677595,0.27618134
616,/mnt/c/Users/puneet/Downloads/DAiSEE/DataSet/Test/510037/5100371027/5100371027.avi,0,3,0.45444116,0.17433509,0.0911989,0.28002486
617,/mnt/c/Users/puneet/Downloads/DAiSEE/DataSet/Test/510037/5100371042/5100371042.avi,0,3,0.456877,0.17332773,0.09031039,0.27948487
618,/mnt/c/Users/puneet/Downloads/DAiSEE/DataSet/Test/510037/5100371055/5100371055.avi,0,2,0.45900887,0.17332867,0.09134415,0.2763183
619,/mnt/c/Users/puneet/Downloads/DAiSEE/DataSet/Test/510037/5100371056/5100371056.avi,0,2,0.45322174,0.1760801,0.09266936,0.27802882
620,/mnt/c/Users/puneet/Downloads/DAiSEE/DataSet/Test/510037/5100371067/5100371067.avi,0,2,0.4582642,0.17663242,0.091924,0.27317935
621,/mnt/c/Users/puneet/Downloads/DAiSEE/DataSet/Test/510037/5100371079/5100371079.avi,0,2,0.45484376,0.1751015,0.092049874,0.27800485
622,/mnt/c/Users/puneet/Downloads/DAiSEE/DataSet/Test/510037/5100372001/5100372001.avi,0,3,0.45819375,0.17197765,0.09026932,0.27955928
623,/mnt/c/Users/puneet/Downloads/DAiSEE/DataSet/Test/510037/5100372002/5100372002.avi,0,2,0.4616644,0.17007725,0.08720937,0.28104898
624,/mnt/c/Users/puneet/Downloads/DAiSEE/DataSet/Test/510037/5100372003/5100372003.avi,0,2,0.4516377,0.17592831,0.09177065,0.28066337
625,/mnt/c/Users/puneet/Downloads/DAiSEE/DataSet/Test/510037/5100372005/5100372005.avi,0,2,0.45641595,0.17419893,0.09277825,0.2766069
626,/mnt/c/Users/puneet/Downloads/DAiSEE/DataSet/Test/510037/5100372006/5100372006.avi,0,3,0.46414158,0.17240472,0.090270504,0.2731832
627,/mnt/c/Users/puneet/Downloads/DAiSEE/DataSet/Test/510037/5100372007/5100372007.avi,0,3,0.4530948,0.17507029,0.090659626,0.2811753
628,/mnt/c/Users/puneet/Downloads/DAiSEE/DataSet/Test/510037/5100372009/5100372009.avi,0,3,0.46022314,0.17073824,0.09135398,0.27768466
629,/mnt/c/Users/puneet/Downloads/DAiSEE/DataSet/Test/510037/5100372011/5100372011.avi,0,3,0.4520148,0.1770981,0.09441367,0.27647343
630,/mnt/c/Users/puneet/Downloads/DAiSEE/DataSet/Test/510037/5100372015/5100372015.avi,0,3,0.4596006,0.17108686,0.091213375,0.27809915
631,/mnt/c/Users/puneet/Downloads/DAiSEE/DataSet/Test/510037/5100372016/5100372016.avi,0,3,0.45750102,0.17251065,0.0905057,0.27948263
632,/mnt/c/Users/puneet/Downloads/DAiSEE/DataSet/Test/510037/5100372017/5100372017.avi,0,3,0.46214667,0.17024514,0.09033529,0.2772729
633,/mnt/c/Users/puneet/Downloads/DAiSEE/DataSet/Test/510037/5100372018/5100372018.avi,0,3,0.45462665,0.17468785,0.0905298,0.2801557
634,/mnt/c/Users/puneet/Downloads/DAiSEE/DataSet/Test/510037/5100372019/5100372019.avi,0,2,0.46434927,0.16863883,0.08956712,0.27744478
635,/mnt/c/Users/puneet/Downloads/DAiSEE/DataSet/Test/510037/5100372020/5100372020.avi,0,3,0.45365083,0.17668524,0.09230378,0.27736014
636,/mnt/c/Users/puneet/Downloads/DAiSEE/DataSet/Test/510037/5100372021/5100372021.avi,0,2,0.45376346,0.17649892,0.09219821,0.27753943
637,/mnt/c/Users/puneet/Downloads/DAiSEE/DataSet/Test/510037/5100372022/5100372022.avi,0,3,0.45818856,0.17198883,0.091129795,0.2786928
638,/mnt/c/Users/puneet/Downloads/DAiSEE/DataSet/Test/510037/5100372023/5100372023.avi,0,3,0.44633722,0.18430732,0.093536824,0.27581865
639,/mnt/c/Users/puneet/Downloads/DAiSEE/DataSet/Test/510037/5100372026/5100372026.avi,0,3,0.4732438,0.16399436,0.090478756,0.27228308
640,/mnt/c/Users/puneet/Downloads/DAiSEE/DataSet/Test/510037/5100372027/5100372027.avi,0,3,0.4511427,0.1772774,0.09158587,0.27999404
641,/mnt/c/Users/puneet/Downloads/DAiSEE/DataSet/Test/510037/5100372028/5100372028.avi,0,2,0.4503231,0.1766817,0.091336414,0.28165877
642,/mnt/c/Users/puneet/Downloads/DAiSEE/DataSet/Test/510037/5100372069/5100372069.avi,0,3,0.46851966,0.16921867,0.09067288,0.2715888
643,/mnt/c/Users/puneet/Downloads/DAiSEE/DataSet/Test/510038/5100381002/5100381002.avi,0,3,0.4525033,0.1747344,0.09284641,0.2799159
644,/mnt/c/Users/puneet/Downloads/DAiSEE/DataSet/Test/510038/5100381003/5100381003.avi,0,3,0.46850038,0.16994296,0.09025191,0.27130476
645,/mnt/c/Users/puneet/Downloads/DAiSEE/DataSet/Test/510038/5100381004/5100381004.avi,0,2,0.4614136,0.17420737,0.090017155,0.27436188
646,/mnt/c/Users/puneet/Downloads/DAiSEE/DataSet/Test/510038/5100381005/5100381005.avi,0,2,0.46392813,0.17083152,0.09160303,0.2736373
647,/mnt/c/Users/puneet/Downloads/DAiSEE/DataSet/Test/510038/5100381006/5100381006.avi,0,2,0.47442713,0.16284737,0.09043909,0.27228642
648,/mnt/c/Users/puneet/Downloads/DAiSEE/DataSet/Test/510038/5100381007/5100381007.avi,0,2,0.47413656,0.16325173,0.090526804,0.27208492
649,/mnt/c/Users/puneet/Downloads/DAiSEE/DataSet/Test/510038/5100381008/5100381008.avi,0,2,0.47897243,0.15872857,0.09004419,0.2722548
650,/mnt/c/Users/puneet/Downloads/DAiSEE/DataSet/Test/510038/5100381009/5100381009.avi,0,2,0.475933,0.16048287,0.090402216,0.27318195
651,/mnt/c/Users/puneet/Downloads/DAiSEE/DataSet/Test/510038/5100381010/5100381010.avi,0,2,0.4654052,0.16881508,0.09004429,0.27573544
652,/mnt/c/Users/puneet/Downloads/DAiSEE/DataSet/Test/510038/5100381011/5100381011.avi,0,3,0.46971205,0.16673526,0.09063708,0.27291563
653,/mnt/c/Users/puneet/Downloads/DAiSEE/DataSet/Test/510038/5100381012/5100381012.avi,0,3,0.47482836,0.16227317,0.09045661,0.27244186
654,/mnt/c/Users/puneet/Downloads/DAiSEE/DataSet/Test/510038/5100381015/5100381015.avi,0,3,0.4744273,0.16277964,0.09041403,0.272379
655,/mnt/c/Users/puneet/Downloads/DAiSEE/DataSet/Test/510038/5100381016/5100381016.avi,0,3,0.4743608,0.16247779,0.09057769,0.27258372
656,/mnt/c/Users/puneet/Downloads/DAiSEE/DataSet/Test/510038/5100381017/5100381017.avi,0,2,0.47416094,0.16247565,0.0904023,0.27296114
657,/mnt/c/Users/puneet/Downloads/DAiSEE/DataSet/Test/510038/5100381018/5100381018.avi,0,2,0.47594777,0.16137663,0.09035273,0.27232286
658,/mnt/c/Users/puneet/Downloads/DAiSEE/DataSet/Test/510038/5100381019/5100381019.avi,0,3,0.477084,0.16039938,0.09025382,0.27226278
659,/mnt/c/Users/puneet/Downloads/DAiSEE/DataSet/Test/510038/5100381020/5100381020.avi,0,2,0.47625542,0.1607665,0.09023972,0.27273837
660,/mnt/c/Users/puneet/Downloads/DAiSEE/DataSet/Test/510038/5100381021/5100381021.avi,0,2,0.46277505,0.17220049,0.09169585,0.27332863
661,/mnt/c/Users/puneet/Downloads/DAiSEE/DataSet/Test/510038/5100381022/5100381022.avi,0,2,0.47555745,0.1616586,0.09030687,0.2724771
662,/mnt/c/Users/puneet/Downloads/DAiSEE/DataSet/Test/510038/5100381023/5100381023.avi,0,3,0.47506928,0.162234,0.09043461,0.2722621
663,/mnt/c/Users/puneet/Downloads/DAiSEE/DataSet/Test/510038/5100381024/5100381024.avi,0,3,0.47690955,0.16058399,0.0902413,0.27226517
664,/mnt/c/Users/puneet/Downloads/DAiSEE/DataSet/Test/510038/5100381026/5100381026.avi,0,2,0.46729726,0.16975488,0.09074124,0.27220663
665,/mnt/c/Users/puneet/Downloads/DAiSEE/DataSet/Test/510038/5100381027/5100381027.avi,0,3,0.46897373,0.16803032,0.090991996,0.27200395
666,/mnt/c/Users/puneet/Downloads/DAiSEE/DataSet/Test/510038/5100381028/5100381028.avi,0,3,0.47530425,0.16205911,0.09039651,0.27224016
667,/mnt/c/Users/puneet/Downloads/DAiSEE/DataSet/Test/510038/5100381029/5100381029.avi,0,3,0.47368163,0.16367158,0.090557426,0.27208936
668,/mnt/c/Users/puneet/Downloads/DAiSEE/DataSet/Test/510038/5100381031/5100381031.avi,0,2,0.46835804,0.17237727,0.08940575,0.26985896
669,/mnt/c/Users/puneet/Downloads/DAiSEE/DataSet/Test/510038/5100381032/5100381032.avi,0,2,0.4637405,0.16924506,0.09227411,0.2747403
670,/mnt/c/Users/puneet/Downloads/DAiSEE/DataSet/Test/510038/5100381034/5100381034.avi,0,3,0.47550374,0.16189191,0.09035177,0.27225256
671,/mnt/c/Users/puneet/Downloads/DAiSEE/DataSet/Test/510038/5100381035/5100381035.avi,0,2,0.478021,0.15936966,0.09011971,0.27248964
672,/mnt/c/Users/puneet/Downloads/DAiSEE/DataSet/Test/510038/5100381037/5100381037.avi,0,2,0.4739159,0.16342783,0.09054561,0.27211067
673,/mnt/c/Users/puneet/Downloads/DAiSEE/DataSet/Test/510038/5100381038/5100381038.avi,0,2,0.474058,0.16328673,0.09050874,0.27214652
674,/mnt/c/Users/puneet/Downloads/DAiSEE/DataSet/Test/510038/5100381039/5100381039.avi,0,2,0.47445735,0.16299953,0.09043211,0.272111
675,/mnt/c/Users/puneet/Downloads/DAiSEE/DataSet/Test/510038/5100381040/5100381040.avi,0,3,0.47359443,0.16364399,0.09054935,0.27221224
676,/mnt/c/Users/puneet/Downloads/DAiSEE/DataSet/Test/510038/5100381041/5100381041.avi,0,3,0.47513857,0.16224614,0.09041989,0.2721954
677,/mnt/c/Users/puneet/Downloads/DAiSEE/DataSet/Test/510038/5100381042/5100381042.avi,0,2,0.4753231,0.16182107,0.090365775,0.27249002
678,/mnt/c/Users/puneet/Downloads/DAiSEE/DataSet/Test/510038/5100381043/5100381043.avi,0,2,0.46990448,0.16671142,0.09082342,0.2725607
679,/mnt/c/Users/puneet/Downloads/DAiSEE/DataSet/Test/510038/5100381044/5100381044.avi,0,2,0.47481132,0.16256121,0.090456694,0.27217078
680,/mnt/c/Users/puneet/Downloads/DAiSEE/DataSet/Test/510038/5100381045/5100381045.avi,0,3,0.47502303,0.16229998,0.090408266,0.27226874
681,/mnt/c/Users/puneet/Downloads/DAiSEE/DataSet/Test/510038/5100381046/5100381046.avi,0,3,0.46952257,0.16811725,0.090747185,0.271613
682,/mnt/c/Users/puneet/Downloads/DAiSEE/DataSet/Test/510038/5100381047/5100381047.avi,0,3,0.47677866,0.16073842,0.09026338,0.27221954
683,/mnt/c/Users/puneet/Downloads/DAiSEE/DataSet/Test/510038/5100381048/5100381048.avi,0,3,0.47589096,0.16155551,0.09034491,0.2722086
684,/mnt/c/Users/puneet/Downloads/DAiSEE/DataSet/Test/510038/5100381049/5100381049.avi,0,2,0.47808138,0.15940414,0.090118304,0.27239615
685,/mnt/c/Users/puneet/Downloads/DAiSEE/DataSet/Test/510038/5100381050/5100381050.avi,0,3,0.4706743,0.16653287,0.090862624,0.2719302
686,/mnt/c/Users/puneet/Downloads/DAiSEE/DataSet/Test/510038/5100381051/5100381051.avi,0,2,0.4705268,0.16681497,0.090867445,0.27179077
687,/mnt/c/Users/puneet/Downloads/DAiSEE/DataSet/Test/510038/5100381052/5100381052.avi,0,3,0.47475192,0.16274585,0.09046595,0.2720363
688,/mnt/c/Users/puneet/Downloads/DAiSEE/DataSet/Test/510038/5100381053/5100381053.avi,0,3,0.47733212,0.16013715,0.09020255,0.2723282
689,/mnt/c/Users/puneet/Downloads/DAiSEE/DataSet/Test/510038/5100381054/5100381054.avi,0,2,0.47205058,0.16551685,0.09067058,0.27176198
690,/mnt/c/Users/puneet/Downloads/DAiSEE/DataSet/Test/510038/5100381055/5100381055.avi,0,2,0.46994838,0.16659075,0.090831414,0.27262947
691,/mnt/c/Users/puneet/Downloads/DAiSEE/DataSet/Test/510038/5100381056/5100381056.avi,0,3,0.47453383,0.16224064,0.0904481,0.27277744
692,/mnt/c/Users/puneet/Downloads/DAiSEE/DataSet/Test/510038/5100381058/5100381058.avi,0,2,0.47038597,0.16642505,0.09082745,0.27236155
693,/mnt/c/Users/puneet/Downloads/DAiSEE/DataSet/Test/510038/5100381059/5100381059.avi,0,3,0.47179115,0.16555946,0.090750255,0.27189913
694,/mnt/c/Users/puneet/Downloads/DAiSEE/DataSet/Test/510038/5100381060/5100381060.avi,0,2,0.47693172,0.16012605,0.090116866,0.2728254
695,/mnt/c/Users/puneet/Downloads/DAiSEE/DataSet/Test/510038/5100381061/5100381061.avi,0,2,0.47177488,0.16542293,0.09067513,0.27212706
696,/mnt/c/Users/puneet/Downloads/DAiSEE/DataSet/Test/510038/5100381063/5100381063.avi,0,2,0.4764864,0.16102521,0.09029047,0.2721979
697,/mnt/c/Users/puneet/Downloads/DAiSEE/DataSet/Test/510038/5100381065/5100381065.avi,0,2,0.4690759,0.1671677,0.09079599,0.27296042
698,/mnt/c/Users/puneet/Downloads/DAiSEE/DataSet/Test/510038/5100381066/5100381066.avi,0,2,0.47505853,0.1621431,0.09041197,0.2723864
699,/mnt/c/Users/puneet/Downloads/DAiSEE/DataSet/Test/510038/5100381067/5100381067.avi,0,2,0.47724596,0.16010574,0.09021843,0.27242988
700,/mnt/c/Users/puneet/Downloads/DAiSEE/DataSet/Test/510038/5100381069/5100381069.avi,0,2,0.47552997,0.16155073,0.090415254,0.27250403
701,/mnt/c/Users/puneet/Downloads/DAiSEE/DataSet/Test/510038/5100382001/5100382001.avi,0,2,0.46926802,0.1691279,0.09041848,0.27118558
702,/mnt/c/Users/puneet/Downloads/DAiSEE/DataSet/Test/510038/5100382003/5100382003.avi,0,3,0.47323212,0.16375367,0.09058126,0.27243295
703,/mnt/c/Users/puneet/Downloads/DAiSEE/DataSet/Test/510038/5100382007/5100382007.avi,0,2,0.47516,0.16224687,0.090382434,0.2722107
704,/mnt/c/Users/puneet/Downloads/DAiSEE/DataSet/Test/510038/5100382008/5100382008.avi,0,2,0.4748444,0.16231273,0.09039993,0.27244294
705,/mnt/c/Users/puneet/Downloads/DAiSEE/DataSet/Test/510038/5100382010/5100382010.avi,0,3,0.4748341,0.16251482,0.090447105,0.27220395
706,/mnt/c/Users/puneet/Downloads/DAiSEE/DataSet/Test/510038/5100382011/5100382011.avi,0,3,0.45662785,0.17595546,0.091742925,0.27567378
707,/mnt/c/Users/puneet/Downloads/DAiSEE/DataSet/Test/510038/5100382012/5100382012.avi,0,3,0.46352112,0.17168066,0.0907734,0.27402484
708,/mnt/c/Users/puneet/Downloads/DAiSEE/DataSet/Test/510038/5100382013/5100382013.avi,0,3,0.47614056,0.16132177,0.09030024,0.27223742
709,/mnt/c/Users/puneet/Downloads/DAiSEE/DataSet/Test/510038/5100382014/5100382014.avi,0,3,0.47285417,0.1638526,0.0905473,0.2727459
710,/mnt/c/Users/puneet/Downloads/DAiSEE/DataSet/Test/510038/5100382015/5100382015.avi,0,2,0.4727035,0.16463725,0.09066442,0.27199483
711,/mnt/c/Users/puneet/Downloads/DAiSEE/DataSet/Test/510038/5100382016/5100382016.avi,0,3,0.475544,0.16186684,0.090397425,0.27219173
712,/mnt/c/Users/puneet/Downloads/DAiSEE/DataSet/Test/510038/5100382018/5100382018.avi,0,3,0.47435266,0.16302836,0.090513244,0.27210572
713,/mnt/c/Users/puneet/Downloads/DAiSEE/DataSet/Test/510038/5100382019/5100382019.avi,0,3,0.45551652,0.1720749,0.09120973,0.28119886
714,/mnt/c/Users/puneet/Downloads/DAiSEE/DataSet/Test/510038/5100382020/5100382020.avi,0,2,0.4634009,0.16914135,0.09004077,0.277417
715,/mnt/c/Users/puneet/Downloads/DAiSEE/DataSet/Test/510038/5100382021/5100382021.avi,0,3,0.4691193,0.1698538,0.090324365,0.2707025
716,/mnt/c/Users/puneet/Downloads/DAiSEE/DataSet/Test/510038/5100382022/5100382022.avi,0,3,0.4470757,0.18412954,0.0935542,0.2752406
717,/mnt/c/Users/puneet/Downloads/DAiSEE/DataSet/Test/510038/5100382023/5100382023.avi,0,3,0.4699973,0.16834432,0.09037466,0.27128375
718,/mnt/c/Users/puneet/Downloads/DAiSEE/DataSet/Test/510038/5100382025/5100382025.avi,0,3,0.4738095,0.16287751,0.09048321,0.27282974
719,/mnt/c/Users/puneet/Downloads/DAiSEE/DataSet/Test/510038/5100382026/5100382026.avi,0,3,0.47226202,0.166066,0.09007331,0.27159867
720,/mnt/c/Users/puneet/Downloads/DAiSEE/DataSet/Test/510038/5100382027/5100382027.avi,0,3,0.45898113,0.17476518,0.08974415,0.27650952
721,/mnt/c/Users/puneet/Downloads/DAiSEE/DataSet/Test/510038/5100382028/5100382028.avi,0,2,0.4472059,0.18326138,0.09410718,0.27542552
722,/mnt/c/Users/puneet/Downloads/DAiSEE/DataSet/Test/510038/5100382029/5100382029.avi,0,3,0.46375215,0.17087147,0.0914977,0.2738787
723,/mnt/c/Users/puneet/Downloads/DAiSEE/DataSet/Test/510038/5100382030/5100382030.avi,0,3,0.45154497,0.17881724,0.09265777,0.27698
724,/mnt/c/Users/puneet/Downloads/DAiSEE/DataSet/Test/510038/5100382031/5100382031.avi,0,2,0.4698239,0.16879846,0.090100504,0.27127716
725,/mnt/c/Users/puneet/Downloads/DAiSEE/DataSet/Test/510038/5100382032/5100382032.avi,0,2,0.47317165,0.16401783,0.09035024,0.27246028
726,/mnt/c/Users/puneet/Downloads/DAiSEE/DataSet/Test/510038/5100382033/5100382033.avi,0,3,0.47130632,0.16662008,0.09026986,0.27180374
727,/mnt/c/Users/puneet/Downloads/DAiSEE/DataSet/Test/510038/5100382034/5100382034.avi,0,2,0.47136554,0.16667552,0.09006919,0.27188975
728,/mnt/c/Users/puneet/Downloads/DAiSEE/DataSet/Test/510038/5100382035/5100382035.avi,0,2,0.46715048,0.16868745,0.09135339,0.27280867
729,/mnt/c/Users/puneet/Downloads/DAiSEE/DataSet/Test/510038/5100382036/5100382036.avi,0,3,0.46782622,0.1670981,0.0912678,0.27380788
730,/mnt/c/Users/puneet/Downloads/DAiSEE/DataSet/Test/510038/5100382037/5100382037.avi,0,2,0.46589065,0.17187083,0.09026465,0.27197388
731,/mnt/c/Users/puneet/Downloads/DAiSEE/DataSet/Test/510038/5100382038/5100382038.avi,0,3,0.4662393,0.16911183,0.09099907,0.2736498
732,/mnt/c/Users/puneet/Downloads/DAiSEE/DataSet/Test/510038/5100382039/5100382039.avi,0,3,0.46802863,0.17091851,0.09008529,0.27096757
733,/mnt/c/Users/puneet/Downloads/DAiSEE/DataSet/Test/510038/5100382040/5100382040.avi,0,2,0.46972054,0.16795331,0.09023622,0.27208993
734,/mnt/c/Users/puneet/Downloads/DAiSEE/DataSet/Test/510038/5100382042/5100382042.avi,0,3,0.4681835,0.1672224,0.09117448,0.27341962
735,/mnt/c/Users/puneet/Downloads/DAiSEE/DataSet/Test/510038/5100382045/5100382045.avi,0,3,0.4665329,0.1690495,0.09118476,0.27323285
736,/mnt/c/Users/puneet/Downloads/DAiSEE/DataSet/Test/510038/5100382046/5100382046.avi,0,2,0.46563715,0.17085646,0.09086909,0.2726373
737,/mnt/c/Users/puneet/Downloads/DAiSEE/DataSet/Test/510038/5100382048/5100382048.avi,0,2,0.46459222,0.16907533,0.09191708,0.27441537
738,/mnt/c/Users/puneet/Downloads/DAiSEE/DataSet/Test/510038/5100382050/5100382050.avi,0,3,0.4688632,0.16645886,0.09110299,0.27357498
739,/mnt/c/Users/puneet/Downloads/DAiSEE/DataSet/Test/510038/5100382051/5100382051.avi,0,2,0.4664857,0.16927584,0.091356315,0.27288216
740,/mnt/c/Users/puneet/Downloads/DAiSEE/DataSet/Test/510038/5100382052/5100382052.avi,0,3,0.47608948,0.16114475,0.090351075,0.27241468
741,/mnt/c/Users/puneet/Downloads/DAiSEE/DataSet/Test/510038/5100382053/5100382053.avi,0,3,0.47016418,0.16557154,0.09107586,0.2731884
742,/mnt/c/Users/puneet/Downloads/DAiSEE/DataSet/Test/510038/5100382054/5100382054.avi,0,2,0.46728805,0.16883613,0.09102452,0.2728513
743,/mnt/c/Users/puneet/Downloads/DAiSEE/DataSet/Test/510038/5100382055/5100382055.avi,0,3,0.46932372,0.16703632,0.09082897,0.272811
744,/mnt/c/Users/puneet/Downloads/DAiSEE/DataSet/Test/510038/5100382056/5100382056.avi,0,3,0.47300115,0.16443425,0.090577856,0.27198672
745,/mnt/c/Users/puneet/Downloads/DAiSEE/DataSet/Test/510038/5100382057/5100382057.avi,0,3,0.4479874,0.18186778,0.094543874,0.27560094
746,/mnt/c/Users/puneet/Downloads/DAiSEE/DataSet/Test/510038/5100382058/5100382058.avi,0,2,0.46550572,0.16935721,0.091366895,0.27377015
747,/mnt/c/Users/puneet/Downloads/DAiSEE/DataSet/Test/510038/5100382059/5100382059.avi,0,2,0.47563654,0.16177805,0.09037111,0.2722143
748,/mnt/c/Users/puneet/Downloads/DAiSEE/DataSet/Test/510038/5100382060/5100382060.avi,0,3,0.44879526,0.18250655,0.093635455,0.27506274
749,/mnt/c/Users/puneet/Downloads/DAiSEE/DataSet/Test/510038/5100382061/5100382061.avi,0,3,0.46700346,0.17161417,0.09026879,0.27111357
750,/mnt/c/Users/puneet/Downloads/DAiSEE/DataSet/Test/510038/5100382062/5100382062.avi,0,3,0.47261298,0.1648838,0.090290606,0.2722126
751,/mnt/c/Users/puneet/Downloads/DAiSEE/DataSet/Test/510038/5100382063/5100382063.avi,0,3,0.47166148,0.16476656,0.090760864,0.27281108
752,/mnt/c/Users/puneet/Downloads/DAiSEE/DataSet/Test/510038/5100382064/5100382064.avi,0,3,0.47055995,0.1657247,0.090535104,0.27318028
753,/mnt/c/Users/puneet/Downloads/DAiSEE/DataSet/Test/510038/5100382065/5100382065.avi,0,3,0.47504994,0.1622604,0.090469204,0.27222046
754,/mnt/c/Users/puneet/Downloads/DAiSEE/DataSet/Test/510038/5100382066/5100382066.avi,0,2,0.47708842,0.16038051,0.09021281,0.27231824
755,/mnt/c/Users/puneet/Downloads/DAiSEE/DataSet/Test/510038/5100382067/5100382067.avi,0,2,0.47853404,0.15897867,0.090105526,0.27238178
756,/mnt/c/Users/puneet/Downloads/DAiSEE/DataSet/Test/510038/5100382068/5100382068.avi,0,3,0.46693286,0.16853766,0.09113481,0.27339467
757,/mnt/c/Users/puneet/Downloads/DAiSEE/DataSet/Test/510038/5100382069/5100382069.avi,0,2,0.45398238,0.17609446,0.0901891,0.27973405
758,/mnt/c/Users/puneet/Downloads/DAiSEE/DataSet/Test/510038/5100382070/5100382070.avi,0,3,0.47250372,0.16488321,0.09070731,0.27190575
759,/mnt/c/Users/puneet/Downloads/DAiSEE/DataSet/Test/510038/5100382071/5100382071.avi,0,3,0.45409518,0.17707698,0.09311235,0.2757155
760,/mnt/c/Users/puneet/Downloads/DAiSEE/DataSet/Test/510038/5100382072/5100382072.avi,0,3,0.46933675,0.16726036,0.09079444,0.27260846
761,/mnt/c/Users/puneet/Downloads/DAiSEE/DataSet/Test/510038/5100382073/5100382073.avi,0,2,0.47033006,0.16689232,0.09089447,0.27188316
762,/mnt/c/Users/puneet/Downloads/DAiSEE/DataSet/Test/510038/5100382075/5100382075.avi,0,2,0.46735704,0.1681511,0.09116431,0.27332753
763,/mnt/c/Users/puneet/Downloads/DAiSEE/DataSet/Test/510038/5100382076/5100382076.avi,0,2,0.47750998,0.1601348,0.09020009,0.2721551
764,/mnt/c/Users/puneet/Downloads/DAiSEE/DataSet/Test/510038/5100382077/5100382077.avi,0,2,0.47658607,0.16090591,0.09029601,0.272212
765,/mnt/c/Users/puneet/Downloads/DAiSEE/DataSet/Test/510038/5100382078/5100382078.avi,0,2,0.47135842,0.1652959,0.09023852,0.27310714
766,/mnt/c/Users/puneet/Downloads/DAiSEE/DataSet/Test/510038/5100382079/5100382079.avi,0,2,0.47361565,0.16369455,0.09058256,0.27210724
767,/mnt/c/Users/puneet/Downloads/DAiSEE/DataSet/Test/510040/5100401001/5100401001.avi,0,2,0.4603725,0.17391017,0.09165089,0.27406642
768,/mnt/c/Users/puneet/Downloads/DAiSEE/DataSet/Test/510040/5100401003/5100401003.avi,0,2,0.4678105,0.16951019,0.09062304,0.27205625
769,/mnt/c/Users/puneet/Downloads/DAiSEE/DataSet/Test/510040/5100401005/5100401005.avi,0,2,0.4701562,0.16761068,0.09076179,0.27147132
770,/mnt/c/Users/puneet/Downloads/DAiSEE/DataSet/Test/510040/5100401006/5100401006.avi,0,2,0.46612278,0.16888858,0.09140792,0.27358073
771,/mnt/c/Users/puneet/Downloads/DAiSEE/DataSet/Test/510040/5100401007/5100401007.avi,0,3,0.4636819,0.17025623,0.09180497,0.2742569
772,/mnt/c/Users/puneet/Downloads/DAiSEE/DataSet/Test/510040/5100401008/5100401008.avi,0,3,0.4686649,0.16778092,0.09092872,0.27262545
773,/mnt/c/Users/puneet/Downloads/DAiSEE/DataSet/Test/510040/5100401010/5100401010.avi,0,2,0.46802464,0.16811186,0.0910465,0.272817
774,/mnt/c/Users/puneet/Downloads/DAiSEE/DataSet/Test/510040/5100401011/5100401011.avi,0,2,0.47475097,0.16256443,0.090438336,0.27224627
775,/mnt/c/Users/puneet/Downloads/DAiSEE/DataSet/Test/510040/5100401012/5100401012.avi,0,2,0.47167906,0.16615345,0.09058247,0.27158502
776,/mnt/c/Users/puneet/Downloads/DAiSEE/DataSet/Test/510040/5100401014/5100401014.avi,0,3,0.4683919,0.16773285,0.09075539,0.27311987
777,/mnt/c/Users/puneet/Downloads/DAiSEE/DataSet/Test/510040/5100401015/5100401015.avi,0,2,0.46576756,0.16895027,0.0912733,0.27400887
778,/mnt/c/Users/puneet/Downloads/DAiSEE/DataSet/Test/510040/5100401016/5100401016.avi,0,2,0.47024462,0.16785568,0.09052477,0.27137494
779,/mnt/c/Users/puneet/Downloads/DAiSEE/DataSet/Test/510040/5100401018/5100401018.avi,0,2,0.46649235,0.17010391,0.09078532,0.2726184
780,/mnt/c/Users/puneet/Downloads/DAiSEE/DataSet/Test/510040/5100401021/5100401021.avi,0,3,0.4625329,0.17088468,0.0911888,0.2753936
781,/mnt/c/Users/puneet/Downloads/DAiSEE/DataSet/Test/510040/5100401022/5100401022.avi,0,3,0.4695812,0.16585372,0.09058553,0.27397957
782,/mnt/c/Users/puneet/Downloads/DAiSEE/DataSet/Test/510040/5100401023/5100401023.avi,0,1,0.46725574,0.16865382,0.09068699,0.27340347
783,/mnt/c/Users/puneet/Downloads/DAiSEE/DataSet/Test/510040/5100401025/5100401025.avi,0,3,0.46967012,0.16656365,0.09073027,0.27303597
784,/mnt/c/Users/puneet/Downloads/DAiSEE/DataSet/Test/510040/5100401026/5100401026.avi,0,3,0.47060767,0.1671496,0.0907067,0.27153602
785,/mnt/c/Users/puneet/Downloads/DAiSEE/DataSet/Test/510040/5100401028/5100401028.avi,0,2,0.47345155,0.16449909,0.09030809,0.27174127
786,/mnt/c/Users/puneet/Downloads/DAiSEE/DataSet/Test/510040/5100401029/5100401029.avi,0,2,0.4638927,0.17132272,0.09133674,0.27344784
787,/mnt/c/Users/puneet/Downloads/DAiSEE/DataSet/Test/510040/5100401030/5100401030.avi,0,3,0.4705453,0.16640678,0.09072119,0.27232674
788,/mnt/c/Users/puneet/Downloads/DAiSEE/DataSet/Test/510040/5100401031/5100401031.avi,0,2,0.46952388,0.16666165,0.0904414,0.27337307
789,/mnt/c/Users/puneet/Downloads/DAiSEE/DataSet/Test/510040/5100401032/5100401032.avi,0,2,0.46316272,0.17096516,0.09134979,0.27452233
790,/mnt/c/Users/puneet/Downloads/DAiSEE/DataSet/Test/510040/5100401033/5100401033.avi,0,2,0.4659826,0.16939986,0.091298796,0.27331877
791,/mnt/c/Users/puneet/Downloads/DAiSEE/DataSet/Test/510040/5100401034/5100401034.avi,0,1,0.4717973,0.1656108,0.09075059,0.27184132
792,/mnt/c/Users/puneet/Downloads/DAiSEE/DataSet/Test/510040/5100401035/5100401035.avi,0,2,0.47740868,0.16015482,0.09006839,0.2723681
793,/mnt/c/Users/puneet/Downloads/DAiSEE/DataSet/Test/510040/5100401036/5100401036.avi,0,2,0.47509477,0.16230293,0.09040374,0.27219856
794,/mnt/c/Users/puneet/Downloads/DAiSEE/DataSet/Test/510040/5100401038/5100401038.avi,0,3,0.4734686,0.16370021,0.09053104,0.27230015
795,/mnt/c/Users/puneet/Downloads/DAiSEE/DataSet/Test/510040/5100401039/5100401039.avi,0,2,0.46586362,0.17010444,0.090950094,0.27308184
796,/mnt/c/Users/puneet/Downloads/DAiSEE/DataSet/Test/510040/5100401040/5100401040.avi,0,2,0.4711173,0.16600215,0.090779826,0.27210075
797,/mnt/c/Users/puneet/Downloads/DAiSEE/DataSet/Test/510040/5100401042/5100401042.avi,0,2,0.4669096,0.16880259,0.09094631,0.27334154
798,/mnt/c/Users/puneet/Downloads/DAiSEE/DataSet/Test/510040/5100401043/5100401043.avi,0,1,0.4711959,0.1661122,0.09083008,0.27186182
799,/mnt/c/Users/puneet/Downloads/DAiSEE/DataSet/Test/510040/5100401044/5100401044.avi,0,3,0.4599444,0.17352815,0.0924207,0.27410677
800,/mnt/c/Users/puneet/Downloads/DAiSEE/DataSet/Test/510040/5100401045/5100401045.avi,0,3,0.4690477,0.16744995,0.090820536,0.27268183
801,/mnt/c/Users/puneet/Downloads/DAiSEE/DataSet/Test/510040/5100401046/5100401046.avi,0,2,0.46958587,0.16760059,0.09097921,0.27183434
802,/mnt/c/Users/puneet/Downloads/DAiSEE/DataSet/Test/510040/5100401047/5100401047.avi,0,2,0.46345297,0.17163475,0.09138592,0.27352637
803,/mnt/c/Users/puneet/Downloads/DAiSEE/DataSet/Test/510040/5100401048/5100401048.avi,0,2,0.4724093,0.1655126,0.09045403,0.27162406
804,/mnt/c/Users/puneet/Downloads/DAiSEE/DataSet/Test/510040/5100401049/5100401049.avi,0,2,0.47275695,0.164285,0.090633914,0.27232414
805,/mnt/c/Users/puneet/Downloads/DAiSEE/DataSet/Test/510040/5100401050/5100401050.avi,0,2,0.4725381,0.16479799,0.09066536,0.27199852
806,/mnt/c/Users/puneet/Downloads/DAiSEE/DataSet/Test/510040/5100401051/5100401051.avi,0,2,0.47277275,0.16465592,0.09063323,0.27193812
807,/mnt/c/Users/puneet/Downloads/DAiSEE/DataSet/Test/510040/5100401053/5100401053.avi,0,3,0.47224826,0.16487549,0.09065516,0.2722211
808,/mnt/c/Users/puneet/Downloads/DAiSEE/DataSet/Test/510040/5100401054/5100401054.avi,0,2,0.46684363,0.16887514,0.09110134,0.27317986
809,/mnt/c/Users/puneet/Downloads/DAiSEE/DataSet/Test/510040/5100401055/5100401055.avi,0,2,0.4702189,0.16682407,0.090876855,0.27208018
810,/mnt/c/Users/puneet/Downloads/DAiSEE/DataSet/Test/510040/5100401056/5100401056.avi,0,3,0.46165466,0.17329699,0.09131022,0.27373812
811,/mnt/c/Users/puneet/Downloads/DAiSEE/DataSet/Test/510040/5100401057/5100401057.avi,0,3,0.4707775,0.16639358,0.090758845,0.27207005
812,/mnt/c/Users/puneet/Downloads/DAiSEE/DataSet/Test/510040/5100401059/5100401059.avi,0,2,0.47140995,0.16584642,0.09078292,0.2719607
813,/mnt/c/Users/puneet/Downloads/DAiSEE/DataSet/Test/510040/5100401060/5100401060.avi,0,2,0.4691252,0.16735008,0.0906644,0.27286032
814,/mnt/c/Users/puneet/Downloads/DAiSEE/DataSet/Test/510040/5100401061/5100401061.avi,0,2,0.46853834,0.16740847,0.09089848,0.2731547
815,/mnt/c/Users/puneet/Downloads/DAiSEE/DataSet/Test/510040/5100401062/5100401062.avi,0,3,0.47295973,0.1643772,0.09063983,0.27202326
816,/mnt/c/Users/puneet/Downloads/DAiSEE/DataSet/Test/510040/5100401063/5100401063.avi,0,2,0.4643161,0.17021605,0.0915735,0.27389434
817,/mnt/c/Users/puneet/Downloads/DAiSEE/DataSet/Test/510040/5100401064/5100401064.avi,0,2,0.4703662,0.1668894,0.09090722,0.27183717
818,/mnt/c/Users/puneet/Downloads/DAiSEE/DataSet/Test/510040/5100401065/5100401065.avi,0,1,0.46472362,0.17040554,0.09136531,0.2735055
819,/mnt/c/Users/puneet/Downloads/DAiSEE/DataSet/Test/510040/5100401066/5100401066.avi,0,3,0.47074938,0.16738845,0.09029634,0.27156582
820,/mnt/c/Users/puneet/Downloads/DAiSEE/DataSet/Test/510040/5100401067/5100401067.avi,0,2,0.46744922,0.16870157,0.09102617,0.27282304
821,/mnt/c/Users/puneet/Downloads/DAiSEE/DataSet/Test/510040/5100401069/5100401069.avi,0,3,0.46893156,0.1676676,0.090750165,0.2726507
822,/mnt/c/Users/puneet/Downloads/DAiSEE/DataSet/Test/510040/5100401070/5100401070.avi,0,2,0.4657592,0.16909675,0.0911109,0.27403316
823,/mnt/c/Users/puneet/Downloads/DAiSEE/DataSet/Test/510040/5100401071/5100401071.avi,0,2,0.46451426,0.1704059,0.090827525,0.27425233
824,/mnt/c/Users/puneet/Downloads/DAiSEE/DataSet/Test/510040/5100401072/5100401072.avi,0,3,0.4696701,0.16752252,0.09083446,0.27197292
825,/mnt/c/Users/puneet/Downloads/DAiSEE/DataSet/Test/510040/5100401073/5100401073.avi,0,2,0.47024253,0.16658314,0.090759575,0.27241474
826,/mnt/c/Users/puneet/Downloads/DAiSEE/DataSet/Test/510040/5100401074/5100401074.avi,0,3,0.4654664,0.16998546,0.0911405,0.2734076
827,/mnt/c/Users/puneet/Downloads/DAiSEE/DataSet/Test/510040/5100401075/5100401075.avi,0,2,0.4728963,0.16488048,0.090483636,0.27173957
828,/mnt/c/Users/puneet/Downloads/DAiSEE/DataSet/Test/510040/5100401076/5100401076.avi,0,2,0.46667153,0.1681979,0.09094897,0.27418157
829,/mnt/c/Users/puneet/Downloads/DAiSEE/DataSet/Test/510040/5100401077/5100401077.avi,0,2,0.46666256,0.16906297,0.09097012,0.27330434
830,/mnt/c/Users/puneet/Downloads/DAiSEE/DataSet/Test/510040/5100401078/5100401078.avi,0,2,0.4693612,0.16703913,0.09091429,0.27268538
831,/mnt/c/Users/puneet/Downloads/DAiSEE/DataSet/Test/510040/5100402001/5100402001.avi,0,1,0.4708581,0.16591984,0.090685055,0.27253702
832,/mnt/c/Users/puneet/Downloads/DAiSEE/DataSet/Test/510040/5100402002/5100402002.avi,0,2,0.47797075,0.15937677,0.090116106,0.2725364
833,/mnt/c/Users/puneet/Downloads/DAiSEE/DataSet/Test/510040/5100402004/5100402004.avi,0,3,0.46931392,0.16784172,0.09087314,0.27197123
834,/mnt/c/Users/puneet/Downloads/DAiSEE/DataSet/Test/510040/5100402005/5100402005.avi,0,3,0.46988893,0.1681531,0.090135634,0.27182236
835,/mnt/c/Users/puneet/Downloads/DAiSEE/DataSet/Test/510040/5100402007/5100402007.avi,0,2,0.4692818,0.1687388,0.090543464,0.27143598
836,/mnt/c/Users/puneet/Downloads/DAiSEE/DataSet/Test/510040/5100402008/5100402008.avi,0,3,0.4753914,0.16307424,0.089884505,0.27164987
837,/mnt/c/Users/puneet/Downloads/DAiSEE/DataSet/Test/510040/5100402009/5100402009.avi,0,2,0.47030538,0.16437489,0.088661715,0.276658
838,/mnt/c/Users/puneet/Downloads/DAiSEE/DataSet/Test/510040/5100402011/5100402011.avi,0,2,0.47338107,0.16589098,0.08985794,0.27087
839,/mnt/c/Users/puneet/Downloads/DAiSEE/DataSet/Test/510040/5100402012/5100402012.avi,0,2,0.4697125,0.16572762,0.09058003,0.27397984
840,/mnt/c/Users/puneet/Downloads/DAiSEE/DataSet/Test/510040/5100402015/5100402015.avi,0,2,0.46136194,0.17287318,0.091053694,0.2747112
841,/mnt/c/Users/puneet/Downloads/DAiSEE/DataSet/Test/510040/5100402016/5100402016.avi,0,2,0.4712748,0.16641365,0.09041294,0.2718986
842,/mnt/c/Users/puneet/Downloads/DAiSEE/DataSet/Test/510040/5100402017/5100402017.avi,0,2,0.47125447,0.1659334,0.09066232,0.2721498
843,/mnt/c/Users/puneet/Downloads/DAiSEE/DataSet/Test/510040/5100402019/5100402019.avi,0,3,0.46772838,0.1691526,0.09066002,0.272459
844,/mnt/c/Users/puneet/Downloads/DAiSEE/DataSet/Test/510040/5100402020/5100402020.avi,0,2,0.45239264,0.17439047,0.09440583,0.27881107
845,/mnt/c/Users/puneet/Downloads/DAiSEE/DataSet/Test/510040/5100402023/5100402023.avi,0,3,0.46623206,0.16992977,0.09102721,0.27281097
846,/mnt/c/Users/puneet/Downloads/DAiSEE/DataSet/Test/510040/5100402024/5100402024.avi,0,3,0.47388592,0.16417006,0.090247594,0.27169642
847,/mnt/c/Users/puneet/Downloads/DAiSEE/DataSet/Test/510040/5100402028/5100402028.avi,0,2,0.4706364,0.16554071,0.09040117,0.27342173
848,/mnt/c/Users/puneet/Downloads/DAiSEE/DataSet/Test/510040/5100402029/5100402029.avi,0,2,0.4695795,0.16811572,0.09039048,0.27191433
849,/mnt/c/Users/puneet/Downloads/DAiSEE/DataSet/Test/510040/5100402031/5100402031.avi,0,2,0.4705658,0.16751042,0.09000886,0.27191493
850,/mnt/c/Users/puneet/Downloads/DAiSEE/DataSet/Test/510040/5100402032/5100402032.avi,0,3,0.46525663,0.17050552,0.09082452,0.27341333
851,/mnt/c/Users/puneet/Downloads/DAiSEE/DataSet/Test/510040/5100402033/5100402033.avi,0,2,0.4585247,0.17299761,0.091541134,0.27693653
852,/mnt/c/Users/puneet/Downloads/DAiSEE/DataSet/Test/510040/5100402034/5100402034.avi,0,2,0.47043708,0.1665015,0.090534225,0.2725272
853,/mnt/c/Users/puneet/Downloads/DAiSEE/DataSet/Test/510040/5100402035/5100402035.avi,0,3,0.4717155,0.16639975,0.09031211,0.27157262
854,/mnt/c/Users/puneet/Downloads/DAiSEE/DataSet/Test/510040/5100402036/5100402036.avi,0,2,0.461097,0.17356215,0.091297954,0.2740429
855,/mnt/c/Users/puneet/Downloads/DAiSEE/DataSet/Test/510040/5100402037/5100402037.avi,0,2,0.47040084,0.16759071,0.09043516,0.2715733
856,/mnt/c/Users/puneet/Downloads/DAiSEE/DataSet/Test/510040/5100402038/5100402038.avi,0,3,0.4684724,0.16760182,0.09087396,0.27305183
857,/mnt/c/Users/puneet/Downloads/DAiSEE/DataSet/Test/510040/5100402039/5100402039.avi,0,2,0.4705115,0.16711795,0.09071505,0.2716555
858,/mnt/c/Users/puneet/Downloads/DAiSEE/DataSet/Test/510040/5100402040/5100402040.avi,0,3,0.46071553,0.17205073,0.09054535,0.2766884
859,/mnt/c/Users/puneet/Downloads/DAiSEE/DataSet/Test/510040/5100402046/5100402046.avi,0,2,0.46252084,0.1703034,0.09118332,0.27599242
860,/mnt/c/Users/puneet/Downloads/DAiSEE/DataSet/Test/510040/5100402047/5100402047.avi,0,2,0.4658186,0.16756114,0.091900006,0.27472025
861,/mnt/c/Users/puneet/Downloads/DAiSEE/DataSet/Test/510040/5100402048/5100402048.avi,0,2,0.4713411,0.16508341,0.09069095,0.27288455
862,/mnt/c/Users/puneet/Downloads/DAiSEE/DataSet/Test/510040/5100402049/5100402049.avi,0,3,0.47257406,0.16439359,0.090673834,0.2723585
863,/mnt/c/Users/puneet/Downloads/DAiSEE/DataSet/Test/510040/5100402050/5100402050.avi,0,2,0.44741583,0.18470845,0.092739575,0.27513617
864,/mnt/c/Users/puneet/Downloads/DAiSEE/DataSet/Test/510040/5100402051/5100402051.avi,0,2,0.4687165,0.16757989,0.090837106,0.2728665
865,/mnt/c/Users/puneet/Downloads/DAiSEE/DataSet/Test/510040/5100402052/5100402052.avi,0,2,0.47009376,0.16640724,0.09062895,0.27287003
866,/mnt/c/Users/puneet/Downloads/DAiSEE/DataSet/Test/510040/5100402053/5100402053.avi,0,2,0.47284856,0.16441949,0.09030453,0.2724274
867,/mnt/c/Users/puneet/Downloads/DAiSEE/DataSet/Test/510040/5100402054/5100402054.avi,0,2,0.47212797,0.16648294,0.09021671,0.27117234
868,/mnt/c/Users/puneet/Downloads/DAiSEE/DataSet/Test/510040/5100402055/5100402055.avi,0,2,0.47174364,0.16554268,0.090722516,0.27199116
869,/mnt/c/Users/puneet/Downloads/DAiSEE/DataSet/Test/510040/5100402057/5100402057.avi,0,2,0.4655203,0.1704166,0.09095955,0.27310356
870,/mnt/c/Users/puneet/Downloads/DAiSEE/DataSet/Test/510040/5100402058/5100402058.avi,0,2,0.46426752,0.17138632,0.09077073,0.27357545
871,/mnt/c/Users/puneet/Downloads/DAiSEE/DataSet/Test/510040/5100402059/5100402059.avi,0,2,0.46869102,0.16839406,0.0910485,0.2718664
872,/mnt/c/Users/puneet/Downloads/DAiSEE/DataSet/Test/510040/5100402062/5100402062.avi,0,1,0.4697152,0.16733132,0.090920955,0.2720325
873,/mnt/c/Users/puneet/Downloads/DAiSEE/DataSet/Test/510040/5100402063/5100402063.avi,0,1,0.46989885,0.166251,0.09073348,0.27311665
874,/mnt/c/Users/puneet/Downloads/DAiSEE/DataSet/Test/510040/5100402065/5100402065.avi,0,3,0.4685478,0.1667919,0.09113717,0.27352312
875,/mnt/c/Users/puneet/Downloads/DAiSEE/DataSet/Test/510040/5100402066/5100402066.avi,0,2,0.47174066,0.16661288,0.09003682,0.27160966
876,/mnt/c/Users/puneet/Downloads/DAiSEE/DataSet/Test/510040/5100402067/5100402067.avi,0,2,0.4742784,0.1642253,0.09012223,0.27137408
877,/mnt/c/Users/puneet/Downloads/DAiSEE/DataSet/Test/510040/5100402068/5100402068.avi,0,2,0.46808824,0.16946365,0.09029515,0.27215296
878,/mnt/c/Users/puneet/Downloads/DAiSEE/DataSet/Test/510040/5100402069/5100402069.avi,0,2,0.47202644,0.16683333,0.089876994,0.27126324
879,/mnt/c/Users/puneet/Downloads/DAiSEE/DataSet/Test/510042/5100421001/5100421001.avi,0,3,0.4644735,0.16779433,0.08983613,0.27789605
880,/mnt/c/Users/puneet/Downloads/DAiSEE/DataSet/Test/510042/5100421002/5100421002.avi,0,2,0.4617606,0.17043805,0.090943806,0.27685753
881,/mnt/c/Users/puneet/Downloads/DAiSEE/DataSet/Test/510042/5100421003/5100421003.avi,0,3,0.45354977,0.17594749,0.0940339,0.27646884
882,/mnt/c/Users/puneet/Downloads/DAiSEE/DataSet/Test/510042/5100421005/5100421005.avi,0,3,0.45279235,0.17565414,0.09178226,0.27977124
883,/mnt/c/Users/puneet/Downloads/DAiSEE/DataSet/Test/510042/5100421007/5100421007.avi,0,2,0.4604256,0.17080164,0.09074311,0.27802965
884,/mnt/c/Users/puneet/Downloads/DAiSEE/DataSet/Test/510042/5100421009/5100421009.avi,0,2,0.4701196,0.16610534,0.09079176,0.2729833
885,/mnt/c/Users/puneet/Downloads/DAiSEE/DataSet/Test/510042/5100421011/5100421011.avi,0,2,0.46378082,0.17024817,0.090875916,0.27509508
886,/mnt/c/Users/puneet/Downloads/DAiSEE/DataSet/Test/510042/5100421012/5100421012.avi,0,3,0.45713162,0.17320664,0.09110616,0.27855557
887,/mnt/c/Users/puneet/Downloads/DAiSEE/DataSet/Test/510042/5100421013/5100421013.avi,0,2,0.4681812,0.16689786,0.0908564,0.27406454
888,/mnt/c/Users/puneet/Downloads/DAiSEE/DataSet/Test/510042/5100421015/5100421015.avi,0,3,0.45751286,0.17211151,0.09060509,0.27977055
889,/mnt/c/Users/puneet/Downloads/DAiSEE/DataSet/Test/510042/5100421016/5100421016.avi,0,3,0.45961866,0.1712435,0.09090101,0.27823684
890,/mnt/c/Users/puneet/Downloads/DAiSEE/DataSet/Test/510042/5100421017/5100421017.avi,0,2,0.46399957,0.16903237,0.08931935,0.27764875
891,/mnt/c/Users/puneet/Downloads/DAiSEE/DataSet/Test/510042/5100421018/5100421018.avi,0,2,0.46818924,0.16762663,0.09091199,0.27327213
892,/mnt/c/Users/puneet/Downloads/DAiSEE/DataSet/Test/510042/5100421019/5100421019.avi,0,3,0.46347696,0.16858728,0.089880206,0.27805555
893,/mnt/c/Users/puneet/Downloads/DAiSEE/DataSet/Test/510042/5100421020/5100421020.avi,0,2,0.4642993,0.16882522,0.08932775,0.27754772
894,/mnt/c/Users/puneet/Downloads/DAiSEE/DataSet/Test/510042/5100421021/5100421021.avi,0,3,0.46489838,0.1679885,0.08974479,0.2773683
895,/mnt/c/Users/puneet/Downloads/DAiSEE/DataSet/Test/510042/5100421024/5100421024.avi,0,3,0.46390778,0.16853407,0.090006515,0.27755162
896,/mnt/c/Users/puneet/Downloads/DAiSEE/DataSet/Test/510042/5100421025/5100421025.avi,0,2,0.47520173,0.1623258,0.09041741,0.27205506
897,/mnt/c/Users/puneet/Downloads/DAiSEE/DataSet/Test/510042/5100421026/5100421026.avi,0,3,0.45365947,0.175396,0.09135273,0.2795918
898,/mnt/c/Users/puneet/Downloads/DAiSEE/DataSet/Test/510042/5100421027/5100421027.avi,0,2,0.4587769,0.17269859,0.090124466,0.27840006
899,/mnt/c/Users/puneet/Downloads/DAiSEE/DataSet/Test/510042/5100421029/5100421029.avi,0,3,0.4634393,0.168644,0.09005254,0.2778642
900,/mnt/c/Users/puneet/Downloads/DAiSEE/DataSet/Test/510042/5100421032/5100421032.avi,0,3,0.46765932,0.1659933,0.0891985,0.27714887
901,/mnt/c/Users/puneet/Downloads/DAiSEE/DataSet/Test/510042/5100421033/5100421033.avi,0,3,0.45870483,0.17246017,0.09059725,0.27823776
902,/mnt/c/Users/puneet/Downloads/DAiSEE/DataSet/Test/510042/5100421034/5100421034.avi,0,3,0.46063247,0.17069149,0.090419784,0.27825627
903,/mnt/c/Users/puneet/Downloads/DAiSEE/DataSet/Test/510042/5100421038/5100421038.avi,0,2,0.46529076,0.16812006,0.09004245,0.27654675
904,/mnt/c/Users/puneet/Downloads/DAiSEE/DataSet/Test/510042/5100421039/5100421039.avi,0,3,0.45357916,0.17586851,0.09111804,0.2794343
905,/mnt/c/Users/puneet/Downloads/DAiSEE/DataSet/Test/510042/5100421040/5100421040.avi,0,2,0.4556166,0.17539398,0.08971944,0.27927
906,/mnt/c/Users/puneet/Downloads/DAiSEE/DataSet/Test/510042/5100421041/5100421041.avi,0,2,0.4602862,0.17125969,0.09048662,0.27796748
907,/mnt/c/Users/puneet/Downloads/DAiSEE/DataSet/Test/510042/5100421043/5100421043.avi,0,2,0.46418247,0.16882004,0.090081684,0.2769158
908,/mnt/c/Users/puneet/Downloads/DAiSEE/DataSet/Test/510042/5100421045/5100421045.avi,0,2,0.46127936,0.17003135,0.09073999,0.2779493
909,/mnt/c/Users/puneet/Downloads/DAiSEE/DataSet/Test/510042/5100421047/5100421047.avi,0,2,0.4521399,0.17656164,0.09079265,0.2805058
910,/mnt/c/Users/puneet/Downloads/DAiSEE/DataSet/Test/510042/5100421048/5100421048.avi,0,3,0.46994984,0.16642407,0.09059815,0.27302793
911,/mnt/c/Users/puneet/Downloads/DAiSEE/DataSet/Test/510042/5100421049/5100421049.avi,0,3,0.4561799,0.17435274,0.090990156,0.27847722
912,/mnt/c/Users/puneet/Downloads/DAiSEE/DataSet/Test/510042/5100421050/5100421050.avi,0,2,0.46618536,0.16808194,0.090786874,0.27494586
913,/mnt/c/Users/puneet/Downloads/DAiSEE/DataSet/Test/510042/5100421051/5100421051.avi,0,2,0.46064314,0.17165963,0.08972276,0.2779745
914,/mnt/c/Users/puneet/Downloads/DAiSEE/DataSet/Test/510042/5100421052/5100421052.avi,0,2,0.45228887,0.17425703,0.09623426,0.27721983
915,/mnt/c/Users/puneet/Downloads/DAiSEE/DataSet/Test/510042/5100421053/5100421053.avi,0,3,0.4646986,0.16777289,0.08997697,0.27755153
916,/mnt/c/Users/puneet/Downloads/DAiSEE/DataSet/Test/510042/5100421054/5100421054.avi,0,2,0.46153635,0.17288662,0.09194492,0.2736321
917,/mnt/c/Users/puneet/Downloads/DAiSEE/DataSet/Test/510042/5100421056/5100421056.avi,0,3,0.46100697,0.17265397,0.09152629,0.2748128
918,/mnt/c/Users/puneet/Downloads/DAiSEE/DataSet/Test/510042/5100421057/5100421057.avi,0,3,0.4630475,0.16916297,0.08906141,0.2787281
919,/mnt/c/Users/puneet/Downloads/DAiSEE/DataSet/Test/510042/5100421058/5100421058.avi,0,2,0.45974183,0.17159773,0.090378836,0.2782816
920,/mnt/c/Users/puneet/Downloads/DAiSEE/DataSet/Test/510042/5100421059/5100421059.avi,0,2,0.46414253,0.16862829,0.09029816,0.27693102
921,/mnt/c/Users/puneet/Downloads/DAiSEE/DataSet/Test/510042/5100421060/5100421060.avi,0,2,0.46173638,0.17079055,0.08945564,0.27801743
922,/mnt/c/Users/puneet/Downloads/DAiSEE/DataSet/Test/510042/5100421061/5100421061.avi,0,2,0.4645593,0.16887131,0.09075927,0.27581012
923,/mnt/c/Users/puneet/Downloads/DAiSEE/DataSet/Test/510042/5100421062/5100421062.avi,0,3,0.45902255,0.1713103,0.09114704,0.2785201
924,/mnt/c/Users/puneet/Downloads/DAiSEE/DataSet/Test/510042/5100421063/5100421063.avi,0,2,0.46552518,0.16753657,0.08918751,0.27775073
925,/mnt/c/Users/puneet/Downloads/DAiSEE/DataSet/Test/510042/5100421064/5100421064.avi,0,3,0.46292645,0.16896668,0.090486735,0.27762014
926,/mnt/c/Users/puneet/Downloads/DAiSEE/DataSet/Test/510042/5100421065/5100421065.avi,0,3,0.45393208,0.1747367,0.0905572,0.28077403
927,/mnt/c/Users/puneet/Downloads/DAiSEE/DataSet/Test/510042/5100421067/5100421067.avi,0,2,0.46355614,0.16992609,0.091000676,0.27551708
928,/mnt/c/Users/puneet/Downloads/DAiSEE/DataSet/Test/510042/5100421068/5100421068.avi,0,3,0.46063957,0.17106965,0.08971773,0.27857307
929,/mnt/c/Users/puneet/Downloads/DAiSEE/DataSet/Test/510042/5100421069/5100421069.avi,0,2,0.4532115,0.17609419,0.09144147,0.27925286
930,/mnt/c/Users/puneet/Downloads/DAiSEE/DataSet/Test/510042/5100421070/5100421070.avi,0,3,0.46522737,0.1680955,0.09122982,0.2754473
931,/mnt/c/Users/puneet/Downloads/DAiSEE/DataSet/Test/510042/5100421071/5100421071.avi,0,2,0.45612612,0.17429774,0.09059602,0.27898014
932,/mnt/c/Users/puneet/Downloads/DAiSEE/DataSet/Test/510042/5100421072/5100421072.avi,0,2,0.46235448,0.16963719,0.09068776,0.27732056
933,/mnt/c/Users/puneet/Downloads/DAiSEE/DataSet/Test/510042/5100421073/5100421073.avi,0,3,0.4638034,0.16940598,0.09027273,0.27651787
934,/mnt/c/Users/puneet/Downloads/DAiSEE/DataSet/Test/510042/5100421074/5100421074.avi,0,2,0.46288297,0.16935934,0.09002635,0.27773136
935,/mnt/c/Users/puneet/Downloads/DAiSEE/DataSet/Test/510042/5100421076/5100421076.avi,0,3,0.46162957,0.1704023,0.089534454,0.27843368
936,/mnt/c/Users/puneet/Downloads/DAiSEE/DataSet/Test/510042/5100421078/5100421078.avi,0,3,0.45092678,0.17624858,0.09448118,0.27834347
937,/mnt/c/Users/puneet/Downloads/DAiSEE/DataSet/Test/510042/5100421079/5100421079.avi,0,3,0.47045296,0.16646159,0.09014002,0.2729454
938,/mnt/c/Users/puneet/Downloads/DAiSEE/DataSet/Test/510042/5100421080/5100421080.avi,0,3,0.46266943,0.16935256,0.09005203,0.27792597
939,/mnt/c/Users/puneet/Downloads/DAiSEE/DataSet/Test/510042/5100421081/5100421081.avi,0,3,0.46192443,0.17002895,0.090391085,0.27765554
940,/mnt/c/Users/puneet/Downloads/DAiSEE/DataSet/Test/510042/5100422002/5100422002.avi,0,2,0.4614508,0.17162906,0.09060308,0.27631706
941,/mnt/c/Users/puneet/Downloads/DAiSEE/DataSet/Test/510042/5100422003/5100422003.avi,0,2,0.455161,0.17349482,0.094430625,0.27691352
942,/mnt/c/Users/puneet/Downloads/DAiSEE/DataSet/Test/510042/5100422004/5100422004.avi,0,3,0.4594998,0.17108966,0.08698877,0.28242174
943,/mnt/c/Users/puneet/Downloads/DAiSEE/DataSet/Test/510042/5100422005/5100422005.avi,0,2,0.45452556,0.1737811,0.088167995,0.28352535
944,/mnt/c/Users/puneet/Downloads/DAiSEE/DataSet/Test/510042/5100422006/5100422006.avi,0,3,0.46100852,0.17029347,0.09035517,0.27834284
945,/mnt/c/Users/puneet/Downloads/DAiSEE/DataSet/Test/510042/5100422007/5100422007.avi,0,2,0.4521229,0.17573081,0.09376394,0.27838236
946,/mnt/c/Users/puneet/Downloads/DAiSEE/DataSet/Test/510042/5100422008/5100422008.avi,0,2,0.46560895,0.16851817,0.09082351,0.2750494
947,/mnt/c/Users/puneet/Downloads/DAiSEE/DataSet/Test/510042/5100422009/5100422009.avi,0,2,0.44960278,0.18087642,0.093388885,0.27613193
948,/mnt/c/Users/puneet/Downloads/DAiSEE/DataSet/Test/510042/5100422011/5100422011.avi,0,2,0.4630099,0.16964042,0.09003685,0.27731284
949,/mnt/c/Users/puneet/Downloads/DAiSEE/DataSet/Test/510042/5100422012/5100422012.avi,0,3,0.46499562,0.16807012,0.08932955,0.2776047
950,/mnt/c/Users/puneet/Downloads/DAiSEE/DataSet/Test/510042/5100422013/5100422013.avi,0,2,0.46459016,0.16969298,0.09070232,0.27501455
951,/mnt/c/Users/puneet/Downloads/DAiSEE/DataSet/Test/510042/5100422014/5100422014.avi,0,2,0.45539615,0.17337152,0.08921237,0.28201997
952,/mnt/c/Users/puneet/Downloads/DAiSEE/DataSet/Test/510042/5100422016/5100422016.avi,0,2,0.44678256,0.17779918,0.09800617,0.27741212
953,/mnt/c/Users/puneet/Downloads/DAiSEE/DataSet/Test/510042/5100422017/5100422017.avi,0,3,0.45869315,0.17233667,0.090257354,0.27871284
954,/mnt/c/Users/puneet/Downloads/DAiSEE/DataSet/Test/510042/5100422018/5100422018.avi,0,2,0.46244642,0.16940273,0.090812095,0.27733874
955,/mnt/c/Users/puneet/Downloads/DAiSEE/DataSet/Test/510042/5100422019/5100422019.avi,0,3,0.45629147,0.17308131,0.08826698,0.28236026
956,/mnt/c/Users/puneet/Downloads/DAiSEE/DataSet/Test/510042/5100422022/5100422022.avi,0,2,0.45344475,0.17408314,0.09343924,0.2790329
957,/mnt/c/Users/puneet/Downloads/DAiSEE/DataSet/Test/510042/5100422023/5100422023.avi,0,2,0.45767263,0.176132,0.091935135,0.27426025
958,/mnt/c/Users/puneet/Downloads/DAiSEE/DataSet/Test/510042/5100422024/5100422024.avi,0,2,0.46283844,0.16950986,0.089682676,0.27796903
959,/mnt/c/Users/puneet/Downloads/DAiSEE/DataSet/Test/510042/5100422025/5100422025.avi,0,3,0.4529492,0.17546709,0.09037961,0.2812041
960,/mnt/c/Users/puneet/Downloads/DAiSEE/DataSet/Test/510042/5100422026/5100422026.avi,0,3,0.46937475,0.16715297,0.09068932,0.27278298
961,/mnt/c/Users/puneet/Downloads/DAiSEE/DataSet/Test/510042/5100422027/5100422027.avi,0,2,0.4469181,0.1789779,0.093075454,0.28102854
962,/mnt/c/Users/puneet/Downloads/DAiSEE/DataSet/Test/510042/5100422028/5100422028.avi,0,3,0.45216015,0.17806345,0.09200739,0.277769
963,/mnt/c/Users/puneet/Downloads/DAiSEE/DataSet/Test/510042/5100422029/5100422029.avi,0,2,0.46186662,0.17107071,0.09033344,0.27672923
964,/mnt/c/Users/puneet/Downloads/DAiSEE/DataSet/Test/510042/5100422030/5100422030.avi,0,2,0.47434208,0.16302109,0.09044333,0.27219352
965,/mnt/c/Users/puneet/Downloads/DAiSEE/DataSet/Test/510042/5100422033/5100422033.avi,0,2,0.46231833,0.16997127,0.09038494,0.27732545
966,/mnt/c/Users/puneet/Downloads/DAiSEE/DataSet/Test/510042/5100422034/5100422034.avi,0,2,0.4631857,0.16930722,0.090443134,0.27706397
967,/mnt/c/Users/puneet/Downloads/DAiSEE/DataSet/Test/510042/5100422035/5100422035.avi,0,2,0.4591552,0.17282876,0.09098365,0.27703238
968,/mnt/c/Users/puneet/Downloads/DAiSEE/DataSet/Test/510042/5100422036/5100422036.avi,0,3,0.46757627,0.16788203,0.09114315,0.27339855
969,/mnt/c/Users/puneet/Downloads/DAiSEE/DataSet/Test/510042/5100422037/5100422037.avi,0,2,0.4635304,0.16904563,0.08961763,0.27780634
970,/mnt/c/Users/puneet/Downloads/DAiSEE/DataSet/Test/510042/5100422038/5100422038.avi,0,3,0.4650283,0.16830908,0.08999334,0.2766693
971,/mnt/c/Users/puneet/Downloads/DAiSEE/DataSet/Test/510042/5100422039/5100422039.avi,0,3,0.45440248,0.17834198,0.09133113,0.2759244
972,/mnt/c/Users/puneet/Downloads/DAiSEE/DataSet/Test/510042/5100422041/5100422041.avi,0,2,0.4606063,0.17165245,0.09128443,0.2764568
973,/mnt/c/Users/puneet/Downloads/DAiSEE/DataSet/Test/510042/5100422042/5100422042.avi,0,3,0.46577024,0.16837932,0.09115605,0.27469438
974,/mnt/c/Users/puneet/Downloads/DAiSEE/DataSet/Test/510042/5100422044/5100422044.avi,0,2,0.44922385,0.1769002,0.090489395,0.28338653
975,/mnt/c/Users/puneet/Downloads/DAiSEE/DataSet/Test/510042/5100422045/5100422045.avi,0,2,0.46458644,0.16773571,0.089674406,0.27800345
976,/mnt/c/Users/puneet/Downloads/DAiSEE/DataSet/Test/510042/5100422046/5100422046.avi,0,3,0.45895246,0.17286898,0.09072643,0.2774521
977,/mnt/c/Users/puneet/Downloads/DAiSEE/DataSet/Test/510042/5100422047/5100422047.avi,0,2,0.45304158,0.17414092,0.090782255,0.28203526
978,/mnt/c/Users/puneet/Downloads/DAiSEE/DataSet/Test/510042/5100422049/5100422049.avi,0,2,0.46168768,0.17035885,0.089831114,0.27812237
979,/mnt/c/Users/puneet/Downloads/DAiSEE/DataSet/Test/510042/5100422050/5100422050.avi,0,3,0.4652801,0.16890505,0.09100755,0.27480733
980,/mnt/c/Users/puneet/Downloads/DAiSEE/DataSet/Test/510042/5100422051/5100422051.avi,0,2,0.46456861,0.16870669,0.08941774,0.27730694
981,/mnt/c/Users/puneet/Downloads/DAiSEE/DataSet/Test/510042/5100422052/5100422052.avi,0,2,0.45510215,0.17477824,0.0905775,0.27954212
982,/mnt/c/Users/puneet/Downloads/DAiSEE/DataSet/Test/510042/5100422055/5100422055.avi,0,3,0.460968,0.17111121,0.09091698,0.27700382
983,/mnt/c/Users/puneet/Downloads/DAiSEE/DataSet/Test/510042/5100422056/5100422056.avi,0,3,0.45500395,0.17522746,0.090830065,0.27893853
984,/mnt/c/Users/puneet/Downloads/DAiSEE/DataSet/Test/510042/5100422057/5100422057.avi,0,2,0.46569487,0.16730608,0.0900312,0.27696785
985,/mnt/c/Users/puneet/Downloads/DAiSEE/DataSet/Test/510042/5100422058/5100422058.avi,0,2,0.46442926,0.16844918,0.09027344,0.27684814
986,/mnt/c/Users/puneet/Downloads/DAiSEE/DataSet/Test/510042/5100422059/5100422059.avi,0,3,0.44925424,0.17887625,0.091620386,0.28024912
987,/mnt/c/Users/puneet/Downloads/DAiSEE/DataSet/Test/510042/5100422060/5100422060.avi,0,2,0.45716223,0.17656058,0.09052348,0.2757537
988,/mnt/c/Users/puneet/Downloads/DAiSEE/DataSet/Test/510042/5100422061/5100422061.avi,0,3,0.4627169,0.17034437,0.09046948,0.27646926
989,/mnt/c/Users/puneet/Downloads/DAiSEE/DataSet/Test/510042/5100422062/5100422062.avi,0,2,0.46344092,0.17221984,0.091245025,0.2730942
990,/mnt/c/Users/puneet/Downloads/DAiSEE/DataSet/Test/510042/5100422063/5100422063.avi,0,3,0.45836395,0.17257741,0.090406984,0.27865165
991,/mnt/c/Users/puneet/Downloads/DAiSEE/DataSet/Test/510042/5100422065/5100422065.avi,0,3,0.46933937,0.16584285,0.090459265,0.2743585
992,/mnt/c/Users/puneet/Downloads/DAiSEE/DataSet/Test/510042/5100422066/5100422066.avi,0,2,0.46179146,0.1697945,0.09044672,0.27796733
993,/mnt/c/Users/puneet/Downloads/DAiSEE/DataSet/Test/510042/5100422067/5100422067.avi,0,2,0.46383625,0.16852078,0.08963413,0.27800885
994,/mnt/c/Users/puneet/Downloads/DAiSEE/DataSet/Test/510042/5100422068/5100422068.avi,0,2,0.45233628,0.1753904,0.089645565,0.28262773
995,/mnt/c/Users/puneet/Downloads/DAiSEE/DataSet/Test/510042/5100422069/5100422069.avi,0,2,0.45605218,0.17444225,0.08994202,0.27956355
996,/mnt/c/Users/puneet/Downloads/DAiSEE/DataSet/Test/510042/5100422071/5100422071.avi,0,3,0.46512803,0.16759515,0.089560635,0.27771616
997,/mnt/c/Users/puneet/Downloads/DAiSEE/DataSet/Test/510042/5100422072/5100422072.avi,0,2,0.46396577,0.16867663,0.089672156,0.27768543
998,/mnt/c/Users/puneet/Downloads/DAiSEE/DataSet/Test/510042/5100422073/5100422073.avi,0,2,0.4647165,0.16802545,0.08989157,0.2773665
999,/mnt/c/Users/puneet/Downloads/DAiSEE/DataSet/Test/510042/5100422074/5100422074.avi,0,2,0.46092808,0.17035505,0.08764268,0.2810742
1000,/mnt/c/Users/puneet/Downloads/DAiSEE/DataSet/Test/510042/5100422075/5100422075.avi,0,3,0.46415898,0.16906334,0.091025524,0.27575216
1001,/mnt/c/Users/puneet/Downloads/DAiSEE/DataSet/Test/510042/5100422077/5100422077.avi,0,2,0.45178697,0.17652914,0.09444473,0.27723917
1002,/mnt/c/Users/puneet/Downloads/DAiSEE/DataSet/Test/510042/5100422078/5100422078.avi,0,2,0.4553048,0.17493786,0.09098553,0.27877182
1003,/mnt/c/Users/puneet/Downloads/DAiSEE/DataSet/Test/510042/5100422079/5100422079.avi,0,3,0.45937598,0.17248468,0.09001143,0.2781279
1004,/mnt/c/Users/puneet/Downloads/DAiSEE/DataSet/Test/510042/5100422080/5100422080.avi,0,2,0.46104243,0.17080234,0.09021767,0.27793756
1005,/mnt/c/Users/puneet/Downloads/DAiSEE/DataSet/Test/510042/5100422081/5100422081.avi,0,2,0.46489772,0.16823497,0.09025077,0.2766165
1006,/mnt/c/Users/puneet/Downloads/DAiSEE/DataSet/Test/510042/5100422084/5100422084.avi,0,2,0.45257354,0.17591707,0.09112704,0.28038236
1007,/mnt/c/Users/puneet/Downloads/DAiSEE/DataSet/Test/510042/5100422085/5100422085.avi,0,2,0.46457744,0.16852729,0.09021812,0.27667716
1008,/mnt/c/Users/puneet/Downloads/DAiSEE/DataSet/Test/510045/5100451001/5100451001.avi,0,2,0.46714512,0.16879731,0.09036316,0.27369443
1009,/mnt/c/Users/puneet/Downloads/DAiSEE/DataSet/Test/510045/5100451003/5100451003.avi,0,3,0.46336898,0.16924046,0.09086542,0.27652514
1010,/mnt/c/Users/puneet/Downloads/DAiSEE/DataSet/Test/510045/5100451004/5100451004.avi,0,3,0.4579195,0.17235489,0.09112255,0.27860305
1011,/mnt/c/Users/puneet/Downloads/DAiSEE/DataSet/Test/510045/5100451006/5100451006.avi,0,3,0.46232107,0.16970728,0.09072721,0.27724442
1012,/mnt/c/Users/puneet/Downloads/DAiSEE/DataSet/Test/510045/5100451007/5100451007.avi,0,3,0.4570211,0.17257357,0.09057811,0.27982727
1013,/mnt/c/Users/puneet/Downloads/DAiSEE/DataSet/Test/510045/5100451012/5100451012.avi,0,3,0.4643689,0.16873625,0.08983739,0.27705747
1014,/mnt/c/Users/puneet/Downloads/DAiSEE/DataSet/Test/510045/5100451013/5100451013.avi,0,3,0.46438652,0.16918714,0.09038035,0.276046
1015,/mnt/c/Users/puneet/Downloads/DAiSEE/DataSet/Test/510045/5100451015/5100451015.avi,0,3,0.46858886,0.16601963,0.09061815,0.27477336
1016,/mnt/c/Users/puneet/Downloads/DAiSEE/DataSet/Test/510045/5100451016/5100451016.avi,0,3,0.46204412,0.16957726,0.089331776,0.27904686
1017,/mnt/c/Users/puneet/Downloads/DAiSEE/DataSet/Test/510045/5100451017/5100451017.avi,0,2,0.46688443,0.16761047,0.09075799,0.2747471
1018,/mnt/c/Users/puneet/Downloads/DAiSEE/DataSet/Test/510045/5100451018/5100451018.avi,0,3,0.4558726,0.1735749,0.09073935,0.27981314
1019,/mnt/c/Users/puneet/Downloads/DAiSEE/DataSet/Test/510045/5100451019/5100451019.avi,0,3,0.44871512,0.17885673,0.09527854,0.27714962
1020,/mnt/c/Users/puneet/Downloads/DAiSEE/DataSet/Test/510045/5100451020/5100451020.avi,0,2,0.45036566,0.17718358,0.09149671,0.28095403
1021,/mnt/c/Users/puneet/Downloads/DAiSEE/DataSet/Test/510045/5100451024/5100451024.avi,0,3,0.45570058,0.17601752,0.09082841,0.27745348
1022,/mnt/c/Users/puneet/Downloads/DAiSEE/DataSet/Test/510045/5100451026/5100451026.avi,0,3,0.4547706,0.17276767,0.09318764,0.2792741
1023,/mnt/c/Users/puneet/Downloads/DAiSEE/DataSet/Test/510045/5100451027/5100451027.avi,0,3,0.46115023,0.17159171,0.09067633,0.2765817
1024,/mnt/c/Users/puneet/Downloads/DAiSEE/DataSet/Test/510045/5100451033/5100451033.avi,0,2,0.45306742,0.17611027,0.09112087,0.27970144
1025,/mnt/c/Users/puneet/Downloads/DAiSEE/DataSet/Test/510045/5100451034/5100451034.avi,0,3,0.457422,0.17263997,0.09007881,0.27985922
1026,/mnt/c/Users/puneet/Downloads/DAiSEE/DataSet/Test/510045/5100451035/5100451035.avi,0,3,0.47193363,0.16459385,0.09039958,0.27307293
1027,/mnt/c/Users/puneet/Downloads/DAiSEE/DataSet/Test/510045/5100451036/5100451036.avi,0,2,0.4679645,0.17190446,0.089564905,0.27056614
1028,/mnt/c/Users/puneet/Downloads/DAiSEE/DataSet/Test/510045/5100451038/5100451038.avi,0,2,0.46624413,0.16840342,0.090571284,0.27478117
1029,/mnt/c/Users/puneet/Downloads/DAiSEE/DataSet/Test/510045/5100451041/5100451041.avi,0,3,0.46139792,0.17046784,0.09077967,0.27735457
1030,/mnt/c/Users/puneet/Downloads/DAiSEE/DataSet/Test/510045/5100451043/5100451043.avi,0,2,0.45776075,0.17153937,0.091422,0.27927786
1031,/mnt/c/Users/puneet/Downloads/DAiSEE/DataSet/Test/510045/5100451044/5100451044.avi,0,3,0.4638493,0.16900447,0.09076471,0.27638152
1032,/mnt/c/Users/puneet/Downloads/DAiSEE/DataSet/Test/510045/5100451045/5100451045.avi,0,2,0.45125756,0.1747478,0.09609696,0.2778977
1033,/mnt/c/Users/puneet/Downloads/DAiSEE/DataSet/Test/510045/5100451049/5100451049.avi,0,3,0.4611691,0.1737526,0.09020722,0.27487108
1034,/mnt/c/Users/puneet/Downloads/DAiSEE/DataSet/Test/510045/5100451050/5100451050.avi,0,3,0.46294388,0.16911574,0.09096741,0.27697298
1035,/mnt/c/Users/puneet/Downloads/DAiSEE/DataSet/Test/510045/5100451051/5100451051.avi,0,2,0.45851675,0.17284535,0.09218934,0.27644855
1036,/mnt/c/Users/puneet/Downloads/DAiSEE/DataSet/Test/510045/5100451052/5100451052.avi,0,3,0.46273398,0.1698957,0.09094507,0.27642524
1037,/mnt/c/Users/puneet/Downloads/DAiSEE/DataSet/Test/510045/5100451055/5100451055.avi,0,2,0.46140847,0.17027296,0.08863727,0.27968132
1038,/mnt/c/Users/puneet/Downloads/DAiSEE/DataSet/Test/510045/5100451056/5100451056.avi,0,3,0.46217638,0.1705017,0.09050607,0.27681583
1039,/mnt/c/Users/puneet/Downloads/DAiSEE/DataSet/Test/510045/5100451059/5100451059.avi,0,3,0.46130908,0.17019635,0.09111832,0.27737626
1040,/mnt/c/Users/puneet/Downloads/DAiSEE/DataSet/Test/510045/5100451060/5100451060.avi,0,3,0.45981273,0.17126465,0.09093635,0.2779863
1041,/mnt/c/Users/puneet/Downloads/DAiSEE/DataSet/Test/510045/5100451061/5100451061.avi,0,3,0.45942432,0.17111267,0.088670015,0.280793
1042,/mnt/c/Users/puneet/Downloads/DAiSEE/DataSet/Test/510045/5100451064/5100451064.avi,0,2,0.46287426,0.17058699,0.09095174,0.275587
1043,/mnt/c/Users/puneet/Downloads/DAiSEE/DataSet/Test/510045/5100451065/5100451065.avi,0,3,0.45499828,0.17387798,0.09064792,0.2804758
1044,/mnt/c/Users/puneet/Downloads/DAiSEE/DataSet/Test/510045/5100451066/5100451066.avi,0,2,0.45524642,0.17379187,0.09397811,0.2769836
1045,/mnt/c/Users/puneet/Downloads/DAiSEE/DataSet/Test/510045/5100451067/5100451067.avi,0,3,0.45195174,0.17628285,0.091584325,0.28018108
1046,/mnt/c/Users/puneet/Downloads/DAiSEE/DataSet/Test/510045/5100451070/5100451070.avi,0,3,0.46201345,0.17036898,0.091117546,0.27650002
1047,/mnt/c/Users/puneet/Downloads/DAiSEE/DataSet/Test/510045/5100451071/5100451071.avi,0,3,0.47090822,0.16484798,0.090292454,0.27395132
1048,/mnt/c/Users/puneet/Downloads/DAiSEE/DataSet/Test/510045/5100452002/5100452002.avi,0,2,0.4577687,0.17241015,0.09091909,0.27890205
1049,/mnt/c/Users/puneet/Downloads/DAiSEE/DataSet/Test/510045/5100452004/5100452004.avi,0,3,0.46415296,0.17116538,0.09036744,0.27431422
1050,/mnt/c/Users/puneet/Downloads/DAiSEE/DataSet/Test/510045/5100452005/5100452005.avi,0,2,0.45292857,0.17635491,0.09324,0.27747652
1051,/mnt/c/Users/puneet/Downloads/DAiSEE/DataSet/Test/510045/5100452006/5100452006.avi,0,3,0.45937374,0.1724776,0.09167468,0.276474
1052,/mnt/c/Users/puneet/Downloads/DAiSEE/DataSet/Test/510045/5100452007/5100452007.avi,0,2,0.45953828,0.1709174,0.09030695,0.27923736
1053,/mnt/c/Users/puneet/Downloads/DAiSEE/DataSet/Test/510045/5100452008/5100452008.avi,0,3,0.45636347,0.1735041,0.09089329,0.27923915
1054,/mnt/c/Users/puneet/Downloads/DAiSEE/DataSet/Test/510045/5100452009/5100452009.avi,0,3,0.4551485,0.17571013,0.091571875,0.2775695
1055,/mnt/c/Users/puneet/Downloads/DAiSEE/DataSet/Test/510045/5100452010/5100452010.avi,0,2,0.46445736,0.16859819,0.09028772,0.27665672
1056,/mnt/c/Users/puneet/Downloads/DAiSEE/DataSet/Test/510045/5100452011/5100452011.avi,0,2,0.4510796,0.17562394,0.09077113,0.28252533
1057,/mnt/c/Users/puneet/Downloads/DAiSEE/DataSet/Test/510045/5100452012/5100452012.avi,0,3,0.45780024,0.17386441,0.09099103,0.27734432
1058,/mnt/c/Users/puneet/Downloads/DAiSEE/DataSet/Test/510045/5100452013/5100452013.avi,0,3,0.4637669,0.16941972,0.090493955,0.2763194
1059,/mnt/c/Users/puneet/Downloads/DAiSEE/DataSet/Test/510045/5100452014/5100452014.avi,0,3,0.45772097,0.17163284,0.09133048,0.2793157
1060,/mnt/c/Users/puneet/Downloads/DAiSEE/DataSet/Test/510045/5100452016/5100452016.avi,0,1,0.4554756,0.17392503,0.09042142,0.28017795
1061,/mnt/c/Users/puneet/Downloads/DAiSEE/DataSet/Test/510045/5100452017/5100452017.avi,0,3,0.47015527,0.16648361,0.090457976,0.27290314
1062,/mnt/c/Users/puneet/Downloads/DAiSEE/DataSet/Test/510045/5100452018/5100452018.avi,0,3,0.45205584,0.1756226,0.09115274,0.28116882
1063,/mnt/c/Users/puneet/Downloads/DAiSEE/DataSet/Test/510045/5100452021/5100452021.avi,0,2,0.45248687,0.17446607,0.09340482,0.27964222
1064,/mnt/c/Users/puneet/Downloads/DAiSEE/DataSet/Test/510045/5100452023/5100452023.avi,0,2,0.4589719,0.17240925,0.09073676,0.2778821
1065,/mnt/c/Users/puneet/Downloads/DAiSEE/DataSet/Test/510045/5100452025/5100452025.avi,0,2,0.45755905,0.17406741,0.09071395,0.2776596
1066,/mnt/c/Users/puneet/Downloads/DAiSEE/DataSet/Test/510045/5100452027/5100452027.avi,0,2,0.46466184,0.17295651,0.09006149,0.27232015
1067,/mnt/c/Users/puneet/Downloads/DAiSEE/DataSet/Test/510045/5100452028/5100452028.avi,0,3,0.45622566,0.17237614,0.09218147,0.27921674
1068,/mnt/c/Users/puneet/Downloads/DAiSEE/DataSet/Test/510045/5100452030/5100452030.avi,0,3,0.46247336,0.16953965,0.091137804,0.27684918
1069,/mnt/c/Users/puneet/Downloads/DAiSEE/DataSet/Test/510045/5100452031/5100452031.avi,0,3,0.4607224,0.170589,0.09082635,0.27786228
1070,/mnt/c/Users/puneet/Downloads/DAiSEE/DataSet/Test/510045/5100452032/5100452032.avi,0,2,0.46082553,0.17057256,0.0896918,0.2789101
1071,/mnt/c/Users/puneet/Downloads/DAiSEE/DataSet/Test/510045/5100452033/5100452033.avi,0,2,0.46630925,0.16784903,0.09034053,0.27550116
1072,/mnt/c/Users/puneet/Downloads/DAiSEE/DataSet/Test/510045/5100452034/5100452034.avi,0,3,0.46243012,0.16948104,0.09034986,0.277739
1073,/mnt/c/Users/puneet/Downloads/DAiSEE/DataSet/Test/510045/5100452035/5100452035.avi,0,2,0.46344137,0.16921844,0.09047284,0.27686733
1074,/mnt/c/Users/puneet/Downloads/DAiSEE/DataSet/Test/510045/5100452036/5100452036.avi,0,3,0.46488598,0.16856316,0.0903767,0.2761742
1075,/mnt/c/Users/puneet/Downloads/DAiSEE/DataSet/Test/510045/5100452037/5100452037.avi,0,3,0.4633783,0.16939342,0.09044749,0.27678078
1076,/mnt/c/Users/puneet/Downloads/DAiSEE/DataSet/Test/510045/5100452038/5100452038.avi,0,3,0.45085326,0.1760604,0.091016024,0.2820703
1077,/mnt/c/Users/puneet/Downloads/DAiSEE/DataSet/Test/510045/5100452039/5100452039.avi,0,2,0.45605555,0.17290951,0.09108771,0.27994722
1078,/mnt/c/Users/puneet/Downloads/DAiSEE/DataSet/Test/510045/5100452040/5100452040.avi,0,2,0.45680135,0.17296381,0.08894289,0.28129193
1079,/mnt/c/Users/puneet/Downloads/DAiSEE/DataSet/Test/510045/5100452047/5100452047.avi,0,3,0.46148086,0.17034844,0.09053444,0.27763626
1080,/mnt/c/Users/puneet/Downloads/DAiSEE/DataSet/Test/510045/5100452049/5100452049.avi,0,3,0.46299803,0.1699617,0.09069918,0.27634108
1081,/mnt/c/Users/puneet/Downloads/DAiSEE/DataSet/Test/510045/5100452050/5100452050.avi,0,3,0.4543807,0.1747727,0.09119818,0.27964842
1082,/mnt/c/Users/puneet/Downloads/DAiSEE/DataSet/Test/510045/5100452053/5100452053.avi,0,2,0.46191692,0.1698542,0.090779975,0.2774489
1083,/mnt/c/Users/puneet/Downloads/DAiSEE/DataSet/Test/510045/5100452054/5100452054.avi,0,3,0.45172298,0.1767771,0.095318444,0.2761815
1084,/mnt/c/Users/puneet/Downloads/DAiSEE/DataSet/Test/510045/5100452055/5100452055.avi,0,2,0.45921677,0.1717578,0.09074203,0.2782834
1085,/mnt/c/Users/puneet/Downloads/DAiSEE/DataSet/Test/510045/5100452059/5100452059.avi,0,3,0.45245346,0.17735298,0.093276344,0.27691722
1086,/mnt/c/Users/puneet/Downloads/DAiSEE/DataSet/Test/510045/5100452060/5100452060.avi,0,3,0.4508392,0.17620128,0.091027185,0.28193235
1087,/mnt/c/Users/puneet/Downloads/DAiSEE/DataSet/Test/510045/5100452061/5100452061.avi,0,2,0.4541707,0.17620632,0.09195321,0.27766976
1088,/mnt/c/Users/puneet/Downloads/DAiSEE/DataSet/Test/510045/5100452065/5100452065.avi,0,3,0.458739,0.17225014,0.090506226,0.2785046
1089,/mnt/c/Users/puneet/Downloads/DAiSEE/DataSet/Test/510045/5100452066/5100452066.avi,0,3,0.4600138,0.17077242,0.09056569,0.27864808
1090,/mnt/c/Users/puneet/Downloads/DAiSEE/DataSet/Test/510045/5100452067/5100452067.avi,0,3,0.45634952,0.1731941,0.09137499,0.2790814
1091,/mnt/c/Users/puneet/Downloads/DAiSEE/DataSet/Test/510045/5100452076/5100452076.avi,0,3,0.4533236,0.17553067,0.09119568,0.27995002
1092,/mnt/c/Users/puneet/Downloads/DAiSEE/DataSet/Test/510045/5100452078/5100452078.avi,0,3,0.46447837,0.16876483,0.09107434,0.27568245
1093,/mnt/c/Users/puneet/Downloads/DAiSEE/DataSet/Test/510045/5100452079/5100452079.avi,0,3,0.45223558,0.17529921,0.09140424,0.28106096
1094,/mnt/c/Users/puneet/Downloads/DAiSEE/DataSet/Test/510045/5100452080/5100452080.avi,0,3,0.46254805,0.17068042,0.09068416,0.27608737
1095,/mnt/c/Users/puneet/Downloads/DAiSEE/DataSet/Test/510045/5100452081/5100452081.avi,0,2,0.46381858,0.16928792,0.09062498,0.27626854
1096,/mnt/c/Users/puneet/Downloads/DAiSEE/DataSet/Test/510046/5100461004/5100461004.avi,0,2,0.462656,0.17074516,0.08817841,0.27842042
1097,/mnt/c/Users/puneet/Downloads/DAiSEE/DataSet/Test/510046/5100461005/5100461005.avi,0,2,0.46747187,0.16656739,0.09081919,0.27514154
1098,/mnt/c/Users/puneet/Downloads/DAiSEE/DataSet/Test/510046/5100461006/5100461006.avi,0,2,0.46363774,0.16840374,0.08998499,0.2779735
1099,/mnt/c/Users/puneet/Downloads/DAiSEE/DataSet/Test/510046/5100461007/5100461007.avi,0,1,0.46036467,0.17091799,0.09040181,0.2783155
1100,/mnt/c/Users/puneet/Downloads/DAiSEE/DataSet/Test/510046/5100461008/5100461008.avi,0,2,0.46802893,0.16680299,0.09052,0.27464807
1101,/mnt/c/Users/puneet/Downloads/DAiSEE/DataSet/Test/510046/5100461009/5100461009.avi,0,3,0.4572505,0.17230119,0.08716207,0.28328624
1102,/mnt/c/Users/puneet/Downloads/DAiSEE/DataSet/Test/510046/5100461010/5100461010.avi,0,2,0.46382463,0.16844533,0.090725176,0.27700484
1103,/mnt/c/Users/puneet/Downloads/DAiSEE/DataSet/Test/510046/5100461011/5100461011.avi,0,2,0.45924222,0.17112194,0.090690255,0.2789456
1104,/mnt/c/Users/puneet/Downloads/DAiSEE/DataSet/Test/510046/5100461014/5100461014.avi,0,2,0.4644922,0.16796607,0.089566305,0.27797544
1105,/mnt/c/Users/puneet/Downloads/DAiSEE/DataSet/Test/510046/5100461015/5100461015.avi,0,3,0.46670428,0.1686246,0.090395585,0.27427554
1106,/mnt/c/Users/puneet/Downloads/DAiSEE/DataSet/Test/510046/5100461016/5100461016.avi,0,2,0.4585493,0.17279847,0.08999724,0.278655
1107,/mnt/c/Users/puneet/Downloads/DAiSEE/DataSet/Test/510046/5100461017/5100461017.avi,0,3,0.46740165,0.16792277,0.09056188,0.27411368
1108,/mnt/c/Users/puneet/Downloads/DAiSEE/DataSet/Test/510046/5100461018/5100461018.avi,0,2,0.46531928,0.1683739,0.090387076,0.27591974
1109,/mnt/c/Users/puneet/Downloads/DAiSEE/DataSet/Test/510046/5100461020/5100461020.avi,0,2,0.4709909,0.16517113,0.09091107,0.2729269
1110,/mnt/c/Users/puneet/Downloads/DAiSEE/DataSet/Test/510046/5100461021/5100461021.avi,0,2,0.46921957,0.16644087,0.090768166,0.27357137
1111,/mnt/c/Users/puneet/Downloads/DAiSEE/DataSet/Test/510046/5100461022/5100461022.avi,0,3,0.46674764,0.16732903,0.08837756,0.27754578
1112,/mnt/c/Users/puneet/Downloads/DAiSEE/DataSet/Test/510046/5100461023/5100461023.avi,0,3,0.46344978,0.1687165,0.08988396,0.27794975
1113,/mnt/c/Users/puneet/Downloads/DAiSEE/DataSet/Test/510046/5100461025/5100461025.avi,0,2,0.46404815,0.168838,0.08958035,0.2775335
1114,/mnt/c/Users/puneet/Downloads/DAiSEE/DataSet/Test/510046/5100461029/5100461029.avi,0,2,0.46272168,0.16914222,0.09014337,0.27799273
1115,/mnt/c/Users/puneet/Downloads/DAiSEE/DataSet/Test/510046/5100461030/5100461030.avi,0,3,0.46960822,0.16657025,0.09098432,0.27283722
1116,/mnt/c/Users/puneet/Downloads/DAiSEE/DataSet/Test/510046/5100461031/5100461031.avi,0,2,0.4669201,0.1683718,0.09095883,0.2737493
1117,/mnt/c/Users/puneet/Downloads/DAiSEE/DataSet/Test/510046/5100461032/5100461032.avi,0,2,0.46398267,0.16893812,0.089642875,0.27743635
1118,/mnt/c/Users/puneet/Downloads/DAiSEE/DataSet/Test/510046/5100461033/5100461033.avi,0,2,0.4675885,0.16649036,0.08903395,0.27688718
1119,/mnt/c/Users/puneet/Downloads/DAiSEE/DataSet/Test/510046/5100461034/5100461034.avi,0,2,0.45544878,0.17424701,0.090415515,0.27988872
1120,/mnt/c/Users/puneet/Downloads/DAiSEE/DataSet/Test/510046/5100461035/5100461035.avi,0,2,0.46176526,0.16976067,0.09056449,0.27790958
1121,/mnt/c/Users/puneet/Downloads/DAiSEE/DataSet/Test/510046/5100461036/5100461036.avi,0,2,0.4672893,0.16621982,0.09039078,0.2761001
1122,/mnt/c/Users/puneet/Downloads/DAiSEE/DataSet/Test/510046/5100461037/5100461037.avi,0,2,0.45558771,0.17403904,0.091199584,0.27917367
1123,/mnt/c/Users/puneet/Downloads/DAiSEE/DataSet/Test/510046/5100461038/5100461038.avi,0,2,0.46341735,0.1698295,0.09129131,0.27546185
1124,/mnt/c/Users/puneet/Downloads/DAiSEE/DataSet/Test/510046/5100461039/5100461039.avi,0,3,0.46688214,0.16640817,0.09014851,0.2765612
1125,/mnt/c/Users/puneet/Downloads/DAiSEE/DataSet/Test/510046/5100461040/5100461040.avi,0,2,0.4679734,0.16664322,0.09050643,0.27487695
1126,/mnt/c/Users/puneet/Downloads/DAiSEE/DataSet/Test/510046/5100461042/5100461042.avi,0,3,0.46999666,0.16686286,0.09092694,0.27221355
1127,/mnt/c/Users/puneet/Downloads/DAiSEE/DataSet/Test/510046/5100461043/5100461043.avi,0,2,0.464649,0.16840635,0.08936743,0.27757722
1128,/mnt/c/Users/puneet/Downloads/DAiSEE/DataSet/Test/510046/5100461044/5100461044.avi,0,3,0.4632248,0.16844791,0.09035061,0.2779767
1129,/mnt/c/Users/puneet/Downloads/DAiSEE/DataSet/Test/510046/5100461046/5100461046.avi,0,2,0.4619838,0.16993858,0.09009506,0.27798256
1130,/mnt/c/Users/puneet/Downloads/DAiSEE/DataSet/Test/510046/5100461047/5100461047.avi,0,2,0.46420297,0.16857876,0.08957558,0.2776427
1131,/mnt/c/Users/puneet/Downloads/DAiSEE/DataSet/Test/510046/5100461048/5100461048.avi,0,2,0.45890492,0.17212453,0.08901764,0.27995288
1132,/mnt/c/Users/puneet/Downloads/DAiSEE/DataSet/Test/510046/5100461049/5100461049.avi,0,2,0.4624186,0.16959587,0.09083336,0.27715218
1133,/mnt/c/Users/puneet/Downloads/DAiSEE/DataSet/Test/510046/5100461050/5100461050.avi,0,2,0.47410867,0.16336481,0.09053546,0.27199107
1134,/mnt/c/Users/puneet/Downloads/DAiSEE/DataSet/Test/510046/5100461051/5100461051.avi,0,3,0.46328235,0.16931747,0.09060391,0.27679628
1135,/mnt/c/Users/puneet/Downloads/DAiSEE/DataSet/Test/510046/5100461052/5100461052.avi,0,2,0.46691778,0.16795886,0.091054365,0.27406898
1136,/mnt/c/Users/puneet/Downloads/DAiSEE/DataSet/Test/510046/5100461053/5100461053.avi,0,3,0.4598543,0.17178923,0.08968117,0.27867532
1137,/mnt/c/Users/puneet/Downloads/DAiSEE/DataSet/Test/510046/5100461054/5100461054.avi,0,2,0.46670407,0.16712555,0.08891693,0.27725345
1138,/mnt/c/Users/puneet/Downloads/DAiSEE/DataSet/Test/510046/5100461055/5100461055.avi,0,3,0.4633054,0.16879103,0.09039129,0.27751225
1139,/mnt/c/Users/puneet/Downloads/DAiSEE/DataSet/Test/510046/5100461056/5100461056.avi,0,3,0.4576766,0.17270613,0.0897242,0.27989307
1140,/mnt/c/Users/puneet/Downloads/DAiSEE/DataSet/Test/510046/5100461057/5100461057.avi,0,2,0.46549118,0.16788487,0.08930237,0.27732158
1141,/mnt/c/Users/puneet/Downloads/DAiSEE/DataSet/Test/510046/5100461058/5100461058.avi,0,2,0.45908466,0.17074005,0.09268816,0.27748713
1142,/mnt/c/Users/puneet/Downloads/DAiSEE/DataSet/Test/510046/5100461061/5100461061.avi,0,3,0.46316248,0.16890241,0.08964158,0.27829355
1143,/mnt/c/Users/puneet/Downloads/DAiSEE/DataSet/Test/510046/5100461062/5100461062.avi,0,2,0.46382904,0.1694454,0.08850447,0.2782211
1144,/mnt/c/Users/puneet/Downloads/DAiSEE/DataSet/Test/510046/5100461063/5100461063.avi,0,2,0.4645362,0.16844381,0.08952304,0.27749693
1145,/mnt/c/Users/puneet/Downloads/DAiSEE/DataSet/Test/510046/5100461064/5100461064.avi,0,3,0.453114,0.17539854,0.091287814,0.28019965
1146,/mnt/c/Users/puneet/Downloads/DAiSEE/DataSet/Test/510046/5100461065/5100461065.avi,0,3,0.47327867,0.16435954,0.09053866,0.27182314
1147,/mnt/c/Users/puneet/Downloads/DAiSEE/DataSet/Test/510046/5100461066/5100461066.avi,0,3,0.45400545,0.17645521,0.09143846,0.27810085
1148,/mnt/c/Users/puneet/Downloads/DAiSEE/DataSet/Test/510046/5100461067/5100461067.avi,0,2,0.4601871,0.17523904,0.090373926,0.2741999
1149,/mnt/c/Users/puneet/Downloads/DAiSEE/DataSet/Test/510046/5100461068/5100461068.avi,0,2,0.4689516,0.16660912,0.090938315,0.27350095
1150,/mnt/c/Users/puneet/Downloads/DAiSEE/DataSet/Test/510046/5100461069/5100461069.avi,0,3,0.44729805,0.17945972,0.09176407,0.28147817
1151,/mnt/c/Users/puneet/Downloads/DAiSEE/DataSet/Test/510046/5100462001/5100462001.avi,0,2,0.45178902,0.17748176,0.09158068,0.27914855
1152,/mnt/c/Users/puneet/Downloads/DAiSEE/DataSet/Test/510046/5100462002/5100462002.avi,0,2,0.46899724,0.16742763,0.090730265,0.27284488
1153,/mnt/c/Users/puneet/Downloads/DAiSEE/DataSet/Test/510046/5100462003/5100462003.avi,0,1,0.4552906,0.17601171,0.09089476,0.27780294
1154,/mnt/c/Users/puneet/Downloads/DAiSEE/DataSet/Test/510046/5100462005/5100462005.avi,0,2,0.45304808,0.17805697,0.09260772,0.27628723
1155,/mnt/c/Users/puneet/Downloads/DAiSEE/DataSet/Test/510046/5100462009/5100462009.avi,0,2,0.45602128,0.17415945,0.09263876,0.27718052
1156,/mnt/c/Users/puneet/Downloads/DAiSEE/DataSet/Test/510046/5100462010/5100462010.avi,0,3,0.46739456,0.16887914,0.090725414,0.2730009
1157,/mnt/c/Users/puneet/Downloads/DAiSEE/DataSet/Test/510046/5100462011/5100462011.avi,0,3,0.46509087,0.16777082,0.089707434,0.2774309
1158,/mnt/c/Users/puneet/Downloads/DAiSEE/DataSet/Test/510046/5100462012/5100462012.avi,0,2,0.46106952,0.17169769,0.089713305,0.2775195
1159,/mnt/c/Users/puneet/Downloads/DAiSEE/DataSet/Test/510046/5100462014/5100462014.avi,0,3,0.46735898,0.16903043,0.09055868,0.27305192
1160,/mnt/c/Users/puneet/Downloads/DAiSEE/DataSet/Test/510046/5100462015/5100462015.avi,0,2,0.46272585,0.16961107,0.08955408,0.278109
1161,/mnt/c/Users/puneet/Downloads/DAiSEE/DataSet/Test/510046/5100462016/5100462016.avi,0,2,0.46563068,0.16782063,0.08886972,0.27767897
1162,/mnt/c/Users/puneet/Downloads/DAiSEE/DataSet/Test/510046/5100462017/5100462017.avi,0,2,0.46267024,0.16980426,0.08939111,0.2781344
1163,/mnt/c/Users/puneet/Downloads/DAiSEE/DataSet/Test/510046/5100462018/5100462018.avi,0,2,0.46433514,0.16941415,0.089201584,0.27704912
1164,/mnt/c/Users/puneet/Downloads/DAiSEE/DataSet/Test/510046/5100462019/5100462019.avi,0,2,0.46393096,0.16991597,0.088830605,0.27732244
1165,/mnt/c/Users/puneet/Downloads/DAiSEE/DataSet/Test/510046/5100462021/5100462021.avi,0,3,0.46198368,0.16948442,0.09133787,0.27719402
1166,/mnt/c/Users/puneet/Downloads/DAiSEE/DataSet/Test/510046/5100462022/5100462022.avi,0,2,0.46539626,0.16857551,0.090853915,0.27517432
1167,/mnt/c/Users/puneet/Downloads/DAiSEE/DataSet/Test/510046/5100462023/5100462023.avi,0,2,0.46229106,0.17094563,0.08931422,0.2774491
1168,/mnt/c/Users/puneet/Downloads/DAiSEE/DataSet/Test/510046/5100462024/5100462024.avi,0,2,0.45652422,0.17415327,0.09065789,0.27866462
1169,/mnt/c/Users/puneet/Downloads/DAiSEE/DataSet/Test/510046/5100462025/5100462025.avi,0,2,0.46738884,0.16675898,0.088263124,0.27758905
1170,/mnt/c/Users/puneet/Downloads/DAiSEE/DataSet/Test/510046/5100462026/5100462026.avi,0,3,0.47044358,0.16630293,0.09075801,0.27249548
1171,/mnt/c/Users/puneet/Downloads/DAiSEE/DataSet/Test/510046/5100462027/5100462027.avi,0,2,0.45703313,0.17457834,0.09064689,0.27774164
1172,/mnt/c/Users/puneet/Downloads/DAiSEE/DataSet/Test/510046/5100462028/5100462028.avi,0,3,0.4639114,0.17160207,0.09132755,0.27315897
1173,/mnt/c/Users/puneet/Downloads/DAiSEE/DataSet/Test/510046/5100462029/5100462029.avi,0,3,0.4588298,0.17217815,0.090913646,0.27807844
1174,/mnt/c/Users/puneet/Downloads/DAiSEE/DataSet/Test/510046/5100462031/5100462031.avi,0,2,0.45763695,0.1717413,0.09003896,0.2805828
1175,/mnt/c/Users/puneet/Downloads/DAiSEE/DataSet/Test/510046/5100462032/5100462032.avi,0,2,0.45430204,0.17607695,0.090634406,0.2789866
1176,/mnt/c/Users/puneet/Downloads/DAiSEE/DataSet/Test/510046/5100462033/5100462033.avi,0,2,0.45128936,0.17712453,0.090912424,0.28067368
1177,/mnt/c/Users/puneet/Downloads/DAiSEE/DataSet/Test/510046/5100462035/5100462035.avi,0,3,0.46520782,0.16718858,0.09138354,0.27622008
1178,/mnt/c/Users/puneet/Downloads/DAiSEE/DataSet/Test/510046/5100462037/5100462037.avi,0,3,0.45743042,0.17329948,0.089768,0.2795021
1179,/mnt/c/Users/puneet/Downloads/DAiSEE/DataSet/Test/510046/5100462038/5100462038.avi,0,2,0.4697299,0.16435248,0.09118521,0.2747324
1180,/mnt/c/Users/puneet/Downloads/DAiSEE/DataSet/Test/510046/5100462039/5100462039.avi,0,2,0.46381986,0.1684997,0.09061349,0.27706695
1181,/mnt/c/Users/puneet/Downloads/DAiSEE/DataSet/Test/510046/5100462040/5100462040.avi,0,2,0.4629588,0.1687132,0.09089265,0.27743533
1182,/mnt/c/Users/puneet/Downloads/DAiSEE/DataSet/Test/510046/5100462041/5100462041.avi,0,3,0.46400386,0.16895021,0.08966678,0.27737916
1183,/mnt/c/Users/puneet/Downloads/DAiSEE/DataSet/Test/510046/5100462042/5100462042.avi,0,2,0.46008533,0.1721942,0.090214625,0.27750584
1184,/mnt/c/Users/puneet/Downloads/DAiSEE/DataSet/Test/510046/5100462043/5100462043.avi,0,2,0.4654611,0.16832954,0.09015957,0.2760498
1185,/mnt/c/Users/puneet/Downloads/DAiSEE/DataSet/Test/510046/5100462044/5100462044.avi,0,2,0.45960793,0.17137456,0.0908426,0.2781749
1186,/mnt/c/Users/puneet/Downloads/DAiSEE/DataSet/Test/510046/5100462045/5100462045.avi,0,2,0.4585625,0.1717187,0.090996675,0.27872214
1187,/mnt/c/Users/puneet/Downloads/DAiSEE/DataSet/Test/510046/5100462046/5100462046.avi,0,2,0.46619695,0.16650552,0.08936507,0.27793247
1188,/mnt/c/Users/puneet/Downloads/DAiSEE/DataSet/Test/510046/5100462047/5100462047.avi,0,3,0.46234068,0.16963206,0.092869796,0.27515745
1189,/mnt/c/Users/puneet/Downloads/DAiSEE/DataSet/Test/510046/5100462048/5100462048.avi,0,2,0.459547,0.17240685,0.08868091,0.2793652
1190,/mnt/c/Users/puneet/Downloads/DAiSEE/DataSet/Test/510046/5100462050/5100462050.avi,0,2,0.46421203,0.16750701,0.09282047,0.27546048
1191,/mnt/c/Users/puneet/Downloads/DAiSEE/DataSet/Test/510046/5100462051/5100462051.avi,0,2,0.46998668,0.16507812,0.09031376,0.27462143
1192,/mnt/c/Users/puneet/Downloads/DAiSEE/DataSet/Test/510046/5100462052/5100462052.avi,0,2,0.4538126,0.1756857,0.08989051,0.2806112
1193,/mnt/c/Users/puneet/Downloads/DAiSEE/DataSet/Test/510046/5100462053/5100462053.avi,0,3,0.46776527,0.16591017,0.088752754,0.2775718
1194,/mnt/c/Users/puneet/Downloads/DAiSEE/DataSet/Test/510046/5100462054/5100462054.avi,0,2,0.46531942,0.16892162,0.088608734,0.27715024
1195,/mnt/c/Users/puneet/Downloads/DAiSEE/DataSet/Test/510046/5100462055/5100462055.avi,0,3,0.47065,0.1655254,0.090794094,0.2730305
1196,/mnt/c/Users/puneet/Downloads/DAiSEE/DataSet/Test/510046/5100462057/5100462057.avi,0,2,0.4696948,0.16513877,0.089365505,0.2758009
1197,/mnt/c/Users/puneet/Downloads/DAiSEE/DataSet/Test/510046/5100462058/5100462058.avi,0,3,0.46344465,0.16804598,0.090710804,0.27779856
1198,/mnt/c/Users/puneet/Downloads/DAiSEE/DataSet/Test/510046/5100462059/5100462059.avi,0,2,0.4652934,0.16737369,0.08930959,0.27802333
1199,/mnt/c/Users/puneet/Downloads/DAiSEE/DataSet/Test/510046/5100462061/5100462061.avi,0,2,0.47114432,0.16518322,0.09066214,0.27301034
1200,/mnt/c/Users/puneet/Downloads/DAiSEE/DataSet/Test/510046/5100462062/5100462062.avi,0,2,0.46385935,0.16814129,0.09011446,0.2778849
1201,/mnt/c/Users/puneet/Downloads/DAiSEE/DataSet/Test/510046/5100462063/5100462063.avi,0,3,0.46371466,0.16919847,0.090368986,0.27671787
1202,/mnt/c/Users/puneet/Downloads/DAiSEE/DataSet/Test/510046/5100462064/5100462064.avi,0,3,0.46632972,0.16783142,0.09074846,0.2750904
1203,/mnt/c/Users/puneet/Downloads/DAiSEE/DataSet/Test/510046/5100462066/5100462066.avi,0,2,0.45799932,0.17239885,0.08958107,0.28002077
1204,/mnt/c/Users/puneet/Downloads/DAiSEE/DataSet/Test/510046/5100462067/5100462067.avi,0,2,0.46431488,0.1682735,0.0895546,0.27785704
1205,/mnt/c/Users/puneet/Downloads/DAiSEE/DataSet/Test/510046/5100462068/5100462068.avi,0,2,0.46440178,0.1690189,0.08944699,0.27713233
1206,/mnt/c/Users/puneet/Downloads/DAiSEE/DataSet/Test/510046/5100462069/5100462069.avi,0,3,0.45114708,0.1768098,0.09191626,0.28012684
1207,/mnt/c/Users/puneet/Downloads/DAiSEE/DataSet/Test/510046/5100462070/5100462070.avi,0,3,0.4526613,0.1790936,0.0913505,0.2768946
1208,/mnt/c/Users/puneet/Downloads/DAiSEE/DataSet/Test/510046/5100462071/5100462071.avi,0,2,0.4692917,0.16782212,0.09100708,0.2718791
1209,/mnt/c/Users/puneet/Downloads/DAiSEE/DataSet/Test/510046/5100462072/5100462072.avi,0,3,0.4713303,0.16606495,0.09072584,0.2718789
1210,/mnt/c/Users/puneet/Downloads/DAiSEE/DataSet/Test/510046/5100462074/5100462074.avi,0,2,0.46059367,0.1697528,0.09233838,0.27731514
1211,/mnt/c/Users/puneet/Downloads/DAiSEE/DataSet/Test/510046/5100462075/5100462075.avi,0,3,0.46801734,0.16903083,0.09067847,0.27227336
1212,/mnt/c/Users/puneet/Downloads/DAiSEE/DataSet/Test/510046/5100462077/5100462077.avi,0,3,0.45897445,0.1709659,0.08804554,0.28201413
1213,/mnt/c/Users/puneet/Downloads/DAiSEE/DataSet/Test/510046/5100462078/5100462078.avi,0,2,0.46832007,0.16625571,0.088927165,0.27649707
1214,/mnt/c/Users/puneet/Downloads/DAiSEE/DataSet/Test/510046/5100462079/5100462079.avi,0,2,0.4528738,0.17535688,0.09140832,0.28036103
1215,/mnt/c/Users/puneet/Downloads/DAiSEE/DataSet/Test/510046/5100462080/5100462080.avi,0,2,0.46307662,0.16966097,0.090337865,0.27692452
1216,/mnt/c/Users/puneet/Downloads/DAiSEE/DataSet/Test/510046/5100462081/5100462081.avi,0,2,0.45436382,0.17494889,0.089764185,0.2809231
1217,/mnt/c/Users/puneet/Downloads/DAiSEE/DataSet/Test/510046/5100462082/5100462082.avi,0,2,0.46788102,0.16863362,0.090837196,0.27264816
1218,/mnt/c/Users/puneet/Downloads/DAiSEE/DataSet/Test/510047/5100471001/5100471001.avi,0,2,0.4537817,0.17472716,0.09090651,0.28058463
1219,/mnt/c/Users/puneet/Downloads/DAiSEE/DataSet/Test/510047/5100471002/5100471002.avi,0,3,0.45886403,0.17294449,0.09128764,0.27690387
1220,/mnt/c/Users/puneet/Downloads/DAiSEE/DataSet/Test/510047/5100471003/5100471003.avi,0,3,0.4539077,0.17658167,0.091571085,0.27793956
1221,/mnt/c/Users/puneet/Downloads/DAiSEE/DataSet/Test/510047/5100471011/5100471011.avi,0,2,0.44638348,0.17872986,0.09235651,0.28253016
1222,/mnt/c/Users/puneet/Downloads/DAiSEE/DataSet/Test/510047/5100471012/5100471012.avi,0,2,0.4621591,0.17195077,0.09100269,0.27488744
1223,/mnt/c/Users/puneet/Downloads/DAiSEE/DataSet/Test/510047/5100471013/5100471013.avi,0,2,0.460132,0.17223348,0.09102016,0.27661437
1224,/mnt/c/Users/puneet/Downloads/DAiSEE/DataSet/Test/510047/5100471015/5100471015.avi,0,2,0.47086722,0.16578905,0.09044172,0.272902
1225,/mnt/c/Users/puneet/Downloads/DAiSEE/DataSet/Test/510047/5100471016/5100471016.avi,0,3,0.4561095,0.17407325,0.09118619,0.2786311
1226,/mnt/c/Users/puneet/Downloads/DAiSEE/DataSet/Test/510047/5100471018/5100471018.avi,0,2,0.45820016,0.17237848,0.08920113,0.28022024
1227,/mnt/c/Users/puneet/Downloads/DAiSEE/DataSet/Test/510047/5100471019/5100471019.avi,0,3,0.46934983,0.16640343,0.09051262,0.27373412
1228,/mnt/c/Users/puneet/Downloads/DAiSEE/DataSet/Test/510047/5100471020/5100471020.avi,0,2,0.46521485,0.16893093,0.09076951,0.2750847
1229,/mnt/c/Users/puneet/Downloads/DAiSEE/DataSet/Test/510047/5100471021/5100471021.avi,0,2,0.4622162,0.17164615,0.09054884,0.2755888
1230,/mnt/c/Users/puneet/Downloads/DAiSEE/DataSet/Test/510047/5100471023/5100471023.avi,0,2,0.44956937,0.17688574,0.09098139,0.2825635
1231,/mnt/c/Users/puneet/Downloads/DAiSEE/DataSet/Test/510047/5100471026/5100471026.avi,0,3,0.4633239,0.16980638,0.09060286,0.27626687
1232,/mnt/c/Users/puneet/Downloads/DAiSEE/DataSet/Test/510047/5100471027/5100471027.avi,0,2,0.461633,0.17084159,0.090818316,0.2767071
1233,/mnt/c/Users/puneet/Downloads/DAiSEE/DataSet/Test/510047/5100471028/5100471028.avi,0,3,0.45726404,0.17355095,0.090735935,0.27844906
1234,/mnt/c/Users/puneet/Downloads/DAiSEE/DataSet/Test/510047/5100471029/5100471029.avi,0,2,0.45431015,0.17519918,0.09117881,0.27931187
1235,/mnt/c/Users/puneet/Downloads/DAiSEE/DataSet/Test/510047/5100471030/5100471030.avi,0,3,0.47563612,0.16169791,0.090263814,0.27240214
1236,/mnt/c/Users/puneet/Downloads/DAiSEE/DataSet/Test/510047/5100471031/5100471031.avi,0,2,0.46269497,0.17018647,0.09065326,0.2764653
1237,/mnt/c/Users/puneet/Downloads/DAiSEE/DataSet/Test/510047/5100471034/5100471034.avi,0,2,0.4539334,0.17810787,0.091762796,0.27619594
1238,/mnt/c/Users/puneet/Downloads/DAiSEE/DataSet/Test/510047/5100471037/5100471037.avi,0,3,0.46027714,0.17154858,0.09068408,0.2774902
1239,/mnt/c/Users/puneet/Downloads/DAiSEE/DataSet/Test/510047/5100471038/5100471038.avi,0,3,0.45986816,0.1715536,0.08826763,0.2803106
1240,/mnt/c/Users/puneet/Downloads/DAiSEE/DataSet/Test/510047/5100471039/5100471039.avi,0,3,0.4617199,0.17020133,0.09009852,0.27798024
1241,/mnt/c/Users/puneet/Downloads/DAiSEE/DataSet/Test/510047/5100471041/5100471041.avi,0,3,0.4599634,0.17192955,0.09068054,0.2774265
1242,/mnt/c/Users/puneet/Downloads/DAiSEE/DataSet/Test/510047/5100471042/5100471042.avi,0,2,0.46318752,0.16972326,0.09012947,0.27695975
1243,/mnt/c/Users/puneet/Downloads/DAiSEE/DataSet/Test/510047/5100471044/5100471044.avi,0,2,0.45784682,0.17601538,0.091270424,0.2748674
1244,/mnt/c/Users/puneet/Downloads/DAiSEE/DataSet/Test/510047/5100471045/5100471045.avi,0,2,0.4608129,0.17114034,0.09069997,0.2773468
1245,/mnt/c/Users/puneet/Downloads/DAiSEE/DataSet/Test/510047/5100471047/5100471047.avi,0,3,0.46063218,0.1708415,0.09089052,0.2776358
1246,/mnt/c/Users/puneet/Downloads/DAiSEE/DataSet/Test/510047/5100471049/5100471049.avi,0,2,0.4540259,0.17702147,0.091191486,0.27776113
1247,/mnt/c/Users/puneet/Downloads/DAiSEE/DataSet/Test/510047/5100471050/5100471050.avi,0,3,0.46151048,0.17192236,0.09085378,0.27571338
1248,/mnt/c/Users/puneet/Downloads/DAiSEE/DataSet/Test/510047/5100471051/5100471051.avi,0,2,0.46356857,0.16918749,0.09031488,0.27692908
1249,/mnt/c/Users/puneet/Downloads/DAiSEE/DataSet/Test/510047/5100471052/5100471052.avi,0,2,0.4586705,0.17235813,0.09259678,0.2763746
1250,/mnt/c/Users/puneet/Downloads/DAiSEE/DataSet/Test/510047/5100471054/5100471054.avi,0,2,0.45489872,0.17590627,0.0911694,0.2780256
1251,/mnt/c/Users/puneet/Downloads/DAiSEE/DataSet/Test/510047/5100471056/5100471056.avi,0,2,0.45525658,0.17500286,0.091008544,0.278732
1252,/mnt/c/Users/puneet/Downloads/DAiSEE/DataSet/Test/510047/5100471057/5100471057.avi,0,3,0.45731586,0.1751194,0.09118583,0.27637893
1253,/mnt/c/Users/puneet/Downloads/DAiSEE/DataSet/Test/510047/5100471058/5100471058.avi,0,2,0.45992723,0.17152697,0.09090872,0.27763706
1254,/mnt/c/Users/puneet/Downloads/DAiSEE/DataSet/Test/510047/5100471059/5100471059.avi,0,2,0.45269585,0.17517515,0.09038849,0.28174052
1255,/mnt/c/Users/puneet/Downloads/DAiSEE/DataSet/Test/510047/5100471060/5100471060.avi,0,2,0.45582765,0.17611107,0.09152805,0.27653322
1256,/mnt/c/Users/puneet/Downloads/DAiSEE/DataSet/Test/510047/5100471062/5100471062.avi,0,3,0.45887524,0.17257836,0.09154044,0.27700597
1257,/mnt/c/Users/puneet/Downloads/DAiSEE/DataSet/Test/510047/5100471063/5100471063.avi,0,3,0.46125582,0.17079951,0.09088705,0.27705762
1258,/mnt/c/Users/puneet/Downloads/DAiSEE/DataSet/Test/510047/5100471065/5100471065.avi,0,2,0.45858502,0.17401434,0.09143385,0.27596676
1259,/mnt/c/Users/puneet/Downloads/DAiSEE/DataSet/Test/510047/5100471068/5100471068.avi,0,2,0.4507341,0.17875947,0.091399856,0.2791066
1260,/mnt/c/Users/puneet/Downloads/DAiSEE/DataSet/Test/510047/5100471069/5100471069.avi,0,3,0.4670613,0.16820137,0.090693444,0.2740439
1261,/mnt/c/Users/puneet/Downloads/DAiSEE/DataSet/Test/510047/5100471070/5100471070.avi,0,2,0.46730027,0.166873,0.09066286,0.27516386
1262,/mnt/c/Users/puneet/Downloads/DAiSEE/DataSet/Test/510047/5100471072/5100471072.avi,0,2,0.4612189,0.17074206,0.0906401,0.27739894
1263,/mnt/c/Users/puneet/Downloads/DAiSEE/DataSet/Test/510047/5100471074/5100471074.avi,0,2,0.45916888,0.17362958,0.091185845,0.2760157
1264,/mnt/c/Users/puneet/Downloads/DAiSEE/DataSet/Test/510047/5100471075/5100471075.avi,0,2,0.46463338,0.1692784,0.090518706,0.2755695
1265,/mnt/c/Users/puneet/Downloads/DAiSEE/DataSet/Test/510047/5100471080/5100471080.avi,0,2,0.45112225,0.17999935,0.09254413,0.27633426
1266,/mnt/c/Users/puneet/Downloads/DAiSEE/DataSet/Test/510047/5100471081/5100471081.avi,0,2,0.45140216,0.17805566,0.09228639,0.2782558
1267,/mnt/c/Users/puneet/Downloads/DAiSEE/DataSet/Test/510047/5100472001/5100472001.avi,0,1,0.46022415,0.17357503,0.09062721,0.2755736
1268,/mnt/c/Users/puneet/Downloads/DAiSEE/DataSet/Test/510047/5100472002/5100472002.avi,0,2,0.45429134,0.17680535,0.09137715,0.27752617
1269,/mnt/c/Users/puneet/Downloads/DAiSEE/DataSet/Test/510047/5100472003/5100472003.avi,0,2,0.4642754,0.17004433,0.090564385,0.2751159
1270,/mnt/c/Users/puneet/Downloads/DAiSEE/DataSet/Test/510047/5100472004/5100472004.avi,0,3,0.45703825,0.17472218,0.09027624,0.27796334
1271,/mnt/c/Users/puneet/Downloads/DAiSEE/DataSet/Test/510047/5100472005/5100472005.avi,0,2,0.44734257,0.18102218,0.09494481,0.27669045
1272,/mnt/c/Users/puneet/Downloads/DAiSEE/DataSet/Test/510047/5100472007/5100472007.avi,0,3,0.45286316,0.1753014,0.090007745,0.2818277
1273,/mnt/c/Users/puneet/Downloads/DAiSEE/DataSet/Test/510047/5100472009/5100472009.avi,0,3,0.46275365,0.16980402,0.09075276,0.27668956
1274,/mnt/c/Users/puneet/Downloads/DAiSEE/DataSet/Test/510047/5100472010/5100472010.avi,0,3,0.46493277,0.1689383,0.09051657,0.27561238
1275,/mnt/c/Users/puneet/Downloads/DAiSEE/DataSet/Test/510047/5100472011/5100472011.avi,0,2,0.4566826,0.17486969,0.09138054,0.27706718
1276,/mnt/c/Users/puneet/Downloads/DAiSEE/DataSet/Test/510047/5100472012/5100472012.avi,0,2,0.45829245,0.17315331,0.09112618,0.27742806
1277,/mnt/c/Users/puneet/Downloads/DAiSEE/DataSet/Test/510047/5100472014/5100472014.avi,0,2,0.46171287,0.17078759,0.090616524,0.276883
1278,/mnt/c/Users/puneet/Downloads/DAiSEE/DataSet/Test/510047/5100472019/5100472019.avi,0,2,0.46255976,0.17109184,0.090596095,0.2757523
1279,/mnt/c/Users/puneet/Downloads/DAiSEE/DataSet/Test/510047/5100472020/5100472020.avi,0,3,0.46195897,0.17099585,0.0907628,0.27628237
1280,/mnt/c/Users/puneet/Downloads/DAiSEE/DataSet/Test/510047/5100472021/5100472021.avi,0,3,0.451948,0.1784875,0.09153958,0.27802494
1281,/mnt/c/Users/puneet/Downloads/DAiSEE/DataSet/Test/510047/5100472027/5100472027.avi,0,3,0.45262,0.17574717,0.0900468,0.28158602
1282,/mnt/c/Users/puneet/Downloads/DAiSEE/DataSet/Test/510047/5100472030/5100472030.avi,0,2,0.46530434,0.16818114,0.09069538,0.27581915
1283,/mnt/c/Users/puneet/Downloads/DAiSEE/DataSet/Test/510047/5100472031/5100472031.avi,0,2,0.45425776,0.1743621,0.089765236,0.2816149
1284,/mnt/c/Users/puneet/Downloads/DAiSEE/DataSet/Test/510047/5100472032/5100472032.avi,0,3,0.46327183,0.17040357,0.090813525,0.27551106
1285,/mnt/c/Users/puneet/Downloads/DAiSEE/DataSet/Test/510047/5100472035/5100472035.avi,0,2,0.4601785,0.17121978,0.08822952,0.2803722
1286,/mnt/c/Users/puneet/Downloads/DAiSEE/DataSet/Test/510047/5100472039/5100472039.avi,0,2,0.4607853,0.17127632,0.0905644,0.277374
1287,/mnt/c/Users/puneet/Downloads/DAiSEE/DataSet/Test/510047/5100472040/5100472040.avi,0,2,0.46282327,0.17036389,0.09059677,0.2762161
1288,/mnt/c/Users/puneet/Downloads/DAiSEE/DataSet/Test/510047/5100472041/5100472041.avi,0,3,0.45848003,0.1718893,0.089163676,0.280467
1289,/mnt/c/Users/puneet/Downloads/DAiSEE/DataSet/Test/510047/5100472042/5100472042.avi,0,2,0.45910814,0.17515908,0.09111132,0.27462146
1290,/mnt/c/Users/puneet/Downloads/DAiSEE/DataSet/Test/510047/5100472044/5100472044.avi,0,2,0.46256816,0.16986804,0.09090899,0.2766548
1291,/mnt/c/Users/puneet/Downloads/DAiSEE/DataSet/Test/510047/5100472045/5100472045.avi,0,3,0.45850068,0.17166604,0.08873227,0.281101
1292,/mnt/c/Users/puneet/Downloads/DAiSEE/DataSet/Test/510047/5100472047/5100472047.avi,0,2,0.44780985,0.18346703,0.09317737,0.27554578
1293,/mnt/c/Users/puneet/Downloads/DAiSEE/DataSet/Test/510047/5100472050/5100472050.avi,0,2,0.4600452,0.17023419,0.08939976,0.28032085
1294,/mnt/c/Users/puneet/Downloads/DAiSEE/DataSet/Test/510047/5100472052/5100472052.avi,0,3,0.4515691,0.18092798,0.09258811,0.2749148
1295,/mnt/c/Users/puneet/Downloads/DAiSEE/DataSet/Test/510047/5100472053/5100472053.avi,0,2,0.462702,0.16957922,0.0891036,0.27861515
1296,/mnt/c/Users/puneet/Downloads/DAiSEE/DataSet/Test/510047/5100472054/5100472054.avi,0,2,0.4537656,0.17407627,0.09423103,0.2779271
1297,/mnt/c/Users/puneet/Downloads/DAiSEE/DataSet/Test/510047/5100472058/5100472058.avi,0,1,0.4694579,0.16754507,0.09092585,0.27207115
1298,/mnt/c/Users/puneet/Downloads/DAiSEE/DataSet/Test/510047/5100472060/5100472060.avi,0,2,0.4510199,0.17499706,0.09523409,0.27874893
1299,/mnt/c/Users/puneet/Downloads/DAiSEE/DataSet/Test/510047/5100472063/5100472063.avi,0,2,0.46019098,0.17229128,0.09147316,0.27604458
1300,/mnt/c/Users/puneet/Downloads/DAiSEE/DataSet/Test/510047/5100472064/5100472064.avi,0,2,0.4606773,0.17127247,0.090432905,0.27761734
1301,/mnt/c/Users/puneet/Downloads/DAiSEE/DataSet/Test/826412/826412010/826412010.avi,0,3,0.4646578,0.172644,0.09032643,0.27237174
1302,/mnt/c/Users/puneet/Downloads/DAiSEE/DataSet/Test/826412/8264120110/8264120110.avi,0,2,0.44898272,0.17946939,0.09160348,0.27994442
1303,/mnt/c/Users/puneet/Downloads/DAiSEE/DataSet/Test/826412/8264120111/8264120111.avi,0,2,0.44642133,0.17937015,0.096666634,0.2775419
1304,/mnt/c/Users/puneet/Downloads/DAiSEE/DataSet/Test/826412/8264120112/8264120112.avi,0,2,0.44991148,0.17902409,0.0952358,0.27582866
1305,/mnt/c/Users/puneet/Downloads/DAiSEE/DataSet/Test/826412/8264120113/8264120113.avi,0,3,0.44488922,0.18734837,0.09290397,0.27485842
1306,/mnt/c/Users/puneet/Downloads/DAiSEE/DataSet/Test/826412/8264120116/8264120116.avi,0,1,0.4543171,0.17721044,0.092992514,0.27547997
1307,/mnt/c/Users/puneet/Downloads/DAiSEE/DataSet/Test/826412/8264120117/8264120117.avi,0,3,0.45654783,0.17588925,0.091426544,0.27613637
1308,/mnt/c/Users/puneet/Downloads/DAiSEE/DataSet/Test/826412/8264120119/8264120119.avi,0,3,0.46585605,0.1732721,0.0896798,0.27119204
1309,/mnt/c/Users/puneet/Downloads/DAiSEE/DataSet/Test/826412/8264120120/8264120120.avi,0,1,0.4676167,0.17058548,0.090536185,0.27126163
1310,/mnt/c/Users/puneet/Downloads/DAiSEE/DataSet/Test/826412/8264120121/8264120121.avi,0,2,0.45678863,0.17658186,0.09071465,0.27591485
1311,/mnt/c/Users/puneet/Downloads/DAiSEE/DataSet/Test/826412/8264120122/8264120122.avi,0,2,0.4524585,0.18119422,0.09191899,0.2744283
1312,/mnt/c/Users/puneet/Downloads/DAiSEE/DataSet/Test/826412/8264120123/8264120123.avi,0,1,0.4443129,0.18579037,0.09379719,0.27609953
1313,/mnt/c/Users/puneet/Downloads/DAiSEE/DataSet/Test/826412/8264120124/8264120124.avi,0,2,0.45554733,0.17787911,0.090848595,0.27572498
1314,/mnt/c/Users/puneet/Downloads/DAiSEE/DataSet/Test/826412/8264120125/8264120125.avi,0,2,0.44540995,0.18120562,0.09601375,0.2773707
1315,/mnt/c/Users/puneet/Downloads/DAiSEE/DataSet/Test/826412/8264120126/8264120126.avi,0,2,0.4503656,0.17624538,0.09216759,0.28122145
1316,/mnt/c/Users/puneet/Downloads/DAiSEE/DataSet/Test/826412/8264120127/8264120127.avi,0,1,0.45869356,0.17600128,0.09167095,0.2736342
1317,/mnt/c/Users/puneet/Downloads/DAiSEE/DataSet/Test/826412/826412013/826412013.avi,0,1,0.45058042,0.17899363,0.091385484,0.27904046
1318,/mnt/c/Users/puneet/Downloads/DAiSEE/DataSet/Test/826412/8264120131/8264120131.avi,0,2,0.4641535,0.17165169,0.09079189,0.27340293
1319,/mnt/c/Users/puneet/Downloads/DAiSEE/DataSet/Test/826412/8264120132/8264120132.avi,0,2,0.4553773,0.17228927,0.09150081,0.28083262
1320,/mnt/c/Users/puneet/Downloads/DAiSEE/DataSet/Test/826412/8264120136/8264120136.avi,0,2,0.45416394,0.17527373,0.09049502,0.28006732
1321,/mnt/c/Users/puneet/Downloads/DAiSEE/DataSet/Test/826412/8264120139/8264120139.avi,0,3,0.4511676,0.17730002,0.091089964,0.28044242
1322,/mnt/c/Users/puneet/Downloads/DAiSEE/DataSet/Test/826412/8264120141/8264120141.avi,0,2,0.45698172,0.1735085,0.09022153,0.27928826
1323,/mnt/c/Users/puneet/Downloads/DAiSEE/DataSet/Test/826412/8264120144/8264120144.avi,0,3,0.45750436,0.17258212,0.090976834,0.27893668
1324,/mnt/c/Users/puneet/Downloads/DAiSEE/DataSet/Test/826412/8264120145/8264120145.avi,0,3,0.45357907,0.17388059,0.09462904,0.2779113
1325,/mnt/c/Users/puneet/Downloads/DAiSEE/DataSet/Test/826412/8264120146/8264120146.avi,0,3,0.46002012,0.1707358,0.09288329,0.27636078
1326,/mnt/c/Users/puneet/Downloads/DAiSEE/DataSet/Test/826412/8264120149/8264120149.avi,0,2,0.45198312,0.17560904,0.09507067,0.27733716
1327,/mnt/c/Users/puneet/Downloads/DAiSEE/DataSet/Test/826412/8264120150/8264120150.avi,0,1,0.4640419,0.17046723,0.09116723,0.27432367
1328,/mnt/c/Users/puneet/Downloads/DAiSEE/DataSet/Test/826412/8264120156/8264120156.avi,0,1,0.47029445,0.16820721,0.08986782,0.27163053
1329,/mnt/c/Users/puneet/Downloads/DAiSEE/DataSet/Test/826412/8264120157/8264120157.avi,0,2,0.45835713,0.17170943,0.09301434,0.2769191
1330,/mnt/c/Users/puneet/Downloads/DAiSEE/DataSet/Test/826412/8264120159/8264120159.avi,0,2,0.45269796,0.17638177,0.09146627,0.279454
1331,/mnt/c/Users/puneet/Downloads/DAiSEE/DataSet/Test/826412/8264120165/8264120165.avi,0,3,0.463706,0.172805,0.09034919,0.2731398
1332,/mnt/c/Users/puneet/Downloads/DAiSEE/DataSet/Test/826412/8264120166/8264120166.avi,0,3,0.46241394,0.17285524,0.09088874,0.27384207
1333,/mnt/c/Users/puneet/Downloads/DAiSEE/DataSet/Test/826412/8264120169/8264120169.avi,0,1,0.46086913,0.17455404,0.0917327,0.27284414
1334,/mnt/c/Users/puneet/Downloads/DAiSEE/DataSet/Test/826412/826412017/826412017.avi,0,2,0.4488897,0.17931579,0.09156077,0.2802337
1335,/mnt/c/Users/puneet/Downloads/DAiSEE/DataSet/Test/826412/826412018/826412018.avi,0,2,0.4449389,0.18237446,0.096056834,0.2766298
1336,/mnt/c/Users/puneet/Downloads/DAiSEE/DataSet/Test/826412/826412019/826412019.avi,0,2,0.44338378,0.18797444,0.09350767,0.2751341
1337,/mnt/c/Users/puneet/Downloads/DAiSEE/DataSet/Test/826412/8264120210/8264120210.avi,0,2,0.45106956,0.18107326,0.09237498,0.2754822
1338,/mnt/c/Users/puneet/Downloads/DAiSEE/DataSet/Test/826412/8264120211/8264120211.avi,0,1,0.44887486,0.17729346,0.09072189,0.28310978
1339,/mnt/c/Users/puneet/Downloads/DAiSEE/DataSet/Test/826412/8264120213/8264120213.avi,0,3,0.44629267,0.17502485,0.10049982,0.27818266
1340,/mnt/c/Users/puneet/Downloads/DAiSEE/DataSet/Test/826412/8264120215/8264120215.avi,0,3,0.46406996,0.17413133,0.08979543,0.27200326
1341,/mnt/c/Users/puneet/Downloads/DAiSEE/DataSet/Test/826412/8264120216/8264120216.avi,0,3,0.45085582,0.17872569,0.09139442,0.2790241
1342,/mnt/c/Users/puneet/Downloads/DAiSEE/DataSet/Test/826412/8264120218/8264120218.avi,0,3,0.45750958,0.17487241,0.09069316,0.27692485
1343,/mnt/c/Users/puneet/Downloads/DAiSEE/DataSet/Test/826412/8264120219/8264120219.avi,0,3,0.45435256,0.17740843,0.09100742,0.2772316
1344,/mnt/c/Users/puneet/Downloads/DAiSEE/DataSet/Test/826412/8264120220/8264120220.avi,0,2,0.46490204,0.17166585,0.09096995,0.27246216
1345,/mnt/c/Users/puneet/Downloads/DAiSEE/DataSet/Test/826412/8264120221/8264120221.avi,0,3,0.4658923,0.16916306,0.09117779,0.27376685
1346,/mnt/c/Users/puneet/Downloads/DAiSEE/DataSet/Test/826412/8264120223/8264120223.avi,0,2,0.45107576,0.17694429,0.09508141,0.27689853
1347,/mnt/c/Users/puneet/Downloads/DAiSEE/DataSet/Test/826412/8264120224/8264120224.avi,0,3,0.46446514,0.1733801,0.090424776,0.27172998
1348,/mnt/c/Users/puneet/Downloads/DAiSEE/DataSet/Test/826412/8264120227/8264120227.avi,0,3,0.46388772,0.16780345,0.09157186,0.27673697
1349,/mnt/c/Users/puneet/Downloads/DAiSEE/DataSet/Test/826412/8264120228/8264120228.avi,0,3,0.4526807,0.17550993,0.09597969,0.27582967
1350,/mnt/c/Users/puneet/Downloads/DAiSEE/DataSet/Test/826412/8264120229/8264120229.avi,0,2,0.44883305,0.17945126,0.091607384,0.2801083
1351,/mnt/c/Users/puneet/Downloads/DAiSEE/DataSet/Test/826412/826412023/826412023.avi,0,3,0.44469726,0.1827369,0.096242875,0.27632296
1352,/mnt/c/Users/puneet/Downloads/DAiSEE/DataSet/Test/826412/8264120231/8264120231.avi,0,1,0.44765598,0.1747233,0.09915305,0.27846766
1353,/mnt/c/Users/puneet/Downloads/DAiSEE/DataSet/Test/826412/8264120232/8264120232.avi,0,2,0.4535994,0.17740606,0.09212827,0.2768663
1354,/mnt/c/Users/puneet/Downloads/DAiSEE/DataSet/Test/826412/8264120233/8264120233.avi,0,3,0.46560684,0.17061394,0.09106975,0.27270946
1355,/mnt/c/Users/puneet/Downloads/DAiSEE/DataSet/Test/826412/8264120234/8264120234.avi,0,2,0.46337834,0.16933623,0.091551006,0.27573442
1356,/mnt/c/Users/puneet/Downloads/DAiSEE/DataSet/Test/826412/8264120239/8264120239.avi,0,1,0.46516222,0.17004195,0.0911181,0.2736777
1357,/mnt/c/Users/puneet/Downloads/DAiSEE/DataSet/Test/826412/826412024/826412024.avi,0,3,0.4554643,0.17647275,0.09210863,0.27595434
1358,/mnt/c/Users/puneet/Downloads/DAiSEE/DataSet/Test/826412/8264120240/8264120240.avi,0,0,0.47027445,0.17192443,0.08904896,0.2687522
1359,/mnt/c/Users/puneet/Downloads/DAiSEE/DataSet/Test/826412/8264120241/8264120241.avi,0,2,0.47022587,0.16952565,0.08987329,0.27037516
1360,/mnt/c/Users/puneet/Downloads/DAiSEE/DataSet/Test/826412/8264120242/8264120242.avi,0,2,0.44814613,0.17673148,0.097665906,0.2774565
1361,/mnt/c/Users/puneet/Downloads/DAiSEE/DataSet/Test/826412/8264120243/8264120243.avi,0,1,0.44999018,0.17905484,0.09135422,0.27960077
1362,/mnt/c/Users/puneet/Downloads/DAiSEE/DataSet/Test/826412/8264120245/8264120245.avi,0,2,0.45636073,0.17646264,0.09059652,0.27658013
1363,/mnt/c/Users/puneet/Downloads/DAiSEE/DataSet/Test/826412/8264120247/8264120247.avi,0,3,0.4503736,0.17395996,0.09635455,0.2793119
1364,/mnt/c/Users/puneet/Downloads/DAiSEE/DataSet/Test/826412/8264120248/8264120248.avi,0,2,0.44990438,0.17763515,0.09441457,0.2780459
1365,/mnt/c/Users/puneet/Downloads/DAiSEE/DataSet/Test/826412/8264120249/8264120249.avi,0,1,0.46044344,0.17093496,0.088338725,0.28028288
1366,/mnt/c/Users/puneet/Downloads/DAiSEE/DataSet/Test/826412/826412025/826412025.avi,0,2,0.4488722,0.17912461,0.09545009,0.2765531
1367,/mnt/c/Users/puneet/Downloads/DAiSEE/DataSet/Test/826412/8264120254/8264120254.avi,0,1,0.46217656,0.17321752,0.0906187,0.2739872
1368,/mnt/c/Users/puneet/Downloads/DAiSEE/DataSet/Test/826412/8264120256/8264120256.avi,0,1,0.45242408,0.17656846,0.09375263,0.27725482
1369,/mnt/c/Users/puneet/Downloads/DAiSEE/DataSet/Test/826412/8264120257/8264120257.avi,0,3,0.4561555,0.17570484,0.09118989,0.27694976
1370,/mnt/c/Users/puneet/Downloads/DAiSEE/DataSet/Test/826412/8264120258/8264120258.avi,0,2,0.45543125,0.17530233,0.09257805,0.27668834
1371,/mnt/c/Users/puneet/Downloads/DAiSEE/DataSet/Test/826412/8264120261/8264120261.avi,0,1,0.4666237,0.17306463,0.089563064,0.2707486
1372,/mnt/c/Users/puneet/Downloads/DAiSEE/DataSet/Test/826412/8264120262/8264120262.avi,0,1,0.4651747,0.1733824,0.08975847,0.2716844
1373,/mnt/c/Users/puneet/Downloads/DAiSEE/DataSet/Test/826412/8264120263/8264120263.avi,0,1,0.45578173,0.17524295,0.09196664,0.27700868
1374,/mnt/c/Users/puneet/Downloads/DAiSEE/DataSet/Test/826412/8264120265/8264120265.avi,0,1,0.44481084,0.18751322,0.09289451,0.27478144
1375,/mnt/c/Users/puneet/Downloads/DAiSEE/DataSet/Test/826412/8264120266/8264120266.avi,0,1,0.44468257,0.1878727,0.09270153,0.2747432
1376,/mnt/c/Users/puneet/Downloads/DAiSEE/DataSet/Test/826412/8264120268/8264120268.avi,0,3,0.46491233,0.1699223,0.09097313,0.2741922
1377,/mnt/c/Users/puneet/Downloads/DAiSEE/DataSet/Test/826412/8264120269/8264120269.avi,0,1,0.4530097,0.1744149,0.094997965,0.27757743
1378,/mnt/c/Users/puneet/Downloads/DAiSEE/DataSet/Test/826412/826412027/826412027.avi,0,2,0.4539135,0.17328787,0.094317645,0.27848098
1379,/mnt/c/Users/puneet/Downloads/DAiSEE/DataSet/Test/826412/8264120274/8264120274.avi,0,3,0.45263538,0.17832729,0.09317564,0.27586168
1380,/mnt/c/Users/puneet/Downloads/DAiSEE/DataSet/Test/826412/8264120275/8264120275.avi,0,3,0.47086942,0.16505274,0.09057743,0.2735004
1381,/mnt/c/Users/puneet/Downloads/DAiSEE/DataSet/Test/826412/8264120279/8264120279.avi,0,1,0.45755437,0.17527288,0.09092619,0.27624655
1382,/mnt/c/Users/puneet/Downloads/DAiSEE/DataSet/Test/826412/8264120280/8264120280.avi,0,2,0.45351526,0.17727816,0.09195725,0.2772493
1383,/mnt/c/Users/puneet/Downloads/DAiSEE/DataSet/Test/826412/8264120282/8264120282.avi,0,1,0.45648065,0.17203286,0.095348455,0.27613804
1384,/mnt/c/Users/puneet/Downloads/DAiSEE/DataSet/Test/826412/8264120284/8264120284.avi,0,1,0.44438723,0.17943366,0.091896586,0.28428254
1385,/mnt/c/Users/puneet/Downloads/DAiSEE/DataSet/Test/882654/88265401100/88265401100.mp4,0,3,0.4513154,0.17755593,0.09272351,0.27840516
1386,/mnt/c/Users/puneet/Downloads/DAiSEE/DataSet/Test/882654/88265401130/88265401130.mp4,0,3,0.45362753,0.17469825,0.09333565,0.27833858
1387,/mnt/c/Users/puneet/Downloads/DAiSEE/DataSet/Test/882654/88265401140/88265401140.mp4,0,3,0.46221668,0.17251283,0.09107243,0.27419809
1388,/mnt/c/Users/puneet/Downloads/DAiSEE/DataSet/Test/882654/88265401150/88265401150.mp4,0,3,0.45487648,0.17446966,0.09285998,0.27779385
1389,/mnt/c/Users/puneet/Downloads/DAiSEE/DataSet/Test/882654/88265401160/88265401160.mp4,0,3,0.45708343,0.17274193,0.08841693,0.2817577
1390,/mnt/c/Users/puneet/Downloads/DAiSEE/DataSet/Test/882654/88265401170/88265401170.mp4,0,2,0.44895613,0.17890486,0.09163528,0.28050372
1391,/mnt/c/Users/puneet/Downloads/DAiSEE/DataSet/Test/882654/88265401190/88265401190.mp4,0,3,0.45767063,0.17263457,0.09393955,0.27575523
1392,/mnt/c/Users/puneet/Downloads/DAiSEE/DataSet/Test/882654/8826540120/8826540120.mp4,0,3,0.4528746,0.17800038,0.09341273,0.2757123
1393,/mnt/c/Users/puneet/Downloads/DAiSEE/DataSet/Test/882654/88265401200/88265401200.mp4,0,2,0.4542422,0.17463087,0.093109176,0.27801776
1394,/mnt/c/Users/puneet/Downloads/DAiSEE/DataSet/Test/882654/88265401240/88265401240.mp4,0,3,0.4632449,0.16993286,0.09001599,0.27680627
1395,/mnt/c/Users/puneet/Downloads/DAiSEE/DataSet/Test/882654/88265401260/88265401260.mp4,0,3,0.46205646,0.17360516,0.090756655,0.27358174
1396,/mnt/c/Users/puneet/Downloads/DAiSEE/DataSet/Test/882654/88265401270/88265401270.mp4,0,3,0.45406684,0.17451255,0.089360535,0.28206006
1397,/mnt/c/Users/puneet/Downloads/DAiSEE/DataSet/Test/882654/88265401280/88265401280.mp4,0,3,0.45231977,0.17736639,0.09381905,0.27649477
1398,/mnt/c/Users/puneet/Downloads/DAiSEE/DataSet/Test/882654/88265401300/88265401300.mp4,0,3,0.45153785,0.17840269,0.091369376,0.2786901
1399,/mnt/c/Users/puneet/Downloads/DAiSEE/DataSet/Test/882654/88265401320/88265401320.mp4,0,3,0.45525187,0.17697641,0.091386974,0.27638474
1400,/mnt/c/Users/puneet/Downloads/DAiSEE/DataSet/Test/882654/88265401350/88265401350.mp4,0,3,0.45139724,0.17445667,0.09495329,0.2791928
1401,/mnt/c/Users/puneet/Downloads/DAiSEE/DataSet/Test/882654/88265401360/88265401360.mp4,0,3,0.4600011,0.17474316,0.090484165,0.27477154
1402,/mnt/c/Users/puneet/Downloads/DAiSEE/DataSet/Test/882654/88265401380/88265401380.mp4,0,3,0.45307785,0.17967744,0.09212501,0.2751197
1403,/mnt/c/Users/puneet/Downloads/DAiSEE/DataSet/Test/882654/88265401390/88265401390.mp4,0,3,0.45762917,0.172187,0.08818036,0.2820035
1404,/mnt/c/Users/puneet/Downloads/DAiSEE/DataSet/Test/882654/88265401400/88265401400.mp4,0,3,0.45596114,0.17520641,0.09114626,0.2776862
1405,/mnt/c/Users/puneet/Downloads/DAiSEE/DataSet/Test/882654/88265401410/88265401410.mp4,0,3,0.45359898,0.17569214,0.092546016,0.27816287
1406,/mnt/c/Users/puneet/Downloads/DAiSEE/DataSet/Test/882654/88265401420/88265401420.mp4,0,2,0.4559356,0.1745083,0.09046718,0.2790889
1407,/mnt/c/Users/puneet/Downloads/DAiSEE/DataSet/Test/882654/88265401430/88265401430.mp4,0,3,0.4581255,0.17206505,0.090918764,0.27889067
1408,/mnt/c/Users/puneet/Downloads/DAiSEE/DataSet/Test/882654/88265401450/88265401450.mp4,0,3,0.45644367,0.17263097,0.08923542,0.28168994
1409,/mnt/c/Users/puneet/Downloads/DAiSEE/DataSet/Test/882654/88265401470/88265401470.mp4,0,2,0.45763722,0.17381704,0.09033855,0.27820718
1410,/mnt/c/Users/puneet/Downloads/DAiSEE/DataSet/Test/882654/88265401480/88265401480.mp4,0,3,0.46638146,0.17262362,0.089677386,0.27131754
1411,/mnt/c/Users/puneet/Downloads/DAiSEE/DataSet/Test/882654/88265401490/88265401490.mp4,0,3,0.45691723,0.17445457,0.09117134,0.27745688
1412,/mnt/c/Users/puneet/Downloads/DAiSEE/DataSet/Test/882654/8826540150/8826540150.mp4,0,3,0.46117818,0.17111288,0.0902091,0.27749982
1413,/mnt/c/Users/puneet/Downloads/DAiSEE/DataSet/Test/882654/88265401520/88265401520.mp4,0,3,0.44834837,0.17877315,0.092066124,0.28081235
1414,/mnt/c/Users/puneet/Downloads/DAiSEE/DataSet/Test/882654/88265401550/88265401550.mp4,0,3,0.4512851,0.17649467,0.09135393,0.2808663
1415,/mnt/c/Users/puneet/Downloads/DAiSEE/DataSet/Test/882654/88265401630/88265401630.mp4,0,2,0.4728936,0.1641557,0.09055643,0.27239427
1416,/mnt/c/Users/puneet/Downloads/DAiSEE/DataSet/Test/882654/88265401640/88265401640.mp4,0,2,0.45314074,0.17359048,0.0943704,0.27889836
1417,/mnt/c/Users/puneet/Downloads/DAiSEE/DataSet/Test/882654/88265401660/88265401660.mp4,0,3,0.45855775,0.17341867,0.09030783,0.27771574
1418,/mnt/c/Users/puneet/Downloads/DAiSEE/DataSet/Test/882654/88265401690/88265401690.mp4,0,3,0.4590543,0.17188767,0.09187359,0.27718446
1419,/mnt/c/Users/puneet/Downloads/DAiSEE/DataSet/Test/882654/8826540170/8826540170.mp4,0,3,0.45086706,0.17957032,0.09331484,0.27624777
1420,/mnt/c/Users/puneet/Downloads/DAiSEE/DataSet/Test/882654/88265401730/88265401730.mp4,0,3,0.46817613,0.16853514,0.09068566,0.27260306
1421,/mnt/c/Users/puneet/Downloads/DAiSEE/DataSet/Test/882654/88265401740/88265401740.mp4,0,3,0.453739,0.17652208,0.09084196,0.27889696
1422,/mnt/c/Users/puneet/Downloads/DAiSEE/DataSet/Test/882654/88265401750/88265401750.mp4,0,1,0.4633422,0.17438793,0.089968376,0.2723015
1423,/mnt/c/Users/puneet/Downloads/DAiSEE/DataSet/Test/882654/8826540180/8826540180.mp4,0,3,0.4671405,0.17192423,0.089746416,0.27118886
1424,/mnt/c/Users/puneet/Downloads/DAiSEE/DataSet/Test/882654/88265402120/88265402120.mp4,0,3,0.45666635,0.176031,0.092056215,0.27524644
1425,/mnt/c/Users/puneet/Downloads/DAiSEE/DataSet/Test/882654/88265402150/88265402150.mp4,0,3,0.46649948,0.17307776,0.08956613,0.27085665
1426,/mnt/c/Users/puneet/Downloads/DAiSEE/DataSet/Test/882654/88265402160/88265402160.mp4,0,2,0.4648174,0.17007755,0.09061992,0.27448514
1427,/mnt/c/Users/puneet/Downloads/DAiSEE/DataSet/Test/882654/88265402170/88265402170.mp4,0,3,0.46011943,0.17313887,0.09185867,0.27488303
1428,/mnt/c/Users/puneet/Downloads/DAiSEE/DataSet/Test/882654/88265402180/88265402180.mp4,0,2,0.45879936,0.17280985,0.09302544,0.27536535
1429,/mnt/c/Users/puneet/Downloads/DAiSEE/DataSet/Test/882654/88265402190/88265402190.mp4,0,3,0.46636388,0.17170309,0.09021951,0.2717135
1430,/mnt/c/Users/puneet/Downloads/DAiSEE/DataSet/Test/882654/88265402200/88265402200.mp4,0,3,0.46099475,0.17145339,0.092632875,0.27491897
1431,/mnt/c/Users/puneet/Downloads/DAiSEE/DataSet/Test/882654/88265402230/88265402230.mp4,0,2,0.46327528,0.16956244,0.09051363,0.27664864
1432,/mnt/c/Users/puneet/Downloads/DAiSEE/DataSet/Test/882654/88265402240/88265402240.mp4,0,2,0.46483317,0.17146423,0.0905624,0.2731402
1433,/mnt/c/Users/puneet/Downloads/DAiSEE/DataSet/Test/882654/88265402270/88265402270.mp4,0,2,0.4567087,0.17278896,0.091691785,0.27881056
1434,/mnt/c/Users/puneet/Downloads/DAiSEE/DataSet/Test/882654/8826540230/8826540230.mp4,0,3,0.4511393,0.17524588,0.094438724,0.2791761
1435,/mnt/c/Users/puneet/Downloads/DAiSEE/DataSet/Test/882654/88265402300/88265402300.mp4,0,3,0.44752988,0.17897508,0.09642895,0.27706608
1436,/mnt/c/Users/puneet/Downloads/DAiSEE/DataSet/Test/882654/88265402310/88265402310.mp4,0,3,0.46504834,0.16794284,0.09006455,0.27694428
1437,/mnt/c/Users/puneet/Downloads/DAiSEE/DataSet/Test/882654/88265402320/88265402320.mp4,0,2,0.46907112,0.16766502,0.09052987,0.272734
1438,/mnt/c/Users/puneet/Downloads/DAiSEE/DataSet/Test/882654/88265402330/88265402330.mp4,0,3,0.45211893,0.17738557,0.09117136,0.27932414
1439,/mnt/c/Users/puneet/Downloads/DAiSEE/DataSet/Test/882654/88265402340/88265402340.mp4,0,2,0.45320266,0.17664385,0.0927232,0.2774303
1440,/mnt/c/Users/puneet/Downloads/DAiSEE/DataSet/Test/882654/88265402350/88265402350.mp4,0,3,0.45685333,0.17443462,0.09093731,0.27777472
1441,/mnt/c/Users/puneet/Downloads/DAiSEE/DataSet/Test/882654/88265402370/88265402370.mp4,0,3,0.4583516,0.17549984,0.09067745,0.2754711
1442,/mnt/c/Users/puneet/Downloads/DAiSEE/DataSet/Test/882654/88265402380/88265402380.mp4,0,3,0.44823107,0.17748846,0.0925461,0.28173438
1443,/mnt/c/Users/puneet/Downloads/DAiSEE/DataSet/Test/882654/8826540240/8826540240.mp4,0,3,0.45927483,0.1724247,0.09091097,0.2773895
1444,/mnt/c/Users/puneet/Downloads/DAiSEE/DataSet/Test/882654/88265402400/88265402400.mp4,0,2,0.4554616,0.17767553,0.09215762,0.27470526
1445,/mnt/c/Users/puneet/Downloads/DAiSEE/DataSet/Test/882654/88265402420/88265402420.mp4,0,3,0.4498708,0.18010199,0.0943408,0.2756864
1446,/mnt/c/Users/puneet/Downloads/DAiSEE/DataSet/Test/882654/88265402440/88265402440.mp4,0,2,0.46540552,0.16776827,0.089908704,0.27691752
1447,/mnt/c/Users/puneet/Downloads/DAiSEE/DataSet/Test/882654/88265402450/88265402450.mp4,0,3,0.45989525,0.1731264,0.091088176,0.27589017
1448,/mnt/c/Users/puneet/Downloads/DAiSEE/DataSet/Test/882654/88265402480/88265402480.mp4,0,2,0.45058787,0.17825927,0.09156504,0.27958784
1449,/mnt/c/Users/puneet/Downloads/DAiSEE/DataSet/Test/882654/88265402490/88265402490.mp4,0,3,0.4520449,0.1777114,0.09154151,0.27870217
1450,/mnt/c/Users/puneet/Downloads/DAiSEE/DataSet/Test/882654/88265402500/88265402500.mp4,0,3,0.45343268,0.17491432,0.09372596,0.27792704
1451,/mnt/c/Users/puneet/Downloads/DAiSEE/DataSet/Test/882654/88265402520/88265402520.mp4,0,3,0.45167518,0.17582506,0.09340294,0.2790968
1452,/mnt/c/Users/puneet/Downloads/DAiSEE/DataSet/Test/882654/88265402540/88265402540.mp4,0,2,0.4489561,0.1805395,0.09395391,0.2765505
1453,/mnt/c/Users/puneet/Downloads/DAiSEE/DataSet/Test/882654/88265402570/88265402570.mp4,0,2,0.45777476,0.17457774,0.09117373,0.27647376
1454,/mnt/c/Users/puneet/Downloads/DAiSEE/DataSet/Test/882654/88265402580/88265402580.mp4,0,3,0.45427218,0.17590353,0.093072034,0.27675226
1455,/mnt/c/Users/puneet/Downloads/DAiSEE/DataSet/Test/882654/88265402590/88265402590.mp4,0,3,0.4537688,0.17872141,0.09229553,0.27521425
1456,/mnt/c/Users/puneet/Downloads/DAiSEE/DataSet/Test/882654/8826540260/8826540260.mp4,0,2,0.46096337,0.17461412,0.09046805,0.27395448
1457,/mnt/c/Users/puneet/Downloads/DAiSEE/DataSet/Test/882654/88265402600/88265402600.mp4,0,2,0.45465174,0.17638627,0.09103522,0.27792677
1458,/mnt/c/Users/puneet/Downloads/DAiSEE/DataSet/Test/882654/88265402630/88265402630.mp4,0,3,0.47106126,0.16551366,0.090552606,0.27287248
1459,/mnt/c/Users/puneet/Downloads/DAiSEE/DataSet/Test/882654/88265402660/88265402660.mp4,0,3,0.45899352,0.17248653,0.08964849,0.27887145
1460,/mnt/c/Users/puneet/Downloads/DAiSEE/DataSet/Test/882654/88265402690/88265402690.mp4,0,3,0.46864492,0.17008281,0.09023426,0.27103803
1461,/mnt/c/Users/puneet/Downloads/DAiSEE/DataSet/Test/882654/8826540270/8826540270.mp4,0,3,0.4645293,0.16939741,0.09011837,0.2759549
1462,/mnt/c/Users/puneet/Downloads/DAiSEE/DataSet/Test/882654/88265402700/88265402700.mp4,0,3,0.45923847,0.17273808,0.09079081,0.27723265
1463,/mnt/c/Users/puneet/Downloads/DAiSEE/DataSet/Test/882654/88265402770/88265402770.mp4,0,3,0.45559946,0.17504868,0.092832394,0.27651948
1464,/mnt/c/Users/puneet/Downloads/DAiSEE/DataSet/Test/882654/88265402780/88265402780.mp4,0,3,0.45973665,0.17334597,0.089996174,0.2769212
1465,/mnt/c/Users/puneet/Downloads/DAiSEE/DataSet/Test/882654/88265402790/88265402790.mp4,0,2,0.46693444,0.17081635,0.0901758,0.27207342
1466,/mnt/c/Users/puneet/Downloads/DAiSEE/DataSet/Test/882654/8826540280/8826540280.mp4,0,2,0.46282127,0.17328565,0.090527095,0.27336597
1467,/mnt/c/Users/puneet/Downloads/DAiSEE/DataSet/Test/882654/88265402800/88265402800.mp4,0,3,0.46933973,0.17050117,0.089978024,0.2701811
1468,/mnt/c/Users/puneet/Downloads/DAiSEE/DataSet/Test/882654/88265402810/88265402810.mp4,0,3,0.45734975,0.17499954,0.09075936,0.27689135
1469,/mnt/c/Users/puneet/Downloads/DAiSEE/DataSet/Test/882654/88265402820/88265402820.mp4,0,3,0.45337185,0.17567682,0.09279286,0.27815846
1470,/mnt/c/Users/puneet/Downloads/DAiSEE/DataSet/Test/882654/88265402840/88265402840.mp4,0,3,0.46717492,0.16881478,0.09044019,0.27357012
1471,/mnt/c/Users/puneet/Downloads/DAiSEE/DataSet/Test/882654/88265402850/88265402850.mp4,0,3,0.46627393,0.16887468,0.09136036,0.27349102
1472,/mnt/c/Users/puneet/Downloads/DAiSEE/DataSet/Test/882654/88265402880/88265402880.mp4,0,2,0.45778525,0.1725452,0.09317365,0.27649587
1473,/mnt/c/Users/puneet/Downloads/DAiSEE/DataSet/Test/882654/88265402890/88265402890.mp4,0,3,0.44816938,0.17884673,0.0919255,0.2810584
1474,/mnt/c/Users/puneet/Downloads/DAiSEE/DataSet/Test/882654/8826540290/8826540290.mp4,0,3,0.45405763,0.1782606,0.09151327,0.2761685
1475,/mnt/c/Users/puneet/Downloads/DAiSEE/DataSet/Test/882654/88265402900/88265402900.mp4,0,3,0.47333652,0.16259041,0.09023235,0.27384073
1476,/mnt/c/Users/puneet/Downloads/DAiSEE/DataSet/Test/907001/907001100/907001100.mp4,0,3,0.46316615,0.16889575,0.085549094,0.282389
1477,/mnt/c/Users/puneet/Downloads/DAiSEE/DataSet/Test/907001/9070011010/9070011010.mp4,0,2,0.44624043,0.17992805,0.097095095,0.27673644
1478,/mnt/c/Users/puneet/Downloads/DAiSEE/DataSet/Test/907001/9070011020/9070011020.mp4,0,3,0.46055287,0.1701981,0.087191306,0.2820577
1479,/mnt/c/Users/puneet/Downloads/DAiSEE/DataSet/Test/907001/9070011060/9070011060.mp4,0,3,0.46134248,0.17094944,0.09299475,0.27471334
1480,/mnt/c/Users/puneet/Downloads/DAiSEE/DataSet/Test/907001/9070011090/9070011090.mp4,0,2,0.4689788,0.16802005,0.08880155,0.2741996
1481,/mnt/c/Users/puneet/Downloads/DAiSEE/DataSet/Test/907001/907001110/907001110.mp4,0,3,0.46856263,0.16879947,0.09091999,0.2717179
1482,/mnt/c/Users/puneet/Downloads/DAiSEE/DataSet/Test/907001/9070011110/9070011110.mp4,0,3,0.4470149,0.17988743,0.09633415,0.27676353
1483,/mnt/c/Users/puneet/Downloads/DAiSEE/DataSet/Test/907001/907001120/907001120.mp4,0,2,0.45883593,0.17249556,0.090965934,0.27770257
1484,/mnt/c/Users/puneet/Downloads/DAiSEE/DataSet/Test/907001/907001150/907001150.mp4,0,3,0.46788606,0.1683806,0.09079059,0.27294275
1485,/mnt/c/Users/puneet/Downloads/DAiSEE/DataSet/Test/907001/907001160/907001160.mp4,0,2,0.46615964,0.17252325,0.08988612,0.271431
1486,/mnt/c/Users/puneet/Downloads/DAiSEE/DataSet/Test/907001/907001170/907001170.mp4,0,3,0.44795254,0.17814134,0.091611795,0.2822943
1487,/mnt/c/Users/puneet/Downloads/DAiSEE/DataSet/Test/907001/907001180/907001180.mp4,0,3,0.4561602,0.17212237,0.09055438,0.28116307
1488,/mnt/c/Users/puneet/Downloads/DAiSEE/DataSet/Test/907001/907001210/907001210.mp4,0,3,0.46319678,0.16892962,0.085290864,0.28258273
1489,/mnt/c/Users/puneet/Downloads/DAiSEE/DataSet/Test/907001/907001220/907001220.mp4,0,3,0.46692696,0.17001255,0.09055594,0.27250454
1490,/mnt/c/Users/puneet/Downloads/DAiSEE/DataSet/Test/907001/907001240/907001240.mp4,0,3,0.44434932,0.1885011,0.09248393,0.27466565
1491,/mnt/c/Users/puneet/Downloads/DAiSEE/DataSet/Test/907001/907001270/907001270.mp4,0,2,0.46626428,0.16767548,0.08836748,0.27769276
1492,/mnt/c/Users/puneet/Downloads/DAiSEE/DataSet/Test/907001/907001280/907001280.mp4,0,3,0.46995828,0.17075795,0.08967432,0.26960945
1493,/mnt/c/Users/puneet/Downloads/DAiSEE/DataSet/Test/907001/907001310/907001310.mp4,0,3,0.44651914,0.17997259,0.0919787,0.28152958
1494,/mnt/c/Users/puneet/Downloads/DAiSEE/DataSet/Test/907001/907001340/907001340.mp4,0,3,0.4705397,0.16539519,0.09069884,0.27336627
1495,/mnt/c/Users/puneet/Downloads/DAiSEE/DataSet/Test/907001/907001350/907001350.mp4,0,3,0.46374866,0.16865788,0.08576298,0.2818305
1496,/mnt/c/Users/puneet/Downloads/DAiSEE/DataSet/Test/907001/907001360/907001360.mp4,0,3,0.46536878,0.16749714,0.09137148,0.27576262
1497,/mnt/c/Users/puneet/Downloads/DAiSEE/DataSet/Test/907001/907001370/907001370.mp4,0,3,0.46987575,0.16888341,0.09023878,0.27100205
1498,/mnt/c/Users/puneet/Downloads/DAiSEE/DataSet/Test/907001/907001400/907001400.mp4,0,3,0.4540665,0.173336,0.09223812,0.28035942
1499,/mnt/c/Users/puneet/Downloads/DAiSEE/DataSet/Test/907001/907001430/907001430.mp4,0,2,0.46859542,0.17041336,0.089965835,0.2710254
1500,/mnt/c/Users/puneet/Downloads/DAiSEE/DataSet/Test/907001/907001450/907001450.mp4,0,3,0.4445169,0.17960514,0.09201624,0.2838617
1501,/mnt/c/Users/puneet/Downloads/DAiSEE/DataSet/Test/907001/907001480/907001480.mp4,0,1,0.45703802,0.17308566,0.089615025,0.2802613
1502,/mnt/c/Users/puneet/Downloads/DAiSEE/DataSet/Test/907001/907001490/907001490.mp4,0,3,0.47613654,0.16062725,0.090235375,0.27300084
1503,/mnt/c/Users/puneet/Downloads/DAiSEE/DataSet/Test/907001/90700150/90700150.mp4,0,3,0.4503328,0.17641282,0.091382876,0.2818715
1504,/mnt/c/Users/puneet/Downloads/DAiSEE/DataSet/Test/907001/907001500/907001500.mp4,0,3,0.45406985,0.17507672,0.089968815,0.2808846
1505,/mnt/c/Users/puneet/Downloads/DAiSEE/DataSet/Test/907001/907001520/907001520.mp4,0,3,0.45674872,0.1740976,0.0904759,0.27867776
1506,/mnt/c/Users/puneet/Downloads/DAiSEE/DataSet/Test/907001/907001550/907001550.mp4,0,3,0.45912427,0.17183061,0.09104445,0.27800068
1507,/mnt/c/Users/puneet/Downloads/DAiSEE/DataSet/Test/907001/907001560/907001560.mp4,0,2,0.4630628,0.16932453,0.08983274,0.27777994
1508,/mnt/c/Users/puneet/Downloads/DAiSEE/DataSet/Test/907001/907001570/907001570.mp4,0,3,0.46065274,0.17398255,0.09134523,0.27401948
1509,/mnt/c/Users/puneet/Downloads/DAiSEE/DataSet/Test/907001/907001580/907001580.mp4,0,3,0.45090023,0.17806661,0.0916035,0.27942964
1510,/mnt/c/Users/puneet/Downloads/DAiSEE/DataSet/Test/907001/90700160/90700160.mp4,0,3,0.4654135,0.16974866,0.09105762,0.2737802
1511,/mnt/c/Users/puneet/Downloads/DAiSEE/DataSet/Test/907001/907001600/907001600.mp4,0,3,0.4708837,0.16680697,0.090663716,0.2716456
1512,/mnt/c/Users/puneet/Downloads/DAiSEE/DataSet/Test/907001/907001620/907001620.mp4,0,3,0.46625006,0.17371361,0.08953224,0.2705041
1513,/mnt/c/Users/puneet/Downloads/DAiSEE/DataSet/Test/907001/907001650/907001650.mp4,0,2,0.4636138,0.16996355,0.089370236,0.2770524
1514,/mnt/c/Users/puneet/Downloads/DAiSEE/DataSet/Test/907001/907001670/907001670.mp4,0,3,0.44654474,0.18006071,0.0964548,0.27693975
1515,/mnt/c/Users/puneet/Downloads/DAiSEE/DataSet/Test/907001/907001680/907001680.mp4,0,3,0.4503578,0.17827924,0.09540925,0.27595374
1516,/mnt/c/Users/puneet/Downloads/DAiSEE/DataSet/Test/907001/90700170/90700170.mp4,0,3,0.46191058,0.16960518,0.08594346,0.2825408
1517,/mnt/c/Users/puneet/Downloads/DAiSEE/DataSet/Test/907001/907001730/907001730.mp4,0,3,0.4467569,0.18170951,0.09506961,0.276464
1518,/mnt/c/Users/puneet/Downloads/DAiSEE/DataSet/Test/907001/907001740/907001740.mp4,0,2,0.45362067,0.17602417,0.09135383,0.27900133
1519,/mnt/c/Users/puneet/Downloads/DAiSEE/DataSet/Test/907001/907001780/907001780.mp4,0,3,0.46272504,0.17046408,0.09024247,0.2765684
1520,/mnt/c/Users/puneet/Downloads/DAiSEE/DataSet/Test/907001/907001790/907001790.mp4,0,3,0.4722897,0.16516905,0.0906739,0.27186733
1521,/mnt/c/Users/puneet/Downloads/DAiSEE/DataSet/Test/907001/90700180/90700180.mp4,0,3,0.47880918,0.15848838,0.09001284,0.2726896
1522,/mnt/c/Users/puneet/Downloads/DAiSEE/DataSet/Test/907001/907001820/907001820.mp4,0,3,0.4560527,0.17293319,0.08770626,0.28330785
1523,/mnt/c/Users/puneet/Downloads/DAiSEE/DataSet/Test/907001/907001840/907001840.mp4,0,3,0.4696918,0.1710346,0.089619465,0.26965412
1524,/mnt/c/Users/puneet/Downloads/DAiSEE/DataSet/Test/907001/907001850/907001850.mp4,0,3,0.45869005,0.17644902,0.0915342,0.27332675
1525,/mnt/c/Users/puneet/Downloads/DAiSEE/DataSet/Test/907001/907001860/907001860.mp4,0,3,0.45954806,0.1757943,0.090314955,0.2743427
1526,/mnt/c/Users/puneet/Downloads/DAiSEE/DataSet/Test/907001/90700190/90700190.mp4,0,3,0.45768708,0.17192495,0.087641135,0.28274682
1527,/mnt/c/Users/puneet/Downloads/DAiSEE/DataSet/Test/907001/907001910/907001910.mp4,0,2,0.47070223,0.17187117,0.08895331,0.2684733
1528,/mnt/c/Users/puneet/Downloads/DAiSEE/DataSet/Test/907001/907001940/907001940.mp4,0,3,0.45610815,0.17816256,0.09155574,0.27417356
1529,/mnt/c/Users/puneet/Downloads/DAiSEE/DataSet/Test/907001/907001950/907001950.mp4,0,1,0.46251687,0.17398064,0.09022903,0.27327347
1530,/mnt/c/Users/puneet/Downloads/DAiSEE/DataSet/Test/907001/907001970/907001970.mp4,0,3,0.44942057,0.1793879,0.091543764,0.27964777
1531,/mnt/c/Users/puneet/Downloads/DAiSEE/DataSet/Test/928901/9289010111/9289010111.avi,0,2,0.4563706,0.17502056,0.09151503,0.27709383
1532,/mnt/c/Users/puneet/Downloads/DAiSEE/DataSet/Test/928901/9289010112/9289010112.avi,0,2,0.4678054,0.16682836,0.090831526,0.27453473
1533,/mnt/c/Users/puneet/Downloads/DAiSEE/DataSet/Test/928901/9289010113/9289010113.avi,0,2,0.45914987,0.17550145,0.09054936,0.27479932
1534,/mnt/c/Users/puneet/Downloads/DAiSEE/DataSet/Test/928901/9289010114/9289010114.avi,0,1,0.45596662,0.17455484,0.091596134,0.27788243
1535,/mnt/c/Users/puneet/Downloads/DAiSEE/DataSet/Test/928901/9289010115/9289010115.avi,0,3,0.4479575,0.17816502,0.09174718,0.28213033
1536,/mnt/c/Users/puneet/Downloads/DAiSEE/DataSet/Test/928901/9289010117/9289010117.avi,0,3,0.4583603,0.17307682,0.09017464,0.27838823
1537,/mnt/c/Users/puneet/Downloads/DAiSEE/DataSet/Test/928901/9289010118/9289010118.avi,0,3,0.4538035,0.17536084,0.091210596,0.27962503
1538,/mnt/c/Users/puneet/Downloads/DAiSEE/DataSet/Test/928901/9289010119/9289010119.avi,0,3,0.44834486,0.17787622,0.094793536,0.27898538
1539,/mnt/c/Users/puneet/Downloads/DAiSEE/DataSet/Test/928901/9289010120/9289010120.avi,0,2,0.46227592,0.17219788,0.09081965,0.27470657
1540,/mnt/c/Users/puneet/Downloads/DAiSEE/DataSet/Test/928901/9289010121/9289010121.avi,0,2,0.46608981,0.16883309,0.09075276,0.27432433
1541,/mnt/c/Users/puneet/Downloads/DAiSEE/DataSet/Test/928901/9289010127/9289010127.avi,0,2,0.46030644,0.17108077,0.08644899,0.2821638
1542,/mnt/c/Users/puneet/Downloads/DAiSEE/DataSet/Test/928901/928901013/928901013.avi,0,3,0.4472924,0.1761193,0.09869488,0.27789345
1543,/mnt/c/Users/puneet/Downloads/DAiSEE/DataSet/Test/928901/9289010131/9289010131.avi,0,2,0.44873047,0.1782904,0.0932651,0.27971405
1544,/mnt/c/Users/puneet/Downloads/DAiSEE/DataSet/Test/928901/9289010132/9289010132.avi,0,2,0.4458858,0.17964388,0.09207279,0.2823975
1545,/mnt/c/Users/puneet/Downloads/DAiSEE/DataSet/Test/928901/9289010133/9289010133.avi,0,3,0.460048,0.17066811,0.090793766,0.27849013
1546,/mnt/c/Users/puneet/Downloads/DAiSEE/DataSet/Test/928901/9289010134/9289010134.avi,0,3,0.45434374,0.17414533,0.08890181,0.28260913
1547,/mnt/c/Users/puneet/Downloads/DAiSEE/DataSet/Test/928901/9289010138/9289010138.avi,0,2,0.45808163,0.17294548,0.09021466,0.2787582
1548,/mnt/c/Users/puneet/Downloads/DAiSEE/DataSet/Test/928901/9289010139/9289010139.avi,0,2,0.46218187,0.17175467,0.09061176,0.2754517
1549,/mnt/c/Users/puneet/Downloads/DAiSEE/DataSet/Test/928901/928901014/928901014.avi,0,1,0.44893563,0.1791446,0.09172381,0.28019595
1550,/mnt/c/Users/puneet/Downloads/DAiSEE/DataSet/Test/928901/9289010143/9289010143.avi,0,2,0.4466705,0.1818131,0.095457874,0.2760585
1551,/mnt/c/Users/puneet/Downloads/DAiSEE/DataSet/Test/928901/9289010144/9289010144.avi,0,2,0.46622717,0.17182787,0.09033838,0.27160656
1552,/mnt/c/Users/puneet/Downloads/DAiSEE/DataSet/Test/928901/9289010145/9289010145.avi,0,1,0.4520742,0.17834102,0.091316834,0.27826795
1553,/mnt/c/Users/puneet/Downloads/DAiSEE/DataSet/Test/928901/9289010147/9289010147.avi,0,2,0.4574357,0.17418654,0.09221361,0.27616417
1554,/mnt/c/Users/puneet/Downloads/DAiSEE/DataSet/Test/928901/9289010149/9289010149.avi,0,3,0.4508639,0.17782524,0.09158001,0.27973086
1555,/mnt/c/Users/puneet/Downloads/DAiSEE/DataSet/Test/928901/9289010150/9289010150.avi,0,3,0.4703831,0.16509219,0.09070994,0.27381477
1556,/mnt/c/Users/puneet/Downloads/DAiSEE/DataSet/Test/928901/9289010151/9289010151.avi,0,3,0.46975332,0.16447051,0.08863087,0.2771453
1557,/mnt/c/Users/puneet/Downloads/DAiSEE/DataSet/Test/928901/9289010152/9289010152.avi,0,1,0.46988365,0.17150477,0.08933374,0.26927787
1558,/mnt/c/Users/puneet/Downloads/DAiSEE/DataSet/Test/928901/9289010153/9289010153.avi,0,2,0.45246926,0.17754203,0.09144981,0.27853888
1559,/mnt/c/Users/puneet/Downloads/DAiSEE/DataSet/Test/928901/9289010154/9289010154.avi,0,2,0.45821455,0.17356493,0.09133853,0.27688196
1560,/mnt/c/Users/puneet/Downloads/DAiSEE/DataSet/Test/928901/9289010155/9289010155.avi,0,3,0.47199547,0.16481929,0.09069074,0.2724945
1561,/mnt/c/Users/puneet/Downloads/DAiSEE/DataSet/Test/928901/9289010157/9289010157.avi,0,3,0.44855946,0.1773436,0.09124735,0.28284958
1562,/mnt/c/Users/puneet/Downloads/DAiSEE/DataSet/Test/928901/9289010158/9289010158.avi,0,3,0.47648695,0.16090402,0.09022374,0.27238527
1563,/mnt/c/Users/puneet/Downloads/DAiSEE/DataSet/Test/928901/928901016/928901016.avi,0,2,0.4461964,0.1765113,0.09955948,0.2777328
1564,/mnt/c/Users/puneet/Downloads/DAiSEE/DataSet/Test/928901/9289010160/9289010160.avi,0,3,0.455062,0.17362131,0.088327326,0.28298935
1565,/mnt/c/Users/puneet/Downloads/DAiSEE/DataSet/Test/928901/9289010161/9289010161.avi,0,2,0.45657077,0.17239404,0.09457646,0.2764587
1566,/mnt/c/Users/puneet/Downloads/DAiSEE/DataSet/Test/928901/9289010163/9289010163.avi,0,3,0.4593568,0.17549394,0.09043743,0.27471182
1567,/mnt/c/Users/puneet/Downloads/DAiSEE/DataSet/Test/928901/9289010166/9289010166.avi,0,2,0.44964442,0.17649622,0.089930765,0.2839286
1568,/mnt/c/Users/puneet/Downloads/DAiSEE/DataSet/Test/928901/9289010167/9289010167.avi,0,3,0.457406,0.17119722,0.09053437,0.2808624
1569,/mnt/c/Users/puneet/Downloads/DAiSEE/DataSet/Test/928901/928901018/928901018.avi,0,3,0.45893532,0.17474173,0.09077155,0.27555138
1570,/mnt/c/Users/puneet/Downloads/DAiSEE/DataSet/Test/928901/9289010210/9289010210.avi,0,3,0.45863768,0.1728822,0.09029426,0.27818584
1571,/mnt/c/Users/puneet/Downloads/DAiSEE/DataSet/Test/928901/9289010211/9289010211.avi,0,2,0.4511689,0.17853265,0.091374464,0.278924
1572,/mnt/c/Users/puneet/Downloads/DAiSEE/DataSet/Test/928901/9289010216/9289010216.avi,0,3,0.45706648,0.17571864,0.09192782,0.27528706
1573,/mnt/c/Users/puneet/Downloads/DAiSEE/DataSet/Test/928901/9289010221/9289010221.avi,0,3,0.45601016,0.17435664,0.09201559,0.2776176
1574,/mnt/c/Users/puneet/Downloads/DAiSEE/DataSet/Test/928901/9289010222/9289010222.avi,0,3,0.45831937,0.17301431,0.09096489,0.27770144
1575,/mnt/c/Users/puneet/Downloads/DAiSEE/DataSet/Test/928901/9289010223/9289010223.avi,0,3,0.46631575,0.16819033,0.09075457,0.27473938
1576,/mnt/c/Users/puneet/Downloads/DAiSEE/DataSet/Test/928901/9289010227/9289010227.avi,0,3,0.44619167,0.17676358,0.09922996,0.2778148
1577,/mnt/c/Users/puneet/Downloads/DAiSEE/DataSet/Test/928901/9289010229/9289010229.avi,0,3,0.46261218,0.17472886,0.08993499,0.27272397
1578,/mnt/c/Users/puneet/Downloads/DAiSEE/DataSet/Test/928901/928901023/928901023.avi,0,3,0.45225784,0.17594023,0.09044143,0.28136048
1579,/mnt/c/Users/puneet/Downloads/DAiSEE/DataSet/Test/928901/9289010230/9289010230.avi,0,3,0.45134374,0.17794287,0.091608845,0.27910453
1580,/mnt/c/Users/puneet/Downloads/DAiSEE/DataSet/Test/928901/9289010231/9289010231.avi,0,2,0.45702538,0.17425893,0.091295466,0.27742022
1581,/mnt/c/Users/puneet/Downloads/DAiSEE/DataSet/Test/928901/9289010232/9289010232.avi,0,3,0.45204443,0.17655624,0.09191159,0.27948773
1582,/mnt/c/Users/puneet/Downloads/DAiSEE/DataSet/Test/928901/9289010233/9289010233.avi,0,3,0.46957555,0.1678166,0.090626724,0.27198112
1583,/mnt/c/Users/puneet/Downloads/DAiSEE/DataSet/Test/928901/9289010235/9289010235.avi,0,3,0.45557517,0.17583346,0.0910225,0.27756888
1584,/mnt/c/Users/puneet/Downloads/DAiSEE/DataSet/Test/928901/9289010242/9289010242.avi,0,3,0.45625052,0.17537567,0.09146679,0.27690703
1585,/mnt/c/Users/puneet/Downloads/DAiSEE/DataSet/Test/928901/9289010243/9289010243.avi,0,3,0.4586918,0.17243965,0.09002041,0.27884814
1586,/mnt/c/Users/puneet/Downloads/DAiSEE/DataSet/Test/928901/9289010244/9289010244.avi,0,3,0.4639458,0.16955625,0.09106983,0.27542812
1587,/mnt/c/Users/puneet/Downloads/DAiSEE/DataSet/Test/928901/9289010245/9289010245.avi,0,3,0.4614917,0.17182218,0.091105156,0.27558097
1588,/mnt/c/Users/puneet/Downloads/DAiSEE/DataSet/Test/928901/9289010248/9289010248.avi,0,3,0.46479583,0.17021406,0.09093179,0.2740583
1589,/mnt/c/Users/puneet/Downloads/DAiSEE/DataSet/Test/928901/9289010249/9289010249.avi,0,3,0.4604537,0.17514783,0.09029717,0.27410132
1590,/mnt/c/Users/puneet/Downloads/DAiSEE/DataSet/Test/928901/928901025/928901025.avi,0,3,0.44934306,0.17707413,0.09463598,0.27894685
1591,/mnt/c/Users/puneet/Downloads/DAiSEE/DataSet/Test/928901/9289010250/9289010250.avi,0,2,0.44578093,0.18616259,0.0927035,0.27535298
1592,/mnt/c/Users/puneet/Downloads/DAiSEE/DataSet/Test/928901/9289010251/9289010251.avi,0,3,0.4539862,0.17766203,0.091034986,0.2773168
1593,/mnt/c/Users/puneet/Downloads/DAiSEE/DataSet/Test/928901/9289010253/9289010253.avi,0,3,0.46322593,0.16980444,0.090566106,0.27640352
1594,/mnt/c/Users/puneet/Downloads/DAiSEE/DataSet/Test/928901/9289010254/9289010254.avi,0,2,0.46909207,0.16580535,0.090785705,0.27431688
1595,/mnt/c/Users/puneet/Downloads/DAiSEE/DataSet/Test/928901/9289010257/9289010257.avi,0,3,0.4668348,0.16713734,0.08968299,0.27634487
1596,/mnt/c/Users/puneet/Downloads/DAiSEE/DataSet/Test/928901/9289010259/9289010259.avi,0,3,0.46057132,0.17154048,0.09193362,0.27595457
1597,/mnt/c/Users/puneet/Downloads/DAiSEE/DataSet/Test/928901/928901026/928901026.avi,0,3,0.44595823,0.17681652,0.09947948,0.27774575
1598,/mnt/c/Users/puneet/Downloads/DAiSEE/DataSet/Test/928901/9289010261/9289010261.avi,0,3,0.45743307,0.17422591,0.090718284,0.27762276
1599,/mnt/c/Users/puneet/Downloads/DAiSEE/DataSet/Test/928901/9289010262/9289010262.avi,0,3,0.45990458,0.17189059,0.089484334,0.2787205
1600,/mnt/c/Users/puneet/Downloads/DAiSEE/DataSet/Test/928901/9289010263/9289010263.avi,0,2,0.46109408,0.17154394,0.09112716,0.2762348
1601,/mnt/c/Users/puneet/Downloads/DAiSEE/DataSet/Test/928901/9289010265/9289010265.avi,0,3,0.4679933,0.16793372,0.09090833,0.27316466
1602,/mnt/c/Users/puneet/Downloads/DAiSEE/DataSet/Test/928901/9289010266/9289010266.avi,0,3,0.4634194,0.1688728,0.09065407,0.2770537
1603,/mnt/c/Users/puneet/Downloads/DAiSEE/DataSet/Test/928901/9289010267/9289010267.avi,0,3,0.4657543,0.1699052,0.09099047,0.27335003
1604,/mnt/c/Users/puneet/Downloads/DAiSEE/DataSet/Test/928901/9289010268/9289010268.avi,0,3,0.46444988,0.17084393,0.09088805,0.27381814
1605,/mnt/c/Users/puneet/Downloads/DAiSEE/DataSet/Test/928901/9289010269/9289010269.avi,0,3,0.46309868,0.17027333,0.09151644,0.27511156
1606,/mnt/c/Users/puneet/Downloads/DAiSEE/DataSet/Test/928901/9289010270/9289010270.avi,0,3,0.45580792,0.17390026,0.08994626,0.28034556
1607,/mnt/c/Users/puneet/Downloads/DAiSEE/DataSet/Test/928901/9289010271/9289010271.avi,0,2,0.45498154,0.17396931,0.09028951,0.28075966
1608,/mnt/c/Users/puneet/Downloads/DAiSEE/DataSet/Test/928901/9289010273/9289010273.avi,0,3,0.48188376,0.15604551,0.08974046,0.27233025
1609,/mnt/c/Users/puneet/Downloads/DAiSEE/DataSet/Test/928901/9289010274/9289010274.avi,0,3,0.4547936,0.17658731,0.09187951,0.27673957
1610,/mnt/c/Users/puneet/Downloads/DAiSEE/DataSet/Test/928901/9289010275/9289010275.avi,0,3,0.45645612,0.17269047,0.08769808,0.28315532
1611,/mnt/c/Users/puneet/Downloads/DAiSEE/DataSet/Test/928901/9289010276/9289010276.avi,0,1,0.4682348,0.1677045,0.09101268,0.273048
1612,/mnt/c/Users/puneet/Downloads/DAiSEE/DataSet/Test/928901/9289010278/9289010278.avi,0,3,0.44625723,0.17864385,0.09792372,0.2771752
1613,/mnt/c/Users/puneet/Downloads/DAiSEE/DataSet/Test/928901/928901028/928901028.avi,0,3,0.46053872,0.17351872,0.09091075,0.27503183
1614,/mnt/c/Users/puneet/Downloads/DAiSEE/DataSet/Test/928901/928901029/928901029.avi,0,3,0.45229873,0.17746225,0.09156395,0.27867508
1615,/mnt/c/Users/puneet/Downloads/DAiSEE/DataSet/Test/940328/940328011/940328011.avi,0,3,0.45973447,0.17236824,0.09245168,0.2754456
1616,/mnt/c/Users/puneet/Downloads/DAiSEE/DataSet/Test/940328/9403280110/9403280110.avi,0,3,0.47227,0.16454525,0.09060665,0.2725781
1617,/mnt/c/Users/puneet/Downloads/DAiSEE/DataSet/Test/940328/9403280112/9403280112.avi,0,3,0.46179792,0.1720089,0.09070844,0.27548474
1618,/mnt/c/Users/puneet/Downloads/DAiSEE/DataSet/Test/940328/9403280114/9403280114.avi,0,3,0.46061587,0.1716529,0.08980552,0.2779257
1619,/mnt/c/Users/puneet/Downloads/DAiSEE/DataSet/Test/940328/9403280115/9403280115.avi,0,2,0.4615574,0.17015249,0.088590354,0.27969977
1620,/mnt/c/Users/puneet/Downloads/DAiSEE/DataSet/Test/940328/9403280116/9403280116.avi,0,3,0.44895896,0.17644355,0.09704768,0.2775498
1621,/mnt/c/Users/puneet/Downloads/DAiSEE/DataSet/Test/940328/9403280117/9403280117.avi,0,3,0.4520943,0.1753531,0.09029609,0.28225654
1622,/mnt/c/Users/puneet/Downloads/DAiSEE/DataSet/Test/940328/940328012/940328012.avi,0,3,0.4605094,0.17153342,0.09329109,0.2746661
1623,/mnt/c/Users/puneet/Downloads/DAiSEE/DataSet/Test/940328/9403280126/9403280126.avi,0,3,0.45663312,0.17509927,0.09080249,0.27746513
1624,/mnt/c/Users/puneet/Downloads/DAiSEE/DataSet/Test/940328/9403280129/9403280129.avi,0,3,0.4527579,0.18041582,0.09159201,0.27523428
1625,/mnt/c/Users/puneet/Downloads/DAiSEE/DataSet/Test/940328/9403280132/9403280132.avi,0,3,0.45459318,0.17509972,0.09343973,0.27686736
1626,/mnt/c/Users/puneet/Downloads/DAiSEE/DataSet/Test/940328/9403280134/9403280134.avi,0,2,0.4572781,0.17290318,0.09069639,0.27912235
1627,/mnt/c/Users/puneet/Downloads/DAiSEE/DataSet/Test/940328/9403280136/9403280136.avi,0,3,0.45944288,0.17383093,0.09107575,0.2756504
1628,/mnt/c/Users/puneet/Downloads/DAiSEE/DataSet/Test/940328/9403280138/9403280138.avi,0,2,0.460856,0.17098479,0.08969956,0.27845967
1629,/mnt/c/Users/puneet/Downloads/DAiSEE/DataSet/Test/940328/940328014/940328014.avi,0,3,0.4604536,0.17232485,0.09112076,0.27610078
1630,/mnt/c/Users/puneet/Downloads/DAiSEE/DataSet/Test/940328/9403280140/9403280140.avi,0,2,0.45667595,0.17242524,0.09308437,0.27781445
1631,/mnt/c/Users/puneet/Downloads/DAiSEE/DataSet/Test/940328/9403280143/9403280143.avi,0,2,0.47268906,0.16352966,0.08992201,0.27385926
1632,/mnt/c/Users/puneet/Downloads/DAiSEE/DataSet/Test/940328/9403280145/9403280145.avi,0,2,0.47045586,0.16523713,0.090591714,0.2737153
1633,/mnt/c/Users/puneet/Downloads/DAiSEE/DataSet/Test/940328/9403280146/9403280146.avi,0,2,0.45555186,0.173126,0.09331753,0.2780046
1634,/mnt/c/Users/puneet/Downloads/DAiSEE/DataSet/Test/940328/9403280147/9403280147.avi,0,3,0.46354556,0.1702743,0.08806073,0.27811942
1635,/mnt/c/Users/puneet/Downloads/DAiSEE/DataSet/Test/940328/9403280149/9403280149.avi,0,3,0.45897788,0.1733631,0.09170941,0.2759496
1636,/mnt/c/Users/puneet/Downloads/DAiSEE/DataSet/Test/940328/9403280150/9403280150.avi,0,3,0.45406166,0.17490813,0.089903675,0.28112656
1637,/mnt/c/Users/puneet/Downloads/DAiSEE/DataSet/Test/940328/9403280151/9403280151.avi,0,2,0.45831352,0.17330664,0.09007106,0.27830878
1638,/mnt/c/Users/puneet/Downloads/DAiSEE/DataSet/Test/940328/9403280152/9403280152.avi,0,2,0.4673402,0.16668732,0.08855339,0.2774191
1639,/mnt/c/Users/puneet/Downloads/DAiSEE/DataSet/Test/940328/9403280155/9403280155.avi,0,3,0.46804473,0.1670775,0.08761629,0.2772615
1640,/mnt/c/Users/puneet/Downloads/DAiSEE/DataSet/Test/940328/9403280156/9403280156.avi,0,3,0.46520904,0.16910048,0.08914011,0.27655035
1641,/mnt/c/Users/puneet/Downloads/DAiSEE/DataSet/Test/940328/9403280157/9403280157.avi,0,2,0.4467306,0.18251367,0.09502589,0.27572984
1642,/mnt/c/Users/puneet/Downloads/DAiSEE/DataSet/Test/940328/9403280159/9403280159.avi,0,3,0.4617156,0.1722674,0.08851302,0.27750397
1643,/mnt/c/Users/puneet/Downloads/DAiSEE/DataSet/Test/940328/940328016/940328016.avi,0,3,0.46845457,0.16600451,0.08880166,0.27673927
1644,/mnt/c/Users/puneet/Downloads/DAiSEE/DataSet/Test/940328/9403280164/9403280164.avi,0,3,0.4508549,0.17738952,0.092413194,0.27934238
1645,/mnt/c/Users/puneet/Downloads/DAiSEE/DataSet/Test/940328/9403280165/9403280165.avi,0,2,0.45147416,0.17696759,0.09355019,0.27800807
1646,/mnt/c/Users/puneet/Downloads/DAiSEE/DataSet/Test/940328/9403280167/9403280167.avi,0,3,0.46452656,0.16795418,0.09084262,0.27667665
1647,/mnt/c/Users/puneet/Downloads/DAiSEE/DataSet/Test/940328/940328017/940328017.avi,0,3,0.45863962,0.17227724,0.092896976,0.27618614
1648,/mnt/c/Users/puneet/Downloads/DAiSEE/DataSet/Test/940328/940328018/940328018.avi,0,3,0.4497187,0.18149982,0.0930951,0.27568635
1649,/mnt/c/Users/puneet/Downloads/DAiSEE/DataSet/Test/940328/9403280212/9403280212.avi,0,3,0.4665287,0.17231032,0.089799374,0.2713616
1650,/mnt/c/Users/puneet/Downloads/DAiSEE/DataSet/Test/940328/9403280213/9403280213.avi,0,2,0.46526277,0.16960976,0.09098332,0.27414414
1651,/mnt/c/Users/puneet/Downloads/DAiSEE/DataSet/Test/940328/9403280217/9403280217.avi,0,2,0.45756456,0.17194302,0.09081848,0.27967393
1652,/mnt/c/Users/puneet/Downloads/DAiSEE/DataSet/Test/940328/9403280218/9403280218.avi,0,2,0.47020847,0.16479297,0.090773635,0.27422494
1653,/mnt/c/Users/puneet/Downloads/DAiSEE/DataSet/Test/940328/9403280219/9403280219.avi,0,2,0.4684441,0.1661699,0.088121235,0.27726477
1654,/mnt/c/Users/puneet/Downloads/DAiSEE/DataSet/Test/940328/940328022/940328022.avi,0,3,0.45345154,0.17579597,0.09319586,0.27755663
1655,/mnt/c/Users/puneet/Downloads/DAiSEE/DataSet/Test/940328/9403280227/9403280227.avi,0,2,0.45564654,0.17377256,0.093918234,0.27666268
1656,/mnt/c/Users/puneet/Downloads/DAiSEE/DataSet/Test/940328/9403280229/9403280229.avi,0,3,0.44620165,0.18239759,0.09442791,0.27697283
1657,/mnt/c/Users/puneet/Downloads/DAiSEE/DataSet/Test/940328/9403280234/9403280234.avi,0,3,0.46355912,0.16969256,0.08954286,0.27720547
1658,/mnt/c/Users/puneet/Downloads/DAiSEE/DataSet/Test/940328/9403280235/9403280235.avi,0,2,0.45659193,0.17262644,0.08912615,0.2816555
1659,/mnt/c/Users/puneet/Downloads/DAiSEE/DataSet/Test/940328/9403280236/9403280236.avi,0,2,0.4493107,0.18256803,0.09335451,0.27476677
1660,/mnt/c/Users/puneet/Downloads/DAiSEE/DataSet/Test/940328/9403280238/9403280238.avi,0,2,0.4610097,0.17142583,0.09027159,0.27729288
1661,/mnt/c/Users/puneet/Downloads/DAiSEE/DataSet/Test/940328/9403280241/9403280241.avi,0,3,0.45139542,0.17840123,0.09126453,0.2789388
1662,/mnt/c/Users/puneet/Downloads/DAiSEE/DataSet/Test/940328/9403280243/9403280243.avi,0,3,0.45575285,0.17413412,0.090101466,0.28001156
1663,/mnt/c/Users/puneet/Downloads/DAiSEE/DataSet/Test/940328/9403280245/9403280245.avi,0,3,0.4584453,0.17478864,0.09046838,0.27629766
1664,/mnt/c/Users/puneet/Downloads/DAiSEE/DataSet/Test/940328/9403280246/9403280246.avi,0,3,0.45603415,0.17416541,0.09018437,0.27961606
1665,/mnt/c/Users/puneet/Downloads/DAiSEE/DataSet/Test/940328/9403280247/9403280247.avi,0,2,0.45340854,0.17560597,0.09473411,0.2762514
1666,/mnt/c/Users/puneet/Downloads/DAiSEE/DataSet/Test/940328/9403280249/9403280249.avi,0,3,0.46549433,0.16815427,0.08956441,0.27678698
1667,/mnt/c/Users/puneet/Downloads/DAiSEE/DataSet/Test/940328/9403280250/9403280250.avi,0,2,0.46151736,0.17152083,0.088462606,0.27849922
1668,/mnt/c/Users/puneet/Downloads/DAiSEE/DataSet/Test/940328/9403280251/9403280251.avi,0,2,0.46097854,0.17200813,0.090255804,0.27675754
1669,/mnt/c/Users/puneet/Downloads/DAiSEE/DataSet/Test/940328/9403280254/9403280254.avi,0,3,0.45114514,0.17674027,0.095462374,0.27665222
1670,/mnt/c/Users/puneet/Downloads/DAiSEE/DataSet/Test/940328/9403280255/9403280255.avi,0,3,0.46297997,0.1704416,0.08913058,0.27744785
1671,/mnt/c/Users/puneet/Downloads/DAiSEE/DataSet/Test/940328/9403280256/9403280256.avi,0,3,0.46700454,0.16788556,0.0878728,0.27723712
1672,/mnt/c/Users/puneet/Downloads/DAiSEE/DataSet/Test/940328/9403280259/9403280259.avi,0,3,0.46198052,0.17065912,0.08944617,0.27791417
1673,/mnt/c/Users/puneet/Downloads/DAiSEE/DataSet/Test/940328/9403280260/9403280260.avi,0,3,0.45092964,0.17485121,0.094028704,0.28019044
1674,/mnt/c/Users/puneet/Downloads/DAiSEE/DataSet/Test/940328/9403280262/9403280262.avi,0,3,0.45756534,0.1723764,0.093662605,0.27639568
1675,/mnt/c/Users/puneet/Downloads/DAiSEE/DataSet/Test/940328/9403280265/9403280265.avi,0,3,0.45666528,0.17281535,0.09018412,0.28033525
1676,/mnt/c/Users/puneet/Downloads/DAiSEE/DataSet/Test/940328/9403280266/9403280266.avi,0,3,0.46602836,0.16801183,0.09138535,0.27457446
1677,/mnt/c/Users/puneet/Downloads/DAiSEE/DataSet/Test/940328/9403280271/9403280271.avi,0,1,0.46863237,0.17205931,0.08944092,0.2698674
1678,/mnt/c/Users/puneet/Downloads/DAiSEE/DataSet/Test/940328/9403280272/9403280272.avi,0,3,0.4609735,0.17364028,0.08978482,0.27560142
1679,/mnt/c/Users/puneet/Downloads/DAiSEE/DataSet/Test/940328/9403280273/9403280273.avi,0,2,0.4682516,0.16658841,0.08790008,0.27725992
1680,/mnt/c/Users/puneet/Downloads/DAiSEE/DataSet/Test/940328/9403280277/9403280277.avi,0,3,0.46462667,0.16923729,0.089174524,0.27696154
1681,/mnt/c/Users/puneet/Downloads/DAiSEE/DataSet/Test/940328/9403280279/9403280279.avi,0,3,0.46448046,0.17235643,0.09136744,0.2717957
1682,/mnt/c/Users/puneet/Downloads/DAiSEE/DataSet/Test/987736/9877360111/9877360111.avi,0,3,0.44839928,0.17456652,0.0984359,0.27859828
1683,/mnt/c/Users/puneet/Downloads/DAiSEE/DataSet/Test/987736/9877360113/9877360113.avi,0,2,0.45045242,0.1751775,0.09667934,0.27769077
1684,/mnt/c/Users/puneet/Downloads/DAiSEE/DataSet/Test/987736/9877360114/9877360114.avi,0,3,0.4640415,0.17334802,0.09042965,0.27218083
1685,/mnt/c/Users/puneet/Downloads/DAiSEE/DataSet/Test/987736/9877360115/9877360115.avi,0,3,0.46009317,0.17612061,0.09104126,0.27274495
1686,/mnt/c/Users/puneet/Downloads/DAiSEE/DataSet/Test/987736/9877360116/9877360116.avi,0,2,0.4620472,0.17019537,0.08980199,0.27795547
1687,/mnt/c/Users/puneet/Downloads/DAiSEE/DataSet/Test/987736/9877360117/9877360117.avi,0,2,0.45290607,0.17630664,0.09035877,0.28042853
1688,/mnt/c/Users/puneet/Downloads/DAiSEE/DataSet/Test/987736/9877360120/9877360120.avi,0,1,0.4491017,0.17760792,0.0906185,0.2826719
1689,/mnt/c/Users/puneet/Downloads/DAiSEE/DataSet/Test/987736/9877360121/9877360121.avi,0,2,0.4655657,0.16902559,0.091180526,0.27422816
1690,/mnt/c/Users/puneet/Downloads/DAiSEE/DataSet/Test/987736/9877360124/9877360124.avi,0,3,0.4519008,0.17570868,0.09546977,0.27692074
1691,/mnt/c/Users/puneet/Downloads/DAiSEE/DataSet/Test/987736/9877360125/9877360125.avi,0,3,0.4615356,0.17006448,0.08651151,0.2818884
1692,/mnt/c/Users/puneet/Downloads/DAiSEE/DataSet/Test/987736/9877360126/9877360126.avi,0,3,0.44490874,0.1795366,0.09251395,0.2830407
1693,/mnt/c/Users/puneet/Downloads/DAiSEE/DataSet/Test/987736/9877360127/9877360127.avi,0,2,0.453086,0.17511305,0.09007129,0.28172967
1694,/mnt/c/Users/puneet/Downloads/DAiSEE/DataSet/Test/987736/9877360128/9877360128.avi,0,3,0.4743435,0.1620327,0.09031559,0.2733082
1695,/mnt/c/Users/puneet/Downloads/DAiSEE/DataSet/Test/987736/9877360130/9877360130.avi,0,2,0.4560259,0.17375802,0.09147684,0.2787392
1696,/mnt/c/Users/puneet/Downloads/DAiSEE/DataSet/Test/987736/9877360131/9877360131.avi,0,3,0.46531844,0.1695888,0.09115366,0.2739391
1697,/mnt/c/Users/puneet/Downloads/DAiSEE/DataSet/Test/987736/9877360132/9877360132.avi,0,2,0.4675808,0.17187531,0.08981076,0.27073312
1698,/mnt/c/Users/puneet/Downloads/DAiSEE/DataSet/Test/987736/9877360133/9877360133.avi,0,0,0.45725894,0.17681119,0.09168879,0.2742411
1699,/mnt/c/Users/puneet/Downloads/DAiSEE/DataSet/Test/987736/9877360134/9877360134.avi,0,3,0.46042556,0.17104521,0.089075245,0.27945396
1700,/mnt/c/Users/puneet/Downloads/DAiSEE/DataSet/Test/987736/9877360135/9877360135.avi,0,2,0.45529696,0.17387435,0.08977202,0.28105664
1701,/mnt/c/Users/puneet/Downloads/DAiSEE/DataSet/Test/987736/9877360138/9877360138.avi,0,2,0.46544576,0.17340542,0.08972068,0.27142814
1702,/mnt/c/Users/puneet/Downloads/DAiSEE/DataSet/Test/987736/987736014/987736014.avi,0,3,0.45309815,0.1754056,0.089056715,0.28243953
1703,/mnt/c/Users/puneet/Downloads/DAiSEE/DataSet/Test/987736/9877360140/9877360140.avi,0,3,0.45860305,0.17205073,0.08824217,0.28110403
1704,/mnt/c/Users/puneet/Downloads/DAiSEE/DataSet/Test/987736/9877360141/9877360141.avi,0,3,0.45004135,0.17576753,0.09719606,0.27699506
1705,/mnt/c/Users/puneet/Downloads/DAiSEE/DataSet/Test/987736/9877360143/9877360143.avi,0,3,0.4619844,0.17029667,0.08959923,0.27811974
1706,/mnt/c/Users/puneet/Downloads/DAiSEE/DataSet/Test/987736/9877360147/9877360147.avi,0,3,0.4483387,0.18084307,0.092532225,0.278286
1707,/mnt/c/Users/puneet/Downloads/DAiSEE/DataSet/Test/987736/9877360149/9877360149.avi,0,3,0.46034732,0.17083275,0.087431595,0.2813883
1708,/mnt/c/Users/puneet/Downloads/DAiSEE/DataSet/Test/987736/987736015/987736015.avi,0,2,0.45740873,0.17631009,0.090646535,0.27563465
1709,/mnt/c/Users/puneet/Downloads/DAiSEE/DataSet/Test/987736/9877360151/9877360151.avi,0,3,0.46030483,0.17315352,0.09184776,0.27469388
1710,/mnt/c/Users/puneet/Downloads/DAiSEE/DataSet/Test/987736/9877360152/9877360152.avi,0,3,0.4627016,0.16947442,0.09004255,0.27778143
1711,/mnt/c/Users/puneet/Downloads/DAiSEE/DataSet/Test/987736/9877360154/9877360154.avi,0,2,0.4656529,0.17172877,0.09027302,0.2723453
1712,/mnt/c/Users/puneet/Downloads/DAiSEE/DataSet/Test/987736/9877360156/9877360156.avi,0,3,0.45915234,0.1734408,0.09126019,0.27614668
1713,/mnt/c/Users/puneet/Downloads/DAiSEE/DataSet/Test/987736/9877360157/9877360157.avi,0,1,0.45659456,0.17286035,0.09041237,0.2801327
1714,/mnt/c/Users/puneet/Downloads/DAiSEE/DataSet/Test/987736/9877360158/9877360158.avi,0,3,0.45735514,0.17241667,0.090485625,0.27974254
1715,/mnt/c/Users/puneet/Downloads/DAiSEE/DataSet/Test/987736/9877360159/9877360159.avi,0,3,0.46156248,0.17313029,0.09072205,0.27458516
1716,/mnt/c/Users/puneet/Downloads/DAiSEE/DataSet/Test/987736/987736016/987736016.avi,0,3,0.4682188,0.16469833,0.09283719,0.27424568
1717,/mnt/c/Users/puneet/Downloads/DAiSEE/DataSet/Test/987736/9877360163/9877360163.avi,0,2,0.4584644,0.172135,0.08846927,0.28093132
1718,/mnt/c/Users/puneet/Downloads/DAiSEE/DataSet/Test/987736/9877360164/9877360164.avi,0,3,0.44466424,0.18373221,0.095310986,0.27629256
1719,/mnt/c/Users/puneet/Downloads/DAiSEE/DataSet/Test/987736/9877360165/9877360165.avi,0,3,0.4574238,0.17474835,0.09117423,0.27665362
1720,/mnt/c/Users/puneet/Downloads/DAiSEE/DataSet/Test/987736/9877360166/9877360166.avi,0,3,0.45689404,0.17266832,0.09454611,0.27589154
1721,/mnt/c/Users/puneet/Downloads/DAiSEE/DataSet/Test/987736/9877360168/9877360168.avi,0,3,0.45803466,0.17237149,0.088338494,0.28125536
1722,/mnt/c/Users/puneet/Downloads/DAiSEE/DataSet/Test/987736/9877360169/9877360169.avi,0,1,0.4454125,0.18273538,0.09224773,0.2796044
1723,/mnt/c/Users/puneet/Downloads/DAiSEE/DataSet/Test/987736/987736017/987736017.avi,0,2,0.46638998,0.17329279,0.08951756,0.27079967
1724,/mnt/c/Users/puneet/Downloads/DAiSEE/DataSet/Test/987736/9877360170/9877360170.avi,0,3,0.4452812,0.18243504,0.09591071,0.27637306
1725,/mnt/c/Users/puneet/Downloads/DAiSEE/DataSet/Test/987736/9877360172/9877360172.avi,0,1,0.46787536,0.17033719,0.090246975,0.27154046
1726,/mnt/c/Users/puneet/Downloads/DAiSEE/DataSet/Test/987736/9877360173/9877360173.avi,0,2,0.4630792,0.17012149,0.09115991,0.27563938
1727,/mnt/c/Users/puneet/Downloads/DAiSEE/DataSet/Test/987736/9877360174/9877360174.avi,0,3,0.46338108,0.17054701,0.08931343,0.27675846
1728,/mnt/c/Users/puneet/Downloads/DAiSEE/DataSet/Test/987736/9877360175/9877360175.avi,0,2,0.4434366,0.18581472,0.09494871,0.27579996
1729,/mnt/c/Users/puneet/Downloads/DAiSEE/DataSet/Test/987736/9877360177/9877360177.avi,0,3,0.4650637,0.1694643,0.0911355,0.27433652
1730,/mnt/c/Users/puneet/Downloads/DAiSEE/DataSet/Test/987736/987736018/987736018.avi,0,2,0.45790926,0.17419992,0.09235996,0.27553084
1731,/mnt/c/Users/puneet/Downloads/DAiSEE/DataSet/Test/987736/9877360180/9877360180.avi,0,3,0.4596414,0.17369226,0.092704035,0.27396232
1732,/mnt/c/Users/puneet/Downloads/DAiSEE/DataSet/Test/987736/9877360181/9877360181.avi,0,3,0.4569476,0.17655252,0.091286406,0.27521348
1733,/mnt/c/Users/puneet/Downloads/DAiSEE/DataSet/Test/987736/9877360182/9877360182.avi,0,2,0.46696088,0.16712923,0.0889114,0.2769985
1734,/mnt/c/Users/puneet/Downloads/DAiSEE/DataSet/Test/987736/9877360183/9877360183.avi,0,3,0.4677448,0.17293154,0.08963494,0.26968873
1735,/mnt/c/Users/puneet/Downloads/DAiSEE/DataSet/Test/987736/9877360184/9877360184.avi,0,3,0.44556126,0.17910555,0.09165978,0.2836734
1736,/mnt/c/Users/puneet/Downloads/DAiSEE/DataSet/Test/987736/9877360185/9877360185.avi,0,2,0.45547155,0.1766264,0.09181931,0.27608275
1737,/mnt/c/Users/puneet/Downloads/DAiSEE/DataSet/Test/987736/9877360210/9877360210.avi,0,3,0.4586388,0.17435889,0.09114083,0.27586147
1738,/mnt/c/Users/puneet/Downloads/DAiSEE/DataSet/Test/987736/9877360212/9877360212.avi,0,3,0.46456733,0.17050886,0.090691976,0.27423182
1739,/mnt/c/Users/puneet/Downloads/DAiSEE/DataSet/Test/987736/9877360213/9877360213.avi,0,2,0.45284972,0.1738708,0.09483939,0.2784401
1740,/mnt/c/Users/puneet/Downloads/DAiSEE/DataSet/Test/987736/9877360215/9877360215.avi,0,3,0.44828984,0.17820837,0.09370183,0.27979994
1741,/mnt/c/Users/puneet/Downloads/DAiSEE/DataSet/Test/987736/9877360217/9877360217.avi,0,2,0.46119288,0.1720757,0.09026482,0.2764666
1742,/mnt/c/Users/puneet/Downloads/DAiSEE/DataSet/Test/987736/987736022/987736022.avi,0,2,0.46249646,0.1693961,0.086301915,0.28180552
1743,/mnt/c/Users/puneet/Downloads/DAiSEE/DataSet/Test/987736/9877360221/9877360221.avi,0,3,0.4649041,0.16975455,0.091659494,0.27368185
1744,/mnt/c/Users/puneet/Downloads/DAiSEE/DataSet/Test/987736/9877360223/9877360223.avi,0,3,0.45345312,0.175785,0.09203011,0.27873176
1745,/mnt/c/Users/puneet/Downloads/DAiSEE/DataSet/Test/987736/9877360225/9877360225.avi,0,3,0.45601884,0.17380193,0.09175245,0.2784268
1746,/mnt/c/Users/puneet/Downloads/DAiSEE/DataSet/Test/987736/9877360226/9877360226.avi,0,3,0.45745263,0.17309123,0.09174113,0.277715
1747,/mnt/c/Users/puneet/Downloads/DAiSEE/DataSet/Test/987736/9877360227/9877360227.avi,0,3,0.4684552,0.17101572,0.089817405,0.27071166
1748,/mnt/c/Users/puneet/Downloads/DAiSEE/DataSet/Test/987736/9877360228/9877360228.avi,0,2,0.4570819,0.17345715,0.089796565,0.27966437
1749,/mnt/c/Users/puneet/Downloads/DAiSEE/DataSet/Test/987736/9877360229/9877360229.avi,0,2,0.4536064,0.1735534,0.09328432,0.2795559
1750,/mnt/c/Users/puneet/Downloads/DAiSEE/DataSet/Test/987736/9877360231/9877360231.avi,0,3,0.46575642,0.1729805,0.089789644,0.27147344
1751,/mnt/c/Users/puneet/Downloads/DAiSEE/DataSet/Test/987736/9877360232/9877360232.avi,0,3,0.4543098,0.17339541,0.0919111,0.28038368
1752,/mnt/c/Users/puneet/Downloads/DAiSEE/DataSet/Test/987736/9877360234/9877360234.avi,0,3,0.45377308,0.17644173,0.09147558,0.27830958
1753,/mnt/c/Users/puneet/Downloads/DAiSEE/DataSet/Test/987736/9877360238/9877360238.avi,0,3,0.4630646,0.17216386,0.09071106,0.2740605
1754,/mnt/c/Users/puneet/Downloads/DAiSEE/DataSet/Test/987736/9877360239/9877360239.avi,0,3,0.4683545,0.16874763,0.09067944,0.27221844
1755,/mnt/c/Users/puneet/Downloads/DAiSEE/DataSet/Test/987736/987736024/987736024.avi,0,2,0.45688185,0.17455177,0.093006924,0.27555946
1756,/mnt/c/Users/puneet/Downloads/DAiSEE/DataSet/Test/987736/9877360240/9877360240.avi,0,3,0.4582564,0.17285538,0.09036657,0.27852166
1757,/mnt/c/Users/puneet/Downloads/DAiSEE/DataSet/Test/987736/9877360241/9877360241.avi,0,3,0.46491477,0.17076066,0.09078848,0.2735361
1758,/mnt/c/Users/puneet/Downloads/DAiSEE/DataSet/Test/987736/9877360242/9877360242.avi,0,2,0.4587421,0.17178996,0.08753512,0.2819328
1759,/mnt/c/Users/puneet/Downloads/DAiSEE/DataSet/Test/987736/9877360247/9877360247.avi,0,3,0.4454538,0.18017073,0.09221253,0.28216293
1760,/mnt/c/Users/puneet/Downloads/DAiSEE/DataSet/Test/987736/9877360248/9877360248.avi,0,3,0.4482467,0.17965877,0.094425924,0.27766863
1761,/mnt/c/Users/puneet/Downloads/DAiSEE/DataSet/Test/987736/987736025/987736025.avi,0,3,0.45716357,0.17187533,0.0898954,0.2810657
1762,/mnt/c/Users/puneet/Downloads/DAiSEE/DataSet/Test/987736/9877360250/9877360250.avi,0,2,0.45847073,0.17181416,0.0881366,0.28157848
1763,/mnt/c/Users/puneet/Downloads/DAiSEE/DataSet/Test/987736/9877360252/9877360252.avi,0,2,0.4631913,0.17392969,0.09032298,0.27255604
1764,/mnt/c/Users/puneet/Downloads/DAiSEE/DataSet/Test/987736/9877360253/9877360253.avi,0,3,0.45291972,0.17379126,0.09481752,0.2784715
1765,/mnt/c/Users/puneet/Downloads/DAiSEE/DataSet/Test/987736/9877360254/9877360254.avi,0,3,0.46917847,0.16493948,0.08807826,0.27780378
1766,/mnt/c/Users/puneet/Downloads/DAiSEE/DataSet/Test/987736/9877360256/9877360256.avi,0,1,0.45802918,0.17204864,0.08851322,0.28140897
1767,/mnt/c/Users/puneet/Downloads/DAiSEE/DataSet/Test/987736/9877360258/9877360258.avi,0,2,0.45574138,0.17413446,0.09187972,0.27824444
1768,/mnt/c/Users/puneet/Downloads/DAiSEE/DataSet/Test/987736/9877360259/9877360259.avi,0,2,0.46101564,0.17057775,0.0911765,0.27723008
1769,/mnt/c/Users/puneet/Downloads/DAiSEE/DataSet/Test/987736/9877360261/9877360261.avi,0,3,0.47427648,0.16429187,0.089954324,0.2714773
1770,/mnt/c/Users/puneet/Downloads/DAiSEE/DataSet/Test/987736/9877360262/9877360262.avi,0,3,0.4537159,0.17505419,0.089824624,0.2814053
1771,/mnt/c/Users/puneet/Downloads/DAiSEE/DataSet/Test/987736/9877360264/9877360264.avi,0,3,0.4691404,0.16685103,0.090890706,0.27311784
1772,/mnt/c/Users/puneet/Downloads/DAiSEE/DataSet/Test/987736/987736027/987736027.avi,0,3,0.45793998,0.17528994,0.092102356,0.27466774
1773,/mnt/c/Users/puneet/Downloads/DAiSEE/DataSet/Test/987736/9877360270/9877360270.avi,0,1,0.45386824,0.17709728,0.09115038,0.2778841
1774,/mnt/c/Users/puneet/Downloads/DAiSEE/DataSet/Test/987736/9877360271/9877360271.avi,0,2,0.44618183,0.18047747,0.09625855,0.27708215
1775,/mnt/c/Users/puneet/Downloads/DAiSEE/DataSet/Test/987736/9877360273/9877360273.avi,0,3,0.45807943,0.1730641,0.091360606,0.27749586
1776,/mnt/c/Users/puneet/Downloads/DAiSEE/DataSet/Test/987736/9877360279/9877360279.avi,0,2,0.45477572,0.1737744,0.092743516,0.27870634
1777,/mnt/c/Users/puneet/Downloads/DAiSEE/DataSet/Test/987736/987736028/987736028.avi,0,2,0.46917722,0.16711058,0.09062405,0.27308816
1778,/mnt/c/Users/puneet/Downloads/DAiSEE/DataSet/Test/987736/9877360281/9877360281.avi,0,3,0.45327437,0.17580125,0.09057683,0.28034756
1779,/mnt/c/Users/puneet/Downloads/DAiSEE/DataSet/Test/987736/987736029/987736029.avi,0,3,0.4688206,0.1648252,0.090161465,0.27619272
1780,/mnt/c/Users/puneet/Downloads/DAiSEE/DataSet/Test/998826/998826011/998826011.avi,0,3,0.46338636,0.16933799,0.0907231,0.27655256
1781,/mnt/c/Users/puneet/Downloads/DAiSEE/DataSet/Test/998826/9988260112/9988260112.avi,0,3,0.45195282,0.17780645,0.091647826,0.2785929
1782,/mnt/c/Users/puneet/Downloads/DAiSEE/DataSet/Test/998826/9988260115/9988260115.avi,0,3,0.46108797,0.17231983,0.09186153,0.27473065
1783,/mnt/c/Users/puneet/Downloads/DAiSEE/DataSet/Test/998826/9988260119/9988260119.avi,0,2,0.46384937,0.1690253,0.090206236,0.2769191
