clip_id,clip_path,pred_engagement,true_engagement,prob_class_0,prob_class_1,prob_class_2,prob_class_3
0,/mnt/c/Users/puneet/Downloads/DAiSEE/DataSet/Test/500044/5000441001/5000441001.avi,3,2,0.13654721,0.16737837,0.31611362,0.37996075
1,/mnt/c/Users/puneet/Downloads/DAiSEE/DataSet/Test/500044/5000441002/5000441002.avi,3,2,0.09491657,0.13102289,0.29571548,0.478345
2,/mnt/c/Users/puneet/Downloads/DAiSEE/DataSet/Test/500044/5000441003/5000441003.avi,2,2,0.16943711,0.19184834,0.32166326,0.3170513
3,/mnt/c/Users/puneet/Downloads/DAiSEE/DataSet/Test/500044/5000441005/5000441005.avi,2,2,0.18139978,0.19993894,0.32196414,0.29669714
4,/mnt/c/Users/puneet/Downloads/DAiSEE/DataSet/Test/500044/5000441006/5000441006.avi,2,2,0.18208343,0.20038898,0.32195717,0.2955704
5,/mnt/c/Users/puneet/Downloads/DAiSEE/DataSet/Test/500044/5000441007/5000441007.avi,2,2,0.18232608,0.20054838,0.3219541,0.29517138
6,/mnt/c/Users/puneet/Downloads/DAiSEE/DataSet/Test/500044/5000441008/5000441008.avi,2,2,0.17068239,0.1927098,0.32173306,0.3148747
7,/mnt/c/Users/puneet/Downloads/DAiSEE/DataSet/Test/500044/5000441009/5000441009.avi,2,3,0.18268561,0.20078431,0.32194898,0.29458106
8,/mnt/c/Users/puneet/Downloads/DAiSEE/DataSet/Test/500044/5000441010/5000441010.avi,2,2,0.18236296,0.20057261,0.3219536,0.29511076
9,/mnt/c/Users/puneet/Downloads/DAiSEE/DataSet/Test/500044/5000441012/5000441012.avi,3,2,0.15779479,0.18357135,0.32054758,0.33808625
10,/mnt/c/Users/puneet/Downloads/DAiSEE/DataSet/Test/500044/5000441013/5000441013.avi,2,2,0.18064234,0.1994388,0.3219689,0.29795003
11,/mnt/c/Users/puneet/Downloads/DAiSEE/DataSet/Test/500044/5000441014/5000441014.avi,2,2,0.17200051,0.19361676,0.32179695,0.31258574
12,/mnt/c/Users/puneet/Downloads/DAiSEE/DataSet/Test/500044/5000441015/5000441015.avi,2,2,0.18242171,0.20061119,0.3219528,0.29501426
13,/mnt/c/Users/puneet/Downloads/DAiSEE/DataSet/Test/500044/5000441016/5000441016.avi,2,3,0.18207425,0.20038295,0.3219573,0.29558545
14,/mnt/c/Users/puneet/Downloads/DAiSEE/DataSet/Test/500044/5000441017/5000441017.avi,2,2,0.18257411,0.20071118,0.32195064,0.29476407
15,/mnt/c/Users/puneet/Downloads/DAiSEE/DataSet/Test/500044/5000441018/5000441018.avi,2,3,0.18236586,0.20057452,0.3219536,0.29510608
16,/mnt/c/Users/puneet/Downloads/DAiSEE/DataSet/Test/500044/5000441021/5000441021.avi,2,3,0.18162845,0.2000896,0.32196206,0.2963198
17,/mnt/c/Users/puneet/Downloads/DAiSEE/DataSet/Test/500044/5000441022/5000441022.avi,2,2,0.18198626,0.20032509,0.32195833,0.29573032
18,/mnt/c/Users/puneet/Downloads/DAiSEE/DataSet/Test/500044/5000441023/5000441023.avi,2,3,0.18242186,0.20061128,0.32195282,0.29501405
19,/mnt/c/Users/puneet/Downloads/DAiSEE/DataSet/Test/500044/5000441024/5000441024.avi,2,1,0.1820108,0.20034122,0.32195804,0.2956899
20,/mnt/c/Users/puneet/Downloads/DAiSEE/DataSet/Test/500044/5000441027/5000441027.avi,2,3,0.18245725,0.20063451,0.3219523,0.2949559
21,/mnt/c/Users/puneet/Downloads/DAiSEE/DataSet/Test/500044/5000441030/5000441030.avi,2,2,0.181755,0.20017296,0.32196084,0.2961112
22,/mnt/c/Users/puneet/Downloads/DAiSEE/DataSet/Test/500044/5000441031/5000441031.avi,2,2,0.18204664,0.20036478,0.32195762,0.29563093
23,/mnt/c/Users/puneet/Downloads/DAiSEE/DataSet/Test/500044/5000441032/5000441032.avi,2,2,0.18048604,0.19933538,0.32196948,0.29820913
24,/mnt/c/Users/puneet/Downloads/DAiSEE/DataSet/Test/500044/5000441033/5000441033.avi,2,2,0.18121226,0.19981527,0.3219656,0.29700685
25,/mnt/c/Users/puneet/Downloads/DAiSEE/DataSet/Test/500044/5000441034/5000441034.avi,3,2,0.086846,0.12314825,0.28937763,0.5006281
26,/mnt/c/Users/puneet/Downloads/DAiSEE/DataSet/Test/500044/5000441035/5000441035.avi,2,3,0.17873658,0.1981732,0.32196698,0.30112326
27,/mnt/c/Users/puneet/Downloads/DAiSEE/DataSet/Test/500044/5000441037/5000441037.avi,2,2,0.1817182,0.20014872,0.3219612,0.29617184
28,/mnt/c/Users/puneet/Downloads/DAiSEE/DataSet/Test/500044/5000441038/5000441038.avi,2,3,0.18145713,0.19997674,0.32196364,0.29660246
29,/mnt/c/Users/puneet/Downloads/DAiSEE/DataSet/Test/500044/5000441039/5000441039.avi,2,3,0.18201318,0.2003428,0.32195804,0.295686
30,/mnt/c/Users/puneet/Downloads/DAiSEE/DataSet/Test/500044/5000441040/5000441040.avi,2,3,0.18231222,0.2005393,0.32195434,0.29519424
31,/mnt/c/Users/puneet/Downloads/DAiSEE/DataSet/Test/500044/5000441041/5000441041.avi,2,3,0.18052813,0.19936325,0.32196933,0.2981393
32,/mnt/c/Users/puneet/Downloads/DAiSEE/DataSet/Test/500044/5000441042/5000441042.avi,2,2,0.1733039,0.1945086,0.32185012,0.31033742
33,/mnt/c/Users/puneet/Downloads/DAiSEE/DataSet/Test/500044/5000441043/5000441043.avi,3,2,0.16646403,0.18977314,0.3214589,0.32230398
34,/mnt/c/Users/puneet/Downloads/DAiSEE/DataSet/Test/500044/5000441044/5000441044.avi,2,2,0.18096429,0.19965158,0.32196727,0.2974169
35,/mnt/c/Users/puneet/Downloads/DAiSEE/DataSet/Test/500044/5000441045/5000441045.avi,2,2,0.18161456,0.20008047,0.32196224,0.29634276
36,/mnt/c/Users/puneet/Downloads/DAiSEE/DataSet/Test/500044/5000441046/5000441046.avi,2,3,0.18173501,0.20015979,0.32196108,0.29614422
37,/mnt/c/Users/puneet/Downloads/DAiSEE/DataSet/Test/500044/5000441047/5000441047.avi,2,2,0.17675251,0.19684465,0.3219436,0.30445924
38,/mnt/c/Users/puneet/Downloads/DAiSEE/DataSet/Test/500044/5000441048/5000441048.avi,2,2,0.18151505,0.20001492,0.32196316,0.29650688
39,/mnt/c/Users/puneet/Downloads/DAiSEE/DataSet/Test/500044/5000441050/5000441050.avi,2,2,0.181411,0.19994633,0.32196406,0.29667866
40,/mnt/c/Users/puneet/Downloads/DAiSEE/DataSet/Test/500044/5000441051/5000441051.avi,3,2,0.16073084,0.18569715,0.32091022,0.3326618
41,/mnt/c/Users/puneet/Downloads/DAiSEE/DataSet/Test/500044/5000441052/5000441052.avi,2,2,0.17361528,0.19472092,0.32186136,0.3098024
42,/mnt/c/Users/puneet/Downloads/DAiSEE/DataSet/Test/500044/5000441053/5000441053.avi,2,3,0.1824388,0.2006224,0.32195258,0.2949862
43,/mnt/c/Users/puneet/Downloads/DAiSEE/DataSet/Test/500044/5000441054/5000441054.avi,3,2,0.16650474,0.18980172,0.32146206,0.3222315
44,/mnt/c/Users/puneet/Downloads/DAiSEE/DataSet/Test/500044/5000441055/5000441055.avi,2,3,0.18206109,0.2003743,0.32195747,0.29560715
45,/mnt/c/Users/puneet/Downloads/DAiSEE/DataSet/Test/500044/5000441058/5000441058.avi,2,1,0.18278766,0.2008512,0.3219474,0.29441372
46,/mnt/c/Users/puneet/Downloads/DAiSEE/DataSet/Test/500044/5000441059/5000441059.avi,2,2,0.17240669,0.19389522,0.3218146,0.3118835
47,/mnt/c/Users/puneet/Downloads/DAiSEE/DataSet/Test/500044/5000441061/5000441061.avi,2,3,0.17982,0.19889395,0.3219705,0.29931557
48,/mnt/c/Users/puneet/Downloads/DAiSEE/DataSet/Test/500044/5000441062/5000441062.avi,2,2,0.18188436,0.20025808,0.32195947,0.2958981
49,/mnt/c/Users/puneet/Downloads/DAiSEE/DataSet/Test/500044/5000441064/5000441064.avi,2,2,0.18135805,0.19991143,0.3219645,0.29676604
50,/mnt/c/Users/puneet/Downloads/DAiSEE/DataSet/Test/500044/5000441065/5000441065.avi,2,2,0.18232168,0.2005455,0.3219542,0.29517868
51,/mnt/c/Users/puneet/Downloads/DAiSEE/DataSet/Test/500044/5000441066/5000441066.avi,2,2,0.1823388,0.20055677,0.32195395,0.2951505
52,/mnt/c/Users/puneet/Downloads/DAiSEE/DataSet/Test/500044/5000441067/5000441067.avi,2,1,0.17429417,0.19518289,0.32188392,0.30863902
53,/mnt/c/Users/puneet/Downloads/DAiSEE/DataSet/Test/500044/5000441068/5000441068.avi,3,2,0.15893643,0.18440107,0.32069528,0.33596718
54,/mnt/c/Users/puneet/Downloads/DAiSEE/DataSet/Test/500044/5000441069/5000441069.avi,2,2,0.18243815,0.20062196,0.32195258,0.29498726
55,/mnt/c/Users/puneet/Downloads/DAiSEE/DataSet/Test/500044/5000441070/5000441070.avi,2,3,0.18253487,0.20068544,0.3219512,0.29482847
56,/mnt/c/Users/puneet/Downloads/DAiSEE/DataSet/Test/500044/5000441071/5000441071.avi,2,3,0.18219733,0.20046383,0.3219558,0.29538307
57,/mnt/c/Users/puneet/Downloads/DAiSEE/DataSet/Test/500044/5000441072/5000441072.avi,2,3,0.18224345,0.20049414,0.3219552,0.29530725
58,/mnt/c/Users/puneet/Downloads/DAiSEE/DataSet/Test/500044/5000442001/5000442001.avi,3,3,0.15963963,0.18491015,0.320782,0.33466822
59,/mnt/c/Users/puneet/Downloads/DAiSEE/DataSet/Test/500044/5000442002/5000442002.avi,2,2,0.18202868,0.20035298,0.32195783,0.29566047
60,/mnt/c/Users/puneet/Downloads/DAiSEE/DataSet/Test/500044/5000442003/5000442003.avi,2,2,0.17942329,0.19863042,0.32196996,0.29997632
61,/mnt/c/Users/puneet/Downloads/DAiSEE/DataSet/Test/500044/5000442004/5000442004.avi,3,2,0.13627869,0.16716428,0.31603557,0.38052148
62,/mnt/c/Users/puneet/Downloads/DAiSEE/DataSet/Test/500044/5000442005/5000442005.avi,2,2,0.18208499,0.20039001,0.32195714,0.2955678
63,/mnt/c/Users/puneet/Downloads/DAiSEE/DataSet/Test/500044/5000442007/5000442007.avi,2,2,0.18242103,0.20061073,0.32195282,0.29501542
64,/mnt/c/Users/puneet/Downloads/DAiSEE/DataSet/Test/500044/5000442008/5000442008.avi,2,2,0.18206507,0.2003769,0.3219574,0.2956006
65,/mnt/c/Users/puneet/Downloads/DAiSEE/DataSet/Test/500044/5000442009/5000442009.avi,2,3,0.17625843,0.19651206,0.32193434,0.3052951
66,/mnt/c/Users/puneet/Downloads/DAiSEE/DataSet/Test/500044/5000442010/5000442010.avi,3,2,0.16196388,0.18658213,0.3210458,0.33040828
67,/mnt/c/Users/puneet/Downloads/DAiSEE/DataSet/Test/500044/5000442014/5000442014.avi,2,3,0.16862728,0.19128567,0.32161292,0.31847417
68,/mnt/c/Users/puneet/Downloads/DAiSEE/DataSet/Test/500044/5000442015/5000442015.avi,2,2,0.18218406,0.20045511,0.32195595,0.29540488
69,/mnt/c/Users/puneet/Downloads/DAiSEE/DataSet/Test/500044/5000442016/5000442016.avi,2,2,0.18184572,0.20023265,0.32195988,0.29596174
70,/mnt/c/Users/puneet/Downloads/DAiSEE/DataSet/Test/500044/5000442019/5000442019.avi,2,2,0.1816551,0.20010716,0.32196182,0.29627588
71,/mnt/c/Users/puneet/Downloads/DAiSEE/DataSet/Test/500044/5000442021/5000442021.avi,2,2,0.17872024,0.1981623,0.32196686,0.3011506
72,/mnt/c/Users/puneet/Downloads/DAiSEE/DataSet/Test/500044/5000442022/5000442022.avi,2,3,0.17813013,0.19776832,0.32196215,0.3021394
73,/mnt/c/Users/puneet/Downloads/DAiSEE/DataSet/Test/500044/5000442024/5000442024.avi,2,2,0.18221577,0.20047593,0.32195553,0.2953527
74,/mnt/c/Users/puneet/Downloads/DAiSEE/DataSet/Test/500044/5000442025/5000442025.avi,2,2,0.18217114,0.2004466,0.3219561,0.29542613
75,/mnt/c/Users/puneet/Downloads/DAiSEE/DataSet/Test/500044/5000442026/5000442026.avi,2,2,0.18199712,0.20033224,0.32195818,0.29571238
76,/mnt/c/Users/puneet/Downloads/DAiSEE/DataSet/Test/500044/5000442027/5000442027.avi,2,3,0.17775849,0.19751966,0.3219582,0.30276364
77,/mnt/c/Users/puneet/Downloads/DAiSEE/DataSet/Test/500044/5000442028/5000442028.avi,2,2,0.17557767,0.19605266,0.32191935,0.30645025
78,/mnt/c/Users/puneet/Downloads/DAiSEE/DataSet/Test/500044/5000442029/5000442029.avi,2,3,0.1783701,0.19792865,0.3219643,0.30173692
79,/mnt/c/Users/puneet/Downloads/DAiSEE/DataSet/Test/500044/5000442033/5000442033.avi,2,2,0.16742367,0.19044581,0.32153073,0.3205998
80,/mnt/c/Users/puneet/Downloads/DAiSEE/DataSet/Test/500044/5000442034/5000442034.avi,2,3,0.1817647,0.20017934,0.32196075,0.29609525
81,/mnt/c/Users/puneet/Downloads/DAiSEE/DataSet/Test/500044/5000442035/5000442035.avi,2,3,0.17386872,0.19489354,0.32187012,0.3093677
82,/mnt/c/Users/puneet/Downloads/DAiSEE/DataSet/Test/500044/5000442036/5000442036.avi,2,2,0.16967715,0.19201475,0.32167742,0.3166306
83,/mnt/c/Users/puneet/Downloads/DAiSEE/DataSet/Test/500044/5000442037/5000442037.avi,2,3,0.18100649,0.19967945,0.321967,0.2973471
84,/mnt/c/Users/puneet/Downloads/DAiSEE/DataSet/Test/500044/5000442038/5000442038.avi,2,3,0.18152587,0.20002204,0.32196304,0.29648906
85,/mnt/c/Users/puneet/Downloads/DAiSEE/DataSet/Test/500044/5000442039/5000442039.avi,2,3,0.18156414,0.20004725,0.3219627,0.2964259
86,/mnt/c/Users/puneet/Downloads/DAiSEE/DataSet/Test/500044/5000442040/5000442040.avi,2,3,0.18143529,0.19996235,0.32196385,0.29663855
87,/mnt/c/Users/puneet/Downloads/DAiSEE/DataSet/Test/500044/5000442042/5000442042.avi,2,2,0.18264022,0.20075454,0.32194966,0.29465553
88,/mnt/c/Users/puneet/Downloads/DAiSEE/DataSet/Test/500044/5000442043/5000442043.avi,2,3,0.18209302,0.20039527,0.32195705,0.2955546
89,/mnt/c/Users/puneet/Downloads/DAiSEE/DataSet/Test/500044/5000442045/5000442045.avi,2,3,0.18092084,0.19962288,0.3219675,0.2974888
90,/mnt/c/Users/puneet/Downloads/DAiSEE/DataSet/Test/500044/5000442047/5000442047.avi,2,2,0.1820649,0.20037681,0.3219574,0.29560092
91,/mnt/c/Users/puneet/Downloads/DAiSEE/DataSet/Test/500044/5000442048/5000442048.avi,2,2,0.18211553,0.20041008,0.32195684,0.29551762
92,/mnt/c/Users/puneet/Downloads/DAiSEE/DataSet/Test/500044/5000442050/5000442050.avi,2,2,0.18209624,0.2003974,0.32195702,0.29554933
93,/mnt/c/Users/puneet/Downloads/DAiSEE/DataSet/Test/500044/5000442051/5000442051.avi,2,2,0.18184686,0.2002334,0.32195988,0.2959599
94,/mnt/c/Users/puneet/Downloads/DAiSEE/DataSet/Test/500044/5000442052/5000442052.avi,2,2,0.18048461,0.19933443,0.32196948,0.2982115
95,/mnt/c/Users/puneet/Downloads/DAiSEE/DataSet/Test/500044/5000442053/5000442053.avi,2,2,0.18284115,0.20088626,0.32194653,0.29432604
96,/mnt/c/Users/puneet/Downloads/DAiSEE/DataSet/Test/500044/5000442054/5000442054.avi,2,3,0.18219632,0.20046316,0.3219558,0.29538473
97,/mnt/c/Users/puneet/Downloads/DAiSEE/DataSet/Test/500044/5000442055/5000442055.avi,2,3,0.18201037,0.20034094,0.32195804,0.29569063
98,/mnt/c/Users/puneet/Downloads/DAiSEE/DataSet/Test/500044/5000442056/5000442056.avi,2,2,0.17169565,0.19340745,0.3217831,0.3131138
99,/mnt/c/Users/puneet/Downloads/DAiSEE/DataSet/Test/500044/5000442057/5000442057.avi,2,3,0.18210424,0.20040265,0.3219569,0.2955361
100,/mnt/c/Users/puneet/Downloads/DAiSEE/DataSet/Test/500044/5000442058/5000442058.avi,2,3,0.18275332,0.20082869,0.32194793,0.29447007
101,/mnt/c/Users/puneet/Downloads/DAiSEE/DataSet/Test/500044/5000442059/5000442059.avi,2,3,0.18284345,0.20088774,0.3219465,0.29432228
102,/mnt/c/Users/puneet/Downloads/DAiSEE/DataSet/Test/500044/5000442060/5000442060.avi,2,2,0.18173786,0.20016165,0.32196102,0.29613948
103,/mnt/c/Users/puneet/Downloads/DAiSEE/DataSet/Test/500044/5000442062/5000442062.avi,2,2,0.1822211,0.20047945,0.3219555,0.29534397
104,/mnt/c/Users/puneet/Downloads/DAiSEE/DataSet/Test/500044/5000442063/5000442063.avi,2,3,0.18234614,0.20056155,0.32195383,0.29513842
105,/mnt/c/Users/puneet/Downloads/DAiSEE/DataSet/Test/500044/5000442064/5000442064.avi,2,3,0.18239443,0.20059326,0.32195315,0.29505906
106,/mnt/c/Users/puneet/Downloads/DAiSEE/DataSet/Test/500044/5000442065/5000442065.avi,2,3,0.18236157,0.2005717,0.32195362,0.29511306
107,/mnt/c/Users/puneet/Downloads/DAiSEE/DataSet/Test/500044/5000442066/5000442066.avi,2,3,0.1830066,0.20099461,0.3219438,0.29405496
108,/mnt/c/Users/puneet/Downloads/DAiSEE/DataSet/Test/500044/5000442067/5000442067.avi,2,2,0.18144727,0.19997023,0.32196373,0.2966187
109,/mnt/c/Users/puneet/Downloads/DAiSEE/DataSet/Test/500044/5000442068/5000442068.avi,2,3,0.18109882,0.1997404,0.32196638,0.29719436
110,/mnt/c/Users/puneet/Downloads/DAiSEE/DataSet/Test/500044/5000442069/5000442069.avi,2,3,0.18157515,0.20005451,0.32196257,0.29640773
111,/mnt/c/Users/puneet/Downloads/DAiSEE/DataSet/Test/500044/5000442070/5000442070.avi,2,3,0.18242268,0.20061181,0.3219528,0.2950127
112,/mnt/c/Users/puneet/Downloads/DAiSEE/DataSet/Test/500044/5000442072/5000442072.avi,2,2,0.18205874,0.20037276,0.3219575,0.29561105
113,/mnt/c/Users/puneet/Downloads/DAiSEE/DataSet/Test/500044/5000442073/5000442073.avi,2,3,0.18232033,0.20054463,0.32195422,0.29518092
114,/mnt/c/Users/puneet/Downloads/DAiSEE/DataSet/Test/500044/5000442074/5000442074.avi,2,2,0.18233705,0.20055561,0.32195398,0.29515344
115,/mnt/c/Users/puneet/Downloads/DAiSEE/DataSet/Test/500044/5000442075/5000442075.avi,2,2,0.18232192,0.20054567,0.32195416,0.29517823
116,/mnt/c/Users/puneet/Downloads/DAiSEE/DataSet/Test/500044/5000442076/5000442076.avi,2,2,0.18185551,0.20023909,0.3219598,0.2959456
117,/mnt/c/Users/puneet/Downloads/DAiSEE/DataSet/Test/500044/5000442077/5000442077.avi,3,2,0.15908016,0.18450525,0.3207133,0.33570132
118,/mnt/c/Users/puneet/Downloads/DAiSEE/DataSet/Test/500044/5000442078/5000442078.avi,2,2,0.181946,0.2002986,0.32195878,0.2957966
119,/mnt/c/Users/puneet/Downloads/DAiSEE/DataSet/Test/500067/5000671001/5000671001.avi,2,3,0.18324237,0.2011489,0.32193968,0.29366904
120,/mnt/c/Users/puneet/Downloads/DAiSEE/DataSet/Test/500067/5000671002/5000671002.avi,2,2,0.18119754,0.19980554,0.3219657,0.29703116
121,/mnt/c/Users/puneet/Downloads/DAiSEE/DataSet/Test/500067/5000671003/5000671003.avi,3,2,0.14468762,0.17375429,0.31820786,0.3633503
122,/mnt/c/Users/puneet/Downloads/DAiSEE/DataSet/Test/500067/5000671004/5000671004.avi,2,3,0.18413082,0.2017289,0.32192138,0.2922189
123,/mnt/c/Users/puneet/Downloads/DAiSEE/DataSet/Test/500067/5000671005/5000671005.avi,2,2,0.18004109,0.1990406,0.32197043,0.2989478
124,/mnt/c/Users/puneet/Downloads/DAiSEE/DataSet/Test/500067/5000671006/5000671006.avi,2,2,0.18188539,0.20025876,0.32195944,0.29589635
125,/mnt/c/Users/puneet/Downloads/DAiSEE/DataSet/Test/500067/5000671008/5000671008.avi,2,3,0.18325023,0.20115405,0.32193953,0.29365623
126,/mnt/c/Users/puneet/Downloads/DAiSEE/DataSet/Test/500067/5000671009/5000671009.avi,2,2,0.17844261,0.19797707,0.32196492,0.30161548
127,/mnt/c/Users/puneet/Downloads/DAiSEE/DataSet/Test/500067/5000671010/5000671010.avi,2,3,0.18063198,0.19943193,0.3219689,0.2979672
128,/mnt/c/Users/puneet/Downloads/DAiSEE/DataSet/Test/500067/5000671011/5000671011.avi,2,3,0.17496121,0.19563551,0.3219035,0.30749977
129,/mnt/c/Users/puneet/Downloads/DAiSEE/DataSet/Test/500067/5000671012/5000671012.avi,2,3,0.18198383,0.2003235,0.32195836,0.29573432
130,/mnt/c/Users/puneet/Downloads/DAiSEE/DataSet/Test/500067/5000671013/5000671013.avi,2,2,0.17932473,0.19856487,0.32196972,0.30014077
131,/mnt/c/Users/puneet/Downloads/DAiSEE/DataSet/Test/500067/5000671014/5000671014.avi,2,3,0.182175,0.20044915,0.32195607,0.29541975
132,/mnt/c/Users/puneet/Downloads/DAiSEE/DataSet/Test/500067/5000671015/5000671015.avi,2,3,0.17485318,0.1955623,0.32190055,0.30768406
133,/mnt/c/Users/puneet/Downloads/DAiSEE/DataSet/Test/500067/5000671016/5000671016.avi,2,2,0.17090805,0.19286545,0.3217447,0.31448174
134,/mnt/c/Users/puneet/Downloads/DAiSEE/DataSet/Test/500067/5000671017/5000671017.avi,2,2,0.18229732,0.20052952,0.32195446,0.29521862
135,/mnt/c/Users/puneet/Downloads/DAiSEE/DataSet/Test/500067/5000671018/5000671018.avi,2,3,0.18323152,0.20114179,0.32193983,0.2936868
136,/mnt/c/Users/puneet/Downloads/DAiSEE/DataSet/Test/500067/5000671019/5000671019.avi,2,2,0.17340383,0.19457676,0.32185376,0.31016558
137,/mnt/c/Users/puneet/Downloads/DAiSEE/DataSet/Test/500067/5000671020/5000671020.avi,2,2,0.1840478,0.2016748,0.3219233,0.2923541
138,/mnt/c/Users/puneet/Downloads/DAiSEE/DataSet/Test/500067/5000671022/5000671022.avi,2,2,0.17887752,0.19826713,0.32196778,0.30088753
139,/mnt/c/Users/puneet/Downloads/DAiSEE/DataSet/Test/500067/5000671023/5000671023.avi,2,3,0.18303056,0.2010103,0.3219434,0.2940158
140,/mnt/c/Users/puneet/Downloads/DAiSEE/DataSet/Test/500067/5000671024/5000671024.avi,2,2,0.18049268,0.19933979,0.32196945,0.2981981
141,/mnt/c/Users/puneet/Downloads/DAiSEE/DataSet/Test/500067/5000671026/5000671026.avi,2,3,0.1835797,0.20136939,0.3219332,0.2931177
142,/mnt/c/Users/puneet/Downloads/DAiSEE/DataSet/Test/500067/5000671027/5000671027.avi,2,2,0.18198189,0.20032223,0.32195842,0.29573753
143,/mnt/c/Users/puneet/Downloads/DAiSEE/DataSet/Test/500067/5000671028/5000671028.avi,3,3,0.13541697,0.16647561,0.31578106,0.3823263
144,/mnt/c/Users/puneet/Downloads/DAiSEE/DataSet/Test/500067/5000671029/5000671029.avi,2,2,0.18178025,0.20018958,0.3219606,0.29606962
145,/mnt/c/Users/puneet/Downloads/DAiSEE/DataSet/Test/500067/5000671030/5000671030.avi,2,3,0.16927756,0.19173762,0.32165366,0.31733117
146,/mnt/c/Users/puneet/Downloads/DAiSEE/DataSet/Test/500067/5000671031/5000671031.avi,2,2,0.17639248,0.19660237,0.321937,0.3050681
147,/mnt/c/Users/puneet/Downloads/DAiSEE/DataSet/Test/500067/5000671032/5000671032.avi,2,3,0.17731644,0.19722341,0.3219525,0.3035077
148,/mnt/c/Users/puneet/Downloads/DAiSEE/DataSet/Test/500067/5000671033/5000671033.avi,2,3,0.17471796,0.1954706,0.32189667,0.30791473
149,/mnt/c/Users/puneet/Downloads/DAiSEE/DataSet/Test/500067/5000671034/5000671034.avi,2,2,0.17977215,0.19886218,0.3219705,0.2993952
150,/mnt/c/Users/puneet/Downloads/DAiSEE/DataSet/Test/500067/5000671035/5000671035.avi,2,3,0.17939854,0.19861397,0.3219699,0.30001763
151,/mnt/c/Users/puneet/Downloads/DAiSEE/DataSet/Test/500067/5000671036/5000671036.avi,2,2,0.17881371,0.19822462,0.32196745,0.30099425
152,/mnt/c/Users/puneet/Downloads/DAiSEE/DataSet/Test/500067/5000671037/5000671037.avi,3,2,0.13438569,0.16564812,0.31546843,0.38449782
153,/mnt/c/Users/puneet/Downloads/DAiSEE/DataSet/Test/500067/5000671038/5000671038.avi,2,2,0.18378343,0.20150238,0.321929,0.29278514
154,/mnt/c/Users/puneet/Downloads/DAiSEE/DataSet/Test/500067/5000671039/5000671039.avi,3,2,0.16622598,0.18960586,0.3214402,0.3227279
155,/mnt/c/Users/puneet/Downloads/DAiSEE/DataSet/Test/500067/5000671040/5000671040.avi,3,2,0.1606067,0.18560782,0.32089603,0.3328895
156,/mnt/c/Users/puneet/Downloads/DAiSEE/DataSet/Test/500067/5000671041/5000671041.avi,2,1,0.17854874,0.19804789,0.3219657,0.3014377
157,/mnt/c/Users/puneet/Downloads/DAiSEE/DataSet/Test/500067/5000671042/5000671042.avi,2,1,0.17019247,0.19237143,0.3217067,0.31572938
158,/mnt/c/Users/puneet/Downloads/DAiSEE/DataSet/Test/500067/5000671043/5000671043.avi,2,2,0.17987499,0.19893043,0.3219705,0.29922408
159,/mnt/c/Users/puneet/Downloads/DAiSEE/DataSet/Test/500067/5000671046/5000671046.avi,3,2,0.1641273,0.18812375,0.3212602,0.32648873
160,/mnt/c/Users/puneet/Downloads/DAiSEE/DataSet/Test/500067/5000671047/5000671047.avi,2,2,0.18186212,0.20024344,0.3219597,0.29593474
161,/mnt/c/Users/puneet/Downloads/DAiSEE/DataSet/Test/500067/5000671048/5000671048.avi,2,1,0.18454053,0.20199566,0.32191154,0.2915523
162,/mnt/c/Users/puneet/Downloads/DAiSEE/DataSet/Test/500067/5000671049/5000671049.avi,2,1,0.18356866,0.20136216,0.32193342,0.2931357
163,/mnt/c/Users/puneet/Downloads/DAiSEE/DataSet/Test/500067/5000671050/5000671050.avi,2,2,0.16895048,0.19151045,0.32163346,0.3179056
164,/mnt/c/Users/puneet/Downloads/DAiSEE/DataSet/Test/500067/5000671051/5000671051.avi,2,2,0.17976567,0.19885789,0.3219705,0.29940596
165,/mnt/c/Users/puneet/Downloads/DAiSEE/DataSet/Test/500067/5000671053/5000671053.avi,2,2,0.17551327,0.19600913,0.32191783,0.3065598
166,/mnt/c/Users/puneet/Downloads/DAiSEE/DataSet/Test/500067/5000671055/5000671055.avi,2,2,0.18367332,0.20143053,0.32193133,0.29296482
167,/mnt/c/Users/puneet/Downloads/DAiSEE/DataSet/Test/500067/5000671056/5000671056.avi,2,3,0.18192418,0.20028427,0.32195905,0.2958325
168,/mnt/c/Users/puneet/Downloads/DAiSEE/DataSet/Test/500067/5000671057/5000671057.avi,2,2,0.1808095,0.1995493,0.3219681,0.29767308
169,/mnt/c/Users/puneet/Downloads/DAiSEE/DataSet/Test/500067/5000671058/5000671058.avi,2,1,0.17767799,0.19746576,0.32195726,0.30289906
170,/mnt/c/Users/puneet/Downloads/DAiSEE/DataSet/Test/500067/5000671059/5000671059.avi,3,2,0.16263185,0.1870596,0.32111514,0.32919335
171,/mnt/c/Users/puneet/Downloads/DAiSEE/DataSet/Test/500067/5000671060/5000671060.avi,2,2,0.16822636,0.19100638,0.3215865,0.31918073
172,/mnt/c/Users/puneet/Downloads/DAiSEE/DataSet/Test/500067/5000671061/5000671061.avi,2,1,0.1790259,0.198366,0.32196853,0.30063954
173,/mnt/c/Users/puneet/Downloads/DAiSEE/DataSet/Test/500067/5000671062/5000671062.avi,2,2,0.18003461,0.19903633,0.32197043,0.29895863
174,/mnt/c/Users/puneet/Downloads/DAiSEE/DataSet/Test/500067/5000671063/5000671063.avi,2,2,0.17684276,0.19690533,0.32194516,0.30430678
175,/mnt/c/Users/puneet/Downloads/DAiSEE/DataSet/Test/500067/5000671064/5000671064.avi,2,3,0.18242407,0.20061272,0.3219528,0.29501042
176,/mnt/c/Users/puneet/Downloads/DAiSEE/DataSet/Test/500067/5000671065/5000671065.avi,2,2,0.17598541,0.19632798,0.32192868,0.30575797
177,/mnt/c/Users/puneet/Downloads/DAiSEE/DataSet/Test/500067/5000671066/5000671066.avi,2,2,0.1804054,0.19928199,0.32196975,0.29834294
178,/mnt/c/Users/puneet/Downloads/DAiSEE/DataSet/Test/500067/5000671067/5000671067.avi,2,2,0.1801819,0.19913395,0.32197022,0.29871386
179,/mnt/c/Users/puneet/Downloads/DAiSEE/DataSet/Test/500067/5000671069/5000671069.avi,2,1,0.17952527,0.1986982,0.3219702,0.29980636
180,/mnt/c/Users/puneet/Downloads/DAiSEE/DataSet/Test/500067/5000671070/5000671070.avi,2,1,0.17649159,0.19666909,0.32193887,0.3049004
181,/mnt/c/Users/puneet/Downloads/DAiSEE/DataSet/Test/500067/5000671071/5000671071.avi,2,2,0.16924034,0.1917118,0.32165137,0.31739643
182,/mnt/c/Users/puneet/Downloads/DAiSEE/DataSet/Test/500067/5000672002/5000672002.avi,3,2,0.16636074,0.18970057,0.32145083,0.32248786
183,/mnt/c/Users/puneet/Downloads/DAiSEE/DataSet/Test/500067/5000672004/5000672004.avi,2,2,0.18298481,0.20098034,0.32194418,0.29409066
184,/mnt/c/Users/puneet/Downloads/DAiSEE/DataSet/Test/500067/5000672005/5000672005.avi,2,2,0.18050052,0.19934495,0.32196942,0.2981851
185,/mnt/c/Users/puneet/Downloads/DAiSEE/DataSet/Test/500067/5000672006/5000672006.avi,2,3,0.18038751,0.19927016,0.3219698,0.2983726
186,/mnt/c/Users/puneet/Downloads/DAiSEE/DataSet/Test/500067/5000672007/5000672007.avi,2,2,0.1829744,0.20097353,0.32194436,0.29410774
187,/mnt/c/Users/puneet/Downloads/DAiSEE/DataSet/Test/500067/5000672008/5000672008.avi,2,2,0.18442848,0.20192276,0.32191435,0.29173446
188,/mnt/c/Users/puneet/Downloads/DAiSEE/DataSet/Test/500067/5000672010/5000672010.avi,2,2,0.18449008,0.20196283,0.3219128,0.2916343
189,/mnt/c/Users/puneet/Downloads/DAiSEE/DataSet/Test/500067/5000672011/5000672011.avi,2,3,0.18369347,0.20144367,0.3219309,0.29293197
190,/mnt/c/Users/puneet/Downloads/DAiSEE/DataSet/Test/500067/5000672012/5000672012.avi,2,2,0.18447544,0.20195329,0.32191315,0.29165807
191,/mnt/c/Users/puneet/Downloads/DAiSEE/DataSet/Test/500067/5000672013/5000672013.avi,2,3,0.18016651,0.19912376,0.32197028,0.29873946
192,/mnt/c/Users/puneet/Downloads/DAiSEE/DataSet/Test/500067/5000672014/5000672014.avi,2,3,0.18342607,0.20126902,0.32193622,0.29336867
193,/mnt/c/Users/puneet/Downloads/DAiSEE/DataSet/Test/500067/5000672016/5000672016.avi,2,2,0.18273696,0.20081797,0.32194817,0.29449683
194,/mnt/c/Users/puneet/Downloads/DAiSEE/DataSet/Test/500067/5000672017/5000672017.avi,2,2,0.18258727,0.2007198,0.32195044,0.29474247
195,/mnt/c/Users/puneet/Downloads/DAiSEE/DataSet/Test/500067/5000672019/5000672019.avi,2,3,0.18430711,0.20184375,0.32191727,0.29193193
196,/mnt/c/Users/puneet/Downloads/DAiSEE/DataSet/Test/500067/5000672020/5000672020.avi,2,3,0.18210605,0.20040384,0.3219569,0.29553315
197,/mnt/c/Users/puneet/Downloads/DAiSEE/DataSet/Test/500067/5000672021/5000672021.avi,2,3,0.18449543,0.2019663,0.32191265,0.29162556
198,/mnt/c/Users/puneet/Downloads/DAiSEE/DataSet/Test/500067/5000672022/5000672022.avi,2,3,0.1850086,0.20229979,0.3218992,0.29079238
199,/mnt/c/Users/puneet/Downloads/DAiSEE/DataSet/Test/500067/5000672023/5000672023.avi,2,2,0.17730144,0.19721334,0.32195225,0.30353293
200,/mnt/c/Users/puneet/Downloads/DAiSEE/DataSet/Test/500067/5000672024/5000672024.avi,2,2,0.18170092,0.20013733,0.32196137,0.29620034
201,/mnt/c/Users/puneet/Downloads/DAiSEE/DataSet/Test/500067/5000672025/5000672025.avi,2,3,0.18374279,0.20147586,0.32192987,0.29285145
202,/mnt/c/Users/puneet/Downloads/DAiSEE/DataSet/Test/500067/5000672026/5000672026.avi,2,3,0.18376274,0.20148888,0.32192945,0.2928189
203,/mnt/c/Users/puneet/Downloads/DAiSEE/DataSet/Test/500067/5000672027/5000672027.avi,2,2,0.17140256,0.19320595,0.3217692,0.3136222
204,/mnt/c/Users/puneet/Downloads/DAiSEE/DataSet/Test/500067/5000672030/5000672030.avi,2,2,0.18463798,0.20205902,0.32190907,0.2913939
205,/mnt/c/Users/puneet/Downloads/DAiSEE/DataSet/Test/500067/5000672031/5000672031.avi,2,2,0.18239525,0.20059381,0.32195318,0.29505777
206,/mnt/c/Users/puneet/Downloads/DAiSEE/DataSet/Test/500067/5000672033/5000672033.avi,2,2,0.18389396,0.2015745,0.32192665,0.29260483
207,/mnt/c/Users/puneet/Downloads/DAiSEE/DataSet/Test/500067/5000672034/5000672034.avi,2,2,0.1843299,0.20185857,0.32191673,0.29189482
208,/mnt/c/Users/puneet/Downloads/DAiSEE/DataSet/Test/500067/5000672035/5000672035.avi,2,3,0.18202466,0.20035034,0.3219579,0.29566708
209,/mnt/c/Users/puneet/Downloads/DAiSEE/DataSet/Test/500067/5000672036/5000672036.avi,2,2,0.18346727,0.20129593,0.32193545,0.29330137
210,/mnt/c/Users/puneet/Downloads/DAiSEE/DataSet/Test/500067/5000672038/5000672038.avi,2,3,0.17942353,0.19863059,0.32196996,0.29997593
211,/mnt/c/Users/puneet/Downloads/DAiSEE/DataSet/Test/500067/5000672042/5000672042.avi,2,3,0.1805629,0.19938624,0.3219692,0.29808173
212,/mnt/c/Users/puneet/Downloads/DAiSEE/DataSet/Test/500067/5000672043/5000672043.avi,2,3,0.18296576,0.20096786,0.3219445,0.2941219
213,/mnt/c/Users/puneet/Downloads/DAiSEE/DataSet/Test/500067/5000672044/5000672044.avi,2,3,0.17990889,0.19895293,0.3219705,0.29916766
214,/mnt/c/Users/puneet/Downloads/DAiSEE/DataSet/Test/500067/5000672045/5000672045.avi,2,3,0.17837006,0.19792861,0.32196426,0.30173698
215,/mnt/c/Users/puneet/Downloads/DAiSEE/DataSet/Test/500067/5000672046/5000672046.avi,2,2,0.18392661,0.20159578,0.3219259,0.2925516
216,/mnt/c/Users/puneet/Downloads/DAiSEE/DataSet/Test/500067/5000672047/5000672047.avi,2,2,0.1829419,0.20095223,0.32194492,0.294161
217,/mnt/c/Users/puneet/Downloads/DAiSEE/DataSet/Test/500067/5000672048/5000672048.avi,2,2,0.18503447,0.20231658,0.3218985,0.29075044
218,/mnt/c/Users/puneet/Downloads/DAiSEE/DataSet/Test/500067/5000672049/5000672049.avi,2,2,0.1827807,0.20084664,0.32194752,0.2944252
219,/mnt/c/Users/puneet/Downloads/DAiSEE/DataSet/Test/500067/5000672050/5000672050.avi,2,2,0.18300483,0.20099345,0.32194385,0.2940579
220,/mnt/c/Users/puneet/Downloads/DAiSEE/DataSet/Test/500067/5000672051/5000672051.avi,2,3,0.18242379,0.20061253,0.32195276,0.29501086
221,/mnt/c/Users/puneet/Downloads/DAiSEE/DataSet/Test/500067/5000672052/5000672052.avi,2,3,0.1823732,0.20057935,0.32195348,0.295094
222,/mnt/c/Users/puneet/Downloads/DAiSEE/DataSet/Test/500067/5000672053/5000672053.avi,2,2,0.18171827,0.20014876,0.32196122,0.29617175
223,/mnt/c/Users/puneet/Downloads/DAiSEE/DataSet/Test/500067/5000672054/5000672054.avi,2,3,0.18199506,0.20033088,0.3219582,0.2957158
224,/mnt/c/Users/puneet/Downloads/DAiSEE/DataSet/Test/500067/5000672055/5000672055.avi,2,3,0.18414256,0.20173657,0.3219211,0.29219976
225,/mnt/c/Users/puneet/Downloads/DAiSEE/DataSet/Test/500067/5000672056/5000672056.avi,2,3,0.18021964,0.19915895,0.32197016,0.2986512
226,/mnt/c/Users/puneet/Downloads/DAiSEE/DataSet/Test/500067/5000672057/5000672057.avi,2,2,0.16753706,0.19052513,0.32153887,0.320399
227,/mnt/c/Users/puneet/Downloads/DAiSEE/DataSet/Test/500067/5000672058/5000672058.avi,2,2,0.18296407,0.20096676,0.32194453,0.29412463
228,/mnt/c/Users/puneet/Downloads/DAiSEE/DataSet/Test/500067/5000672059/5000672059.avi,2,2,0.18113352,0.19976331,0.32196614,0.29713696
229,/mnt/c/Users/puneet/Downloads/DAiSEE/DataSet/Test/500067/5000672060/5000672060.avi,2,2,0.18250372,0.200665,0.3219517,0.29487967
230,/mnt/c/Users/puneet/Downloads/DAiSEE/DataSet/Test/500067/5000672062/5000672062.avi,2,3,0.18072264,0.19949189,0.32196856,0.29781696
231,/mnt/c/Users/puneet/Downloads/DAiSEE/DataSet/Test/500067/5000672064/5000672064.avi,2,2,0.18402869,0.20166235,0.3219237,0.29238528
232,/mnt/c/Users/puneet/Downloads/DAiSEE/DataSet/Test/500067/5000672065/5000672065.avi,2,2,0.18265319,0.20076306,0.32194948,0.2946343
233,/mnt/c/Users/puneet/Downloads/DAiSEE/DataSet/Test/500067/5000672066/5000672066.avi,2,2,0.18088174,0.19959703,0.3219677,0.29755348
234,/mnt/c/Users/puneet/Downloads/DAiSEE/DataSet/Test/500067/5000672067/5000672067.avi,2,2,0.18161322,0.20007958,0.32196224,0.29634494
235,/mnt/c/Users/puneet/Downloads/DAiSEE/DataSet/Test/500067/5000672068/5000672068.avi,2,2,0.181234,0.19982961,0.32196546,0.29697096
236,/mnt/c/Users/puneet/Downloads/DAiSEE/DataSet/Test/500067/5000672070/5000672070.avi,3,3,0.08522498,0.12152945,0.2879869,0.5052586
237,/mnt/c/Users/puneet/Downloads/DAiSEE/DataSet/Test/500067/5000672071/5000672071.avi,3,2,0.16416937,0.18815358,0.3212641,0.32641292
238,/mnt/c/Users/puneet/Downloads/DAiSEE/DataSet/Test/500067/5000672072/5000672072.avi,3,2,0.017638482,0.037610695,0.16296928,0.78178155
239,/mnt/c/Users/puneet/Downloads/DAiSEE/DataSet/Test/500067/5000672074/5000672074.avi,3,3,0.112941265,0.14758469,0.30679157,0.43268245
240,/mnt/c/Users/puneet/Downloads/DAiSEE/DataSet/Test/500067/5000672075/5000672075.avi,2,3,0.1773809,0.19726665,0.32195342,0.3033991
241,/mnt/c/Users/puneet/Downloads/DAiSEE/DataSet/Test/500067/5000672076/5000672076.avi,2,3,0.1837463,0.20147815,0.32192978,0.2928457
242,/mnt/c/Users/puneet/Downloads/DAiSEE/DataSet/Test/500067/5000672077/5000672077.avi,2,2,0.18126668,0.19985117,0.3219652,0.29691696
243,/mnt/c/Users/puneet/Downloads/DAiSEE/DataSet/Test/500067/5000672081/5000672081.avi,2,2,0.16978666,0.19209062,0.3216838,0.3164389
244,/mnt/c/Users/puneet/Downloads/DAiSEE/DataSet/Test/500067/5000672082/5000672082.avi,2,2,0.1685527,0.19123375,0.32160807,0.31860554
245,/mnt/c/Users/puneet/Downloads/DAiSEE/DataSet/Test/500095/5000951001/5000951001.avi,2,2,0.1772006,0.19714569,0.32195082,0.30370292
246,/mnt/c/Users/puneet/Downloads/DAiSEE/DataSet/Test/500095/5000951002/5000951002.avi,2,2,0.17936845,0.19859396,0.32196984,0.30006778
247,/mnt/c/Users/puneet/Downloads/DAiSEE/DataSet/Test/500095/5000951003/5000951003.avi,2,3,0.18240213,0.20059833,0.32195312,0.29504648
248,/mnt/c/Users/puneet/Downloads/DAiSEE/DataSet/Test/500095/5000951004/5000951004.avi,2,2,0.17201483,0.1936266,0.32179758,0.31256098
249,/mnt/c/Users/puneet/Downloads/DAiSEE/DataSet/Test/500095/5000951005/5000951005.avi,2,2,0.18333241,0.20120777,0.321938,0.29352182
250,/mnt/c/Users/puneet/Downloads/DAiSEE/DataSet/Test/500095/5000951006/5000951006.avi,2,2,0.17062882,0.19267286,0.32173026,0.31496808
251,/mnt/c/Users/puneet/Downloads/DAiSEE/DataSet/Test/500095/5000951007/5000951007.avi,2,3,0.18309848,0.20105475,0.32194224,0.29390454
252,/mnt/c/Users/puneet/Downloads/DAiSEE/DataSet/Test/500095/5000951008/5000951008.avi,2,2,0.17494309,0.19562323,0.32190302,0.30753064
253,/mnt/c/Users/puneet/Downloads/DAiSEE/DataSet/Test/500095/5000951009/5000951009.avi,2,3,0.1821532,0.20043483,0.32195637,0.2954557
254,/mnt/c/Users/puneet/Downloads/DAiSEE/DataSet/Test/500095/5000951010/5000951010.avi,3,2,0.1237127,0.15686679,0.3116917,0.40772873
255,/mnt/c/Users/puneet/Downloads/DAiSEE/DataSet/Test/500095/5000951011/5000951011.avi,2,3,0.18306036,0.20102982,0.3219429,0.29396695
256,/mnt/c/Users/puneet/Downloads/DAiSEE/DataSet/Test/500095/5000951012/5000951012.avi,2,2,0.18324526,0.20115077,0.3219396,0.29366428
257,/mnt/c/Users/puneet/Downloads/DAiSEE/DataSet/Test/500095/5000951013/5000951013.avi,2,2,0.18195365,0.20030366,0.3219587,0.29578397
258,/mnt/c/Users/puneet/Downloads/DAiSEE/DataSet/Test/500095/5000951015/5000951015.avi,2,3,0.18217601,0.20044982,0.32195604,0.2954181
259,/mnt/c/Users/puneet/Downloads/DAiSEE/DataSet/Test/500095/5000951016/5000951016.avi,2,2,0.1825905,0.20072192,0.3219504,0.29473716
260,/mnt/c/Users/puneet/Downloads/DAiSEE/DataSet/Test/500095/5000951017/5000951017.avi,3,2,0.15684389,0.18287723,0.32041797,0.33986095
261,/mnt/c/Users/puneet/Downloads/DAiSEE/DataSet/Test/500095/5000951018/5000951018.avi,2,2,0.18264899,0.20076029,0.32194957,0.29464126
262,/mnt/c/Users/puneet/Downloads/DAiSEE/DataSet/Test/500095/5000951019/5000951019.avi,2,1,0.18080473,0.19954616,0.32196814,0.29768097
263,/mnt/c/Users/puneet/Downloads/DAiSEE/DataSet/Test/500095/5000951021/5000951021.avi,2,2,0.17493369,0.19561686,0.32190275,0.30754673
264,/mnt/c/Users/puneet/Downloads/DAiSEE/DataSet/Test/500095/5000951023/5000951023.avi,3,1,0.13193172,0.16366439,0.31468844,0.3897154
265,/mnt/c/Users/puneet/Downloads/DAiSEE/DataSet/Test/500095/5000951024/5000951024.avi,2,1,0.18212356,0.20041536,0.3219567,0.2955044
266,/mnt/c/Users/puneet/Downloads/DAiSEE/DataSet/Test/500095/5000951025/5000951025.avi,2,2,0.18311903,0.20106821,0.32194188,0.29387093
267,/mnt/c/Users/puneet/Downloads/DAiSEE/DataSet/Test/500095/5000951027/5000951027.avi,3,1,0.11320853,0.14782032,0.30692753,0.4320436
268,/mnt/c/Users/puneet/Downloads/DAiSEE/DataSet/Test/500095/5000951028/5000951028.avi,2,3,0.16940373,0.19182518,0.32166123,0.3171098
269,/mnt/c/Users/puneet/Downloads/DAiSEE/DataSet/Test/500095/5000951033/5000951033.avi,2,2,0.18110408,0.19974387,0.32196635,0.2971857
270,/mnt/c/Users/puneet/Downloads/DAiSEE/DataSet/Test/500095/5000951034/5000951034.avi,3,2,0.1605698,0.18558125,0.32089177,0.33295718
271,/mnt/c/Users/puneet/Downloads/DAiSEE/DataSet/Test/500095/5000951035/5000951035.avi,2,2,0.17598647,0.19632868,0.3219287,0.30575615
272,/mnt/c/Users/puneet/Downloads/DAiSEE/DataSet/Test/500095/5000951037/5000951037.avi,2,2,0.18230824,0.20053668,0.32195437,0.29520074
273,/mnt/c/Users/puneet/Downloads/DAiSEE/DataSet/Test/500095/5000951039/5000951039.avi,2,2,0.18253729,0.20068702,0.32195118,0.29482448
274,/mnt/c/Users/puneet/Downloads/DAiSEE/DataSet/Test/500095/5000951040/5000951040.avi,2,3,0.18331382,0.20119561,0.32193837,0.29355222
275,/mnt/c/Users/puneet/Downloads/DAiSEE/DataSet/Test/500095/5000951042/5000951042.avi,2,2,0.18296163,0.20096517,0.32194456,0.2941286
276,/mnt/c/Users/puneet/Downloads/DAiSEE/DataSet/Test/500095/5000951043/5000951043.avi,3,3,0.1551373,0.18162447,0.32017007,0.34306812
277,/mnt/c/Users/puneet/Downloads/DAiSEE/DataSet/Test/500095/5000951044/5000951044.avi,2,2,0.18336956,0.20123208,0.3219373,0.29346105
278,/mnt/c/Users/puneet/Downloads/DAiSEE/DataSet/Test/500095/5000951045/5000951045.avi,2,2,0.18119448,0.19980353,0.32196572,0.29703623
279,/mnt/c/Users/puneet/Downloads/DAiSEE/DataSet/Test/500095/5000951047/5000951047.avi,3,2,0.154936,0.18147612,0.32013953,0.3434483
280,/mnt/c/Users/puneet/Downloads/DAiSEE/DataSet/Test/500095/5000951049/5000951049.avi,2,3,0.18334487,0.20121594,0.32193777,0.29350144
281,/mnt/c/Users/puneet/Downloads/DAiSEE/DataSet/Test/500095/5000951051/5000951051.avi,3,3,0.15585102,0.1821495,0.32027614,0.34172335
282,/mnt/c/Users/puneet/Downloads/DAiSEE/DataSet/Test/500095/5000951052/5000951052.avi,2,2,0.17849456,0.19801174,0.32196528,0.30152842
283,/mnt/c/Users/puneet/Downloads/DAiSEE/DataSet/Test/500095/5000951053/5000951053.avi,2,2,0.17325097,0.19447248,0.32184812,0.31042835
284,/mnt/c/Users/puneet/Downloads/DAiSEE/DataSet/Test/500095/5000951054/5000951054.avi,2,3,0.17906483,0.1983919,0.3219687,0.30057448
285,/mnt/c/Users/puneet/Downloads/DAiSEE/DataSet/Test/500095/5000951055/5000951055.avi,2,2,0.18329325,0.20118219,0.32193872,0.2935858
286,/mnt/c/Users/puneet/Downloads/DAiSEE/DataSet/Test/500095/5000951056/5000951056.avi,2,3,0.18354177,0.20134461,0.32193395,0.29317966
287,/mnt/c/Users/puneet/Downloads/DAiSEE/DataSet/Test/500095/5000951057/5000951057.avi,2,3,0.18293329,0.2009466,0.321945,0.29417506
288,/mnt/c/Users/puneet/Downloads/DAiSEE/DataSet/Test/500095/5000951058/5000951058.avi,3,3,0.1601458,0.18527566,0.32084242,0.3337361
289,/mnt/c/Users/puneet/Downloads/DAiSEE/DataSet/Test/500095/5000951060/5000951060.avi,2,3,0.18365921,0.2014213,0.32193163,0.29298785
290,/mnt/c/Users/puneet/Downloads/DAiSEE/DataSet/Test/500095/5000951061/5000951061.avi,2,2,0.17287324,0.19421445,0.3218336,0.31107864
291,/mnt/c/Users/puneet/Downloads/DAiSEE/DataSet/Test/500095/5000951062/5000951062.avi,2,2,0.18169665,0.20013453,0.32196143,0.29620737
292,/mnt/c/Users/puneet/Downloads/DAiSEE/DataSet/Test/500095/5000951063/5000951063.avi,2,2,0.18352254,0.20133205,0.32193434,0.29321104
293,/mnt/c/Users/puneet/Downloads/DAiSEE/DataSet/Test/500095/5000951065/5000951065.avi,2,3,0.17408068,0.19503777,0.3218771,0.30900446
294,/mnt/c/Users/puneet/Downloads/DAiSEE/DataSet/Test/500095/5000951066/5000951066.avi,2,2,0.17941408,0.1986243,0.3219699,0.29999167
295,/mnt/c/Users/puneet/Downloads/DAiSEE/DataSet/Test/500095/5000951067/5000951067.avi,3,2,0.14785281,0.17617482,0.31888524,0.35708725
296,/mnt/c/Users/puneet/Downloads/DAiSEE/DataSet/Test/500095/5000952002/5000952002.avi,3,2,0.1295522,0.16172093,0.3138829,0.39484403
297,/mnt/c/Users/puneet/Downloads/DAiSEE/DataSet/Test/500095/5000952003/5000952003.avi,2,2,0.16798489,0.19083796,0.32157016,0.31960702
298,/mnt/c/Users/puneet/Downloads/DAiSEE/DataSet/Test/500095/5000952004/5000952004.avi,2,2,0.18222974,0.20048513,0.32195535,0.29532972
299,/mnt/c/Users/puneet/Downloads/DAiSEE/DataSet/Test/500095/5000952005/5000952005.avi,2,3,0.1673085,0.19036523,0.32152238,0.32080385
300,/mnt/c/Users/puneet/Downloads/DAiSEE/DataSet/Test/500095/5000952007/5000952007.avi,2,3,0.18025023,0.19917922,0.3219701,0.29860044
301,/mnt/c/Users/puneet/Downloads/DAiSEE/DataSet/Test/500095/5000952008/5000952008.avi,2,3,0.18296736,0.20096892,0.32194445,0.29411918
302,/mnt/c/Users/puneet/Downloads/DAiSEE/DataSet/Test/500095/5000952011/5000952011.avi,2,2,0.18209371,0.20039575,0.32195708,0.29555348
303,/mnt/c/Users/puneet/Downloads/DAiSEE/DataSet/Test/500095/5000952013/5000952013.avi,2,2,0.17201458,0.19362642,0.3217976,0.31256145
304,/mnt/c/Users/puneet/Downloads/DAiSEE/DataSet/Test/500095/5000952014/5000952014.avi,2,2,0.18219525,0.20046246,0.3219558,0.2953865
305,/mnt/c/Users/puneet/Downloads/DAiSEE/DataSet/Test/500095/5000952015/5000952015.avi,2,3,0.17837231,0.19793011,0.3219643,0.30173326
306,/mnt/c/Users/puneet/Downloads/DAiSEE/DataSet/Test/500095/5000952016/5000952016.avi,2,2,0.18135382,0.19990864,0.3219645,0.296773
307,/mnt/c/Users/puneet/Downloads/DAiSEE/DataSet/Test/500095/5000952017/5000952017.avi,3,2,0.06988314,0.105538584,0.27257675,0.5520016
308,/mnt/c/Users/puneet/Downloads/DAiSEE/DataSet/Test/500095/5000952018/5000952018.avi,2,2,0.18280429,0.20086211,0.32194716,0.2943865
309,/mnt/c/Users/puneet/Downloads/DAiSEE/DataSet/Test/500095/5000952020/5000952020.avi,3,2,0.16677852,0.18999389,0.32148305,0.3217445
310,/mnt/c/Users/puneet/Downloads/DAiSEE/DataSet/Test/500095/5000952021/5000952021.avi,2,2,0.182164,0.20044193,0.32195622,0.29543787
311,/mnt/c/Users/puneet/Downloads/DAiSEE/DataSet/Test/500095/5000952022/5000952022.avi,2,2,0.1801084,0.19908524,0.32197034,0.29883596
312,/mnt/c/Users/puneet/Downloads/DAiSEE/DataSet/Test/500095/5000952023/5000952023.avi,2,3,0.1817615,0.20017722,0.32196078,0.29610053
313,/mnt/c/Users/puneet/Downloads/DAiSEE/DataSet/Test/500095/5000952024/5000952024.avi,2,2,0.18339032,0.20124564,0.3219369,0.2934271
314,/mnt/c/Users/puneet/Downloads/DAiSEE/DataSet/Test/500095/5000952025/5000952025.avi,2,3,0.18248415,0.20065215,0.32195196,0.2949118
315,/mnt/c/Users/puneet/Downloads/DAiSEE/DataSet/Test/500095/5000952026/5000952026.avi,3,3,0.15372233,0.18057895,0.31994954,0.34574914
316,/mnt/c/Users/puneet/Downloads/DAiSEE/DataSet/Test/500095/5000952027/5000952027.avi,2,2,0.18268488,0.20078382,0.32194898,0.29458228
317,/mnt/c/Users/puneet/Downloads/DAiSEE/DataSet/Test/500095/5000952028/5000952028.avi,2,2,0.18322694,0.20113882,0.32193995,0.29369432
318,/mnt/c/Users/puneet/Downloads/DAiSEE/DataSet/Test/500095/5000952029/5000952029.avi,2,2,0.17646718,0.19665265,0.32193846,0.30494177
319,/mnt/c/Users/puneet/Downloads/DAiSEE/DataSet/Test/500095/5000952031/5000952031.avi,2,2,0.18058623,0.19940168,0.3219691,0.29804298
320,/mnt/c/Users/puneet/Downloads/DAiSEE/DataSet/Test/500095/5000952032/5000952032.avi,2,2,0.1775903,0.19740699,0.32195613,0.30304652
321,/mnt/c/Users/puneet/Downloads/DAiSEE/DataSet/Test/500095/5000952033/5000952033.avi,2,2,0.182631,0.20074849,0.3219498,0.2946707
322,/mnt/c/Users/puneet/Downloads/DAiSEE/DataSet/Test/500095/5000952034/5000952034.avi,2,1,0.18302959,0.20100966,0.3219434,0.29401731
323,/mnt/c/Users/puneet/Downloads/DAiSEE/DataSet/Test/500095/5000952035/5000952035.avi,3,2,0.058704756,0.09303193,0.25827911,0.5899842
324,/mnt/c/Users/puneet/Downloads/DAiSEE/DataSet/Test/500095/5000952036/5000952036.avi,2,2,0.16796781,0.19082603,0.32156897,0.3196372
325,/mnt/c/Users/puneet/Downloads/DAiSEE/DataSet/Test/500095/5000952038/5000952038.avi,2,3,0.17559096,0.19606166,0.3219197,0.30642772
326,/mnt/c/Users/puneet/Downloads/DAiSEE/DataSet/Test/500095/5000952040/5000952040.avi,2,3,0.18118928,0.1998001,0.32196575,0.2970448
327,/mnt/c/Users/puneet/Downloads/DAiSEE/DataSet/Test/500095/5000952041/5000952041.avi,2,2,0.1803924,0.1992734,0.32196978,0.29836443
328,/mnt/c/Users/puneet/Downloads/DAiSEE/DataSet/Test/500095/5000952042/5000952042.avi,2,2,0.18053408,0.19936717,0.32196933,0.29812947
329,/mnt/c/Users/puneet/Downloads/DAiSEE/DataSet/Test/500095/5000952044/5000952044.avi,2,2,0.1801602,0.19911957,0.32197028,0.29874998
330,/mnt/c/Users/puneet/Downloads/DAiSEE/DataSet/Test/500095/5000952045/5000952045.avi,2,2,0.18047084,0.19932532,0.32196954,0.2982343
331,/mnt/c/Users/puneet/Downloads/DAiSEE/DataSet/Test/500095/5000952046/5000952046.avi,2,3,0.18108283,0.19972984,0.3219665,0.2972208
332,/mnt/c/Users/puneet/Downloads/DAiSEE/DataSet/Test/500095/5000952048/5000952048.avi,2,2,0.17060034,0.1926532,0.32172877,0.3150177
333,/mnt/c/Users/puneet/Downloads/DAiSEE/DataSet/Test/500095/5000952050/5000952050.avi,2,3,0.18179673,0.20020041,0.3219604,0.29604244
334,/mnt/c/Users/puneet/Downloads/DAiSEE/DataSet/Test/500095/5000952052/5000952052.avi,2,2,0.18017308,0.19912812,0.32197025,0.29872853
335,/mnt/c/Users/puneet/Downloads/DAiSEE/DataSet/Test/500095/5000952053/5000952053.avi,2,3,0.18123086,0.19982755,0.32196546,0.29697618
336,/mnt/c/Users/puneet/Downloads/DAiSEE/DataSet/Test/500095/5000952054/5000952054.avi,2,2,0.17933491,0.19857165,0.3219697,0.30012372
337,/mnt/c/Users/puneet/Downloads/DAiSEE/DataSet/Test/500095/5000952055/5000952055.avi,2,2,0.18096484,0.19965194,0.32196724,0.2974159
338,/mnt/c/Users/puneet/Downloads/DAiSEE/DataSet/Test/500095/5000952060/5000952060.avi,2,2,0.16896719,0.19152208,0.32163453,0.31787622
339,/mnt/c/Users/puneet/Downloads/DAiSEE/DataSet/Test/500095/5000952061/5000952061.avi,2,2,0.1803028,0.19921406,0.32197,0.2985131
340,/mnt/c/Users/puneet/Downloads/DAiSEE/DataSet/Test/500095/5000952062/5000952062.avi,2,1,0.18105826,0.19971363,0.32196665,0.29726142
341,/mnt/c/Users/puneet/Downloads/DAiSEE/DataSet/Test/500095/5000952063/5000952063.avi,2,2,0.17977041,0.19886102,0.32197046,0.2993981
342,/mnt/c/Users/puneet/Downloads/DAiSEE/DataSet/Test/500095/5000952064/5000952064.avi,2,3,0.18048,0.19933137,0.32196948,0.29821908
343,/mnt/c/Users/puneet/Downloads/DAiSEE/DataSet/Test/500095/5000952065/5000952065.avi,2,2,0.18064357,0.1994396,0.32196888,0.2979479
344,/mnt/c/Users/puneet/Downloads/DAiSEE/DataSet/Test/500095/5000952066/5000952066.avi,3,2,0.15022156,0.17796528,0.3193442,0.352469
345,/mnt/c/Users/puneet/Downloads/DAiSEE/DataSet/Test/500095/5000952068/5000952068.avi,2,3,0.17992218,0.19896175,0.32197052,0.29914564
346,/mnt/c/Users/puneet/Downloads/DAiSEE/DataSet/Test/500095/5000952069/5000952069.avi,2,2,0.17103133,0.1929504,0.32175097,0.31426728
347,/mnt/c/Users/puneet/Downloads/DAiSEE/DataSet/Test/500095/5000952070/5000952070.avi,2,3,0.18042442,0.1992946,0.32196966,0.2983113
348,/mnt/c/Users/puneet/Downloads/DAiSEE/DataSet/Test/500095/5000952071/5000952071.avi,2,2,0.18120678,0.19981165,0.32196563,0.29701594
349,/mnt/c/Users/puneet/Downloads/DAiSEE/DataSet/Test/500095/5000952072/5000952072.avi,2,3,0.17987654,0.19893146,0.32197052,0.2992215
350,/mnt/c/Users/puneet/Downloads/DAiSEE/DataSet/Test/500095/5000952073/5000952073.avi,2,2,0.17638879,0.19659989,0.32193694,0.30507442
351,/mnt/c/Users/puneet/Downloads/DAiSEE/DataSet/Test/500095/5000952075/5000952075.avi,2,2,0.18167487,0.20012018,0.32196164,0.29624328
352,/mnt/c/Users/puneet/Downloads/DAiSEE/DataSet/Test/500095/5000952076/5000952076.avi,2,3,0.17229268,0.1938171,0.32180974,0.31208053
353,/mnt/c/Users/puneet/Downloads/DAiSEE/DataSet/Test/500095/5000952077/5000952077.avi,2,2,0.18052971,0.19936427,0.3219693,0.29813665
354,/mnt/c/Users/puneet/Downloads/DAiSEE/DataSet/Test/500095/5000952078/5000952078.avi,2,2,0.18012972,0.19909938,0.32197034,0.29880062
355,/mnt/c/Users/puneet/Downloads/DAiSEE/DataSet/Test/500095/5000952080/5000952080.avi,2,3,0.17986996,0.1989271,0.3219705,0.2992324
356,/mnt/c/Users/puneet/Downloads/DAiSEE/DataSet/Test/500095/5000952083/5000952083.avi,3,1,0.11528214,0.14963919,0.30795658,0.42712212
357,/mnt/c/Users/puneet/Downloads/DAiSEE/DataSet/Test/510009/5100091001/5100091001.avi,3,2,0.14977516,0.17762922,0.31926078,0.35333484
358,/mnt/c/Users/puneet/Downloads/DAiSEE/DataSet/Test/510009/5100091003/5100091003.avi,3,3,0.15049848,0.17817345,0.31939524,0.35193288
359,/mnt/c/Users/puneet/Downloads/DAiSEE/DataSet/Test/510009/5100091004/5100091004.avi,2,3,0.18314572,0.20108567,0.3219414,0.2938272
360,/mnt/c/Users/puneet/Downloads/DAiSEE/DataSet/Test/510009/5100091005/5100091005.avi,2,2,0.18369396,0.201444,0.32193092,0.2929312
361,/mnt/c/Users/puneet/Downloads/DAiSEE/DataSet/Test/510009/5100091006/5100091006.avi,2,2,0.1808478,0.1995746,0.32196793,0.2976097
362,/mnt/c/Users/puneet/Downloads/DAiSEE/DataSet/Test/510009/5100091007/5100091007.avi,2,3,0.18436828,0.20188357,0.3219158,0.2918324
363,/mnt/c/Users/puneet/Downloads/DAiSEE/DataSet/Test/510009/5100091008/5100091008.avi,2,3,0.16917723,0.19166799,0.32164752,0.31750727
364,/mnt/c/Users/puneet/Downloads/DAiSEE/DataSet/Test/510009/5100091009/5100091009.avi,3,2,0.16456454,0.1884336,0.32129997,0.32570183
365,/mnt/c/Users/puneet/Downloads/DAiSEE/DataSet/Test/510009/5100091010/5100091010.avi,2,3,0.18434495,0.20186839,0.32191634,0.29187033
366,/mnt/c/Users/puneet/Downloads/DAiSEE/DataSet/Test/510009/5100091012/5100091012.avi,3,2,0.042910017,0.073845044,0.23199818,0.6512468
367,/mnt/c/Users/puneet/Downloads/DAiSEE/DataSet/Test/510009/5100091017/5100091017.avi,3,2,0.15711029,0.18307197,0.3204549,0.33936286
368,/mnt/c/Users/puneet/Downloads/DAiSEE/DataSet/Test/510009/5100091019/5100091019.avi,2,2,0.18628211,0.20312424,0.32185987,0.2887338
369,/mnt/c/Users/puneet/Downloads/DAiSEE/DataSet/Test/510009/5100091020/5100091020.avi,2,3,0.1860899,0.2030001,0.32186633,0.28904364
370,/mnt/c/Users/puneet/Downloads/DAiSEE/DataSet/Test/510009/5100091025/5100091025.avi,2,2,0.18068784,0.19946888,0.32196867,0.29787457
371,/mnt/c/Users/puneet/Downloads/DAiSEE/DataSet/Test/510009/5100091026/5100091026.avi,2,3,0.18121602,0.19981776,0.3219656,0.29700068
372,/mnt/c/Users/puneet/Downloads/DAiSEE/DataSet/Test/510009/5100091027/5100091027.avi,2,2,0.18235724,0.20056885,0.32195368,0.29512018
373,/mnt/c/Users/puneet/Downloads/DAiSEE/DataSet/Test/510009/5100091028/5100091028.avi,2,2,0.1850776,0.20234458,0.32189727,0.2906805
374,/mnt/c/Users/puneet/Downloads/DAiSEE/DataSet/Test/510009/5100091032/5100091032.avi,2,3,0.18402995,0.20166318,0.3219237,0.29238322
375,/mnt/c/Users/puneet/Downloads/DAiSEE/DataSet/Test/510009/5100091033/5100091033.avi,2,2,0.18061823,0.19942282,0.32196897,0.29798996
376,/mnt/c/Users/puneet/Downloads/DAiSEE/DataSet/Test/510009/5100091034/5100091034.avi,2,3,0.18565644,0.20271975,0.32188022,0.2897435
377,/mnt/c/Users/puneet/Downloads/DAiSEE/DataSet/Test/510009/5100091035/5100091035.avi,2,3,0.18554218,0.20264578,0.32188377,0.28992832
378,/mnt/c/Users/puneet/Downloads/DAiSEE/DataSet/Test/510009/5100091036/5100091036.avi,2,3,0.18567766,0.20273349,0.3218796,0.28970924
379,/mnt/c/Users/puneet/Downloads/DAiSEE/DataSet/Test/510009/5100091038/5100091038.avi,2,3,0.18595426,0.20291242,0.32187077,0.2892625
380,/mnt/c/Users/puneet/Downloads/DAiSEE/DataSet/Test/510009/5100091039/5100091039.avi,2,3,0.18552253,0.20263304,0.32188436,0.2899601
381,/mnt/c/Users/puneet/Downloads/DAiSEE/DataSet/Test/510009/5100091042/5100091042.avi,2,3,0.18585697,0.2028495,0.32187393,0.28941956
382,/mnt/c/Users/puneet/Downloads/DAiSEE/DataSet/Test/510009/5100091046/5100091046.avi,2,3,0.1856956,0.20274511,0.32187906,0.28968027
383,/mnt/c/Users/puneet/Downloads/DAiSEE/DataSet/Test/510009/5100091049/5100091049.avi,2,1,0.18166421,0.20011316,0.32196173,0.29626086
384,/mnt/c/Users/puneet/Downloads/DAiSEE/DataSet/Test/510009/5100091050/5100091050.avi,2,2,0.17480698,0.19553098,0.3218992,0.30776283
385,/mnt/c/Users/puneet/Downloads/DAiSEE/DataSet/Test/510009/5100091051/5100091051.avi,2,2,0.18533318,0.20251036,0.32189,0.29026645
386,/mnt/c/Users/puneet/Downloads/DAiSEE/DataSet/Test/510009/5100091053/5100091053.avi,2,2,0.18555988,0.20265724,0.32188323,0.28989968
387,/mnt/c/Users/puneet/Downloads/DAiSEE/DataSet/Test/510009/5100091055/5100091055.avi,2,3,0.18572894,0.20276669,0.321878,0.2896264
388,/mnt/c/Users/puneet/Downloads/DAiSEE/DataSet/Test/510009/5100091056/5100091056.avi,2,2,0.18572111,0.20276162,0.32187822,0.289639
389,/mnt/c/Users/puneet/Downloads/DAiSEE/DataSet/Test/510009/5100091057/5100091057.avi,2,2,0.18572576,0.20276463,0.3218781,0.28963152
390,/mnt/c/Users/puneet/Downloads/DAiSEE/DataSet/Test/510009/5100091058/5100091058.avi,2,2,0.1837242,0.20146371,0.32193023,0.2928818
391,/mnt/c/Users/puneet/Downloads/DAiSEE/DataSet/Test/510009/5100091059/5100091059.avi,2,2,0.18307061,0.20103651,0.32194272,0.29395014
392,/mnt/c/Users/puneet/Downloads/DAiSEE/DataSet/Test/510009/5100091062/5100091062.avi,3,2,0.09451238,0.13063563,0.2954202,0.47943184
393,/mnt/c/Users/puneet/Downloads/DAiSEE/DataSet/Test/510009/5100091064/5100091064.avi,3,2,0.16521701,0.18889496,0.32135707,0.32453096
394,/mnt/c/Users/puneet/Downloads/DAiSEE/DataSet/Test/510009/5100091065/5100091065.avi,3,3,0.13220784,0.16388865,0.31477877,0.38912475
395,/mnt/c/Users/puneet/Downloads/DAiSEE/DataSet/Test/510009/5100091066/5100091066.avi,2,2,0.1852948,0.20248546,0.32189113,0.29032862
396,/mnt/c/Users/puneet/Downloads/DAiSEE/DataSet/Test/510009/5100091067/5100091067.avi,3,3,0.13992052,0.17004713,0.31704462,0.3729877
397,/mnt/c/Users/puneet/Downloads/DAiSEE/DataSet/Test/510009/5100091068/5100091068.avi,2,2,0.18267682,0.20077854,0.32194912,0.29459554
398,/mnt/c/Users/puneet/Downloads/DAiSEE/DataSet/Test/510009/5100091069/5100091069.avi,2,3,0.18525827,0.20246178,0.32189217,0.2903878
399,/mnt/c/Users/puneet/Downloads/DAiSEE/DataSet/Test/510009/5100092002/5100092002.avi,2,3,0.18572283,0.20276272,0.32187817,0.28963622
400,/mnt/c/Users/puneet/Downloads/DAiSEE/DataSet/Test/510009/5100092003/5100092003.avi,3,3,0.15701298,0.18300086,0.32044148,0.33954474
401,/mnt/c/Users/puneet/Downloads/DAiSEE/DataSet/Test/510009/5100092005/5100092005.avi,2,3,0.18460834,0.20203975,0.32190984,0.2914421
402,/mnt/c/Users/puneet/Downloads/DAiSEE/DataSet/Test/510009/5100092006/5100092006.avi,2,3,0.18408395,0.20169836,0.32192242,0.2922952
403,/mnt/c/Users/puneet/Downloads/DAiSEE/DataSet/Test/510009/5100092008/5100092008.avi,2,3,0.18472742,0.20211716,0.32190675,0.29124868
404,/mnt/c/Users/puneet/Downloads/DAiSEE/DataSet/Test/510009/5100092010/5100092010.avi,2,3,0.18592137,0.20289117,0.32187188,0.2893156
405,/mnt/c/Users/puneet/Downloads/DAiSEE/DataSet/Test/510009/5100092011/5100092011.avi,2,2,0.17824356,0.19784412,0.3219632,0.30194908
406,/mnt/c/Users/puneet/Downloads/DAiSEE/DataSet/Test/510009/5100092013/5100092013.avi,2,3,0.17955779,0.19871981,0.32197022,0.29975218
407,/mnt/c/Users/puneet/Downloads/DAiSEE/DataSet/Test/510009/5100092017/5100092017.avi,2,2,0.18400846,0.20164917,0.32192415,0.29241824
408,/mnt/c/Users/puneet/Downloads/DAiSEE/DataSet/Test/510009/5100092019/5100092019.avi,2,3,0.18520108,0.20242469,0.3218938,0.29048043
409,/mnt/c/Users/puneet/Downloads/DAiSEE/DataSet/Test/510009/5100092021/5100092021.avi,2,2,0.18513656,0.20238283,0.32189566,0.29058498
410,/mnt/c/Users/puneet/Downloads/DAiSEE/DataSet/Test/510009/5100092022/5100092022.avi,2,3,0.18449914,0.20196873,0.32191256,0.29161954
411,/mnt/c/Users/puneet/Downloads/DAiSEE/DataSet/Test/510009/5100092023/5100092023.avi,2,3,0.18469647,0.20209703,0.32190755,0.29129893
412,/mnt/c/Users/puneet/Downloads/DAiSEE/DataSet/Test/510009/5100092026/5100092026.avi,2,3,0.1827117,0.2008014,0.3219486,0.29453832
413,/mnt/c/Users/puneet/Downloads/DAiSEE/DataSet/Test/510009/5100092027/5100092027.avi,2,3,0.17390321,0.19491702,0.32187125,0.30930853
414,/mnt/c/Users/puneet/Downloads/DAiSEE/DataSet/Test/510009/5100092032/5100092032.avi,2,2,0.17991371,0.19895613,0.32197052,0.29915968
415,/mnt/c/Users/puneet/Downloads/DAiSEE/DataSet/Test/510009/5100092033/5100092033.avi,2,3,0.18430012,0.2018392,0.3219174,0.29194322
416,/mnt/c/Users/puneet/Downloads/DAiSEE/DataSet/Test/510009/5100092034/5100092034.avi,2,2,0.18539155,0.20254819,0.32188827,0.29017204
417,/mnt/c/Users/puneet/Downloads/DAiSEE/DataSet/Test/510009/5100092035/5100092035.avi,2,2,0.18558946,0.20267639,0.3218823,0.2898518
418,/mnt/c/Users/puneet/Downloads/DAiSEE/DataSet/Test/510009/5100092037/5100092037.avi,2,2,0.1836255,0.2013993,0.3219323,0.29304293
419,/mnt/c/Users/puneet/Downloads/DAiSEE/DataSet/Test/510009/5100092038/5100092038.avi,2,2,0.18562235,0.20269768,0.3218813,0.28979868
420,/mnt/c/Users/puneet/Downloads/DAiSEE/DataSet/Test/510009/5100092039/5100092039.avi,2,3,0.1857593,0.20278634,0.32187703,0.28957734
421,/mnt/c/Users/puneet/Downloads/DAiSEE/DataSet/Test/510009/5100092040/5100092040.avi,2,3,0.1856597,0.20272186,0.32188016,0.2897383
422,/mnt/c/Users/puneet/Downloads/DAiSEE/DataSet/Test/510009/5100092041/5100092041.avi,2,2,0.18591899,0.20288962,0.32187194,0.28931946
423,/mnt/c/Users/puneet/Downloads/DAiSEE/DataSet/Test/510009/5100092042/5100092042.avi,2,3,0.18585427,0.20284778,0.32187405,0.28942394
424,/mnt/c/Users/puneet/Downloads/DAiSEE/DataSet/Test/510009/5100092043/5100092043.avi,2,2,0.18599698,0.20294005,0.3218694,0.28919357
425,/mnt/c/Users/puneet/Downloads/DAiSEE/DataSet/Test/510009/5100092044/5100092044.avi,2,3,0.18595797,0.20291483,0.32187068,0.2892565
426,/mnt/c/Users/puneet/Downloads/DAiSEE/DataSet/Test/510009/5100092045/5100092045.avi,2,3,0.18588369,0.2028668,0.3218731,0.2893764
427,/mnt/c/Users/puneet/Downloads/DAiSEE/DataSet/Test/510009/5100092053/5100092053.avi,2,2,0.1800415,0.19904089,0.3219704,0.29894716
428,/mnt/c/Users/puneet/Downloads/DAiSEE/DataSet/Test/510009/5100092056/5100092056.avi,2,2,0.18588571,0.2028681,0.321873,0.28937316
429,/mnt/c/Users/puneet/Downloads/DAiSEE/DataSet/Test/510009/5100092057/5100092057.avi,2,2,0.18581936,0.20282519,0.32187515,0.28948033
430,/mnt/c/Users/puneet/Downloads/DAiSEE/DataSet/Test/510009/5100092060/5100092060.avi,2,3,0.18566936,0.20272812,0.32187986,0.28972265
431,/mnt/c/Users/puneet/Downloads/DAiSEE/DataSet/Test/510009/5100092061/5100092061.avi,2,3,0.18583055,0.20283243,0.3218748,0.28946224
432,/mnt/c/Users/puneet/Downloads/DAiSEE/DataSet/Test/510009/5100092062/5100092062.avi,2,2,0.18597372,0.20292501,0.32187018,0.28923112
433,/mnt/c/Users/puneet/Downloads/DAiSEE/DataSet/Test/510009/5100092063/5100092063.avi,2,2,0.18593433,0.20289955,0.32187146,0.2892947
434,/mnt/c/Users/puneet/Downloads/DAiSEE/DataSet/Test/510009/5100092064/5100092064.avi,2,3,0.18586722,0.20285614,0.3218736,0.28940305
435,/mnt/c/Users/puneet/Downloads/DAiSEE/DataSet/Test/510009/5100092065/5100092065.avi,2,2,0.18563955,0.20270881,0.32188076,0.28977084
436,/mnt/c/Users/puneet/Downloads/DAiSEE/DataSet/Test/510009/5100092067/5100092067.avi,2,3,0.18431991,0.20185207,0.32191697,0.29191113
437,/mnt/c/Users/puneet/Downloads/DAiSEE/DataSet/Test/510009/5100092068/5100092068.avi,2,2,0.18590929,0.20288335,0.32187226,0.2893351
438,/mnt/c/Users/puneet/Downloads/DAiSEE/DataSet/Test/510009/5100092069/5100092069.avi,2,3,0.18581446,0.202822,0.3218753,0.28948823
439,/mnt/c/Users/puneet/Downloads/DAiSEE/DataSet/Test/510009/5100092071/5100092071.avi,2,3,0.1804988,0.19934382,0.32196945,0.298188
440,/mnt/c/Users/puneet/Downloads/DAiSEE/DataSet/Test/510009/5100092072/5100092072.avi,2,3,0.18509206,0.20235397,0.3218969,0.2906571
441,/mnt/c/Users/puneet/Downloads/DAiSEE/DataSet/Test/510034/5100341002/5100341002.avi,2,2,0.1857195,0.20276058,0.3218783,0.28964165
442,/mnt/c/Users/puneet/Downloads/DAiSEE/DataSet/Test/510034/5100341003/5100341003.avi,2,2,0.18525025,0.20245658,0.3218924,0.2904008
443,/mnt/c/Users/puneet/Downloads/DAiSEE/DataSet/Test/510034/5100341004/5100341004.avi,2,3,0.18516806,0.20240326,0.32189474,0.29053393
444,/mnt/c/Users/puneet/Downloads/DAiSEE/DataSet/Test/510034/5100341005/5100341005.avi,2,2,0.18255012,0.20069544,0.321951,0.29480344
445,/mnt/c/Users/puneet/Downloads/DAiSEE/DataSet/Test/510034/5100341006/5100341006.avi,2,2,0.18540138,0.20255454,0.32188797,0.2901561
446,/mnt/c/Users/puneet/Downloads/DAiSEE/DataSet/Test/510034/5100341008/5100341008.avi,2,2,0.18547994,0.20260547,0.32188565,0.290029
447,/mnt/c/Users/puneet/Downloads/DAiSEE/DataSet/Test/510034/5100341009/5100341009.avi,2,2,0.18570924,0.20275393,0.3218786,0.2896582
448,/mnt/c/Users/puneet/Downloads/DAiSEE/DataSet/Test/510034/5100341010/5100341010.avi,2,2,0.18555549,0.20265439,0.32188338,0.2899068
449,/mnt/c/Users/puneet/Downloads/DAiSEE/DataSet/Test/510034/5100341012/5100341012.avi,2,3,0.18575107,0.202781,0.32187733,0.28959063
450,/mnt/c/Users/puneet/Downloads/DAiSEE/DataSet/Test/510034/5100341013/5100341013.avi,2,2,0.1825117,0.20067024,0.32195157,0.2948665
451,/mnt/c/Users/puneet/Downloads/DAiSEE/DataSet/Test/510034/5100341014/5100341014.avi,2,3,0.1856604,0.20272233,0.32188013,0.28973714
452,/mnt/c/Users/puneet/Downloads/DAiSEE/DataSet/Test/510034/5100341015/5100341015.avi,2,2,0.18501261,0.2023024,0.32189912,0.29078588
453,/mnt/c/Users/puneet/Downloads/DAiSEE/DataSet/Test/510034/5100341016/5100341016.avi,2,2,0.18519576,0.20242125,0.32189396,0.29048902
454,/mnt/c/Users/puneet/Downloads/DAiSEE/DataSet/Test/510034/5100341017/5100341017.avi,2,2,0.18529503,0.20248562,0.3218911,0.29032826
455,/mnt/c/Users/puneet/Downloads/DAiSEE/DataSet/Test/510034/5100341019/5100341019.avi,2,2,0.18547022,0.20259917,0.32188594,0.2900447
456,/mnt/c/Users/puneet/Downloads/DAiSEE/DataSet/Test/510034/5100341020/5100341020.avi,2,3,0.18560389,0.20268573,0.32188186,0.28982848
457,/mnt/c/Users/puneet/Downloads/DAiSEE/DataSet/Test/510034/5100341021/5100341021.avi,2,3,0.18562694,0.20270064,0.32188115,0.28979126
458,/mnt/c/Users/puneet/Downloads/DAiSEE/DataSet/Test/510034/5100341022/5100341022.avi,2,2,0.18575382,0.20278278,0.3218772,0.2895862
459,/mnt/c/Users/puneet/Downloads/DAiSEE/DataSet/Test/510034/5100341023/5100341023.avi,2,2,0.18541268,0.20256189,0.32188767,0.29013783
460,/mnt/c/Users/puneet/Downloads/DAiSEE/DataSet/Test/510034/5100341024/5100341024.avi,2,3,0.18553132,0.20263875,0.3218841,0.28994584
461,/mnt/c/Users/puneet/Downloads/DAiSEE/DataSet/Test/510034/5100341025/5100341025.avi,2,2,0.18510099,0.20235977,0.32189664,0.29064262
462,/mnt/c/Users/puneet/Downloads/DAiSEE/DataSet/Test/510034/5100341026/5100341026.avi,2,3,0.18340307,0.20125398,0.32193667,0.29340625
463,/mnt/c/Users/puneet/Downloads/DAiSEE/DataSet/Test/510034/5100341027/5100341027.avi,2,3,0.18569027,0.20274165,0.3218792,0.2896889
464,/mnt/c/Users/puneet/Downloads/DAiSEE/DataSet/Test/510034/5100341028/5100341028.avi,2,2,0.18532524,0.2025052,0.3218902,0.29027933
465,/mnt/c/Users/puneet/Downloads/DAiSEE/DataSet/Test/510034/5100341030/5100341030.avi,2,2,0.18567398,0.20273112,0.3218797,0.2897152
466,/mnt/c/Users/puneet/Downloads/DAiSEE/DataSet/Test/510034/5100341031/5100341031.avi,2,3,0.18585703,0.20284957,0.32187396,0.2894195
467,/mnt/c/Users/puneet/Downloads/DAiSEE/DataSet/Test/510034/5100341032/5100341032.avi,2,2,0.18589067,0.2028713,0.32187283,0.2893651
468,/mnt/c/Users/puneet/Downloads/DAiSEE/DataSet/Test/510034/5100341033/5100341033.avi,2,2,0.18573666,0.20277168,0.32187775,0.2896139
469,/mnt/c/Users/puneet/Downloads/DAiSEE/DataSet/Test/510034/5100341034/5100341034.avi,2,3,0.18572372,0.20276332,0.32187817,0.28963485
470,/mnt/c/Users/puneet/Downloads/DAiSEE/DataSet/Test/510034/5100341035/5100341035.avi,2,2,0.18564151,0.20271009,0.32188073,0.28976765
471,/mnt/c/Users/puneet/Downloads/DAiSEE/DataSet/Test/510034/5100341037/5100341037.avi,2,2,0.18539754,0.20255207,0.3218881,0.29016227
472,/mnt/c/Users/puneet/Downloads/DAiSEE/DataSet/Test/510034/5100341038/5100341038.avi,2,2,0.1857315,0.20276834,0.32187793,0.2896223
473,/mnt/c/Users/puneet/Downloads/DAiSEE/DataSet/Test/510034/5100341039/5100341039.avi,2,3,0.18555096,0.20265146,0.32188347,0.289914
474,/mnt/c/Users/puneet/Downloads/DAiSEE/DataSet/Test/510034/5100341042/5100341042.avi,2,2,0.18565239,0.20271716,0.3218804,0.2897501
475,/mnt/c/Users/puneet/Downloads/DAiSEE/DataSet/Test/510034/5100341043/5100341043.avi,2,1,0.18568131,0.20273586,0.32187948,0.28970334
476,/mnt/c/Users/puneet/Downloads/DAiSEE/DataSet/Test/510034/5100341046/5100341046.avi,2,2,0.18583812,0.20283732,0.32187456,0.28945002
477,/mnt/c/Users/puneet/Downloads/DAiSEE/DataSet/Test/510034/5100341048/5100341048.avi,2,3,0.18540923,0.20255965,0.32188776,0.29014343
478,/mnt/c/Users/puneet/Downloads/DAiSEE/DataSet/Test/510034/5100341050/5100341050.avi,2,3,0.18435252,0.2018733,0.32191616,0.29185802
479,/mnt/c/Users/puneet/Downloads/DAiSEE/DataSet/Test/510034/5100341052/5100341052.avi,2,3,0.18569626,0.20274553,0.32187903,0.2896792
480,/mnt/c/Users/puneet/Downloads/DAiSEE/DataSet/Test/510034/5100341054/5100341054.avi,2,3,0.18549699,0.2026165,0.32188514,0.29000136
481,/mnt/c/Users/puneet/Downloads/DAiSEE/DataSet/Test/510034/5100341055/5100341055.avi,2,3,0.18561246,0.20269129,0.32188162,0.28981468
482,/mnt/c/Users/puneet/Downloads/DAiSEE/DataSet/Test/510034/5100341056/5100341056.avi,2,2,0.18560348,0.20268546,0.32188186,0.28982913
483,/mnt/c/Users/puneet/Downloads/DAiSEE/DataSet/Test/510034/5100341057/5100341057.avi,2,2,0.18558845,0.20267574,0.32188237,0.28985348
484,/mnt/c/Users/puneet/Downloads/DAiSEE/DataSet/Test/510034/5100341058/5100341058.avi,2,3,0.18571037,0.20275466,0.32187858,0.28965643
485,/mnt/c/Users/puneet/Downloads/DAiSEE/DataSet/Test/510034/5100341061/5100341061.avi,2,2,0.18546723,0.20259722,0.32188603,0.29004955
486,/mnt/c/Users/puneet/Downloads/DAiSEE/DataSet/Test/510034/5100341062/5100341062.avi,2,3,0.18539616,0.20255117,0.32188815,0.29016453
487,/mnt/c/Users/puneet/Downloads/DAiSEE/DataSet/Test/510034/5100341065/5100341065.avi,2,3,0.18567866,0.20273414,0.32187957,0.28970763
488,/mnt/c/Users/puneet/Downloads/DAiSEE/DataSet/Test/510034/5100341067/5100341067.avi,2,3,0.1858291,0.20283148,0.32187483,0.28946456
489,/mnt/c/Users/puneet/Downloads/DAiSEE/DataSet/Test/510034/5100341068/5100341068.avi,2,3,0.18564269,0.20271085,0.32188067,0.28976578
490,/mnt/c/Users/puneet/Downloads/DAiSEE/DataSet/Test/510034/5100341070/5100341070.avi,2,3,0.18558742,0.20267506,0.32188237,0.2898551
491,/mnt/c/Users/puneet/Downloads/DAiSEE/DataSet/Test/510034/5100341071/5100341071.avi,2,3,0.18568875,0.20274068,0.32187927,0.28969133
492,/mnt/c/Users/puneet/Downloads/DAiSEE/DataSet/Test/510034/5100341072/5100341072.avi,2,3,0.1858714,0.20285885,0.3218735,0.28939626
493,/mnt/c/Users/puneet/Downloads/DAiSEE/DataSet/Test/510034/5100341074/5100341074.avi,2,1,0.18558948,0.2026764,0.3218823,0.2898518
494,/mnt/c/Users/puneet/Downloads/DAiSEE/DataSet/Test/510034/5100341075/5100341075.avi,2,3,0.18568252,0.20273663,0.32187945,0.28970143
495,/mnt/c/Users/puneet/Downloads/DAiSEE/DataSet/Test/510034/5100341076/5100341076.avi,2,3,0.18577093,0.20279385,0.32187667,0.28955853
496,/mnt/c/Users/puneet/Downloads/DAiSEE/DataSet/Test/510034/5100341077/5100341077.avi,2,2,0.1855618,0.20265847,0.32188317,0.28989658
497,/mnt/c/Users/puneet/Downloads/DAiSEE/DataSet/Test/510034/5100341078/5100341078.avi,2,3,0.18540761,0.20255859,0.32188782,0.29014602
498,/mnt/c/Users/puneet/Downloads/DAiSEE/DataSet/Test/510034/5100341079/5100341079.avi,2,3,0.1829671,0.20096876,0.3219445,0.29411972
499,/mnt/c/Users/puneet/Downloads/DAiSEE/DataSet/Test/510034/5100342002/5100342002.avi,3,3,0.13571705,0.16671573,0.3158704,0.38169682
500,/mnt/c/Users/puneet/Downloads/DAiSEE/DataSet/Test/510034/5100342003/5100342003.avi,3,2,0.1437828,0.17305635,0.31800044,0.36516038
501,/mnt/c/Users/puneet/Downloads/DAiSEE/DataSet/Test/510034/5100342007/5100342007.avi,2,3,0.18196708,0.20031248,0.32195854,0.29576188
502,/mnt/c/Users/puneet/Downloads/DAiSEE/DataSet/Test/510034/5100342008/5100342008.avi,2,2,0.18362409,0.20139837,0.32193232,0.29304522
503,/mnt/c/Users/puneet/Downloads/DAiSEE/DataSet/Test/510034/5100342009/5100342009.avi,2,2,0.1842054,0.20177752,0.32191965,0.29209745
504,/mnt/c/Users/puneet/Downloads/DAiSEE/DataSet/Test/510034/5100342012/5100342012.avi,2,2,0.18199912,0.20033355,0.32195818,0.29570916
505,/mnt/c/Users/puneet/Downloads/DAiSEE/DataSet/Test/510034/5100342016/5100342016.avi,2,2,0.18495195,0.20226301,0.32190076,0.29088426
506,/mnt/c/Users/puneet/Downloads/DAiSEE/DataSet/Test/510034/5100342017/5100342017.avi,2,3,0.18498142,0.20228215,0.32189995,0.29083642
507,/mnt/c/Users/puneet/Downloads/DAiSEE/DataSet/Test/510034/5100342018/5100342018.avi,2,2,0.18563946,0.20270877,0.3218808,0.28977102
508,/mnt/c/Users/puneet/Downloads/DAiSEE/DataSet/Test/510034/5100342020/5100342020.avi,2,3,0.18521199,0.20243177,0.3218935,0.2904628
509,/mnt/c/Users/puneet/Downloads/DAiSEE/DataSet/Test/510034/5100342022/5100342022.avi,2,0,0.1858561,0.20284896,0.32187396,0.28942096
510,/mnt/c/Users/puneet/Downloads/DAiSEE/DataSet/Test/510034/5100342023/5100342023.avi,2,1,0.18598063,0.20292948,0.32186994,0.28921995
511,/mnt/c/Users/puneet/Downloads/DAiSEE/DataSet/Test/510034/5100342024/5100342024.avi,2,1,0.18592443,0.20289312,0.32187176,0.28931066
512,/mnt/c/Users/puneet/Downloads/DAiSEE/DataSet/Test/510034/5100342025/5100342025.avi,2,2,0.18598932,0.2029351,0.32186967,0.28920594
513,/mnt/c/Users/puneet/Downloads/DAiSEE/DataSet/Test/510034/5100342028/5100342028.avi,2,1,0.18332444,0.20120257,0.3219382,0.29353487
514,/mnt/c/Users/puneet/Downloads/DAiSEE/DataSet/Test/510034/5100342030/5100342030.avi,2,2,0.1845257,0.201986,0.3219119,0.2915764
515,/mnt/c/Users/puneet/Downloads/DAiSEE/DataSet/Test/510034/5100342031/5100342031.avi,2,2,0.18461919,0.20204681,0.32190955,0.29142445
516,/mnt/c/Users/puneet/Downloads/DAiSEE/DataSet/Test/510034/5100342034/5100342034.avi,2,2,0.18465118,0.2020676,0.3219087,0.29137245
517,/mnt/c/Users/puneet/Downloads/DAiSEE/DataSet/Test/510034/5100342036/5100342036.avi,2,1,0.18234463,0.20056057,0.32195386,0.29514095
518,/mnt/c/Users/puneet/Downloads/DAiSEE/DataSet/Test/510034/5100342042/5100342042.avi,2,2,0.17746541,0.1973233,0.32195455,0.30325678
519,/mnt/c/Users/puneet/Downloads/DAiSEE/DataSet/Test/510034/5100342043/5100342043.avi,2,2,0.18474509,0.20212863,0.3219063,0.29121998
520,/mnt/c/Users/puneet/Downloads/DAiSEE/DataSet/Test/510034/5100342045/5100342045.avi,2,2,0.18492293,0.20224418,0.32190156,0.29093134
521,/mnt/c/Users/puneet/Downloads/DAiSEE/DataSet/Test/510034/5100342048/5100342048.avi,2,1,0.18571335,0.20275661,0.32187852,0.2896516
522,/mnt/c/Users/puneet/Downloads/DAiSEE/DataSet/Test/510035/5100351001/5100351001.avi,3,1,0.15988323,0.18508616,0.3208113,0.33421928
523,/mnt/c/Users/puneet/Downloads/DAiSEE/DataSet/Test/510035/5100351002/5100351002.avi,2,1,0.16976306,0.19207427,0.32168242,0.31648022
524,/mnt/c/Users/puneet/Downloads/DAiSEE/DataSet/Test/510035/5100351004/5100351004.avi,2,2,0.17052698,0.19260256,0.32172486,0.31514558
525,/mnt/c/Users/puneet/Downloads/DAiSEE/DataSet/Test/510035/5100351005/5100351005.avi,3,2,0.1633056,0.18753986,0.32118225,0.32797226
526,/mnt/c/Users/puneet/Downloads/DAiSEE/DataSet/Test/510035/5100351007/5100351007.avi,2,2,0.1859887,0.2029347,0.3218697,0.28920692
527,/mnt/c/Users/puneet/Downloads/DAiSEE/DataSet/Test/510035/5100351009/5100351009.avi,2,2,0.18490699,0.2022338,0.32190195,0.29095718
528,/mnt/c/Users/puneet/Downloads/DAiSEE/DataSet/Test/510035/5100351010/5100351010.avi,3,2,0.15586841,0.18216227,0.3202787,0.34169063
529,/mnt/c/Users/puneet/Downloads/DAiSEE/DataSet/Test/510035/5100351012/5100351012.avi,2,3,0.18622753,0.203089,0.3218617,0.28882173
530,/mnt/c/Users/puneet/Downloads/DAiSEE/DataSet/Test/510035/5100351013/5100351013.avi,2,1,0.18001968,0.1990264,0.3219704,0.29898342
531,/mnt/c/Users/puneet/Downloads/DAiSEE/DataSet/Test/510035/5100351015/5100351015.avi,2,2,0.1856364,0.20270678,0.32188088,0.2897759
532,/mnt/c/Users/puneet/Downloads/DAiSEE/DataSet/Test/510035/5100351016/5100351016.avi,2,2,0.18611577,0.20301682,0.3218655,0.28900194
533,/mnt/c/Users/puneet/Downloads/DAiSEE/DataSet/Test/510035/5100351019/5100351019.avi,2,2,0.17405239,0.19501851,0.32187617,0.30905288
534,/mnt/c/Users/puneet/Downloads/DAiSEE/DataSet/Test/510035/5100351020/5100351020.avi,2,2,0.18526033,0.20246312,0.3218921,0.2903844
535,/mnt/c/Users/puneet/Downloads/DAiSEE/DataSet/Test/510035/5100351021/5100351021.avi,2,2,0.18590686,0.20288177,0.32187232,0.28933898
536,/mnt/c/Users/puneet/Downloads/DAiSEE/DataSet/Test/510035/5100351022/5100351022.avi,2,0,0.18065956,0.19945018,0.32196882,0.29792145
537,/mnt/c/Users/puneet/Downloads/DAiSEE/DataSet/Test/510035/5100351023/5100351023.avi,2,2,0.18616359,0.2030477,0.32186386,0.2889248
538,/mnt/c/Users/puneet/Downloads/DAiSEE/DataSet/Test/510035/5100351024/5100351024.avi,2,2,0.18637165,0.20318204,0.32185677,0.28858948
539,/mnt/c/Users/puneet/Downloads/DAiSEE/DataSet/Test/510035/5100351025/5100351025.avi,2,2,0.16815636,0.19095758,0.32158178,0.31930426
540,/mnt/c/Users/puneet/Downloads/DAiSEE/DataSet/Test/510035/5100351026/5100351026.avi,2,3,0.18497856,0.20228031,0.32190004,0.2908411
541,/mnt/c/Users/puneet/Downloads/DAiSEE/DataSet/Test/510035/5100351032/5100351032.avi,2,3,0.18225713,0.2005031,0.32195503,0.29528475
542,/mnt/c/Users/puneet/Downloads/DAiSEE/DataSet/Test/510035/5100351034/5100351034.avi,2,3,0.18568279,0.20273681,0.32187948,0.28970098
543,/mnt/c/Users/puneet/Downloads/DAiSEE/DataSet/Test/510035/5100351035/5100351035.avi,2,2,0.18613964,0.20303224,0.3218647,0.28896347
544,/mnt/c/Users/puneet/Downloads/DAiSEE/DataSet/Test/510035/5100351036/5100351036.avi,2,2,0.1788639,0.19825807,0.32196772,0.30091032
545,/mnt/c/Users/puneet/Downloads/DAiSEE/DataSet/Test/510035/5100351038/5100351038.avi,2,2,0.18638298,0.20318934,0.3218564,0.28857133
546,/mnt/c/Users/puneet/Downloads/DAiSEE/DataSet/Test/510035/5100351039/5100351039.avi,2,3,0.18074718,0.19950812,0.3219684,0.29777628
547,/mnt/c/Users/puneet/Downloads/DAiSEE/DataSet/Test/510035/5100351040/5100351040.avi,2,2,0.18624988,0.20310344,0.32186097,0.28878576
548,/mnt/c/Users/puneet/Downloads/DAiSEE/DataSet/Test/510035/5100351042/5100351042.avi,3,1,0.1643492,0.18828107,0.32128054,0.32608917
549,/mnt/c/Users/puneet/Downloads/DAiSEE/DataSet/Test/510035/5100351043/5100351043.avi,2,3,0.16722907,0.19030963,0.3215166,0.32094467
550,/mnt/c/Users/puneet/Downloads/DAiSEE/DataSet/Test/510035/5100351044/5100351044.avi,2,2,0.18282193,0.20087366,0.3219469,0.2943576
551,/mnt/c/Users/puneet/Downloads/DAiSEE/DataSet/Test/510035/5100351045/5100351045.avi,2,2,0.18626893,0.20311573,0.32186034,0.28875506
552,/mnt/c/Users/puneet/Downloads/DAiSEE/DataSet/Test/510035/5100351046/5100351046.avi,2,3,0.17938429,0.1986045,0.32196984,0.30004135
553,/mnt/c/Users/puneet/Downloads/DAiSEE/DataSet/Test/510035/5100351049/5100351049.avi,2,3,0.18207213,0.20038156,0.32195732,0.295589
554,/mnt/c/Users/puneet/Downloads/DAiSEE/DataSet/Test/510035/5100351051/5100351051.avi,3,3,0.16579089,0.18929967,0.32140514,0.32350427
555,/mnt/c/Users/puneet/Downloads/DAiSEE/DataSet/Test/510035/5100351054/5100351054.avi,2,2,0.16767451,0.1906212,0.32154858,0.32015568
556,/mnt/c/Users/puneet/Downloads/DAiSEE/DataSet/Test/510035/5100351058/5100351058.avi,2,2,0.18497808,0.20227998,0.32190004,0.29084188
557,/mnt/c/Users/puneet/Downloads/DAiSEE/DataSet/Test/510035/5100352001/5100352001.avi,2,2,0.1841849,0.20176415,0.32192013,0.29213083
558,/mnt/c/Users/puneet/Downloads/DAiSEE/DataSet/Test/510035/5100352002/5100352002.avi,2,2,0.18328978,0.2011799,0.32193878,0.29359147
559,/mnt/c/Users/puneet/Downloads/DAiSEE/DataSet/Test/510035/5100352003/5100352003.avi,3,2,0.16501535,0.1887525,0.3213397,0.3248924
560,/mnt/c/Users/puneet/Downloads/DAiSEE/DataSet/Test/510035/5100352004/5100352004.avi,2,3,0.18132827,0.19989179,0.3219647,0.29681525
561,/mnt/c/Users/puneet/Downloads/DAiSEE/DataSet/Test/510035/5100352005/5100352005.avi,2,2,0.17712921,0.19709775,0.32194975,0.30382335
562,/mnt/c/Users/puneet/Downloads/DAiSEE/DataSet/Test/510035/5100352006/5100352006.avi,2,2,0.18245734,0.20063457,0.32195234,0.2949558
563,/mnt/c/Users/puneet/Downloads/DAiSEE/DataSet/Test/510035/5100352007/5100352007.avi,2,3,0.16775398,0.19067673,0.32155415,0.32001516
564,/mnt/c/Users/puneet/Downloads/DAiSEE/DataSet/Test/510035/5100352008/5100352008.avi,2,2,0.18583672,0.20283641,0.3218746,0.28945228
565,/mnt/c/Users/puneet/Downloads/DAiSEE/DataSet/Test/510035/5100352009/5100352009.avi,2,3,0.18597311,0.20292461,0.3218702,0.2892321
566,/mnt/c/Users/puneet/Downloads/DAiSEE/DataSet/Test/510035/5100352011/5100352011.avi,2,2,0.18482195,0.2021786,0.3219043,0.29109523
567,/mnt/c/Users/puneet/Downloads/DAiSEE/DataSet/Test/510035/5100352012/5100352012.avi,2,2,0.18609454,0.2030031,0.32186618,0.28903618
568,/mnt/c/Users/puneet/Downloads/DAiSEE/DataSet/Test/510035/5100352013/5100352013.avi,2,3,0.18060638,0.19941501,0.32196906,0.29800963
569,/mnt/c/Users/puneet/Downloads/DAiSEE/DataSet/Test/510035/5100352014/5100352014.avi,2,2,0.18453215,0.2019902,0.32191175,0.29156592
570,/mnt/c/Users/puneet/Downloads/DAiSEE/DataSet/Test/510035/5100352015/5100352015.avi,2,2,0.18633436,0.20315796,0.32185808,0.28864962
571,/mnt/c/Users/puneet/Downloads/DAiSEE/DataSet/Test/510035/5100352016/5100352016.avi,2,2,0.18508333,0.2023483,0.32189718,0.29067126
572,/mnt/c/Users/puneet/Downloads/DAiSEE/DataSet/Test/510035/5100352017/5100352017.avi,2,3,0.1858843,0.20286718,0.32187307,0.28937545
573,/mnt/c/Users/puneet/Downloads/DAiSEE/DataSet/Test/510035/5100352018/5100352018.avi,2,2,0.18601976,0.20295477,0.32186866,0.28915682
574,/mnt/c/Users/puneet/Downloads/DAiSEE/DataSet/Test/510035/5100352020/5100352020.avi,2,3,0.17544976,0.1959662,0.32191628,0.3066678
575,/mnt/c/Users/puneet/Downloads/DAiSEE/DataSet/Test/510035/5100352021/5100352021.avi,2,2,0.18477933,0.2021509,0.3219054,0.29116437
576,/mnt/c/Users/puneet/Downloads/DAiSEE/DataSet/Test/510035/5100352022/5100352022.avi,3,1,0.16556415,0.18913987,0.3213864,0.32390955
577,/mnt/c/Users/puneet/Downloads/DAiSEE/DataSet/Test/510035/5100352026/5100352026.avi,2,3,0.18603237,0.20296292,0.32186824,0.28913644
578,/mnt/c/Users/puneet/Downloads/DAiSEE/DataSet/Test/510035/5100352027/5100352027.avi,2,3,0.18624176,0.2030982,0.32186124,0.2887988
579,/mnt/c/Users/puneet/Downloads/DAiSEE/DataSet/Test/510035/5100352028/5100352028.avi,2,2,0.18628168,0.20312396,0.32185987,0.2887345
580,/mnt/c/Users/puneet/Downloads/DAiSEE/DataSet/Test/510035/5100352030/5100352030.avi,2,3,0.1821277,0.20041807,0.32195663,0.2954976
581,/mnt/c/Users/puneet/Downloads/DAiSEE/DataSet/Test/510035/5100352031/5100352031.avi,2,3,0.18488736,0.20222108,0.3219025,0.29098907
582,/mnt/c/Users/puneet/Downloads/DAiSEE/DataSet/Test/510035/5100352032/5100352032.avi,2,2,0.18616584,0.20304915,0.3218638,0.2889212
583,/mnt/c/Users/puneet/Downloads/DAiSEE/DataSet/Test/510035/5100352033/5100352033.avi,2,2,0.16924411,0.19171442,0.3216516,0.31738982
584,/mnt/c/Users/puneet/Downloads/DAiSEE/DataSet/Test/510035/5100352034/5100352034.avi,3,2,0.16237801,0.18687832,0.32108912,0.3296545
585,/mnt/c/Users/puneet/Downloads/DAiSEE/DataSet/Test/510035/5100352035/5100352035.avi,2,2,0.18242072,0.20061053,0.32195285,0.29501593
586,/mnt/c/Users/puneet/Downloads/DAiSEE/DataSet/Test/510035/5100352037/5100352037.avi,2,2,0.18542837,0.20257203,0.32188717,0.2901124
587,/mnt/c/Users/puneet/Downloads/DAiSEE/DataSet/Test/510035/5100352038/5100352038.avi,2,3,0.18647309,0.20324749,0.32185322,0.2884262
588,/mnt/c/Users/puneet/Downloads/DAiSEE/DataSet/Test/510035/5100352039/5100352039.avi,2,3,0.18305062,0.20102341,0.32194307,0.2939829
589,/mnt/c/Users/puneet/Downloads/DAiSEE/DataSet/Test/510035/5100352041/5100352041.avi,2,2,0.18582514,0.20282893,0.32187495,0.28947097
590,/mnt/c/Users/puneet/Downloads/DAiSEE/DataSet/Test/510035/5100352042/5100352042.avi,2,2,0.18633766,0.20316009,0.32185796,0.28864428
591,/mnt/c/Users/puneet/Downloads/DAiSEE/DataSet/Test/510035/5100352043/5100352043.avi,2,1,0.17320704,0.1944425,0.32184651,0.310504
592,/mnt/c/Users/puneet/Downloads/DAiSEE/DataSet/Test/510035/5100352044/5100352044.avi,3,2,0.1637324,0.18784337,0.32122326,0.32720092
593,/mnt/c/Users/puneet/Downloads/DAiSEE/DataSet/Test/510035/5100352045/5100352045.avi,2,3,0.1861095,0.20301275,0.32186568,0.28901204
594,/mnt/c/Users/puneet/Downloads/DAiSEE/DataSet/Test/510035/5100352046/5100352046.avi,3,3,0.13473159,0.16592607,0.31557426,0.38376808
595,/mnt/c/Users/puneet/Downloads/DAiSEE/DataSet/Test/510035/5100352049/5100352049.avi,2,2,0.18573771,0.20277235,0.32187772,0.2896122
596,/mnt/c/Users/puneet/Downloads/DAiSEE/DataSet/Test/510035/5100352050/5100352050.avi,2,2,0.18446635,0.20194738,0.3219134,0.29167292
597,/mnt/c/Users/puneet/Downloads/DAiSEE/DataSet/Test/510035/5100352051/5100352051.avi,2,2,0.17442703,0.19527316,0.32188803,0.30841178
598,/mnt/c/Users/puneet/Downloads/DAiSEE/DataSet/Test/510035/5100352052/5100352052.avi,2,3,0.1861283,0.20302491,0.32186508,0.28898174
599,/mnt/c/Users/puneet/Downloads/DAiSEE/DataSet/Test/510035/5100352054/5100352054.avi,3,1,0.16494772,0.1887047,0.32133386,0.32501373
600,/mnt/c/Users/puneet/Downloads/DAiSEE/DataSet/Test/510035/5100352055/5100352055.avi,2,3,0.18398117,0.20163137,0.32192475,0.2924627
601,/mnt/c/Users/puneet/Downloads/DAiSEE/DataSet/Test/510035/5100352056/5100352056.avi,2,2,0.18552344,0.20263363,0.32188436,0.28995866
602,/mnt/c/Users/puneet/Downloads/DAiSEE/DataSet/Test/510035/5100352057/5100352057.avi,2,2,0.16986683,0.19214612,0.3216884,0.31629863
603,/mnt/c/Users/puneet/Downloads/DAiSEE/DataSet/Test/510035/5100352060/5100352060.avi,2,2,0.18501562,0.20230435,0.321899,0.290781
604,/mnt/c/Users/puneet/Downloads/DAiSEE/DataSet/Test/510035/5100352061/5100352061.avi,2,2,0.1842743,0.20182239,0.32191807,0.2919853
605,/mnt/c/Users/puneet/Downloads/DAiSEE/DataSet/Test/510035/5100352063/5100352063.avi,2,2,0.18363656,0.20140652,0.3219321,0.2930249
606,/mnt/c/Users/puneet/Downloads/DAiSEE/DataSet/Test/510036/5100361009/5100361009.avi,2,2,0.18559177,0.20267789,0.32188225,0.2898481
607,/mnt/c/Users/puneet/Downloads/DAiSEE/DataSet/Test/510036/5100361056/5100361056.avi,2,2,0.17600718,0.19634266,0.32192913,0.305721
608,/mnt/c/Users/puneet/Downloads/DAiSEE/DataSet/Test/510036/5100362028/5100362028.avi,3,3,0.16597456,0.18942899,0.32142007,0.32317638
609,/mnt/c/Users/puneet/Downloads/DAiSEE/DataSet/Test/510036/5100362029/5100362029.avi,2,2,0.18413608,0.20173234,0.32192126,0.29221034
610,/mnt/c/Users/puneet/Downloads/DAiSEE/DataSet/Test/510036/5100362030/5100362030.avi,2,3,0.18468744,0.20209117,0.3219078,0.2913136
611,/mnt/c/Users/puneet/Downloads/DAiSEE/DataSet/Test/510036/5100362052/5100362052.avi,2,2,0.18555488,0.20265399,0.32188338,0.28990775
612,/mnt/c/Users/puneet/Downloads/DAiSEE/DataSet/Test/510037/5100371022/5100371022.avi,2,2,0.18416284,0.20174977,0.32192063,0.2921667
613,/mnt/c/Users/puneet/Downloads/DAiSEE/DataSet/Test/510037/5100371023/5100371023.avi,2,3,0.18100128,0.19967599,0.321967,0.29735565
614,/mnt/c/Users/puneet/Downloads/DAiSEE/DataSet/Test/510037/5100371024/5100371024.avi,2,2,0.18437497,0.20188792,0.32191563,0.29182148
615,/mnt/c/Users/puneet/Downloads/DAiSEE/DataSet/Test/510037/5100371026/5100371026.avi,2,3,0.18146668,0.19998305,0.32196355,0.2965867
616,/mnt/c/Users/puneet/Downloads/DAiSEE/DataSet/Test/510037/5100371027/5100371027.avi,2,3,0.18388103,0.20156607,0.32192698,0.292626
617,/mnt/c/Users/puneet/Downloads/DAiSEE/DataSet/Test/510037/5100371042/5100371042.avi,2,3,0.18119997,0.19980715,0.3219657,0.2970272
618,/mnt/c/Users/puneet/Downloads/DAiSEE/DataSet/Test/510037/5100371055/5100371055.avi,2,2,0.17644121,0.19663517,0.32193792,0.3049856
619,/mnt/c/Users/puneet/Downloads/DAiSEE/DataSet/Test/510037/5100371056/5100371056.avi,2,2,0.17074318,0.19275177,0.32173622,0.3147688
620,/mnt/c/Users/puneet/Downloads/DAiSEE/DataSet/Test/510037/5100371067/5100371067.avi,2,2,0.17544393,0.19596227,0.32191613,0.3066777
621,/mnt/c/Users/puneet/Downloads/DAiSEE/DataSet/Test/510037/5100371079/5100371079.avi,2,2,0.18319155,0.20111565,0.32194057,0.29375222
622,/mnt/c/Users/puneet/Downloads/DAiSEE/DataSet/Test/510037/5100372001/5100372001.avi,2,3,0.18342611,0.20126903,0.32193625,0.29336864
623,/mnt/c/Users/puneet/Downloads/DAiSEE/DataSet/Test/510037/5100372002/5100372002.avi,2,2,0.1833444,0.20121562,0.32193777,0.2935022
624,/mnt/c/Users/puneet/Downloads/DAiSEE/DataSet/Test/510037/5100372003/5100372003.avi,2,2,0.18217614,0.20044993,0.32195607,0.2954179
625,/mnt/c/Users/puneet/Downloads/DAiSEE/DataSet/Test/510037/5100372005/5100372005.avi,2,2,0.18325064,0.2011543,0.32193953,0.29365554
626,/mnt/c/Users/puneet/Downloads/DAiSEE/DataSet/Test/510037/5100372006/5100372006.avi,2,3,0.18485197,0.20219809,0.32190347,0.2910465
627,/mnt/c/Users/puneet/Downloads/DAiSEE/DataSet/Test/510037/5100372007/5100372007.avi,2,3,0.18309411,0.2010519,0.3219423,0.29391167
628,/mnt/c/Users/puneet/Downloads/DAiSEE/DataSet/Test/510037/5100372009/5100372009.avi,2,3,0.17799178,0.19767578,0.32196078,0.30237165
629,/mnt/c/Users/puneet/Downloads/DAiSEE/DataSet/Test/510037/5100372011/5100372011.avi,2,3,0.18296789,0.20096925,0.32194445,0.29411834
630,/mnt/c/Users/puneet/Downloads/DAiSEE/DataSet/Test/510037/5100372015/5100372015.avi,2,3,0.1847413,0.20212619,0.32190642,0.29122612
631,/mnt/c/Users/puneet/Downloads/DAiSEE/DataSet/Test/510037/5100372016/5100372016.avi,2,3,0.1853047,0.20249188,0.3218908,0.2903126
632,/mnt/c/Users/puneet/Downloads/DAiSEE/DataSet/Test/510037/5100372017/5100372017.avi,2,3,0.18552816,0.2026367,0.32188419,0.28995097
633,/mnt/c/Users/puneet/Downloads/DAiSEE/DataSet/Test/510037/5100372018/5100372018.avi,2,3,0.18536179,0.2025289,0.32188913,0.29022014
634,/mnt/c/Users/puneet/Downloads/DAiSEE/DataSet/Test/510037/5100372019/5100372019.avi,2,2,0.18465655,0.2020711,0.3219086,0.29136375
635,/mnt/c/Users/puneet/Downloads/DAiSEE/DataSet/Test/510037/5100372020/5100372020.avi,2,3,0.18450314,0.20197132,0.32191247,0.29161307
636,/mnt/c/Users/puneet/Downloads/DAiSEE/DataSet/Test/510037/5100372021/5100372021.avi,2,2,0.1841453,0.20173836,0.32192108,0.29219532
637,/mnt/c/Users/puneet/Downloads/DAiSEE/DataSet/Test/510037/5100372022/5100372022.avi,2,3,0.18490747,0.20223413,0.32190198,0.29095644
638,/mnt/c/Users/puneet/Downloads/DAiSEE/DataSet/Test/510037/5100372023/5100372023.avi,2,3,0.18178518,0.20019281,0.32196054,0.29606152
639,/mnt/c/Users/puneet/Downloads/DAiSEE/DataSet/Test/510037/5100372026/5100372026.avi,2,3,0.18188597,0.20025913,0.32195947,0.29589546
640,/mnt/c/Users/puneet/Downloads/DAiSEE/DataSet/Test/510037/5100372027/5100372027.avi,2,3,0.18264331,0.20075656,0.32194963,0.2946505
641,/mnt/c/Users/puneet/Downloads/DAiSEE/DataSet/Test/510037/5100372028/5100372028.avi,2,2,0.18428986,0.2018325,0.32191768,0.29196003
642,/mnt/c/Users/puneet/Downloads/DAiSEE/DataSet/Test/510037/5100372069/5100372069.avi,2,3,0.17720743,0.19715026,0.3219509,0.3036914
643,/mnt/c/Users/puneet/Downloads/DAiSEE/DataSet/Test/510038/5100381002/5100381002.avi,3,3,0.013005242,0.029716158,0.14283124,0.8144474
644,/mnt/c/Users/puneet/Downloads/DAiSEE/DataSet/Test/510038/5100381003/5100381003.avi,2,3,0.18006496,0.19905645,0.3219704,0.29890823
645,/mnt/c/Users/puneet/Downloads/DAiSEE/DataSet/Test/510038/5100381004/5100381004.avi,2,2,0.17118573,0.19305673,0.32175866,0.31399888
646,/mnt/c/Users/puneet/Downloads/DAiSEE/DataSet/Test/510038/5100381005/5100381005.avi,2,2,0.1813491,0.19990553,0.32196456,0.29678082
647,/mnt/c/Users/puneet/Downloads/DAiSEE/DataSet/Test/510038/5100381006/5100381006.avi,2,2,0.17880063,0.1982159,0.32196736,0.30101612
648,/mnt/c/Users/puneet/Downloads/DAiSEE/DataSet/Test/510038/5100381007/5100381007.avi,3,2,0.14079745,0.17073472,0.31727183,0.37119603
649,/mnt/c/Users/puneet/Downloads/DAiSEE/DataSet/Test/510038/5100381008/5100381008.avi,3,2,0.13666503,0.16747223,0.3161477,0.37971503
650,/mnt/c/Users/puneet/Downloads/DAiSEE/DataSet/Test/510038/5100381009/5100381009.avi,2,2,0.16749467,0.19049548,0.32153583,0.32047406
651,/mnt/c/Users/puneet/Downloads/DAiSEE/DataSet/Test/510038/5100381010/5100381010.avi,2,2,0.16744535,0.19046098,0.32153228,0.32056135
652,/mnt/c/Users/puneet/Downloads/DAiSEE/DataSet/Test/510038/5100381011/5100381011.avi,2,3,0.17058675,0.19264382,0.32172802,0.3150414
653,/mnt/c/Users/puneet/Downloads/DAiSEE/DataSet/Test/510038/5100381012/5100381012.avi,2,3,0.16987038,0.1921486,0.32168862,0.31629243
654,/mnt/c/Users/puneet/Downloads/DAiSEE/DataSet/Test/510038/5100381015/5100381015.avi,2,3,0.17245439,0.19392787,0.3218166,0.31180117
655,/mnt/c/Users/puneet/Downloads/DAiSEE/DataSet/Test/510038/5100381016/5100381016.avi,2,3,0.17003419,0.19226195,0.3216979,0.31600598
656,/mnt/c/Users/puneet/Downloads/DAiSEE/DataSet/Test/510038/5100381017/5100381017.avi,2,2,0.17236106,0.19386396,0.32181266,0.31196237
657,/mnt/c/Users/puneet/Downloads/DAiSEE/DataSet/Test/510038/5100381018/5100381018.avi,2,2,0.17437835,0.19524008,0.32188654,0.30849501
658,/mnt/c/Users/puneet/Downloads/DAiSEE/DataSet/Test/510038/5100381019/5100381019.avi,2,3,0.16884136,0.1914346,0.3216266,0.31809744
659,/mnt/c/Users/puneet/Downloads/DAiSEE/DataSet/Test/510038/5100381020/5100381020.avi,2,2,0.17497534,0.1956451,0.3219039,0.3074757
660,/mnt/c/Users/puneet/Downloads/DAiSEE/DataSet/Test/510038/5100381021/5100381021.avi,2,2,0.17037866,0.19250011,0.3217169,0.31540433
661,/mnt/c/Users/puneet/Downloads/DAiSEE/DataSet/Test/510038/5100381022/5100381022.avi,2,2,0.17472959,0.1954785,0.32189703,0.30789497
662,/mnt/c/Users/puneet/Downloads/DAiSEE/DataSet/Test/510038/5100381023/5100381023.avi,2,3,0.16958675,0.1919521,0.32167214,0.316789
663,/mnt/c/Users/puneet/Downloads/DAiSEE/DataSet/Test/510038/5100381024/5100381024.avi,2,3,0.17058077,0.19263968,0.32172772,0.31505185
664,/mnt/c/Users/puneet/Downloads/DAiSEE/DataSet/Test/510038/5100381026/5100381026.avi,2,2,0.17304946,0.1943349,0.32184052,0.31077513
665,/mnt/c/Users/puneet/Downloads/DAiSEE/DataSet/Test/510038/5100381027/5100381027.avi,3,3,0.1594369,0.18476355,0.32075736,0.3350422
666,/mnt/c/Users/puneet/Downloads/DAiSEE/DataSet/Test/510038/5100381028/5100381028.avi,2,3,0.16768497,0.1906285,0.32154933,0.32013723
667,/mnt/c/Users/puneet/Downloads/DAiSEE/DataSet/Test/510038/5100381029/5100381029.avi,2,3,0.17223428,0.19377707,0.3218072,0.31218138
668,/mnt/c/Users/puneet/Downloads/DAiSEE/DataSet/Test/510038/5100381031/5100381031.avi,2,2,0.17007875,0.1922928,0.3217004,0.31592807
669,/mnt/c/Users/puneet/Downloads/DAiSEE/DataSet/Test/510038/5100381032/5100381032.avi,3,2,0.16615212,0.18955392,0.32143432,0.3228596
670,/mnt/c/Users/puneet/Downloads/DAiSEE/DataSet/Test/510038/5100381034/5100381034.avi,2,3,0.17285813,0.19420414,0.32183304,0.31110469
671,/mnt/c/Users/puneet/Downloads/DAiSEE/DataSet/Test/510038/5100381035/5100381035.avi,2,2,0.17335555,0.19454382,0.321852,0.31024858
672,/mnt/c/Users/puneet/Downloads/DAiSEE/DataSet/Test/510038/5100381037/5100381037.avi,2,2,0.1698528,0.1921364,0.3216876,0.31632322
673,/mnt/c/Users/puneet/Downloads/DAiSEE/DataSet/Test/510038/5100381038/5100381038.avi,2,2,0.16845173,0.19116342,0.32160145,0.31878337
674,/mnt/c/Users/puneet/Downloads/DAiSEE/DataSet/Test/510038/5100381039/5100381039.avi,2,2,0.16841151,0.19113542,0.32159883,0.31885427
675,/mnt/c/Users/puneet/Downloads/DAiSEE/DataSet/Test/510038/5100381040/5100381040.avi,2,3,0.16878378,0.19139455,0.32162297,0.31819877
676,/mnt/c/Users/puneet/Downloads/DAiSEE/DataSet/Test/510038/5100381041/5100381041.avi,3,3,0.165419,0.1890375,0.32137424,0.32416925
677,/mnt/c/Users/puneet/Downloads/DAiSEE/DataSet/Test/510038/5100381042/5100381042.avi,2,2,0.17530797,0.1958703,0.3219127,0.30690905
678,/mnt/c/Users/puneet/Downloads/DAiSEE/DataSet/Test/510038/5100381043/5100381043.avi,3,2,0.16672318,0.18995506,0.32147884,0.3218429
679,/mnt/c/Users/puneet/Downloads/DAiSEE/DataSet/Test/510038/5100381044/5100381044.avi,2,2,0.16881764,0.1914181,0.32162508,0.31813917
680,/mnt/c/Users/puneet/Downloads/DAiSEE/DataSet/Test/510038/5100381045/5100381045.avi,2,3,0.16946511,0.19186777,0.32166493,0.31700224
681,/mnt/c/Users/puneet/Downloads/DAiSEE/DataSet/Test/510038/5100381046/5100381046.avi,2,3,0.16867581,0.19131944,0.32161602,0.31838876
682,/mnt/c/Users/puneet/Downloads/DAiSEE/DataSet/Test/510038/5100381047/5100381047.avi,2,3,0.16826566,0.19103378,0.32158914,0.31911144
683,/mnt/c/Users/puneet/Downloads/DAiSEE/DataSet/Test/510038/5100381048/5100381048.avi,2,3,0.17080986,0.19279775,0.3217397,0.31465268
684,/mnt/c/Users/puneet/Downloads/DAiSEE/DataSet/Test/510038/5100381049/5100381049.avi,2,2,0.16823478,0.19101225,0.32158706,0.3191659
685,/mnt/c/Users/puneet/Downloads/DAiSEE/DataSet/Test/510038/5100381050/5100381050.avi,2,3,0.16755562,0.1905381,0.32154015,0.3203661
686,/mnt/c/Users/puneet/Downloads/DAiSEE/DataSet/Test/510038/5100381051/5100381051.avi,2,2,0.16820852,0.19099395,0.3215853,0.31921223
687,/mnt/c/Users/puneet/Downloads/DAiSEE/DataSet/Test/510038/5100381052/5100381052.avi,2,3,0.16774127,0.19066785,0.32155326,0.3200376
688,/mnt/c/Users/puneet/Downloads/DAiSEE/DataSet/Test/510038/5100381053/5100381053.avi,2,3,0.1686116,0.19127475,0.32161188,0.31850177
689,/mnt/c/Users/puneet/Downloads/DAiSEE/DataSet/Test/510038/5100381054/5100381054.avi,2,2,0.17064196,0.19268191,0.32173094,0.31494516
690,/mnt/c/Users/puneet/Downloads/DAiSEE/DataSet/Test/510038/5100381055/5100381055.avi,2,2,0.1702036,0.19237913,0.32170734,0.31570995
691,/mnt/c/Users/puneet/Downloads/DAiSEE/DataSet/Test/510038/5100381056/5100381056.avi,2,3,0.16924424,0.19171451,0.3216516,0.31738964
692,/mnt/c/Users/puneet/Downloads/DAiSEE/DataSet/Test/510038/5100381058/5100381058.avi,2,2,0.17009683,0.1923053,0.3217014,0.31589648
693,/mnt/c/Users/puneet/Downloads/DAiSEE/DataSet/Test/510038/5100381059/5100381059.avi,2,3,0.16964483,0.19199234,0.32167554,0.31668726
694,/mnt/c/Users/puneet/Downloads/DAiSEE/DataSet/Test/510038/5100381060/5100381060.avi,3,2,0.1650985,0.18881124,0.32134694,0.32474333
695,/mnt/c/Users/puneet/Downloads/DAiSEE/DataSet/Test/510038/5100381061/5100381061.avi,2,2,0.17068264,0.19271,0.3217331,0.3148743
696,/mnt/c/Users/puneet/Downloads/DAiSEE/DataSet/Test/510038/5100381063/5100381063.avi,3,2,0.16606914,0.18949555,0.32142767,0.3230076
697,/mnt/c/Users/puneet/Downloads/DAiSEE/DataSet/Test/510038/5100381065/5100381065.avi,3,2,0.16432358,0.18826291,0.3212782,0.3261353
698,/mnt/c/Users/puneet/Downloads/DAiSEE/DataSet/Test/510038/5100381066/5100381066.avi,2,2,0.17039776,0.19251332,0.32171792,0.31537104
699,/mnt/c/Users/puneet/Downloads/DAiSEE/DataSet/Test/510038/5100381067/5100381067.avi,2,2,0.16745849,0.19047017,0.3215332,0.32053807
700,/mnt/c/Users/puneet/Downloads/DAiSEE/DataSet/Test/510038/5100381069/5100381069.avi,3,2,0.16528574,0.18894346,0.32136294,0.32440788
701,/mnt/c/Users/puneet/Downloads/DAiSEE/DataSet/Test/510038/5100382001/5100382001.avi,3,2,0.16283692,0.18720593,0.32113585,0.3288212
702,/mnt/c/Users/puneet/Downloads/DAiSEE/DataSet/Test/510038/5100382003/5100382003.avi,3,3,0.1654892,0.18908703,0.32138014,0.32404366
703,/mnt/c/Users/puneet/Downloads/DAiSEE/DataSet/Test/510038/5100382007/5100382007.avi,3,2,0.16087808,0.18580307,0.3209269,0.33239195
704,/mnt/c/Users/puneet/Downloads/DAiSEE/DataSet/Test/510038/5100382008/5100382008.avi,2,2,0.17351872,0.19465512,0.32185793,0.30996826
705,/mnt/c/Users/puneet/Downloads/DAiSEE/DataSet/Test/510038/5100382010/5100382010.avi,2,3,0.1710783,0.19298275,0.32175332,0.3141856
706,/mnt/c/Users/puneet/Downloads/DAiSEE/DataSet/Test/510038/5100382011/5100382011.avi,2,3,0.17191795,0.1935601,0.32179326,0.31272867
707,/mnt/c/Users/puneet/Downloads/DAiSEE/DataSet/Test/510038/5100382012/5100382012.avi,3,3,0.16682805,0.19002861,0.3214868,0.32165655
708,/mnt/c/Users/puneet/Downloads/DAiSEE/DataSet/Test/510038/5100382013/5100382013.avi,2,3,0.17183667,0.1935043,0.32178956,0.31286943
709,/mnt/c/Users/puneet/Downloads/DAiSEE/DataSet/Test/510038/5100382014/5100382014.avi,2,3,0.17414118,0.19507891,0.32187903,0.3089008
710,/mnt/c/Users/puneet/Downloads/DAiSEE/DataSet/Test/510038/5100382015/5100382015.avi,2,2,0.17073646,0.19274712,0.3217359,0.31478056
711,/mnt/c/Users/puneet/Downloads/DAiSEE/DataSet/Test/510038/5100382016/5100382016.avi,2,3,0.17193587,0.1935724,0.32179406,0.3126977
712,/mnt/c/Users/puneet/Downloads/DAiSEE/DataSet/Test/510038/5100382018/5100382018.avi,2,3,0.17147711,0.19325724,0.3217728,0.31349283
713,/mnt/c/Users/puneet/Downloads/DAiSEE/DataSet/Test/510038/5100382019/5100382019.avi,3,3,0.15532875,0.18176547,0.32019886,0.3427069
714,/mnt/c/Users/puneet/Downloads/DAiSEE/DataSet/Test/510038/5100382020/5100382020.avi,3,2,0.0172976,0.03704938,0.16161914,0.7840339
715,/mnt/c/Users/puneet/Downloads/DAiSEE/DataSet/Test/510038/5100382021/5100382021.avi,2,3,0.17878498,0.19820546,0.32196724,0.30104232
716,/mnt/c/Users/puneet/Downloads/DAiSEE/DataSet/Test/510038/5100382022/5100382022.avi,3,3,0.14698674,0.1755157,0.31870723,0.35879037
717,/mnt/c/Users/puneet/Downloads/DAiSEE/DataSet/Test/510038/5100382023/5100382023.avi,2,3,0.17172705,0.19342901,0.3217845,0.3130594
718,/mnt/c/Users/puneet/Downloads/DAiSEE/DataSet/Test/510038/5100382025/5100382025.avi,2,3,0.18098792,0.19966719,0.3219671,0.29737777
719,/mnt/c/Users/puneet/Downloads/DAiSEE/DataSet/Test/510038/5100382026/5100382026.avi,2,3,0.18098319,0.19966406,0.32196715,0.29738563
720,/mnt/c/Users/puneet/Downloads/DAiSEE/DataSet/Test/510038/5100382027/5100382027.avi,3,3,0.16156274,0.18629472,0.32100272,0.33113977
721,/mnt/c/Users/puneet/Downloads/DAiSEE/DataSet/Test/510038/5100382028/5100382028.avi,2,2,0.1782052,0.1978185,0.32196286,0.30201343
722,/mnt/c/Users/puneet/Downloads/DAiSEE/DataSet/Test/510038/5100382029/5100382029.avi,3,3,0.16637817,0.18971282,0.3214522,0.3224568
723,/mnt/c/Users/puneet/Downloads/DAiSEE/DataSet/Test/510038/5100382030/5100382030.avi,2,3,0.17948727,0.19867295,0.3219701,0.29986966
724,/mnt/c/Users/puneet/Downloads/DAiSEE/DataSet/Test/510038/5100382031/5100382031.avi,2,2,0.18057153,0.19939193,0.32196915,0.29806733
725,/mnt/c/Users/puneet/Downloads/DAiSEE/DataSet/Test/510038/5100382032/5100382032.avi,2,2,0.17549855,0.19599918,0.32191744,0.30658484
726,/mnt/c/Users/puneet/Downloads/DAiSEE/DataSet/Test/510038/5100382033/5100382033.avi,2,3,0.17775182,0.1975152,0.32195812,0.30277485
727,/mnt/c/Users/puneet/Downloads/DAiSEE/DataSet/Test/510038/5100382034/5100382034.avi,2,2,0.18046671,0.19932258,0.3219695,0.29824114
728,/mnt/c/Users/puneet/Downloads/DAiSEE/DataSet/Test/510038/5100382035/5100382035.avi,2,2,0.17852998,0.19803539,0.32196555,0.3014691
729,/mnt/c/Users/puneet/Downloads/DAiSEE/DataSet/Test/510038/5100382036/5100382036.avi,2,3,0.17837554,0.19793227,0.32196432,0.3017278
730,/mnt/c/Users/puneet/Downloads/DAiSEE/DataSet/Test/510038/5100382037/5100382037.avi,2,2,0.17956112,0.19872203,0.32197025,0.29974663
731,/mnt/c/Users/puneet/Downloads/DAiSEE/DataSet/Test/510038/5100382038/5100382038.avi,2,3,0.17775346,0.1975163,0.32195815,0.30277213
732,/mnt/c/Users/puneet/Downloads/DAiSEE/DataSet/Test/510038/5100382039/5100382039.avi,2,3,0.18128228,0.19986147,0.32196507,0.29689118
733,/mnt/c/Users/puneet/Downloads/DAiSEE/DataSet/Test/510038/5100382040/5100382040.avi,2,2,0.1804242,0.19929445,0.3219697,0.2983117
734,/mnt/c/Users/puneet/Downloads/DAiSEE/DataSet/Test/510038/5100382042/5100382042.avi,2,3,0.17432682,0.19520509,0.32188493,0.30858314
735,/mnt/c/Users/puneet/Downloads/DAiSEE/DataSet/Test/510038/5100382045/5100382045.avi,2,3,0.17977074,0.19886124,0.3219705,0.29939756
736,/mnt/c/Users/puneet/Downloads/DAiSEE/DataSet/Test/510038/5100382046/5100382046.avi,3,2,0.16596083,0.18941934,0.32141894,0.32320085
737,/mnt/c/Users/puneet/Downloads/DAiSEE/DataSet/Test/510038/5100382048/5100382048.avi,2,2,0.17187682,0.19353187,0.32179138,0.3127999
738,/mnt/c/Users/puneet/Downloads/DAiSEE/DataSet/Test/510038/5100382050/5100382050.avi,2,3,0.17459461,0.1953869,0.32189304,0.30812538
739,/mnt/c/Users/puneet/Downloads/DAiSEE/DataSet/Test/510038/5100382051/5100382051.avi,2,2,0.17283902,0.19419105,0.32183227,0.31113765
740,/mnt/c/Users/puneet/Downloads/DAiSEE/DataSet/Test/510038/5100382052/5100382052.avi,2,3,0.17638572,0.1965978,0.32193688,0.30507958
741,/mnt/c/Users/puneet/Downloads/DAiSEE/DataSet/Test/510038/5100382053/5100382053.avi,2,3,0.17064685,0.19268529,0.3217312,0.31493667
742,/mnt/c/Users/puneet/Downloads/DAiSEE/DataSet/Test/510038/5100382054/5100382054.avi,2,2,0.17893276,0.19830394,0.32196805,0.30079514
743,/mnt/c/Users/puneet/Downloads/DAiSEE/DataSet/Test/510038/5100382055/5100382055.avi,2,3,0.17836328,0.19792409,0.32196423,0.30174834
744,/mnt/c/Users/puneet/Downloads/DAiSEE/DataSet/Test/510038/5100382056/5100382056.avi,2,3,0.17901316,0.19835752,0.3219685,0.30066085
745,/mnt/c/Users/puneet/Downloads/DAiSEE/DataSet/Test/510038/5100382057/5100382057.avi,2,3,0.17331702,0.19451755,0.32185063,0.3103149
746,/mnt/c/Users/puneet/Downloads/DAiSEE/DataSet/Test/510038/5100382058/5100382058.avi,2,2,0.17199534,0.1936132,0.32179672,0.31259468
747,/mnt/c/Users/puneet/Downloads/DAiSEE/DataSet/Test/510038/5100382059/5100382059.avi,2,2,0.17550284,0.19600208,0.32191756,0.3065775
748,/mnt/c/Users/puneet/Downloads/DAiSEE/DataSet/Test/510038/5100382060/5100382060.avi,2,3,0.18084635,0.19957365,0.3219679,0.29761204
749,/mnt/c/Users/puneet/Downloads/DAiSEE/DataSet/Test/510038/5100382061/5100382061.avi,2,3,0.18113834,0.19976649,0.32196614,0.29712903
750,/mnt/c/Users/puneet/Downloads/DAiSEE/DataSet/Test/510038/5100382062/5100382062.avi,2,3,0.17373236,0.19480069,0.3218654,0.30960152
751,/mnt/c/Users/puneet/Downloads/DAiSEE/DataSet/Test/510038/5100382063/5100382063.avi,2,3,0.17527553,0.19584833,0.32191184,0.30696422
752,/mnt/c/Users/puneet/Downloads/DAiSEE/DataSet/Test/510038/5100382064/5100382064.avi,2,3,0.17579077,0.19619662,0.32192433,0.30608827
753,/mnt/c/Users/puneet/Downloads/DAiSEE/DataSet/Test/510038/5100382065/5100382065.avi,2,3,0.17679587,0.1968738,0.32194436,0.304386
754,/mnt/c/Users/puneet/Downloads/DAiSEE/DataSet/Test/510038/5100382066/5100382066.avi,2,2,0.16980223,0.19210139,0.3216847,0.31641164
755,/mnt/c/Users/puneet/Downloads/DAiSEE/DataSet/Test/510038/5100382067/5100382067.avi,2,2,0.17220053,0.19375394,0.32180578,0.3122398
756,/mnt/c/Users/puneet/Downloads/DAiSEE/DataSet/Test/510038/5100382068/5100382068.avi,2,3,0.17643581,0.19663154,0.32193786,0.30499482
757,/mnt/c/Users/puneet/Downloads/DAiSEE/DataSet/Test/510038/5100382069/5100382069.avi,2,2,0.17047355,0.19256566,0.321722,0.3152388
758,/mnt/c/Users/puneet/Downloads/DAiSEE/DataSet/Test/510038/5100382070/5100382070.avi,2,3,0.16939592,0.19181977,0.3216608,0.31712347
759,/mnt/c/Users/puneet/Downloads/DAiSEE/DataSet/Test/510038/5100382071/5100382071.avi,3,3,0.15490267,0.18145153,0.32013446,0.34351128
760,/mnt/c/Users/puneet/Downloads/DAiSEE/DataSet/Test/510038/5100382072/5100382072.avi,2,3,0.17153466,0.1932968,0.32177553,0.31339297
761,/mnt/c/Users/puneet/Downloads/DAiSEE/DataSet/Test/510038/5100382073/5100382073.avi,2,2,0.17251325,0.19396818,0.32181904,0.31169948
762,/mnt/c/Users/puneet/Downloads/DAiSEE/DataSet/Test/510038/5100382075/5100382075.avi,2,2,0.17528047,0.19585168,0.321912,0.30695584
763,/mnt/c/Users/puneet/Downloads/DAiSEE/DataSet/Test/510038/5100382076/5100382076.avi,3,2,0.15252857,0.17969202,0.31975275,0.34802663
764,/mnt/c/Users/puneet/Downloads/DAiSEE/DataSet/Test/510038/5100382077/5100382077.avi,2,2,0.16884096,0.19143431,0.32162657,0.31809813
765,/mnt/c/Users/puneet/Downloads/DAiSEE/DataSet/Test/510038/5100382078/5100382078.avi,2,2,0.16776021,0.19068108,0.3215546,0.32000417
766,/mnt/c/Users/puneet/Downloads/DAiSEE/DataSet/Test/510038/5100382079/5100382079.avi,2,2,0.16894318,0.19150539,0.321633,0.31791842
767,/mnt/c/Users/puneet/Downloads/DAiSEE/DataSet/Test/510040/5100401001/5100401001.avi,3,2,0.14745267,0.17587058,0.31880364,0.3578731
768,/mnt/c/Users/puneet/Downloads/DAiSEE/DataSet/Test/510040/5100401003/5100401003.avi,2,2,0.17666517,0.19678591,0.32194206,0.3046068
769,/mnt/c/Users/puneet/Downloads/DAiSEE/DataSet/Test/510040/5100401005/5100401005.avi,3,2,0.15721,0.18314481,0.32046857,0.3391766
770,/mnt/c/Users/puneet/Downloads/DAiSEE/DataSet/Test/510040/5100401006/5100401006.avi,2,2,0.18043053,0.19929862,0.32196966,0.2983012
771,/mnt/c/Users/puneet/Downloads/DAiSEE/DataSet/Test/510040/5100401007/5100401007.avi,2,3,0.17447546,0.19530603,0.3218895,0.30832896
772,/mnt/c/Users/puneet/Downloads/DAiSEE/DataSet/Test/510040/5100401008/5100401008.avi,2,3,0.17221032,0.19376065,0.32180616,0.31222284
773,/mnt/c/Users/puneet/Downloads/DAiSEE/DataSet/Test/510040/5100401010/5100401010.avi,2,2,0.17172942,0.19343063,0.32178462,0.31305528
774,/mnt/c/Users/puneet/Downloads/DAiSEE/DataSet/Test/510040/5100401011/5100401011.avi,2,2,0.18071061,0.19948395,0.3219686,0.2978369
775,/mnt/c/Users/puneet/Downloads/DAiSEE/DataSet/Test/510040/5100401012/5100401012.avi,2,2,0.17091997,0.19287366,0.3217453,0.31446096
776,/mnt/c/Users/puneet/Downloads/DAiSEE/DataSet/Test/510040/5100401014/5100401014.avi,2,3,0.17598021,0.19632447,0.32192856,0.30576676
777,/mnt/c/Users/puneet/Downloads/DAiSEE/DataSet/Test/510040/5100401015/5100401015.avi,2,2,0.17662346,0.19675784,0.32194135,0.3046774
778,/mnt/c/Users/puneet/Downloads/DAiSEE/DataSet/Test/510040/5100401016/5100401016.avi,2,2,0.17051922,0.1925972,0.32172444,0.31515914
779,/mnt/c/Users/puneet/Downloads/DAiSEE/DataSet/Test/510040/5100401018/5100401018.avi,2,2,0.17348766,0.19463393,0.3218568,0.31002158
780,/mnt/c/Users/puneet/Downloads/DAiSEE/DataSet/Test/510040/5100401021/5100401021.avi,3,3,0.16542585,0.18904234,0.32137483,0.32415703
781,/mnt/c/Users/puneet/Downloads/DAiSEE/DataSet/Test/510040/5100401022/5100401022.avi,2,3,0.1761348,0.19642873,0.32193184,0.30550465
782,/mnt/c/Users/puneet/Downloads/DAiSEE/DataSet/Test/510040/5100401023/5100401023.avi,2,1,0.18167993,0.20012353,0.3219616,0.296235
783,/mnt/c/Users/puneet/Downloads/DAiSEE/DataSet/Test/510040/5100401025/5100401025.avi,3,3,0.16635634,0.18969747,0.32145047,0.32249564
784,/mnt/c/Users/puneet/Downloads/DAiSEE/DataSet/Test/510040/5100401026/5100401026.avi,2,3,0.16778669,0.19069958,0.32155645,0.31995735
785,/mnt/c/Users/puneet/Downloads/DAiSEE/DataSet/Test/510040/5100401028/5100401028.avi,2,2,0.16981822,0.19211248,0.3216856,0.31638372
786,/mnt/c/Users/puneet/Downloads/DAiSEE/DataSet/Test/510040/5100401029/5100401029.avi,3,2,0.16462953,0.18847962,0.32130578,0.3255851
787,/mnt/c/Users/puneet/Downloads/DAiSEE/DataSet/Test/510040/5100401030/5100401030.avi,3,3,0.16578072,0.1892925,0.3214043,0.3235225
788,/mnt/c/Users/puneet/Downloads/DAiSEE/DataSet/Test/510040/5100401031/5100401031.avi,2,2,0.16943268,0.19184527,0.321663,0.317059
789,/mnt/c/Users/puneet/Downloads/DAiSEE/DataSet/Test/510040/5100401032/5100401032.avi,3,2,0.16345932,0.18764924,0.32119715,0.3276943
790,/mnt/c/Users/puneet/Downloads/DAiSEE/DataSet/Test/510040/5100401033/5100401033.avi,3,2,0.16117638,0.18601745,0.3209603,0.33184588
791,/mnt/c/Users/puneet/Downloads/DAiSEE/DataSet/Test/510040/5100401034/5100401034.avi,2,1,0.16703473,0.19017352,0.32150227,0.32128942
792,/mnt/c/Users/puneet/Downloads/DAiSEE/DataSet/Test/510040/5100401035/5100401035.avi,3,2,0.1638889,0.18795456,0.32123804,0.3269185
793,/mnt/c/Users/puneet/Downloads/DAiSEE/DataSet/Test/510040/5100401036/5100401036.avi,3,2,0.16365632,0.18778934,0.32121608,0.32733834
794,/mnt/c/Users/puneet/Downloads/DAiSEE/DataSet/Test/510040/5100401038/5100401038.avi,3,3,0.16635075,0.18969356,0.32145002,0.32250562
795,/mnt/c/Users/puneet/Downloads/DAiSEE/DataSet/Test/510040/5100401039/5100401039.avi,2,2,0.17088076,0.19284663,0.32174334,0.31452927
796,/mnt/c/Users/puneet/Downloads/DAiSEE/DataSet/Test/510040/5100401040/5100401040.avi,3,2,0.16537978,0.18900983,0.3213709,0.32423943
797,/mnt/c/Users/puneet/Downloads/DAiSEE/DataSet/Test/510040/5100401042/5100401042.avi,2,2,0.17016107,0.19234973,0.32170498,0.31578425
798,/mnt/c/Users/puneet/Downloads/DAiSEE/DataSet/Test/510040/5100401043/5100401043.avi,3,1,0.1616313,0.18634388,0.32101014,0.33101463
799,/mnt/c/Users/puneet/Downloads/DAiSEE/DataSet/Test/510040/5100401044/5100401044.avi,3,3,0.16556181,0.18913823,0.3213862,0.32391378
800,/mnt/c/Users/puneet/Downloads/DAiSEE/DataSet/Test/510040/5100401045/5100401045.avi,3,3,0.16590613,0.18938082,0.32141453,0.32329854
801,/mnt/c/Users/puneet/Downloads/DAiSEE/DataSet/Test/510040/5100401046/5100401046.avi,3,2,0.1638442,0.18792279,0.3212338,0.32699916
802,/mnt/c/Users/puneet/Downloads/DAiSEE/DataSet/Test/510040/5100401047/5100401047.avi,3,2,0.1639546,0.18800119,0.32124415,0.32680002
803,/mnt/c/Users/puneet/Downloads/DAiSEE/DataSet/Test/510040/5100401048/5100401048.avi,3,2,0.16149843,0.1862486,0.32099572,0.33125722
804,/mnt/c/Users/puneet/Downloads/DAiSEE/DataSet/Test/510040/5100401049/5100401049.avi,3,2,0.16504426,0.18877293,0.32134223,0.3248406
805,/mnt/c/Users/puneet/Downloads/DAiSEE/DataSet/Test/510040/5100401050/5100401050.avi,3,2,0.16577773,0.1892904,0.32140404,0.3235278
806,/mnt/c/Users/puneet/Downloads/DAiSEE/DataSet/Test/510040/5100401051/5100401051.avi,3,2,0.16241777,0.18690673,0.32109323,0.3295823
807,/mnt/c/Users/puneet/Downloads/DAiSEE/DataSet/Test/510040/5100401053/5100401053.avi,2,3,0.16878314,0.1913941,0.3216229,0.31819987
808,/mnt/c/Users/puneet/Downloads/DAiSEE/DataSet/Test/510040/5100401054/5100401054.avi,3,2,0.16571909,0.18924908,0.3213992,0.3236326
809,/mnt/c/Users/puneet/Downloads/DAiSEE/DataSet/Test/510040/5100401055/5100401055.avi,3,2,0.16596255,0.18942055,0.32141912,0.3231978
810,/mnt/c/Users/puneet/Downloads/DAiSEE/DataSet/Test/510040/5100401056/5100401056.avi,2,3,0.16786034,0.19075102,0.32156157,0.3198271
811,/mnt/c/Users/puneet/Downloads/DAiSEE/DataSet/Test/510040/5100401057/5100401057.avi,3,3,0.16144492,0.18621022,0.32098994,0.33135504
812,/mnt/c/Users/puneet/Downloads/DAiSEE/DataSet/Test/510040/5100401059/5100401059.avi,2,2,0.16719088,0.19028288,0.3215138,0.3210124
813,/mnt/c/Users/puneet/Downloads/DAiSEE/DataSet/Test/510040/5100401060/5100401060.avi,3,2,0.16473502,0.18855427,0.32131517,0.32539555
814,/mnt/c/Users/puneet/Downloads/DAiSEE/DataSet/Test/510040/5100401061/5100401061.avi,2,2,0.1704807,0.19257058,0.3217224,0.31522632
815,/mnt/c/Users/puneet/Downloads/DAiSEE/DataSet/Test/510040/5100401062/5100401062.avi,3,3,0.16370685,0.18782525,0.32122087,0.32724708
816,/mnt/c/Users/puneet/Downloads/DAiSEE/DataSet/Test/510040/5100401063/5100401063.avi,3,2,0.16481031,0.18860753,0.3213218,0.32526034
817,/mnt/c/Users/puneet/Downloads/DAiSEE/DataSet/Test/510040/5100401064/5100401064.avi,3,2,0.16235848,0.18686436,0.32108712,0.3296901
818,/mnt/c/Users/puneet/Downloads/DAiSEE/DataSet/Test/510040/5100401065/5100401065.avi,2,1,0.17079067,0.19278453,0.32173872,0.31468612
819,/mnt/c/Users/puneet/Downloads/DAiSEE/DataSet/Test/510040/5100401066/5100401066.avi,2,3,0.16698948,0.1901418,0.32149893,0.3213698
820,/mnt/c/Users/puneet/Downloads/DAiSEE/DataSet/Test/510040/5100401067/5100401067.avi,2,2,0.16784659,0.1907414,0.32156062,0.3198514
821,/mnt/c/Users/puneet/Downloads/DAiSEE/DataSet/Test/510040/5100401069/5100401069.avi,3,3,0.16484396,0.18863134,0.32132477,0.32519996
822,/mnt/c/Users/puneet/Downloads/DAiSEE/DataSet/Test/510040/5100401070/5100401070.avi,2,2,0.16922878,0.19170377,0.32165068,0.3174168
823,/mnt/c/Users/puneet/Downloads/DAiSEE/DataSet/Test/510040/5100401071/5100401071.avi,3,2,0.16645777,0.18976875,0.3214584,0.32231504
824,/mnt/c/Users/puneet/Downloads/DAiSEE/DataSet/Test/510040/5100401072/5100401072.avi,3,3,0.16456372,0.18843302,0.3212999,0.32570335
825,/mnt/c/Users/puneet/Downloads/DAiSEE/DataSet/Test/510040/5100401073/5100401073.avi,2,2,0.16773957,0.19066665,0.32155314,0.32004064
826,/mnt/c/Users/puneet/Downloads/DAiSEE/DataSet/Test/510040/5100401074/5100401074.avi,2,3,0.16959554,0.1919582,0.32167265,0.3167736
827,/mnt/c/Users/puneet/Downloads/DAiSEE/DataSet/Test/510040/5100401075/5100401075.avi,2,2,0.17443766,0.19528036,0.32188836,0.30839363
828,/mnt/c/Users/puneet/Downloads/DAiSEE/DataSet/Test/510040/5100401076/5100401076.avi,3,2,0.16513352,0.188836,0.32134995,0.3246806
829,/mnt/c/Users/puneet/Downloads/DAiSEE/DataSet/Test/510040/5100401077/5100401077.avi,2,2,0.16893573,0.1915002,0.32163256,0.31793153
830,/mnt/c/Users/puneet/Downloads/DAiSEE/DataSet/Test/510040/5100401078/5100401078.avi,3,2,0.1638612,0.18793489,0.32123545,0.32696852
831,/mnt/c/Users/puneet/Downloads/DAiSEE/DataSet/Test/510040/5100402001/5100402001.avi,2,1,0.17741393,0.19728878,0.3219538,0.30334342
832,/mnt/c/Users/puneet/Downloads/DAiSEE/DataSet/Test/510040/5100402002/5100402002.avi,3,2,0.146591,0.17521372,0.31862405,0.35957122
833,/mnt/c/Users/puneet/Downloads/DAiSEE/DataSet/Test/510040/5100402004/5100402004.avi,2,3,0.17721018,0.19715211,0.3219509,0.3036867
834,/mnt/c/Users/puneet/Downloads/DAiSEE/DataSet/Test/510040/5100402005/5100402005.avi,2,3,0.17826034,0.19785532,0.3219634,0.301921
835,/mnt/c/Users/puneet/Downloads/DAiSEE/DataSet/Test/510040/5100402007/5100402007.avi,2,2,0.17759225,0.1974083,0.3219562,0.3030433
836,/mnt/c/Users/puneet/Downloads/DAiSEE/DataSet/Test/510040/5100402008/5100402008.avi,2,3,0.17706409,0.19705403,0.32194874,0.3039331
837,/mnt/c/Users/puneet/Downloads/DAiSEE/DataSet/Test/510040/5100402009/5100402009.avi,2,2,0.1699638,0.19221325,0.32169393,0.31612906
838,/mnt/c/Users/puneet/Downloads/DAiSEE/DataSet/Test/510040/5100402011/5100402011.avi,2,2,0.1797977,0.19887914,0.32197046,0.29935262
839,/mnt/c/Users/puneet/Downloads/DAiSEE/DataSet/Test/510040/5100402012/5100402012.avi,2,2,0.18196864,0.2003135,0.3219585,0.29575932
840,/mnt/c/Users/puneet/Downloads/DAiSEE/DataSet/Test/510040/5100402015/5100402015.avi,2,2,0.17807068,0.19772856,0.32196158,0.30223915
841,/mnt/c/Users/puneet/Downloads/DAiSEE/DataSet/Test/510040/5100402016/5100402016.avi,2,2,0.17864953,0.19811516,0.32196638,0.3012689
842,/mnt/c/Users/puneet/Downloads/DAiSEE/DataSet/Test/510040/5100402017/5100402017.avi,2,2,0.179013,0.1983574,0.32196847,0.30066112
843,/mnt/c/Users/puneet/Downloads/DAiSEE/DataSet/Test/510040/5100402019/5100402019.avi,2,3,0.17866546,0.19812578,0.32196653,0.30124226
844,/mnt/c/Users/puneet/Downloads/DAiSEE/DataSet/Test/510040/5100402020/5100402020.avi,2,2,0.17853229,0.19803691,0.32196555,0.30146518
845,/mnt/c/Users/puneet/Downloads/DAiSEE/DataSet/Test/510040/5100402023/5100402023.avi,2,3,0.18062876,0.1994298,0.32196894,0.2979725
846,/mnt/c/Users/puneet/Downloads/DAiSEE/DataSet/Test/510040/5100402024/5100402024.avi,2,3,0.18020655,0.1991503,0.3219702,0.2986729
847,/mnt/c/Users/puneet/Downloads/DAiSEE/DataSet/Test/510040/5100402028/5100402028.avi,2,2,0.17997088,0.19899406,0.3219705,0.29906458
848,/mnt/c/Users/puneet/Downloads/DAiSEE/DataSet/Test/510040/5100402029/5100402029.avi,2,2,0.17946169,0.19865593,0.32197002,0.2999123
849,/mnt/c/Users/puneet/Downloads/DAiSEE/DataSet/Test/510040/5100402031/5100402031.avi,2,2,0.17915761,0.19845368,0.3219691,0.30041954
850,/mnt/c/Users/puneet/Downloads/DAiSEE/DataSet/Test/510040/5100402032/5100402032.avi,2,3,0.17707399,0.19706067,0.32194892,0.30391654
851,/mnt/c/Users/puneet/Downloads/DAiSEE/DataSet/Test/510040/5100402033/5100402033.avi,3,2,0.1522031,0.17944942,0.31969738,0.34865007
852,/mnt/c/Users/puneet/Downloads/DAiSEE/DataSet/Test/510040/5100402034/5100402034.avi,2,2,0.17787874,0.19760017,0.32195958,0.30256155
853,/mnt/c/Users/puneet/Downloads/DAiSEE/DataSet/Test/510040/5100402035/5100402035.avi,2,3,0.17665222,0.1967772,0.32194182,0.30462873
854,/mnt/c/Users/puneet/Downloads/DAiSEE/DataSet/Test/510040/5100402036/5100402036.avi,2,2,0.17712626,0.19709577,0.3219497,0.30382827
855,/mnt/c/Users/puneet/Downloads/DAiSEE/DataSet/Test/510040/5100402037/5100402037.avi,2,2,0.17388186,0.19490248,0.32187054,0.30934513
856,/mnt/c/Users/puneet/Downloads/DAiSEE/DataSet/Test/510040/5100402038/5100402038.avi,2,3,0.17439756,0.19525313,0.32188714,0.3084622
857,/mnt/c/Users/puneet/Downloads/DAiSEE/DataSet/Test/510040/5100402039/5100402039.avi,2,2,0.1742889,0.19517931,0.32188377,0.30864808
858,/mnt/c/Users/puneet/Downloads/DAiSEE/DataSet/Test/510040/5100402040/5100402040.avi,2,3,0.17462292,0.19540612,0.3218939,0.30807704
859,/mnt/c/Users/puneet/Downloads/DAiSEE/DataSet/Test/510040/5100402046/5100402046.avi,2,2,0.16772446,0.19065611,0.3215521,0.32006735
860,/mnt/c/Users/puneet/Downloads/DAiSEE/DataSet/Test/510040/5100402047/5100402047.avi,2,2,0.16718055,0.19027567,0.32151306,0.3210307
861,/mnt/c/Users/puneet/Downloads/DAiSEE/DataSet/Test/510040/5100402048/5100402048.avi,2,2,0.1777734,0.19752966,0.32195836,0.30273858
862,/mnt/c/Users/puneet/Downloads/DAiSEE/DataSet/Test/510040/5100402049/5100402049.avi,2,3,0.17760709,0.19741826,0.32195634,0.30301824
863,/mnt/c/Users/puneet/Downloads/DAiSEE/DataSet/Test/510040/5100402050/5100402050.avi,2,2,0.16706409,0.19019407,0.32150444,0.32123733
864,/mnt/c/Users/puneet/Downloads/DAiSEE/DataSet/Test/510040/5100402051/5100402051.avi,2,2,0.1744908,0.19531646,0.32188997,0.30830282
865,/mnt/c/Users/puneet/Downloads/DAiSEE/DataSet/Test/510040/5100402052/5100402052.avi,2,2,0.1751306,0.19575024,0.3219081,0.30721107
866,/mnt/c/Users/puneet/Downloads/DAiSEE/DataSet/Test/510040/5100402053/5100402053.avi,2,2,0.17602152,0.19635233,0.32192945,0.30569673
867,/mnt/c/Users/puneet/Downloads/DAiSEE/DataSet/Test/510040/5100402054/5100402054.avi,2,2,0.1757287,0.19615468,0.32192293,0.3061937
868,/mnt/c/Users/puneet/Downloads/DAiSEE/DataSet/Test/510040/5100402055/5100402055.avi,2,2,0.17574172,0.19616348,0.32192323,0.30617157
869,/mnt/c/Users/puneet/Downloads/DAiSEE/DataSet/Test/510040/5100402057/5100402057.avi,2,2,0.17028439,0.19243498,0.32171178,0.3155689
870,/mnt/c/Users/puneet/Downloads/DAiSEE/DataSet/Test/510040/5100402058/5100402058.avi,2,2,0.174309,0.19519298,0.3218844,0.30861363
871,/mnt/c/Users/puneet/Downloads/DAiSEE/DataSet/Test/510040/5100402059/5100402059.avi,2,2,0.17261653,0.19403888,0.32182327,0.31152126
872,/mnt/c/Users/puneet/Downloads/DAiSEE/DataSet/Test/510040/5100402062/5100402062.avi,2,1,0.17334212,0.19453467,0.32185152,0.3102717
873,/mnt/c/Users/puneet/Downloads/DAiSEE/DataSet/Test/510040/5100402063/5100402063.avi,2,1,0.17154452,0.19330359,0.321776,0.3133759
874,/mnt/c/Users/puneet/Downloads/DAiSEE/DataSet/Test/510040/5100402065/5100402065.avi,2,3,0.17500307,0.19566385,0.32190466,0.30742842
875,/mnt/c/Users/puneet/Downloads/DAiSEE/DataSet/Test/510040/5100402066/5100402066.avi,2,2,0.17548032,0.19598685,0.32191697,0.30661577
876,/mnt/c/Users/puneet/Downloads/DAiSEE/DataSet/Test/510040/5100402067/5100402067.avi,2,2,0.1743224,0.19520207,0.3218848,0.30859077
877,/mnt/c/Users/puneet/Downloads/DAiSEE/DataSet/Test/510040/5100402068/5100402068.avi,2,2,0.1763242,0.19655636,0.32193565,0.30518374
878,/mnt/c/Users/puneet/Downloads/DAiSEE/DataSet/Test/510040/5100402069/5100402069.avi,2,2,0.17927313,0.19853055,0.32196954,0.30022678
879,/mnt/c/Users/puneet/Downloads/DAiSEE/DataSet/Test/510042/5100421001/5100421001.avi,2,3,0.17979534,0.19887759,0.3219705,0.2993566
880,/mnt/c/Users/puneet/Downloads/DAiSEE/DataSet/Test/510042/5100421002/5100421002.avi,2,2,0.18205595,0.20037091,0.32195753,0.2956156
881,/mnt/c/Users/puneet/Downloads/DAiSEE/DataSet/Test/510042/5100421003/5100421003.avi,2,3,0.17933735,0.19857326,0.32196972,0.30011964
882,/mnt/c/Users/puneet/Downloads/DAiSEE/DataSet/Test/510042/5100421005/5100421005.avi,2,3,0.18296272,0.20096588,0.32194456,0.29412684
883,/mnt/c/Users/puneet/Downloads/DAiSEE/DataSet/Test/510042/5100421007/5100421007.avi,2,2,0.17976272,0.19885592,0.32197046,0.29941088
884,/mnt/c/Users/puneet/Downloads/DAiSEE/DataSet/Test/510042/5100421009/5100421009.avi,2,2,0.18332107,0.20120037,0.32193822,0.29354036
885,/mnt/c/Users/puneet/Downloads/DAiSEE/DataSet/Test/510042/5100421011/5100421011.avi,2,2,0.18377277,0.20149542,0.32192925,0.29280254
886,/mnt/c/Users/puneet/Downloads/DAiSEE/DataSet/Test/510042/5100421012/5100421012.avi,2,3,0.18236278,0.2005725,0.32195362,0.2951111
887,/mnt/c/Users/puneet/Downloads/DAiSEE/DataSet/Test/510042/5100421013/5100421013.avi,2,2,0.1785976,0.1980805,0.32196602,0.30135584
888,/mnt/c/Users/puneet/Downloads/DAiSEE/DataSet/Test/510042/5100421015/5100421015.avi,3,3,0.1664606,0.18977074,0.3214586,0.32231003
889,/mnt/c/Users/puneet/Downloads/DAiSEE/DataSet/Test/510042/5100421016/5100421016.avi,2,3,0.18083027,0.19956304,0.321968,0.2976387
890,/mnt/c/Users/puneet/Downloads/DAiSEE/DataSet/Test/510042/5100421017/5100421017.avi,2,2,0.18137875,0.19992507,0.3219643,0.29673183
891,/mnt/c/Users/puneet/Downloads/DAiSEE/DataSet/Test/510042/5100421018/5100421018.avi,2,2,0.18022367,0.19916163,0.32197013,0.29864448
892,/mnt/c/Users/puneet/Downloads/DAiSEE/DataSet/Test/510042/5100421019/5100421019.avi,2,3,0.18037167,0.19925967,0.3219698,0.29839885
893,/mnt/c/Users/puneet/Downloads/DAiSEE/DataSet/Test/510042/5100421020/5100421020.avi,2,2,0.18123071,0.19982743,0.32196546,0.2969764
894,/mnt/c/Users/puneet/Downloads/DAiSEE/DataSet/Test/510042/5100421021/5100421021.avi,2,3,0.18234576,0.20056131,0.32195386,0.29513907
895,/mnt/c/Users/puneet/Downloads/DAiSEE/DataSet/Test/510042/5100421024/5100421024.avi,2,3,0.17671832,0.19682166,0.321943,0.304517
896,/mnt/c/Users/puneet/Downloads/DAiSEE/DataSet/Test/510042/5100421025/5100421025.avi,2,2,0.1787058,0.19815266,0.32196677,0.30117476
897,/mnt/c/Users/puneet/Downloads/DAiSEE/DataSet/Test/510042/5100421026/5100421026.avi,2,3,0.18156493,0.20004778,0.3219627,0.29642463
898,/mnt/c/Users/puneet/Downloads/DAiSEE/DataSet/Test/510042/5100421027/5100421027.avi,2,2,0.18311273,0.20106408,0.32194197,0.2938812
899,/mnt/c/Users/puneet/Downloads/DAiSEE/DataSet/Test/510042/5100421029/5100421029.avi,2,3,0.18175568,0.2001734,0.3219608,0.29611006
900,/mnt/c/Users/puneet/Downloads/DAiSEE/DataSet/Test/510042/5100421032/5100421032.avi,2,3,0.1769142,0.19695334,0.32194635,0.30418614
901,/mnt/c/Users/puneet/Downloads/DAiSEE/DataSet/Test/510042/5100421033/5100421033.avi,2,3,0.18180576,0.20020634,0.3219603,0.29602754
902,/mnt/c/Users/puneet/Downloads/DAiSEE/DataSet/Test/510042/5100421034/5100421034.avi,2,3,0.17988747,0.19893873,0.32197052,0.2992033
903,/mnt/c/Users/puneet/Downloads/DAiSEE/DataSet/Test/510042/5100421038/5100421038.avi,2,2,0.18078715,0.19953454,0.32196823,0.29771012
904,/mnt/c/Users/puneet/Downloads/DAiSEE/DataSet/Test/510042/5100421039/5100421039.avi,2,3,0.18322596,0.20113817,0.32193995,0.2936959
905,/mnt/c/Users/puneet/Downloads/DAiSEE/DataSet/Test/510042/5100421040/5100421040.avi,2,2,0.18242942,0.20061623,0.3219527,0.2950016
906,/mnt/c/Users/puneet/Downloads/DAiSEE/DataSet/Test/510042/5100421041/5100421041.avi,2,2,0.18152754,0.20002314,0.321963,0.2964863
907,/mnt/c/Users/puneet/Downloads/DAiSEE/DataSet/Test/510042/5100421043/5100421043.avi,2,2,0.18167776,0.20012209,0.32196164,0.2962386
908,/mnt/c/Users/puneet/Downloads/DAiSEE/DataSet/Test/510042/5100421045/5100421045.avi,2,2,0.179429,0.1986342,0.32196996,0.29996678
909,/mnt/c/Users/puneet/Downloads/DAiSEE/DataSet/Test/510042/5100421047/5100421047.avi,2,2,0.18330036,0.20118682,0.3219386,0.2935742
910,/mnt/c/Users/puneet/Downloads/DAiSEE/DataSet/Test/510042/5100421048/5100421048.avi,2,3,0.18078777,0.19953494,0.3219682,0.29770905
911,/mnt/c/Users/puneet/Downloads/DAiSEE/DataSet/Test/510042/5100421049/5100421049.avi,2,3,0.1813137,0.19988218,0.32196483,0.2968393
912,/mnt/c/Users/puneet/Downloads/DAiSEE/DataSet/Test/510042/5100421050/5100421050.avi,2,2,0.18005314,0.19904861,0.32197043,0.2989278
913,/mnt/c/Users/puneet/Downloads/DAiSEE/DataSet/Test/510042/5100421051/5100421051.avi,2,2,0.18348494,0.20130748,0.3219351,0.2932725
914,/mnt/c/Users/puneet/Downloads/DAiSEE/DataSet/Test/510042/5100421052/5100421052.avi,2,2,0.1764097,0.19661397,0.32193735,0.305039
915,/mnt/c/Users/puneet/Downloads/DAiSEE/DataSet/Test/510042/5100421053/5100421053.avi,2,3,0.1798965,0.19894472,0.32197052,0.29918835
916,/mnt/c/Users/puneet/Downloads/DAiSEE/DataSet/Test/510042/5100421054/5100421054.avi,3,2,0.16430655,0.18825084,0.32127663,0.3261659
917,/mnt/c/Users/puneet/Downloads/DAiSEE/DataSet/Test/510042/5100421056/5100421056.avi,2,3,0.18273343,0.20081565,0.32194823,0.29450265
918,/mnt/c/Users/puneet/Downloads/DAiSEE/DataSet/Test/510042/5100421057/5100421057.avi,2,3,0.17035022,0.19248049,0.32171535,0.31545395
919,/mnt/c/Users/puneet/Downloads/DAiSEE/DataSet/Test/510042/5100421058/5100421058.avi,2,2,0.1795963,0.1987454,0.3219703,0.29968798
920,/mnt/c/Users/puneet/Downloads/DAiSEE/DataSet/Test/510042/5100421059/5100421059.avi,2,2,0.18085466,0.19957915,0.32196787,0.29759833
921,/mnt/c/Users/puneet/Downloads/DAiSEE/DataSet/Test/510042/5100421060/5100421060.avi,2,2,0.18253127,0.20068307,0.32195127,0.29483438
922,/mnt/c/Users/puneet/Downloads/DAiSEE/DataSet/Test/510042/5100421061/5100421061.avi,2,2,0.17887472,0.19826527,0.32196778,0.30089226
923,/mnt/c/Users/puneet/Downloads/DAiSEE/DataSet/Test/510042/5100421062/5100421062.avi,2,3,0.18348855,0.20130983,0.32193503,0.2932666
924,/mnt/c/Users/puneet/Downloads/DAiSEE/DataSet/Test/510042/5100421063/5100421063.avi,2,2,0.17929943,0.19854805,0.3219696,0.30018288
925,/mnt/c/Users/puneet/Downloads/DAiSEE/DataSet/Test/510042/5100421064/5100421064.avi,2,3,0.18060789,0.19941598,0.32196903,0.29800707
926,/mnt/c/Users/puneet/Downloads/DAiSEE/DataSet/Test/510042/5100421065/5100421065.avi,2,3,0.1827649,0.20083627,0.32194775,0.29445106
927,/mnt/c/Users/puneet/Downloads/DAiSEE/DataSet/Test/510042/5100421067/5100421067.avi,2,2,0.17862967,0.19810188,0.32196623,0.30130216
928,/mnt/c/Users/puneet/Downloads/DAiSEE/DataSet/Test/510042/5100421068/5100421068.avi,2,3,0.17618477,0.19646242,0.32193288,0.30541995
929,/mnt/c/Users/puneet/Downloads/DAiSEE/DataSet/Test/510042/5100421069/5100421069.avi,2,2,0.18373527,0.20147096,0.32193005,0.29286376
930,/mnt/c/Users/puneet/Downloads/DAiSEE/DataSet/Test/510042/5100421070/5100421070.avi,2,3,0.18188043,0.2002555,0.32195953,0.29590458
931,/mnt/c/Users/puneet/Downloads/DAiSEE/DataSet/Test/510042/5100421071/5100421071.avi,2,2,0.18134882,0.19990534,0.32196453,0.29678124
932,/mnt/c/Users/puneet/Downloads/DAiSEE/DataSet/Test/510042/5100421072/5100421072.avi,2,2,0.1819415,0.20029567,0.32195884,0.29580402
933,/mnt/c/Users/puneet/Downloads/DAiSEE/DataSet/Test/510042/5100421073/5100421073.avi,2,3,0.18234773,0.20056263,0.32195383,0.2951358
934,/mnt/c/Users/puneet/Downloads/DAiSEE/DataSet/Test/510042/5100421074/5100421074.avi,2,2,0.18395314,0.2016131,0.3219254,0.29250842
935,/mnt/c/Users/puneet/Downloads/DAiSEE/DataSet/Test/510042/5100421076/5100421076.avi,2,3,0.1804711,0.1993255,0.32196954,0.29823393
936,/mnt/c/Users/puneet/Downloads/DAiSEE/DataSet/Test/510042/5100421078/5100421078.avi,2,3,0.17306572,0.194346,0.32184112,0.31074715
937,/mnt/c/Users/puneet/Downloads/DAiSEE/DataSet/Test/510042/5100421079/5100421079.avi,2,3,0.17795643,0.19765215,0.32196042,0.30243108
938,/mnt/c/Users/puneet/Downloads/DAiSEE/DataSet/Test/510042/5100421080/5100421080.avi,2,3,0.18205006,0.20036703,0.32195756,0.29562527
939,/mnt/c/Users/puneet/Downloads/DAiSEE/DataSet/Test/510042/5100421081/5100421081.avi,2,3,0.18079539,0.19953997,0.3219682,0.29769647
940,/mnt/c/Users/puneet/Downloads/DAiSEE/DataSet/Test/510042/5100422002/5100422002.avi,2,2,0.16919546,0.19168064,0.32164866,0.3174753
941,/mnt/c/Users/puneet/Downloads/DAiSEE/DataSet/Test/510042/5100422003/5100422003.avi,3,2,0.16396765,0.18801045,0.3212454,0.32677644
942,/mnt/c/Users/puneet/Downloads/DAiSEE/DataSet/Test/510042/5100422004/5100422004.avi,2,3,0.1780961,0.19774555,0.32196185,0.30219656
943,/mnt/c/Users/puneet/Downloads/DAiSEE/DataSet/Test/510042/5100422005/5100422005.avi,2,2,0.170979,0.19291434,0.32174832,0.3143583
944,/mnt/c/Users/puneet/Downloads/DAiSEE/DataSet/Test/510042/5100422006/5100422006.avi,2,3,0.1821895,0.20045868,0.32195586,0.2953959
945,/mnt/c/Users/puneet/Downloads/DAiSEE/DataSet/Test/510042/5100422007/5100422007.avi,2,2,0.16737388,0.19041099,0.32152715,0.32068798
946,/mnt/c/Users/puneet/Downloads/DAiSEE/DataSet/Test/510042/5100422008/5100422008.avi,2,2,0.18307625,0.20104021,0.3219426,0.29394093
947,/mnt/c/Users/puneet/Downloads/DAiSEE/DataSet/Test/510042/5100422009/5100422009.avi,2,2,0.17648001,0.1966613,0.32193866,0.30492
948,/mnt/c/Users/puneet/Downloads/DAiSEE/DataSet/Test/510042/5100422011/5100422011.avi,2,2,0.1818989,0.20026764,0.32195932,0.29587415
949,/mnt/c/Users/puneet/Downloads/DAiSEE/DataSet/Test/510042/5100422012/5100422012.avi,2,3,0.17998354,0.19900244,0.32197046,0.29904354
950,/mnt/c/Users/puneet/Downloads/DAiSEE/DataSet/Test/510042/5100422013/5100422013.avi,2,2,0.18373348,0.2014698,0.32193005,0.29286662
951,/mnt/c/Users/puneet/Downloads/DAiSEE/DataSet/Test/510042/5100422014/5100422014.avi,3,2,0.14440347,0.17353539,0.3181434,0.3639178
952,/mnt/c/Users/puneet/Downloads/DAiSEE/DataSet/Test/510042/5100422016/5100422016.avi,2,2,0.1687573,0.19137613,0.32162124,0.31824526
953,/mnt/c/Users/puneet/Downloads/DAiSEE/DataSet/Test/510042/5100422017/5100422017.avi,2,3,0.17879488,0.19821207,0.32196733,0.30102575
954,/mnt/c/Users/puneet/Downloads/DAiSEE/DataSet/Test/510042/5100422018/5100422018.avi,2,2,0.18197326,0.20031655,0.32195845,0.29575166
955,/mnt/c/Users/puneet/Downloads/DAiSEE/DataSet/Test/510042/5100422019/5100422019.avi,2,3,0.18360434,0.20138548,0.32193273,0.29307747
956,/mnt/c/Users/puneet/Downloads/DAiSEE/DataSet/Test/510042/5100422022/5100422022.avi,2,2,0.17364155,0.19473884,0.32186228,0.30975735
957,/mnt/c/Users/puneet/Downloads/DAiSEE/DataSet/Test/510042/5100422023/5100422023.avi,2,2,0.16950516,0.19189553,0.3216673,0.31693196
958,/mnt/c/Users/puneet/Downloads/DAiSEE/DataSet/Test/510042/5100422024/5100422024.avi,2,2,0.17831425,0.19789134,0.32196385,0.30183056
959,/mnt/c/Users/puneet/Downloads/DAiSEE/DataSet/Test/510042/5100422025/5100422025.avi,2,3,0.18344447,0.20128103,0.32193586,0.29333863
960,/mnt/c/Users/puneet/Downloads/DAiSEE/DataSet/Test/510042/5100422026/5100422026.avi,2,3,0.17448932,0.19531545,0.32188994,0.30830532
961,/mnt/c/Users/puneet/Downloads/DAiSEE/DataSet/Test/510042/5100422027/5100422027.avi,2,2,0.17197628,0.19360013,0.32179585,0.3126277
962,/mnt/c/Users/puneet/Downloads/DAiSEE/DataSet/Test/510042/5100422028/5100422028.avi,2,3,0.1791188,0.19842786,0.32196894,0.30048442
963,/mnt/c/Users/puneet/Downloads/DAiSEE/DataSet/Test/510042/5100422029/5100422029.avi,2,2,0.1835935,0.2013784,0.32193294,0.29309517
964,/mnt/c/Users/puneet/Downloads/DAiSEE/DataSet/Test/510042/5100422030/5100422030.avi,2,2,0.18340774,0.20125704,0.3219366,0.2933987
965,/mnt/c/Users/puneet/Downloads/DAiSEE/DataSet/Test/510042/5100422033/5100422033.avi,2,2,0.18229032,0.20052491,0.3219546,0.2952302
966,/mnt/c/Users/puneet/Downloads/DAiSEE/DataSet/Test/510042/5100422034/5100422034.avi,2,2,0.18337801,0.20123759,0.32193717,0.2934473
967,/mnt/c/Users/puneet/Downloads/DAiSEE/DataSet/Test/510042/5100422035/5100422035.avi,2,2,0.18259428,0.20072442,0.32195035,0.29473096
968,/mnt/c/Users/puneet/Downloads/DAiSEE/DataSet/Test/510042/5100422036/5100422036.avi,2,3,0.18304582,0.20102029,0.32194313,0.29399073
969,/mnt/c/Users/puneet/Downloads/DAiSEE/DataSet/Test/510042/5100422037/5100422037.avi,2,2,0.18181756,0.20021412,0.32196018,0.2960081
970,/mnt/c/Users/puneet/Downloads/DAiSEE/DataSet/Test/510042/5100422038/5100422038.avi,2,3,0.17958738,0.19873947,0.32197025,0.29970285
971,/mnt/c/Users/puneet/Downloads/DAiSEE/DataSet/Test/510042/5100422039/5100422039.avi,3,3,0.16256352,0.18701082,0.3211082,0.3293175
972,/mnt/c/Users/puneet/Downloads/DAiSEE/DataSet/Test/510042/5100422041/5100422041.avi,2,2,0.18216094,0.20043993,0.32195625,0.2954429
973,/mnt/c/Users/puneet/Downloads/DAiSEE/DataSet/Test/510042/5100422042/5100422042.avi,2,3,0.18281348,0.20086811,0.32194698,0.29437146
974,/mnt/c/Users/puneet/Downloads/DAiSEE/DataSet/Test/510042/5100422044/5100422044.avi,2,2,0.18156047,0.20004484,0.3219627,0.29643193
975,/mnt/c/Users/puneet/Downloads/DAiSEE/DataSet/Test/510042/5100422045/5100422045.avi,2,2,0.1821643,0.20044212,0.3219562,0.29543737
976,/mnt/c/Users/puneet/Downloads/DAiSEE/DataSet/Test/510042/5100422046/5100422046.avi,2,3,0.18386826,0.20155774,0.32192725,0.29264683
977,/mnt/c/Users/puneet/Downloads/DAiSEE/DataSet/Test/510042/5100422047/5100422047.avi,2,2,0.17864765,0.1981139,0.32196638,0.3012721
978,/mnt/c/Users/puneet/Downloads/DAiSEE/DataSet/Test/510042/5100422049/5100422049.avi,2,2,0.18258506,0.20071837,0.32195047,0.29474604
979,/mnt/c/Users/puneet/Downloads/DAiSEE/DataSet/Test/510042/5100422050/5100422050.avi,2,3,0.18376172,0.20148823,0.32192948,0.29282057
980,/mnt/c/Users/puneet/Downloads/DAiSEE/DataSet/Test/510042/5100422051/5100422051.avi,2,2,0.18357675,0.20136745,0.32193327,0.29312253
981,/mnt/c/Users/puneet/Downloads/DAiSEE/DataSet/Test/510042/5100422052/5100422052.avi,2,2,0.18379368,0.20150909,0.32192883,0.29276848
982,/mnt/c/Users/puneet/Downloads/DAiSEE/DataSet/Test/510042/5100422055/5100422055.avi,2,3,0.18339175,0.20124657,0.32193688,0.29342476
983,/mnt/c/Users/puneet/Downloads/DAiSEE/DataSet/Test/510042/5100422056/5100422056.avi,2,3,0.18505047,0.20232698,0.32189807,0.29072452
984,/mnt/c/Users/puneet/Downloads/DAiSEE/DataSet/Test/510042/5100422057/5100422057.avi,2,2,0.182227,0.20048332,0.32195538,0.29533422
985,/mnt/c/Users/puneet/Downloads/DAiSEE/DataSet/Test/510042/5100422058/5100422058.avi,2,2,0.18300086,0.20099086,0.3219439,0.29406437
986,/mnt/c/Users/puneet/Downloads/DAiSEE/DataSet/Test/510042/5100422059/5100422059.avi,2,3,0.17513447,0.19575284,0.32190818,0.30720446
987,/mnt/c/Users/puneet/Downloads/DAiSEE/DataSet/Test/510042/5100422060/5100422060.avi,2,2,0.17949031,0.19867498,0.3219701,0.29986462
988,/mnt/c/Users/puneet/Downloads/DAiSEE/DataSet/Test/510042/5100422061/5100422061.avi,2,3,0.18268168,0.20078173,0.32194906,0.29458755
989,/mnt/c/Users/puneet/Downloads/DAiSEE/DataSet/Test/510042/5100422062/5100422062.avi,2,2,0.18061163,0.19941847,0.321969,0.29800087
990,/mnt/c/Users/puneet/Downloads/DAiSEE/DataSet/Test/510042/5100422063/5100422063.avi,2,3,0.18278567,0.2008499,0.32194743,0.294417
991,/mnt/c/Users/puneet/Downloads/DAiSEE/DataSet/Test/510042/5100422065/5100422065.avi,2,3,0.17940956,0.19862129,0.32196993,0.2999992
992,/mnt/c/Users/puneet/Downloads/DAiSEE/DataSet/Test/510042/5100422066/5100422066.avi,2,2,0.18263797,0.20075308,0.3219497,0.29465923
993,/mnt/c/Users/puneet/Downloads/DAiSEE/DataSet/Test/510042/5100422067/5100422067.avi,2,2,0.1812671,0.19985145,0.3219652,0.29691628
994,/mnt/c/Users/puneet/Downloads/DAiSEE/DataSet/Test/510042/5100422068/5100422068.avi,2,2,0.17240834,0.19389635,0.32181463,0.31188065
995,/mnt/c/Users/puneet/Downloads/DAiSEE/DataSet/Test/510042/5100422069/5100422069.avi,2,2,0.18302637,0.20100756,0.3219435,0.29402265
996,/mnt/c/Users/puneet/Downloads/DAiSEE/DataSet/Test/510042/5100422071/5100422071.avi,2,3,0.18316121,0.20109582,0.32194114,0.29380187
997,/mnt/c/Users/puneet/Downloads/DAiSEE/DataSet/Test/510042/5100422072/5100422072.avi,2,2,0.18345642,0.20128885,0.32193565,0.2933191
998,/mnt/c/Users/puneet/Downloads/DAiSEE/DataSet/Test/510042/5100422073/5100422073.avi,2,2,0.18252946,0.2006819,0.32195127,0.29483733
999,/mnt/c/Users/puneet/Downloads/DAiSEE/DataSet/Test/510042/5100422074/5100422074.avi,2,2,0.17676961,0.19685614,0.3219439,0.30443034
1000,/mnt/c/Users/puneet/Downloads/DAiSEE/DataSet/Test/510042/5100422075/5100422075.avi,2,3,0.18271485,0.20080346,0.32194856,0.29453316
1001,/mnt/c/Users/puneet/Downloads/DAiSEE/DataSet/Test/510042/5100422077/5100422077.avi,3,2,0.163346,0.1875686,0.3211862,0.32789922
1002,/mnt/c/Users/puneet/Downloads/DAiSEE/DataSet/Test/510042/5100422078/5100422078.avi,2,2,0.18225874,0.20050417,0.321955,0.2952821
1003,/mnt/c/Users/puneet/Downloads/DAiSEE/DataSet/Test/510042/5100422079/5100422079.avi,2,3,0.18130691,0.19987771,0.32196492,0.29685053
1004,/mnt/c/Users/puneet/Downloads/DAiSEE/DataSet/Test/510042/5100422080/5100422080.avi,2,2,0.18451987,0.20198222,0.32191208,0.29158592
1005,/mnt/c/Users/puneet/Downloads/DAiSEE/DataSet/Test/510042/5100422081/5100422081.avi,2,2,0.17942993,0.19863482,0.32196996,0.29996526
1006,/mnt/c/Users/puneet/Downloads/DAiSEE/DataSet/Test/510042/5100422084/5100422084.avi,2,2,0.18254258,0.20069051,0.3219511,0.2948158
1007,/mnt/c/Users/puneet/Downloads/DAiSEE/DataSet/Test/510042/5100422085/5100422085.avi,2,2,0.17970198,0.1988156,0.32197046,0.299512
1008,/mnt/c/Users/puneet/Downloads/DAiSEE/DataSet/Test/510045/5100451001/5100451001.avi,2,2,0.18552724,0.2026361,0.3218842,0.2899525
1009,/mnt/c/Users/puneet/Downloads/DAiSEE/DataSet/Test/510045/5100451003/5100451003.avi,2,3,0.18545675,0.20259044,0.32188633,0.29006648
1010,/mnt/c/Users/puneet/Downloads/DAiSEE/DataSet/Test/510045/5100451004/5100451004.avi,2,3,0.18548518,0.20260885,0.32188547,0.29002047
1011,/mnt/c/Users/puneet/Downloads/DAiSEE/DataSet/Test/510045/5100451006/5100451006.avi,2,3,0.18553874,0.20264354,0.3218839,0.28993386
1012,/mnt/c/Users/puneet/Downloads/DAiSEE/DataSet/Test/510045/5100451007/5100451007.avi,2,3,0.18539803,0.20255238,0.3218881,0.2901615
1013,/mnt/c/Users/puneet/Downloads/DAiSEE/DataSet/Test/510045/5100451012/5100451012.avi,2,3,0.18543693,0.2025776,0.32188693,0.29009855
1014,/mnt/c/Users/puneet/Downloads/DAiSEE/DataSet/Test/510045/5100451013/5100451013.avi,2,3,0.18555678,0.20265523,0.3218833,0.28990465
1015,/mnt/c/Users/puneet/Downloads/DAiSEE/DataSet/Test/510045/5100451015/5100451015.avi,2,3,0.18409379,0.20170477,0.3219222,0.2922792
1016,/mnt/c/Users/puneet/Downloads/DAiSEE/DataSet/Test/510045/5100451016/5100451016.avi,2,3,0.18448079,0.20195678,0.321913,0.29164937
1017,/mnt/c/Users/puneet/Downloads/DAiSEE/DataSet/Test/510045/5100451017/5100451017.avi,2,2,0.18508402,0.20234872,0.32189712,0.2906701
1018,/mnt/c/Users/puneet/Downloads/DAiSEE/DataSet/Test/510045/5100451018/5100451018.avi,2,3,0.18523239,0.202445,0.32189292,0.29042974
1019,/mnt/c/Users/puneet/Downloads/DAiSEE/DataSet/Test/510045/5100451019/5100451019.avi,2,3,0.18241428,0.2006063,0.3219529,0.29502648
1020,/mnt/c/Users/puneet/Downloads/DAiSEE/DataSet/Test/510045/5100451020/5100451020.avi,2,2,0.18317868,0.20110725,0.3219408,0.2937733
1021,/mnt/c/Users/puneet/Downloads/DAiSEE/DataSet/Test/510045/5100451024/5100451024.avi,2,3,0.18429793,0.20183776,0.32191747,0.29194686
1022,/mnt/c/Users/puneet/Downloads/DAiSEE/DataSet/Test/510045/5100451026/5100451026.avi,2,3,0.18194279,0.20029652,0.32195884,0.2958019
1023,/mnt/c/Users/puneet/Downloads/DAiSEE/DataSet/Test/510045/5100451027/5100451027.avi,2,3,0.18546218,0.20259394,0.32188618,0.29005772
1024,/mnt/c/Users/puneet/Downloads/DAiSEE/DataSet/Test/510045/5100451033/5100451033.avi,2,2,0.18508263,0.20234786,0.32189718,0.2906724
1025,/mnt/c/Users/puneet/Downloads/DAiSEE/DataSet/Test/510045/5100451034/5100451034.avi,2,3,0.1846587,0.20207249,0.32190853,0.2913603
1026,/mnt/c/Users/puneet/Downloads/DAiSEE/DataSet/Test/510045/5100451035/5100451035.avi,2,3,0.18488134,0.20221718,0.3219027,0.29099882
1027,/mnt/c/Users/puneet/Downloads/DAiSEE/DataSet/Test/510045/5100451036/5100451036.avi,2,2,0.1752526,0.19583283,0.3219113,0.30700332
1028,/mnt/c/Users/puneet/Downloads/DAiSEE/DataSet/Test/510045/5100451038/5100451038.avi,2,2,0.18502204,0.20230854,0.32189885,0.2907706
1029,/mnt/c/Users/puneet/Downloads/DAiSEE/DataSet/Test/510045/5100451041/5100451041.avi,2,3,0.18535109,0.20252195,0.32188946,0.2902375
1030,/mnt/c/Users/puneet/Downloads/DAiSEE/DataSet/Test/510045/5100451043/5100451043.avi,2,2,0.18479839,0.20216328,0.3219049,0.29113346
1031,/mnt/c/Users/puneet/Downloads/DAiSEE/DataSet/Test/510045/5100451044/5100451044.avi,2,3,0.18522951,0.20244312,0.32189298,0.2904343
1032,/mnt/c/Users/puneet/Downloads/DAiSEE/DataSet/Test/510045/5100451045/5100451045.avi,2,2,0.1818924,0.20026335,0.32195935,0.29588482
1033,/mnt/c/Users/puneet/Downloads/DAiSEE/DataSet/Test/510045/5100451049/5100451049.avi,2,3,0.1847497,0.20213164,0.32190618,0.29121253
1034,/mnt/c/Users/puneet/Downloads/DAiSEE/DataSet/Test/510045/5100451050/5100451050.avi,2,3,0.18537134,0.2025351,0.3218889,0.2902047
1035,/mnt/c/Users/puneet/Downloads/DAiSEE/DataSet/Test/510045/5100451051/5100451051.avi,2,2,0.18529722,0.20248702,0.321891,0.2903247
1036,/mnt/c/Users/puneet/Downloads/DAiSEE/DataSet/Test/510045/5100451052/5100451052.avi,2,3,0.18506747,0.20233802,0.3218976,0.29069695
1037,/mnt/c/Users/puneet/Downloads/DAiSEE/DataSet/Test/510045/5100451055/5100451055.avi,2,2,0.18341821,0.20126387,0.32193637,0.29338148
1038,/mnt/c/Users/puneet/Downloads/DAiSEE/DataSet/Test/510045/5100451056/5100451056.avi,2,3,0.18524867,0.20245555,0.32189247,0.2904034
1039,/mnt/c/Users/puneet/Downloads/DAiSEE/DataSet/Test/510045/5100451059/5100451059.avi,2,3,0.18531846,0.2025008,0.32189044,0.29029036
1040,/mnt/c/Users/puneet/Downloads/DAiSEE/DataSet/Test/510045/5100451060/5100451060.avi,2,3,0.18537766,0.20253919,0.32188872,0.2901945
1041,/mnt/c/Users/puneet/Downloads/DAiSEE/DataSet/Test/510045/5100451061/5100451061.avi,2,3,0.1848153,0.20217428,0.32190445,0.29110602
1042,/mnt/c/Users/puneet/Downloads/DAiSEE/DataSet/Test/510045/5100451064/5100451064.avi,2,2,0.18526366,0.20246528,0.32189205,0.29037908
1043,/mnt/c/Users/puneet/Downloads/DAiSEE/DataSet/Test/510045/5100451065/5100451065.avi,2,3,0.18495664,0.20226608,0.32190064,0.29087666
1044,/mnt/c/Users/puneet/Downloads/DAiSEE/DataSet/Test/510045/5100451066/5100451066.avi,2,2,0.1835369,0.20134142,0.32193407,0.2931876
1045,/mnt/c/Users/puneet/Downloads/DAiSEE/DataSet/Test/510045/5100451067/5100451067.avi,2,3,0.1830023,0.2009918,0.3219439,0.29406205
1046,/mnt/c/Users/puneet/Downloads/DAiSEE/DataSet/Test/510045/5100451070/5100451070.avi,2,3,0.1852316,0.2024445,0.32189295,0.29043096
1047,/mnt/c/Users/puneet/Downloads/DAiSEE/DataSet/Test/510045/5100451071/5100451071.avi,2,3,0.18526728,0.20246762,0.3218919,0.29037318
1048,/mnt/c/Users/puneet/Downloads/DAiSEE/DataSet/Test/510045/5100452002/5100452002.avi,2,2,0.18531477,0.2024984,0.32189053,0.29029626
1049,/mnt/c/Users/puneet/Downloads/DAiSEE/DataSet/Test/510045/5100452004/5100452004.avi,2,3,0.18495278,0.20226355,0.32190076,0.29088295
1050,/mnt/c/Users/puneet/Downloads/DAiSEE/DataSet/Test/510045/5100452005/5100452005.avi,2,2,0.18534935,0.20252082,0.32188952,0.29024026
1051,/mnt/c/Users/puneet/Downloads/DAiSEE/DataSet/Test/510045/5100452006/5100452006.avi,2,3,0.18523201,0.20244476,0.32189295,0.2904303
1052,/mnt/c/Users/puneet/Downloads/DAiSEE/DataSet/Test/510045/5100452007/5100452007.avi,2,2,0.18406463,0.20168579,0.3219229,0.2923267
1053,/mnt/c/Users/puneet/Downloads/DAiSEE/DataSet/Test/510045/5100452008/5100452008.avi,2,3,0.18539149,0.20254813,0.32188827,0.2901721
1054,/mnt/c/Users/puneet/Downloads/DAiSEE/DataSet/Test/510045/5100452009/5100452009.avi,2,3,0.18208162,0.20038779,0.3219572,0.29557335
1055,/mnt/c/Users/puneet/Downloads/DAiSEE/DataSet/Test/510045/5100452010/5100452010.avi,2,2,0.18545322,0.20258816,0.32188645,0.29007223
1056,/mnt/c/Users/puneet/Downloads/DAiSEE/DataSet/Test/510045/5100452011/5100452011.avi,2,2,0.18323627,0.2011449,0.32193977,0.29367903
1057,/mnt/c/Users/puneet/Downloads/DAiSEE/DataSet/Test/510045/5100452012/5100452012.avi,2,3,0.18525562,0.20246007,0.32189223,0.29039207
1058,/mnt/c/Users/puneet/Downloads/DAiSEE/DataSet/Test/510045/5100452013/5100452013.avi,2,3,0.18543218,0.2025745,0.32188705,0.29010618
1059,/mnt/c/Users/puneet/Downloads/DAiSEE/DataSet/Test/510045/5100452014/5100452014.avi,2,3,0.18360758,0.20138758,0.32193267,0.2930722
1060,/mnt/c/Users/puneet/Downloads/DAiSEE/DataSet/Test/510045/5100452016/5100452016.avi,2,1,0.18490233,0.2022308,0.32190213,0.29096478
1061,/mnt/c/Users/puneet/Downloads/DAiSEE/DataSet/Test/510045/5100452017/5100452017.avi,2,3,0.18389958,0.20157816,0.32192656,0.29259574
1062,/mnt/c/Users/puneet/Downloads/DAiSEE/DataSet/Test/510045/5100452018/5100452018.avi,2,3,0.18255243,0.20069696,0.32195097,0.2947997
1063,/mnt/c/Users/puneet/Downloads/DAiSEE/DataSet/Test/510045/5100452021/5100452021.avi,2,2,0.18499301,0.20228967,0.32189962,0.29081762
1064,/mnt/c/Users/puneet/Downloads/DAiSEE/DataSet/Test/510045/5100452023/5100452023.avi,2,2,0.18504943,0.20232631,0.3218981,0.2907262
1065,/mnt/c/Users/puneet/Downloads/DAiSEE/DataSet/Test/510045/5100452025/5100452025.avi,2,2,0.18500124,0.20229502,0.32189938,0.2908043
1066,/mnt/c/Users/puneet/Downloads/DAiSEE/DataSet/Test/510045/5100452027/5100452027.avi,2,2,0.1704065,0.19251935,0.3217184,0.31535572
1067,/mnt/c/Users/puneet/Downloads/DAiSEE/DataSet/Test/510045/5100452028/5100452028.avi,2,3,0.18494813,0.20226054,0.32190087,0.29089049
1068,/mnt/c/Users/puneet/Downloads/DAiSEE/DataSet/Test/510045/5100452030/5100452030.avi,2,3,0.1852167,0.20243482,0.32189336,0.2904551
1069,/mnt/c/Users/puneet/Downloads/DAiSEE/DataSet/Test/510045/5100452031/5100452031.avi,2,3,0.18555427,0.20265359,0.32188338,0.28990874
1070,/mnt/c/Users/puneet/Downloads/DAiSEE/DataSet/Test/510045/5100452032/5100452032.avi,2,2,0.18382001,0.20152624,0.32192823,0.29272544
1071,/mnt/c/Users/puneet/Downloads/DAiSEE/DataSet/Test/510045/5100452033/5100452033.avi,2,2,0.18539448,0.20255008,0.32188818,0.29016724
1072,/mnt/c/Users/puneet/Downloads/DAiSEE/DataSet/Test/510045/5100452034/5100452034.avi,2,3,0.18532136,0.2025027,0.32189035,0.29028562
1073,/mnt/c/Users/puneet/Downloads/DAiSEE/DataSet/Test/510045/5100452035/5100452035.avi,2,2,0.18527736,0.20247416,0.32189164,0.29035687
1074,/mnt/c/Users/puneet/Downloads/DAiSEE/DataSet/Test/510045/5100452036/5100452036.avi,2,3,0.18534853,0.20252031,0.32188958,0.2902417
1075,/mnt/c/Users/puneet/Downloads/DAiSEE/DataSet/Test/510045/5100452037/5100452037.avi,2,3,0.18539923,0.20255317,0.32188806,0.29015958
1076,/mnt/c/Users/puneet/Downloads/DAiSEE/DataSet/Test/510045/5100452038/5100452038.avi,2,3,0.18240874,0.20060267,0.32195297,0.29503554
1077,/mnt/c/Users/puneet/Downloads/DAiSEE/DataSet/Test/510045/5100452039/5100452039.avi,2,2,0.18506126,0.20233397,0.32189772,0.29070696
1078,/mnt/c/Users/puneet/Downloads/DAiSEE/DataSet/Test/510045/5100452040/5100452040.avi,2,2,0.18234806,0.20056283,0.3219538,0.29513526
1079,/mnt/c/Users/puneet/Downloads/DAiSEE/DataSet/Test/510045/5100452047/5100452047.avi,2,3,0.18534426,0.20251754,0.32188967,0.29024857
1080,/mnt/c/Users/puneet/Downloads/DAiSEE/DataSet/Test/510045/5100452049/5100452049.avi,2,3,0.18513495,0.20238179,0.32189566,0.29058754
1081,/mnt/c/Users/puneet/Downloads/DAiSEE/DataSet/Test/510045/5100452050/5100452050.avi,2,3,0.1832903,0.20118026,0.32193878,0.29359064
1082,/mnt/c/Users/puneet/Downloads/DAiSEE/DataSet/Test/510045/5100452053/5100452053.avi,2,2,0.18512906,0.20237797,0.32189587,0.29059714
1083,/mnt/c/Users/puneet/Downloads/DAiSEE/DataSet/Test/510045/5100452054/5100452054.avi,2,3,0.18386422,0.2015551,0.3219273,0.29265335
1084,/mnt/c/Users/puneet/Downloads/DAiSEE/DataSet/Test/510045/5100452055/5100452055.avi,2,2,0.18531659,0.2024996,0.3218905,0.29029337
1085,/mnt/c/Users/puneet/Downloads/DAiSEE/DataSet/Test/510045/5100452059/5100452059.avi,2,3,0.18465702,0.2020714,0.32190856,0.291363
1086,/mnt/c/Users/puneet/Downloads/DAiSEE/DataSet/Test/510045/5100452060/5100452060.avi,2,3,0.18314072,0.20108241,0.3219415,0.29383537
1087,/mnt/c/Users/puneet/Downloads/DAiSEE/DataSet/Test/510045/5100452061/5100452061.avi,2,2,0.18498439,0.20228407,0.32189986,0.29083166
1088,/mnt/c/Users/puneet/Downloads/DAiSEE/DataSet/Test/510045/5100452065/5100452065.avi,2,3,0.18293065,0.20094489,0.32194507,0.29417938
1089,/mnt/c/Users/puneet/Downloads/DAiSEE/DataSet/Test/510045/5100452066/5100452066.avi,2,3,0.18537435,0.20253704,0.32188877,0.29019985
1090,/mnt/c/Users/puneet/Downloads/DAiSEE/DataSet/Test/510045/5100452067/5100452067.avi,2,3,0.1849053,0.20223273,0.32190204,0.29095995
1091,/mnt/c/Users/puneet/Downloads/DAiSEE/DataSet/Test/510045/5100452076/5100452076.avi,2,3,0.18322287,0.20113616,0.32194003,0.29370096
1092,/mnt/c/Users/puneet/Downloads/DAiSEE/DataSet/Test/510045/5100452078/5100452078.avi,2,3,0.18533154,0.20250928,0.32189006,0.29026917
1093,/mnt/c/Users/puneet/Downloads/DAiSEE/DataSet/Test/510045/5100452079/5100452079.avi,2,3,0.1812321,0.19982834,0.32196546,0.29697406
1094,/mnt/c/Users/puneet/Downloads/DAiSEE/DataSet/Test/510045/5100452080/5100452080.avi,2,3,0.18500441,0.20229708,0.32189935,0.2907992
1095,/mnt/c/Users/puneet/Downloads/DAiSEE/DataSet/Test/510045/5100452081/5100452081.avi,2,2,0.18514423,0.20238781,0.32189545,0.29057255
1096,/mnt/c/Users/puneet/Downloads/DAiSEE/DataSet/Test/510046/5100461004/5100461004.avi,2,2,0.18206237,0.20037514,0.32195744,0.295605
1097,/mnt/c/Users/puneet/Downloads/DAiSEE/DataSet/Test/510046/5100461005/5100461005.avi,2,2,0.17948385,0.19867069,0.3219701,0.29987538
1098,/mnt/c/Users/puneet/Downloads/DAiSEE/DataSet/Test/510046/5100461006/5100461006.avi,2,2,0.18097416,0.1996581,0.32196718,0.29740053
1099,/mnt/c/Users/puneet/Downloads/DAiSEE/DataSet/Test/510046/5100461007/5100461007.avi,2,1,0.17781977,0.19756068,0.3219589,0.30266067
1100,/mnt/c/Users/puneet/Downloads/DAiSEE/DataSet/Test/510046/5100461008/5100461008.avi,2,2,0.17841686,0.19795987,0.32196468,0.3016586
1101,/mnt/c/Users/puneet/Downloads/DAiSEE/DataSet/Test/510046/5100461009/5100461009.avi,2,3,0.17735644,0.19725023,0.32195306,0.3034403
1102,/mnt/c/Users/puneet/Downloads/DAiSEE/DataSet/Test/510046/5100461010/5100461010.avi,2,2,0.18042497,0.19929495,0.3219697,0.29831043
1103,/mnt/c/Users/puneet/Downloads/DAiSEE/DataSet/Test/510046/5100461011/5100461011.avi,2,2,0.17279698,0.19416232,0.3218306,0.31121013
1104,/mnt/c/Users/puneet/Downloads/DAiSEE/DataSet/Test/510046/5100461014/5100461014.avi,2,2,0.17738922,0.19727221,0.3219535,0.30338508
1105,/mnt/c/Users/puneet/Downloads/DAiSEE/DataSet/Test/510046/5100461015/5100461015.avi,2,3,0.17901148,0.19835639,0.32196847,0.30066365
1106,/mnt/c/Users/puneet/Downloads/DAiSEE/DataSet/Test/510046/5100461016/5100461016.avi,2,2,0.18109523,0.19973804,0.3219664,0.29720035
1107,/mnt/c/Users/puneet/Downloads/DAiSEE/DataSet/Test/510046/5100461017/5100461017.avi,2,3,0.18090472,0.19961223,0.3219676,0.2975155
1108,/mnt/c/Users/puneet/Downloads/DAiSEE/DataSet/Test/510046/5100461018/5100461018.avi,2,2,0.18262538,0.20074481,0.32194987,0.29467985
1109,/mnt/c/Users/puneet/Downloads/DAiSEE/DataSet/Test/510046/5100461020/5100461020.avi,2,2,0.18058491,0.19940078,0.3219691,0.29804516
1110,/mnt/c/Users/puneet/Downloads/DAiSEE/DataSet/Test/510046/5100461021/5100461021.avi,2,2,0.18000874,0.19901918,0.32197046,0.29900163
1111,/mnt/c/Users/puneet/Downloads/DAiSEE/DataSet/Test/510046/5100461022/5100461022.avi,2,3,0.17823999,0.19784173,0.3219632,0.30195513
1112,/mnt/c/Users/puneet/Downloads/DAiSEE/DataSet/Test/510046/5100461023/5100461023.avi,2,3,0.18104416,0.19970432,0.32196674,0.29728475
1113,/mnt/c/Users/puneet/Downloads/DAiSEE/DataSet/Test/510046/5100461025/5100461025.avi,2,2,0.17833409,0.19790459,0.321964,0.30179733
1114,/mnt/c/Users/puneet/Downloads/DAiSEE/DataSet/Test/510046/5100461029/5100461029.avi,2,2,0.17764606,0.19744436,0.32195684,0.30295268
1115,/mnt/c/Users/puneet/Downloads/DAiSEE/DataSet/Test/510046/5100461030/5100461030.avi,2,3,0.17704207,0.19703923,0.32194838,0.30397028
1116,/mnt/c/Users/puneet/Downloads/DAiSEE/DataSet/Test/510046/5100461031/5100461031.avi,2,2,0.17109051,0.19299115,0.32175392,0.31416437
1117,/mnt/c/Users/puneet/Downloads/DAiSEE/DataSet/Test/510046/5100461032/5100461032.avi,2,2,0.18107226,0.19972287,0.3219666,0.29723835
1118,/mnt/c/Users/puneet/Downloads/DAiSEE/DataSet/Test/510046/5100461033/5100461033.avi,2,2,0.18187357,0.20025098,0.3219596,0.29591587
1119,/mnt/c/Users/puneet/Downloads/DAiSEE/DataSet/Test/510046/5100461034/5100461034.avi,2,2,0.17909703,0.19841336,0.32196885,0.30052078
1120,/mnt/c/Users/puneet/Downloads/DAiSEE/DataSet/Test/510046/5100461035/5100461035.avi,2,2,0.18220747,0.20047049,0.32195568,0.29536644
1121,/mnt/c/Users/puneet/Downloads/DAiSEE/DataSet/Test/510046/5100461036/5100461036.avi,2,2,0.17810123,0.19774899,0.32196185,0.3021879
1122,/mnt/c/Users/puneet/Downloads/DAiSEE/DataSet/Test/510046/5100461037/5100461037.avi,2,2,0.1758329,0.19622506,0.3219253,0.30601677
1123,/mnt/c/Users/puneet/Downloads/DAiSEE/DataSet/Test/510046/5100461038/5100461038.avi,2,2,0.1797416,0.1988419,0.32197046,0.29944602
1124,/mnt/c/Users/puneet/Downloads/DAiSEE/DataSet/Test/510046/5100461039/5100461039.avi,2,3,0.1785893,0.19807497,0.321966,0.3013698
1125,/mnt/c/Users/puneet/Downloads/DAiSEE/DataSet/Test/510046/5100461040/5100461040.avi,2,2,0.17981166,0.1988884,0.3219705,0.29932946
1126,/mnt/c/Users/puneet/Downloads/DAiSEE/DataSet/Test/510046/5100461042/5100461042.avi,2,3,0.17733285,0.1972344,0.32195273,0.30348003
1127,/mnt/c/Users/puneet/Downloads/DAiSEE/DataSet/Test/510046/5100461043/5100461043.avi,2,2,0.18226321,0.2005071,0.32195494,0.2952747
1128,/mnt/c/Users/puneet/Downloads/DAiSEE/DataSet/Test/510046/5100461044/5100461044.avi,2,3,0.17574225,0.19616383,0.32192323,0.30617064
1129,/mnt/c/Users/puneet/Downloads/DAiSEE/DataSet/Test/510046/5100461046/5100461046.avi,2,2,0.18097842,0.1996609,0.32196715,0.2973935
1130,/mnt/c/Users/puneet/Downloads/DAiSEE/DataSet/Test/510046/5100461047/5100461047.avi,2,2,0.178245,0.19784507,0.32196322,0.30194673
1131,/mnt/c/Users/puneet/Downloads/DAiSEE/DataSet/Test/510046/5100461048/5100461048.avi,2,2,0.17951493,0.19869134,0.32197016,0.29982358
1132,/mnt/c/Users/puneet/Downloads/DAiSEE/DataSet/Test/510046/5100461049/5100461049.avi,2,2,0.1714201,0.19321802,0.3217701,0.3135918
1133,/mnt/c/Users/puneet/Downloads/DAiSEE/DataSet/Test/510046/5100461050/5100461050.avi,2,2,0.18015474,0.19911595,0.32197028,0.29875904
1134,/mnt/c/Users/puneet/Downloads/DAiSEE/DataSet/Test/510046/5100461051/5100461051.avi,2,3,0.18126291,0.19984868,0.32196522,0.29692316
1135,/mnt/c/Users/puneet/Downloads/DAiSEE/DataSet/Test/510046/5100461052/5100461052.avi,2,2,0.18188283,0.20025706,0.3219595,0.29590064
1136,/mnt/c/Users/puneet/Downloads/DAiSEE/DataSet/Test/510046/5100461053/5100461053.avi,2,3,0.18104503,0.19970489,0.32196674,0.29728332
1137,/mnt/c/Users/puneet/Downloads/DAiSEE/DataSet/Test/510046/5100461054/5100461054.avi,2,2,0.17764236,0.19744188,0.3219568,0.30295897
1138,/mnt/c/Users/puneet/Downloads/DAiSEE/DataSet/Test/510046/5100461055/5100461055.avi,2,3,0.18042637,0.19929588,0.32196963,0.29830807
1139,/mnt/c/Users/puneet/Downloads/DAiSEE/DataSet/Test/510046/5100461056/5100461056.avi,2,3,0.17786495,0.19759093,0.3219594,0.30258474
1140,/mnt/c/Users/puneet/Downloads/DAiSEE/DataSet/Test/510046/5100461057/5100461057.avi,2,2,0.18129654,0.19987085,0.32196498,0.29686764
1141,/mnt/c/Users/puneet/Downloads/DAiSEE/DataSet/Test/510046/5100461058/5100461058.avi,3,2,0.1598181,0.18503912,0.32080352,0.33433923
1142,/mnt/c/Users/puneet/Downloads/DAiSEE/DataSet/Test/510046/5100461061/5100461061.avi,2,3,0.1812974,0.19987144,0.32196498,0.2968662
1143,/mnt/c/Users/puneet/Downloads/DAiSEE/DataSet/Test/510046/5100461062/5100461062.avi,2,2,0.18255156,0.2006964,0.32195097,0.29480106
1144,/mnt/c/Users/puneet/Downloads/DAiSEE/DataSet/Test/510046/5100461063/5100461063.avi,2,2,0.18174604,0.20016704,0.32196096,0.296126
1145,/mnt/c/Users/puneet/Downloads/DAiSEE/DataSet/Test/510046/5100461064/5100461064.avi,3,3,0.14550492,0.17438239,0.31838986,0.3617228
1146,/mnt/c/Users/puneet/Downloads/DAiSEE/DataSet/Test/510046/5100461065/5100461065.avi,3,3,0.15903595,0.18447322,0.32070777,0.3357831
1147,/mnt/c/Users/puneet/Downloads/DAiSEE/DataSet/Test/510046/5100461066/5100461066.avi,3,3,0.1619097,0.18654333,0.32104003,0.33050698
1148,/mnt/c/Users/puneet/Downloads/DAiSEE/DataSet/Test/510046/5100461067/5100461067.avi,3,2,0.16095392,0.18585761,0.32093543,0.332253
1149,/mnt/c/Users/puneet/Downloads/DAiSEE/DataSet/Test/510046/5100461068/5100461068.avi,3,2,0.14562401,0.17447373,0.31841597,0.36148623
1150,/mnt/c/Users/puneet/Downloads/DAiSEE/DataSet/Test/510046/5100461069/5100461069.avi,3,3,0.15275383,0.17985971,0.31979063,0.34759578
1151,/mnt/c/Users/puneet/Downloads/DAiSEE/DataSet/Test/510046/5100462001/5100462001.avi,2,2,0.17752977,0.19736645,0.32195538,0.3031484
1152,/mnt/c/Users/puneet/Downloads/DAiSEE/DataSet/Test/510046/5100462002/5100462002.avi,2,2,0.17063858,0.19267958,0.32173076,0.3149511
1153,/mnt/c/Users/puneet/Downloads/DAiSEE/DataSet/Test/510046/5100462003/5100462003.avi,2,1,0.17726795,0.19719087,0.32195178,0.30358934
1154,/mnt/c/Users/puneet/Downloads/DAiSEE/DataSet/Test/510046/5100462005/5100462005.avi,2,2,0.18146212,0.19998004,0.32196364,0.29659426
1155,/mnt/c/Users/puneet/Downloads/DAiSEE/DataSet/Test/510046/5100462009/5100462009.avi,3,2,0.06523299,0.10043131,0.2669875,0.56734824
1156,/mnt/c/Users/puneet/Downloads/DAiSEE/DataSet/Test/510046/5100462010/5100462010.avi,3,3,0.1617255,0.1864114,0.3210203,0.33084276
1157,/mnt/c/Users/puneet/Downloads/DAiSEE/DataSet/Test/510046/5100462011/5100462011.avi,2,3,0.18071014,0.19948362,0.32196856,0.29783764
1158,/mnt/c/Users/puneet/Downloads/DAiSEE/DataSet/Test/510046/5100462012/5100462012.avi,2,2,0.18108459,0.19973102,0.3219665,0.29721794
1159,/mnt/c/Users/puneet/Downloads/DAiSEE/DataSet/Test/510046/5100462014/5100462014.avi,2,3,0.1810368,0.19969946,0.3219668,0.29729694
1160,/mnt/c/Users/puneet/Downloads/DAiSEE/DataSet/Test/510046/5100462015/5100462015.avi,2,2,0.1813892,0.19993196,0.32196423,0.29671463
1161,/mnt/c/Users/puneet/Downloads/DAiSEE/DataSet/Test/510046/5100462016/5100462016.avi,2,2,0.18153861,0.20003043,0.32196292,0.296468
1162,/mnt/c/Users/puneet/Downloads/DAiSEE/DataSet/Test/510046/5100462017/5100462017.avi,2,2,0.18225963,0.20050476,0.321955,0.29528064
1163,/mnt/c/Users/puneet/Downloads/DAiSEE/DataSet/Test/510046/5100462018/5100462018.avi,2,2,0.18014877,0.199112,0.32197028,0.29876897
1164,/mnt/c/Users/puneet/Downloads/DAiSEE/DataSet/Test/510046/5100462019/5100462019.avi,2,2,0.1822684,0.20051052,0.32195488,0.29526618
1165,/mnt/c/Users/puneet/Downloads/DAiSEE/DataSet/Test/510046/5100462021/5100462021.avi,2,3,0.17793494,0.19763777,0.32196018,0.30246717
1166,/mnt/c/Users/puneet/Downloads/DAiSEE/DataSet/Test/510046/5100462022/5100462022.avi,2,2,0.18098497,0.19966523,0.32196712,0.29738268
1167,/mnt/c/Users/puneet/Downloads/DAiSEE/DataSet/Test/510046/5100462023/5100462023.avi,2,2,0.17776558,0.1975244,0.32195824,0.3027517
1168,/mnt/c/Users/puneet/Downloads/DAiSEE/DataSet/Test/510046/5100462024/5100462024.avi,2,2,0.18086043,0.19958295,0.3219678,0.29758877
1169,/mnt/c/Users/puneet/Downloads/DAiSEE/DataSet/Test/510046/5100462025/5100462025.avi,2,2,0.18075411,0.19951269,0.32196838,0.2977648
1170,/mnt/c/Users/puneet/Downloads/DAiSEE/DataSet/Test/510046/5100462026/5100462026.avi,2,3,0.18114282,0.19976944,0.3219661,0.29712164
1171,/mnt/c/Users/puneet/Downloads/DAiSEE/DataSet/Test/510046/5100462027/5100462027.avi,2,2,0.17865711,0.1981202,0.32196644,0.3012562
1172,/mnt/c/Users/puneet/Downloads/DAiSEE/DataSet/Test/510046/5100462028/5100462028.avi,2,3,0.18192519,0.20028491,0.32195902,0.29583088
1173,/mnt/c/Users/puneet/Downloads/DAiSEE/DataSet/Test/510046/5100462029/5100462029.avi,2,3,0.17550707,0.19600494,0.32191765,0.30657038
1174,/mnt/c/Users/puneet/Downloads/DAiSEE/DataSet/Test/510046/5100462031/5100462031.avi,2,2,0.16828623,0.19104812,0.3215905,0.31907517
1175,/mnt/c/Users/puneet/Downloads/DAiSEE/DataSet/Test/510046/5100462032/5100462032.avi,2,2,0.1808534,0.19957832,0.32196787,0.29760042
1176,/mnt/c/Users/puneet/Downloads/DAiSEE/DataSet/Test/510046/5100462033/5100462033.avi,2,2,0.18122563,0.19982408,0.32196552,0.29698482
1177,/mnt/c/Users/puneet/Downloads/DAiSEE/DataSet/Test/510046/5100462035/5100462035.avi,2,3,0.18083991,0.1995694,0.32196793,0.29762274
1178,/mnt/c/Users/puneet/Downloads/DAiSEE/DataSet/Test/510046/5100462037/5100462037.avi,2,3,0.18086825,0.19958812,0.32196778,0.2975758
1179,/mnt/c/Users/puneet/Downloads/DAiSEE/DataSet/Test/510046/5100462038/5100462038.avi,2,2,0.18035127,0.19924617,0.32196987,0.29843265
1180,/mnt/c/Users/puneet/Downloads/DAiSEE/DataSet/Test/510046/5100462039/5100462039.avi,2,2,0.1830072,0.200995,0.3219438,0.294054
1181,/mnt/c/Users/puneet/Downloads/DAiSEE/DataSet/Test/510046/5100462040/5100462040.avi,2,2,0.17868441,0.19813842,0.32196662,0.30121052
1182,/mnt/c/Users/puneet/Downloads/DAiSEE/DataSet/Test/510046/5100462041/5100462041.avi,2,3,0.17930262,0.19855018,0.32196963,0.30017763
1183,/mnt/c/Users/puneet/Downloads/DAiSEE/DataSet/Test/510046/5100462042/5100462042.avi,2,2,0.17922366,0.19849762,0.32196933,0.30030933
1184,/mnt/c/Users/puneet/Downloads/DAiSEE/DataSet/Test/510046/5100462043/5100462043.avi,2,2,0.17865585,0.19811936,0.3219664,0.30125833
1185,/mnt/c/Users/puneet/Downloads/DAiSEE/DataSet/Test/510046/5100462044/5100462044.avi,2,2,0.177292,0.197207,0.32195213,0.30354884
1186,/mnt/c/Users/puneet/Downloads/DAiSEE/DataSet/Test/510046/5100462045/5100462045.avi,2,2,0.17945969,0.1986546,0.32197005,0.29991567
1187,/mnt/c/Users/puneet/Downloads/DAiSEE/DataSet/Test/510046/5100462046/5100462046.avi,2,2,0.17365669,0.19474915,0.3218628,0.30973133
1188,/mnt/c/Users/puneet/Downloads/DAiSEE/DataSet/Test/510046/5100462047/5100462047.avi,2,3,0.1778262,0.19756499,0.32195896,0.30264986
1189,/mnt/c/Users/puneet/Downloads/DAiSEE/DataSet/Test/510046/5100462048/5100462048.avi,2,2,0.17975244,0.19884908,0.32197046,0.299428
1190,/mnt/c/Users/puneet/Downloads/DAiSEE/DataSet/Test/510046/5100462050/5100462050.avi,2,2,0.17553253,0.19602215,0.32191828,0.30652702
1191,/mnt/c/Users/puneet/Downloads/DAiSEE/DataSet/Test/510046/5100462051/5100462051.avi,2,2,0.18080504,0.19954637,0.32196814,0.29768047
1192,/mnt/c/Users/puneet/Downloads/DAiSEE/DataSet/Test/510046/5100462052/5100462052.avi,2,2,0.1807136,0.1994859,0.3219686,0.29783195
1193,/mnt/c/Users/puneet/Downloads/DAiSEE/DataSet/Test/510046/5100462053/5100462053.avi,2,3,0.18096626,0.19965287,0.32196724,0.29741368
1194,/mnt/c/Users/puneet/Downloads/DAiSEE/DataSet/Test/510046/5100462054/5100462054.avi,2,2,0.18039931,0.19927797,0.32196975,0.298353
1195,/mnt/c/Users/puneet/Downloads/DAiSEE/DataSet/Test/510046/5100462055/5100462055.avi,2,3,0.18053283,0.19936635,0.3219693,0.29813153
1196,/mnt/c/Users/puneet/Downloads/DAiSEE/DataSet/Test/510046/5100462057/5100462057.avi,2,2,0.17671618,0.19682021,0.32194299,0.3045206
1197,/mnt/c/Users/puneet/Downloads/DAiSEE/DataSet/Test/510046/5100462058/5100462058.avi,2,3,0.173508,0.1946478,0.32185754,0.30998665
1198,/mnt/c/Users/puneet/Downloads/DAiSEE/DataSet/Test/510046/5100462059/5100462059.avi,2,2,0.1772871,0.19720373,0.3219521,0.30355716
1199,/mnt/c/Users/puneet/Downloads/DAiSEE/DataSet/Test/510046/5100462061/5100462061.avi,3,2,0.1656232,0.1891815,0.32139128,0.32380396
1200,/mnt/c/Users/puneet/Downloads/DAiSEE/DataSet/Test/510046/5100462062/5100462062.avi,2,2,0.17799972,0.1976811,0.3219608,0.3023583
1201,/mnt/c/Users/puneet/Downloads/DAiSEE/DataSet/Test/510046/5100462063/5100462063.avi,2,3,0.18125418,0.19984293,0.32196528,0.29693758
1202,/mnt/c/Users/puneet/Downloads/DAiSEE/DataSet/Test/510046/5100462064/5100462064.avi,2,3,0.18265146,0.20076191,0.32194948,0.2946371
1203,/mnt/c/Users/puneet/Downloads/DAiSEE/DataSet/Test/510046/5100462066/5100462066.avi,2,2,0.18253711,0.2006869,0.32195118,0.29482478
1204,/mnt/c/Users/puneet/Downloads/DAiSEE/DataSet/Test/510046/5100462067/5100462067.avi,2,2,0.18033367,0.1992345,0.32196993,0.2984619
1205,/mnt/c/Users/puneet/Downloads/DAiSEE/DataSet/Test/510046/5100462068/5100462068.avi,2,2,0.18315601,0.2010924,0.32194123,0.29381037
1206,/mnt/c/Users/puneet/Downloads/DAiSEE/DataSet/Test/510046/5100462069/5100462069.avi,2,3,0.17899178,0.19834328,0.32196838,0.30069655
1207,/mnt/c/Users/puneet/Downloads/DAiSEE/DataSet/Test/510046/5100462070/5100462070.avi,3,3,0.12712412,0.15971732,0.31300938,0.40014914
1208,/mnt/c/Users/puneet/Downloads/DAiSEE/DataSet/Test/510046/5100462071/5100462071.avi,3,2,0.13559411,0.1666174,0.3158339,0.38195458
1209,/mnt/c/Users/puneet/Downloads/DAiSEE/DataSet/Test/510046/5100462072/5100462072.avi,3,3,0.12560666,0.15845452,0.3124365,0.40350232
1210,/mnt/c/Users/puneet/Downloads/DAiSEE/DataSet/Test/510046/5100462074/5100462074.avi,3,2,0.0987457,0.13465582,0.298404,0.46819445
1211,/mnt/c/Users/puneet/Downloads/DAiSEE/DataSet/Test/510046/5100462075/5100462075.avi,3,3,0.121193044,0.15473431,0.31064847,0.41342416
1212,/mnt/c/Users/puneet/Downloads/DAiSEE/DataSet/Test/510046/5100462077/5100462077.avi,2,3,0.17103767,0.19295476,0.3217513,0.31425625
1213,/mnt/c/Users/puneet/Downloads/DAiSEE/DataSet/Test/510046/5100462078/5100462078.avi,2,2,0.17665137,0.19677661,0.32194182,0.3046302
1214,/mnt/c/Users/puneet/Downloads/DAiSEE/DataSet/Test/510046/5100462079/5100462079.avi,2,2,0.18197328,0.20031656,0.32195848,0.2957517
1215,/mnt/c/Users/puneet/Downloads/DAiSEE/DataSet/Test/510046/5100462080/5100462080.avi,2,2,0.18212365,0.20041542,0.3219567,0.29550427
1216,/mnt/c/Users/puneet/Downloads/DAiSEE/DataSet/Test/510046/5100462081/5100462081.avi,3,2,0.11102183,0.14588417,0.30579263,0.4373013
1217,/mnt/c/Users/puneet/Downloads/DAiSEE/DataSet/Test/510046/5100462082/5100462082.avi,3,2,0.099069975,0.13496052,0.29862285,0.4673467
1218,/mnt/c/Users/puneet/Downloads/DAiSEE/DataSet/Test/510047/5100471001/5100471001.avi,2,2,0.18210804,0.20040517,0.32195687,0.29552984
1219,/mnt/c/Users/puneet/Downloads/DAiSEE/DataSet/Test/510047/5100471002/5100471002.avi,2,3,0.18552071,0.20263188,0.32188442,0.28996304
1220,/mnt/c/Users/puneet/Downloads/DAiSEE/DataSet/Test/510047/5100471003/5100471003.avi,2,3,0.16702248,0.19016494,0.3215014,0.3213112
1221,/mnt/c/Users/puneet/Downloads/DAiSEE/DataSet/Test/510047/5100471011/5100471011.avi,2,2,0.1795367,0.19870579,0.32197022,0.2997873
1222,/mnt/c/Users/puneet/Downloads/DAiSEE/DataSet/Test/510047/5100471012/5100471012.avi,2,2,0.18305667,0.20102738,0.32194293,0.29397294
1223,/mnt/c/Users/puneet/Downloads/DAiSEE/DataSet/Test/510047/5100471013/5100471013.avi,2,2,0.18489234,0.20222431,0.32190236,0.29098096
1224,/mnt/c/Users/puneet/Downloads/DAiSEE/DataSet/Test/510047/5100471015/5100471015.avi,2,2,0.1838546,0.20154881,0.3219275,0.29266903
1225,/mnt/c/Users/puneet/Downloads/DAiSEE/DataSet/Test/510047/5100471016/5100471016.avi,2,3,0.18526419,0.20246561,0.321892,0.29037818
1226,/mnt/c/Users/puneet/Downloads/DAiSEE/DataSet/Test/510047/5100471018/5100471018.avi,2,2,0.18380268,0.20151494,0.32192862,0.2927538
1227,/mnt/c/Users/puneet/Downloads/DAiSEE/DataSet/Test/510047/5100471019/5100471019.avi,2,3,0.18553701,0.20264243,0.32188392,0.28993666
1228,/mnt/c/Users/puneet/Downloads/DAiSEE/DataSet/Test/510047/5100471020/5100471020.avi,2,2,0.1856143,0.20269246,0.32188156,0.28981167
1229,/mnt/c/Users/puneet/Downloads/DAiSEE/DataSet/Test/510047/5100471021/5100471021.avi,2,2,0.18548113,0.20260623,0.32188562,0.29002705
1230,/mnt/c/Users/puneet/Downloads/DAiSEE/DataSet/Test/510047/5100471023/5100471023.avi,2,2,0.18177833,0.2001883,0.3219606,0.29607278
1231,/mnt/c/Users/puneet/Downloads/DAiSEE/DataSet/Test/510047/5100471026/5100471026.avi,2,3,0.18541785,0.20256522,0.32188746,0.2901294
1232,/mnt/c/Users/puneet/Downloads/DAiSEE/DataSet/Test/510047/5100471027/5100471027.avi,2,2,0.18542984,0.202573,0.32188714,0.29011002
1233,/mnt/c/Users/puneet/Downloads/DAiSEE/DataSet/Test/510047/5100471028/5100471028.avi,2,3,0.18494806,0.2022605,0.32190084,0.29089054
1234,/mnt/c/Users/puneet/Downloads/DAiSEE/DataSet/Test/510047/5100471029/5100471029.avi,2,2,0.18499416,0.20229042,0.3218996,0.29081577
1235,/mnt/c/Users/puneet/Downloads/DAiSEE/DataSet/Test/510047/5100471030/5100471030.avi,2,3,0.17015068,0.19234253,0.3217044,0.31580234
1236,/mnt/c/Users/puneet/Downloads/DAiSEE/DataSet/Test/510047/5100471031/5100471031.avi,2,2,0.18560414,0.20268591,0.32188186,0.2898281
1237,/mnt/c/Users/puneet/Downloads/DAiSEE/DataSet/Test/510047/5100471034/5100471034.avi,2,2,0.16728419,0.19034822,0.32152063,0.32084692
1238,/mnt/c/Users/puneet/Downloads/DAiSEE/DataSet/Test/510047/5100471037/5100471037.avi,2,3,0.1857432,0.20277591,0.32187757,0.28960332
1239,/mnt/c/Users/puneet/Downloads/DAiSEE/DataSet/Test/510047/5100471038/5100471038.avi,2,3,0.18398322,0.20163271,0.32192472,0.29245937
1240,/mnt/c/Users/puneet/Downloads/DAiSEE/DataSet/Test/510047/5100471039/5100471039.avi,2,3,0.18570645,0.20275213,0.32187873,0.28966275
1241,/mnt/c/Users/puneet/Downloads/DAiSEE/DataSet/Test/510047/5100471041/5100471041.avi,2,3,0.18555826,0.20265618,0.32188326,0.28990227
1242,/mnt/c/Users/puneet/Downloads/DAiSEE/DataSet/Test/510047/5100471042/5100471042.avi,2,2,0.18597057,0.20292298,0.3218703,0.28923616
1243,/mnt/c/Users/puneet/Downloads/DAiSEE/DataSet/Test/510047/5100471044/5100471044.avi,2,2,0.18521614,0.20243447,0.3218934,0.29045603
1244,/mnt/c/Users/puneet/Downloads/DAiSEE/DataSet/Test/510047/5100471045/5100471045.avi,2,2,0.18569021,0.20274161,0.3218792,0.28968897
1245,/mnt/c/Users/puneet/Downloads/DAiSEE/DataSet/Test/510047/5100471047/5100471047.avi,2,3,0.18522602,0.20244087,0.32189307,0.29044
1246,/mnt/c/Users/puneet/Downloads/DAiSEE/DataSet/Test/510047/5100471049/5100471049.avi,2,2,0.17450137,0.19532363,0.32189026,0.30828473
1247,/mnt/c/Users/puneet/Downloads/DAiSEE/DataSet/Test/510047/5100471050/5100471050.avi,2,3,0.18421511,0.20178382,0.32191944,0.29208162
1248,/mnt/c/Users/puneet/Downloads/DAiSEE/DataSet/Test/510047/5100471051/5100471051.avi,2,2,0.1855277,0.20263638,0.32188419,0.2899517
1249,/mnt/c/Users/puneet/Downloads/DAiSEE/DataSet/Test/510047/5100471052/5100471052.avi,2,2,0.1818995,0.20026803,0.3219593,0.29587314
1250,/mnt/c/Users/puneet/Downloads/DAiSEE/DataSet/Test/510047/5100471054/5100471054.avi,2,2,0.18496019,0.20226836,0.32190058,0.2908709
1251,/mnt/c/Users/puneet/Downloads/DAiSEE/DataSet/Test/510047/5100471056/5100471056.avi,2,2,0.18461414,0.2020435,0.32190967,0.29143265
1252,/mnt/c/Users/puneet/Downloads/DAiSEE/DataSet/Test/510047/5100471057/5100471057.avi,2,3,0.18452363,0.20198464,0.32191193,0.2915797
1253,/mnt/c/Users/puneet/Downloads/DAiSEE/DataSet/Test/510047/5100471058/5100471058.avi,2,2,0.18544732,0.20258433,0.32188663,0.2900818
1254,/mnt/c/Users/puneet/Downloads/DAiSEE/DataSet/Test/510047/5100471059/5100471059.avi,2,2,0.18020825,0.19915141,0.32197016,0.2986701
1255,/mnt/c/Users/puneet/Downloads/DAiSEE/DataSet/Test/510047/5100471060/5100471060.avi,2,2,0.18195719,0.20030597,0.3219587,0.29577821
1256,/mnt/c/Users/puneet/Downloads/DAiSEE/DataSet/Test/510047/5100471062/5100471062.avi,2,3,0.18544152,0.20258056,0.32188678,0.2900911
1257,/mnt/c/Users/puneet/Downloads/DAiSEE/DataSet/Test/510047/5100471063/5100471063.avi,2,3,0.18549038,0.20261222,0.32188535,0.2900121
1258,/mnt/c/Users/puneet/Downloads/DAiSEE/DataSet/Test/510047/5100471065/5100471065.avi,2,2,0.18299024,0.20098388,0.3219441,0.29408178
1259,/mnt/c/Users/puneet/Downloads/DAiSEE/DataSet/Test/510047/5100471068/5100471068.avi,3,2,0.14054549,0.17053741,0.3172072,0.37170997
1260,/mnt/c/Users/puneet/Downloads/DAiSEE/DataSet/Test/510047/5100471069/5100471069.avi,2,3,0.1843253,0.20185558,0.32191682,0.29190227
1261,/mnt/c/Users/puneet/Downloads/DAiSEE/DataSet/Test/510047/5100471070/5100471070.avi,2,2,0.18537952,0.20254038,0.32188863,0.29019144
1262,/mnt/c/Users/puneet/Downloads/DAiSEE/DataSet/Test/510047/5100471072/5100471072.avi,2,2,0.1854235,0.20256889,0.3218873,0.2901203
1263,/mnt/c/Users/puneet/Downloads/DAiSEE/DataSet/Test/510047/5100471074/5100471074.avi,2,2,0.18228433,0.20052096,0.32195467,0.29524
1264,/mnt/c/Users/puneet/Downloads/DAiSEE/DataSet/Test/510047/5100471075/5100471075.avi,2,2,0.18536313,0.20252976,0.3218891,0.290218
1265,/mnt/c/Users/puneet/Downloads/DAiSEE/DataSet/Test/510047/5100471080/5100471080.avi,2,2,0.18112719,0.19975913,0.3219662,0.29714748
1266,/mnt/c/Users/puneet/Downloads/DAiSEE/DataSet/Test/510047/5100471081/5100471081.avi,2,2,0.1847726,0.20214652,0.32190558,0.29117534
1267,/mnt/c/Users/puneet/Downloads/DAiSEE/DataSet/Test/510047/5100472001/5100472001.avi,2,1,0.18492831,0.20224768,0.3219014,0.29092258
1268,/mnt/c/Users/puneet/Downloads/DAiSEE/DataSet/Test/510047/5100472002/5100472002.avi,2,2,0.18352345,0.20133264,0.32193434,0.29320958
1269,/mnt/c/Users/puneet/Downloads/DAiSEE/DataSet/Test/510047/5100472003/5100472003.avi,2,2,0.18294062,0.20095141,0.32194492,0.29416308
1270,/mnt/c/Users/puneet/Downloads/DAiSEE/DataSet/Test/510047/5100472004/5100472004.avi,2,3,0.18514971,0.20239137,0.32189524,0.2905636
1271,/mnt/c/Users/puneet/Downloads/DAiSEE/DataSet/Test/510047/5100472005/5100472005.avi,2,2,0.17727938,0.19719854,0.32195196,0.30357015
1272,/mnt/c/Users/puneet/Downloads/DAiSEE/DataSet/Test/510047/5100472007/5100472007.avi,2,3,0.1847841,0.202154,0.3219053,0.29115665
1273,/mnt/c/Users/puneet/Downloads/DAiSEE/DataSet/Test/510047/5100472009/5100472009.avi,2,3,0.18572131,0.20276174,0.32187822,0.28963867
1274,/mnt/c/Users/puneet/Downloads/DAiSEE/DataSet/Test/510047/5100472010/5100472010.avi,2,3,0.1855745,0.20266671,0.32188275,0.28987604
1275,/mnt/c/Users/puneet/Downloads/DAiSEE/DataSet/Test/510047/5100472011/5100472011.avi,2,2,0.18537585,0.20253801,0.32188874,0.29019743
1276,/mnt/c/Users/puneet/Downloads/DAiSEE/DataSet/Test/510047/5100472012/5100472012.avi,2,2,0.18548773,0.2026105,0.32188538,0.29001632
1277,/mnt/c/Users/puneet/Downloads/DAiSEE/DataSet/Test/510047/5100472014/5100472014.avi,2,2,0.18559892,0.20268251,0.321882,0.28983653
1278,/mnt/c/Users/puneet/Downloads/DAiSEE/DataSet/Test/510047/5100472019/5100472019.avi,2,2,0.18521267,0.20243222,0.32189348,0.29046166
1279,/mnt/c/Users/puneet/Downloads/DAiSEE/DataSet/Test/510047/5100472020/5100472020.avi,2,3,0.18572512,0.20276421,0.3218781,0.28963253
1280,/mnt/c/Users/puneet/Downloads/DAiSEE/DataSet/Test/510047/5100472021/5100472021.avi,2,3,0.18401761,0.20165513,0.32192394,0.2924033
1281,/mnt/c/Users/puneet/Downloads/DAiSEE/DataSet/Test/510047/5100472027/5100472027.avi,2,3,0.17988883,0.19893962,0.3219705,0.29920107
1282,/mnt/c/Users/puneet/Downloads/DAiSEE/DataSet/Test/510047/5100472030/5100472030.avi,2,2,0.18545946,0.20259221,0.32188627,0.29006213
1283,/mnt/c/Users/puneet/Downloads/DAiSEE/DataSet/Test/510047/5100472031/5100472031.avi,2,2,0.18424404,0.20180267,0.32191876,0.29203457
1284,/mnt/c/Users/puneet/Downloads/DAiSEE/DataSet/Test/510047/5100472032/5100472032.avi,2,3,0.1855866,0.20267454,0.3218824,0.28985643
1285,/mnt/c/Users/puneet/Downloads/DAiSEE/DataSet/Test/510047/5100472035/5100472035.avi,2,2,0.18310091,0.20105635,0.32194218,0.29390055
1286,/mnt/c/Users/puneet/Downloads/DAiSEE/DataSet/Test/510047/5100472039/5100472039.avi,2,2,0.18541354,0.20256242,0.3218876,0.29013643
1287,/mnt/c/Users/puneet/Downloads/DAiSEE/DataSet/Test/510047/5100472040/5100472040.avi,2,2,0.1857049,0.20275113,0.32187876,0.28966525
1288,/mnt/c/Users/puneet/Downloads/DAiSEE/DataSet/Test/510047/5100472041/5100472041.avi,2,3,0.17702836,0.19703004,0.3219482,0.3039935
1289,/mnt/c/Users/puneet/Downloads/DAiSEE/DataSet/Test/510047/5100472042/5100472042.avi,2,2,0.18184763,0.20023389,0.32195988,0.29595864
1290,/mnt/c/Users/puneet/Downloads/DAiSEE/DataSet/Test/510047/5100472044/5100472044.avi,2,2,0.1855475,0.20264922,0.32188362,0.2899197
1291,/mnt/c/Users/puneet/Downloads/DAiSEE/DataSet/Test/510047/5100472045/5100472045.avi,2,3,0.1802228,0.19916105,0.32197013,0.29864597
1292,/mnt/c/Users/puneet/Downloads/DAiSEE/DataSet/Test/510047/5100472047/5100472047.avi,3,2,0.15834454,0.1839714,0.3206198,0.3370643
1293,/mnt/c/Users/puneet/Downloads/DAiSEE/DataSet/Test/510047/5100472050/5100472050.avi,2,2,0.18165195,0.2001051,0.32196188,0.29628113
1294,/mnt/c/Users/puneet/Downloads/DAiSEE/DataSet/Test/510047/5100472052/5100472052.avi,2,3,0.17966932,0.19879389,0.3219704,0.2995664
1295,/mnt/c/Users/puneet/Downloads/DAiSEE/DataSet/Test/510047/5100472053/5100472053.avi,2,2,0.18363938,0.20140836,0.32193202,0.29302025
1296,/mnt/c/Users/puneet/Downloads/DAiSEE/DataSet/Test/510047/5100472054/5100472054.avi,2,2,0.1835679,0.20136166,0.32193345,0.29313698
1297,/mnt/c/Users/puneet/Downloads/DAiSEE/DataSet/Test/510047/5100472058/5100472058.avi,2,1,0.17607822,0.19639058,0.32193065,0.30560055
1298,/mnt/c/Users/puneet/Downloads/DAiSEE/DataSet/Test/510047/5100472060/5100472060.avi,2,2,0.1828477,0.20089053,0.32194644,0.29431534
1299,/mnt/c/Users/puneet/Downloads/DAiSEE/DataSet/Test/510047/5100472063/5100472063.avi,2,2,0.18533061,0.20250869,0.32189006,0.29027063
1300,/mnt/c/Users/puneet/Downloads/DAiSEE/DataSet/Test/510047/5100472064/5100472064.avi,2,2,0.1856069,0.20268768,0.3218818,0.28982365
1301,/mnt/c/Users/puneet/Downloads/DAiSEE/DataSet/Test/826412/826412010/826412010.avi,3,3,0.1246057,0.15761702,0.31204706,0.40573022
1302,/mnt/c/Users/puneet/Downloads/DAiSEE/DataSet/Test/826412/8264120110/8264120110.avi,3,2,0.08835264,0.12464143,0.29063368,0.49637225
1303,/mnt/c/Users/puneet/Downloads/DAiSEE/DataSet/Test/826412/8264120111/8264120111.avi,3,2,0.09926092,0.13513973,0.2987511,0.4668483
1304,/mnt/c/Users/puneet/Downloads/DAiSEE/DataSet/Test/826412/8264120112/8264120112.avi,2,2,0.18205641,0.2003712,0.3219575,0.29561484
1305,/mnt/c/Users/puneet/Downloads/DAiSEE/DataSet/Test/826412/8264120113/8264120113.avi,2,3,0.17277242,0.19414555,0.32182962,0.31125244
1306,/mnt/c/Users/puneet/Downloads/DAiSEE/DataSet/Test/826412/8264120116/8264120116.avi,2,1,0.1860366,0.20296565,0.32186812,0.28912964
1307,/mnt/c/Users/puneet/Downloads/DAiSEE/DataSet/Test/826412/8264120117/8264120117.avi,2,3,0.18624072,0.2030975,0.32186127,0.2888005
1308,/mnt/c/Users/puneet/Downloads/DAiSEE/DataSet/Test/826412/8264120119/8264120119.avi,2,3,0.17345946,0.19461471,0.3218558,0.31007007
1309,/mnt/c/Users/puneet/Downloads/DAiSEE/DataSet/Test/826412/8264120120/8264120120.avi,3,1,0.107676096,0.1428852,0.30395433,0.44548437
1310,/mnt/c/Users/puneet/Downloads/DAiSEE/DataSet/Test/826412/8264120121/8264120121.avi,2,2,0.17683788,0.19690204,0.32194507,0.30431503
1311,/mnt/c/Users/puneet/Downloads/DAiSEE/DataSet/Test/826412/8264120122/8264120122.avi,2,2,0.17699187,0.19700551,0.3219476,0.30405504
1312,/mnt/c/Users/puneet/Downloads/DAiSEE/DataSet/Test/826412/8264120123/8264120123.avi,3,1,0.1448234,0.17385878,0.31823844,0.3630794
1313,/mnt/c/Users/puneet/Downloads/DAiSEE/DataSet/Test/826412/8264120124/8264120124.avi,3,2,0.12953824,0.16170949,0.31387803,0.39487433
1314,/mnt/c/Users/puneet/Downloads/DAiSEE/DataSet/Test/826412/8264120125/8264120125.avi,3,2,0.16201949,0.18662192,0.32105166,0.33030692
1315,/mnt/c/Users/puneet/Downloads/DAiSEE/DataSet/Test/826412/8264120126/8264120126.avi,3,2,0.1285485,0.16089523,0.31352815,0.3970281
1316,/mnt/c/Users/puneet/Downloads/DAiSEE/DataSet/Test/826412/8264120127/8264120127.avi,3,1,0.11613025,0.15037835,0.3083645,0.42512688
1317,/mnt/c/Users/puneet/Downloads/DAiSEE/DataSet/Test/826412/826412013/826412013.avi,3,1,0.104813874,0.1402838,0.30228022,0.45262212
1318,/mnt/c/Users/puneet/Downloads/DAiSEE/DataSet/Test/826412/8264120131/8264120131.avi,2,2,0.18160413,0.2000736,0.32196233,0.29635993
1319,/mnt/c/Users/puneet/Downloads/DAiSEE/DataSet/Test/826412/8264120132/8264120132.avi,3,2,0.061031315,0.09570102,0.26150584,0.58176184
1320,/mnt/c/Users/puneet/Downloads/DAiSEE/DataSet/Test/826412/8264120136/8264120136.avi,2,2,0.18601236,0.20294999,0.3218689,0.28916872
1321,/mnt/c/Users/puneet/Downloads/DAiSEE/DataSet/Test/826412/8264120139/8264120139.avi,3,3,0.16515549,0.1888515,0.32135183,0.3246412
1322,/mnt/c/Users/puneet/Downloads/DAiSEE/DataSet/Test/826412/8264120141/8264120141.avi,2,2,0.18631995,0.20314866,0.32185856,0.2886728
1323,/mnt/c/Users/puneet/Downloads/DAiSEE/DataSet/Test/826412/8264120144/8264120144.avi,2,3,0.1862378,0.20309563,0.3218614,0.2888052
1324,/mnt/c/Users/puneet/Downloads/DAiSEE/DataSet/Test/826412/8264120145/8264120145.avi,2,3,0.1849717,0.20227584,0.32190025,0.29085225
1325,/mnt/c/Users/puneet/Downloads/DAiSEE/DataSet/Test/826412/8264120146/8264120146.avi,3,3,0.031188948,0.058123603,0.20577821,0.70490927
1326,/mnt/c/Users/puneet/Downloads/DAiSEE/DataSet/Test/826412/8264120149/8264120149.avi,2,2,0.185508,0.20262364,0.32188478,0.28998357
1327,/mnt/c/Users/puneet/Downloads/DAiSEE/DataSet/Test/826412/8264120150/8264120150.avi,2,1,0.18595813,0.20291492,0.32187068,0.28925624
1328,/mnt/c/Users/puneet/Downloads/DAiSEE/DataSet/Test/826412/8264120156/8264120156.avi,3,1,0.11721282,0.15131786,0.30887452,0.4225948
1329,/mnt/c/Users/puneet/Downloads/DAiSEE/DataSet/Test/826412/8264120157/8264120157.avi,2,2,0.17791997,0.19762775,0.32196003,0.3024923
1330,/mnt/c/Users/puneet/Downloads/DAiSEE/DataSet/Test/826412/8264120159/8264120159.avi,2,2,0.18375373,0.201483,0.32192966,0.29283363
1331,/mnt/c/Users/puneet/Downloads/DAiSEE/DataSet/Test/826412/8264120165/8264120165.avi,2,3,0.18642302,0.20321518,0.321855,0.28850687
1332,/mnt/c/Users/puneet/Downloads/DAiSEE/DataSet/Test/826412/8264120166/8264120166.avi,2,3,0.18609363,0.2030025,0.3218662,0.28903762
1333,/mnt/c/Users/puneet/Downloads/DAiSEE/DataSet/Test/826412/8264120169/8264120169.avi,3,1,0.16534771,0.18898721,0.32136822,0.3242969
1334,/mnt/c/Users/puneet/Downloads/DAiSEE/DataSet/Test/826412/826412017/826412017.avi,3,2,0.1437511,0.17303187,0.31799307,0.36522394
1335,/mnt/c/Users/puneet/Downloads/DAiSEE/DataSet/Test/826412/826412018/826412018.avi,3,2,0.13278413,0.1643558,0.3149652,0.38789493
1336,/mnt/c/Users/puneet/Downloads/DAiSEE/DataSet/Test/826412/826412019/826412019.avi,3,2,0.15001573,0.17781042,0.3193059,0.35286796
1337,/mnt/c/Users/puneet/Downloads/DAiSEE/DataSet/Test/826412/8264120210/8264120210.avi,2,2,0.1855101,0.20262499,0.32188472,0.28998017
1338,/mnt/c/Users/puneet/Downloads/DAiSEE/DataSet/Test/826412/8264120211/8264120211.avi,2,1,0.18179718,0.2002007,0.32196042,0.29604176
1339,/mnt/c/Users/puneet/Downloads/DAiSEE/DataSet/Test/826412/8264120213/8264120213.avi,3,3,0.16139376,0.18617351,0.3209843,0.3314484
1340,/mnt/c/Users/puneet/Downloads/DAiSEE/DataSet/Test/826412/8264120215/8264120215.avi,2,3,0.17777145,0.19752833,0.32195833,0.30274186
1341,/mnt/c/Users/puneet/Downloads/DAiSEE/DataSet/Test/826412/8264120216/8264120216.avi,2,3,0.17413695,0.19507603,0.3218789,0.3089081
1342,/mnt/c/Users/puneet/Downloads/DAiSEE/DataSet/Test/826412/8264120218/8264120218.avi,2,3,0.18571246,0.20275603,0.32187852,0.289653
1343,/mnt/c/Users/puneet/Downloads/DAiSEE/DataSet/Test/826412/8264120219/8264120219.avi,2,3,0.16904718,0.19157764,0.32163948,0.31773564
1344,/mnt/c/Users/puneet/Downloads/DAiSEE/DataSet/Test/826412/8264120220/8264120220.avi,2,2,0.18481392,0.20217338,0.32190448,0.29110822
1345,/mnt/c/Users/puneet/Downloads/DAiSEE/DataSet/Test/826412/8264120221/8264120221.avi,2,3,0.18602267,0.20295665,0.32186857,0.28915212
1346,/mnt/c/Users/puneet/Downloads/DAiSEE/DataSet/Test/826412/8264120223/8264120223.avi,2,2,0.18625243,0.20310506,0.32186088,0.28878164
1347,/mnt/c/Users/puneet/Downloads/DAiSEE/DataSet/Test/826412/8264120224/8264120224.avi,2,3,0.17242108,0.19390507,0.3218152,0.31185868
1348,/mnt/c/Users/puneet/Downloads/DAiSEE/DataSet/Test/826412/8264120227/8264120227.avi,2,3,0.16957621,0.1919448,0.32167152,0.31680745
1349,/mnt/c/Users/puneet/Downloads/DAiSEE/DataSet/Test/826412/8264120228/8264120228.avi,3,3,0.1151456,0.14951994,0.3078902,0.42744425
1350,/mnt/c/Users/puneet/Downloads/DAiSEE/DataSet/Test/826412/8264120229/8264120229.avi,3,2,0.11812883,0.15210937,0.30929676,0.42046508
1351,/mnt/c/Users/puneet/Downloads/DAiSEE/DataSet/Test/826412/826412023/826412023.avi,2,3,0.17361331,0.19471957,0.32186127,0.3098058
1352,/mnt/c/Users/puneet/Downloads/DAiSEE/DataSet/Test/826412/8264120231/8264120231.avi,3,1,0.115871616,0.15015323,0.30824092,0.42573422
1353,/mnt/c/Users/puneet/Downloads/DAiSEE/DataSet/Test/826412/8264120232/8264120232.avi,2,2,0.18637903,0.2031868,0.32185653,0.28857765
1354,/mnt/c/Users/puneet/Downloads/DAiSEE/DataSet/Test/826412/8264120233/8264120233.avi,2,3,0.18527772,0.20247439,0.3218916,0.29035628
1355,/mnt/c/Users/puneet/Downloads/DAiSEE/DataSet/Test/826412/8264120234/8264120234.avi,2,2,0.18577938,0.2027993,0.3218764,0.28954488
1356,/mnt/c/Users/puneet/Downloads/DAiSEE/DataSet/Test/826412/8264120239/8264120239.avi,3,1,0.16066839,0.18565223,0.3209031,0.33277634
1357,/mnt/c/Users/puneet/Downloads/DAiSEE/DataSet/Test/826412/826412024/826412024.avi,2,3,0.18649334,0.20326054,0.3218525,0.2883936
1358,/mnt/c/Users/puneet/Downloads/DAiSEE/DataSet/Test/826412/8264120240/8264120240.avi,3,0,0.079404965,0.11560985,0.28264076,0.5223444
1359,/mnt/c/Users/puneet/Downloads/DAiSEE/DataSet/Test/826412/8264120241/8264120241.avi,2,2,0.1813817,0.19992702,0.32196426,0.29672697
1360,/mnt/c/Users/puneet/Downloads/DAiSEE/DataSet/Test/826412/8264120242/8264120242.avi,2,2,0.1844331,0.20192574,0.32191423,0.29172695
1361,/mnt/c/Users/puneet/Downloads/DAiSEE/DataSet/Test/826412/8264120243/8264120243.avi,3,1,0.086319275,0.12262364,0.28893027,0.5021268
1362,/mnt/c/Users/puneet/Downloads/DAiSEE/DataSet/Test/826412/8264120245/8264120245.avi,2,2,0.17709726,0.1970763,0.3219492,0.30387715
1363,/mnt/c/Users/puneet/Downloads/DAiSEE/DataSet/Test/826412/8264120247/8264120247.avi,2,3,0.16973408,0.1920542,0.32168075,0.316531
1364,/mnt/c/Users/puneet/Downloads/DAiSEE/DataSet/Test/826412/8264120248/8264120248.avi,3,2,0.16457987,0.18844447,0.32130134,0.3256743
1365,/mnt/c/Users/puneet/Downloads/DAiSEE/DataSet/Test/826412/8264120249/8264120249.avi,3,1,0.14323373,0.17263156,0.3178716,0.36626318
1366,/mnt/c/Users/puneet/Downloads/DAiSEE/DataSet/Test/826412/826412025/826412025.avi,3,2,0.009715344,0.023684584,0.12545742,0.84114265
1367,/mnt/c/Users/puneet/Downloads/DAiSEE/DataSet/Test/826412/8264120254/8264120254.avi,2,1,0.18654747,0.20329545,0.32185063,0.2883065
1368,/mnt/c/Users/puneet/Downloads/DAiSEE/DataSet/Test/826412/8264120256/8264120256.avi,2,1,0.1864098,0.20320666,0.32185546,0.28852808
1369,/mnt/c/Users/puneet/Downloads/DAiSEE/DataSet/Test/826412/8264120257/8264120257.avi,2,3,0.18638766,0.20319237,0.32185623,0.28856376
1370,/mnt/c/Users/puneet/Downloads/DAiSEE/DataSet/Test/826412/8264120258/8264120258.avi,2,2,0.18660471,0.20333235,0.32184854,0.28821442
1371,/mnt/c/Users/puneet/Downloads/DAiSEE/DataSet/Test/826412/8264120261/8264120261.avi,2,1,0.18403049,0.20166351,0.32192364,0.2923823
1372,/mnt/c/Users/puneet/Downloads/DAiSEE/DataSet/Test/826412/8264120262/8264120262.avi,2,1,0.18373966,0.20147383,0.32192993,0.29285654
1373,/mnt/c/Users/puneet/Downloads/DAiSEE/DataSet/Test/826412/8264120263/8264120263.avi,2,1,0.18660592,0.20333315,0.3218485,0.28821248
1374,/mnt/c/Users/puneet/Downloads/DAiSEE/DataSet/Test/826412/8264120265/8264120265.avi,3,1,0.16488032,0.18865705,0.32132795,0.32513466
1375,/mnt/c/Users/puneet/Downloads/DAiSEE/DataSet/Test/826412/8264120266/8264120266.avi,2,1,0.1670773,0.19020334,0.32150546,0.32121387
1376,/mnt/c/Users/puneet/Downloads/DAiSEE/DataSet/Test/826412/8264120268/8264120268.avi,2,3,0.18657106,0.20331065,0.32184973,0.2882685
1377,/mnt/c/Users/puneet/Downloads/DAiSEE/DataSet/Test/826412/8264120269/8264120269.avi,3,1,0.13278589,0.16435724,0.31496575,0.3878911
1378,/mnt/c/Users/puneet/Downloads/DAiSEE/DataSet/Test/826412/826412027/826412027.avi,2,2,0.18171395,0.20014592,0.32196125,0.29617888
1379,/mnt/c/Users/puneet/Downloads/DAiSEE/DataSet/Test/826412/8264120274/8264120274.avi,2,3,0.18477483,0.20214796,0.32190552,0.2911717
1380,/mnt/c/Users/puneet/Downloads/DAiSEE/DataSet/Test/826412/8264120275/8264120275.avi,2,3,0.18532115,0.20250255,0.32189035,0.29028594
1381,/mnt/c/Users/puneet/Downloads/DAiSEE/DataSet/Test/826412/8264120279/8264120279.avi,2,1,0.18645667,0.2032369,0.32185382,0.28845266
1382,/mnt/c/Users/puneet/Downloads/DAiSEE/DataSet/Test/826412/8264120280/8264120280.avi,2,2,0.18081833,0.19955514,0.32196808,0.2976585
1383,/mnt/c/Users/puneet/Downloads/DAiSEE/DataSet/Test/826412/8264120282/8264120282.avi,3,1,0.088336594,0.124625586,0.29062048,0.4964173
1384,/mnt/c/Users/puneet/Downloads/DAiSEE/DataSet/Test/826412/8264120284/8264120284.avi,3,1,0.000678234,0.002891835,0.03543102,0.9609989
1385,/mnt/c/Users/puneet/Downloads/DAiSEE/DataSet/Test/882654/88265401100/88265401100.mp4,2,3,0.1735992,0.19470997,0.3218608,0.30983
1386,/mnt/c/Users/puneet/Downloads/DAiSEE/DataSet/Test/882654/88265401130/88265401130.mp4,2,3,0.18024682,0.19917697,0.3219701,0.29860604
1387,/mnt/c/Users/puneet/Downloads/DAiSEE/DataSet/Test/882654/88265401140/88265401140.mp4,2,3,0.18613404,0.20302862,0.32186487,0.28897247
1388,/mnt/c/Users/puneet/Downloads/DAiSEE/DataSet/Test/882654/88265401150/88265401150.mp4,2,3,0.18589282,0.20287271,0.32187277,0.28936166
1389,/mnt/c/Users/puneet/Downloads/DAiSEE/DataSet/Test/882654/88265401160/88265401160.mp4,2,3,0.18008345,0.19906871,0.32197037,0.29887742
1390,/mnt/c/Users/puneet/Downloads/DAiSEE/DataSet/Test/882654/88265401170/88265401170.mp4,3,2,0.16285048,0.1872156,0.32113725,0.32879665
1391,/mnt/c/Users/puneet/Downloads/DAiSEE/DataSet/Test/882654/88265401190/88265401190.mp4,2,3,0.18460186,0.20203553,0.32190996,0.2914526
1392,/mnt/c/Users/puneet/Downloads/DAiSEE/DataSet/Test/882654/8826540120/8826540120.mp4,2,3,0.18158188,0.20005894,0.32196254,0.29639664
1393,/mnt/c/Users/puneet/Downloads/DAiSEE/DataSet/Test/882654/88265401200/88265401200.mp4,2,2,0.17150265,0.19327478,0.321774,0.31344855
1394,/mnt/c/Users/puneet/Downloads/DAiSEE/DataSet/Test/882654/88265401240/88265401240.mp4,2,3,0.1862804,0.20312314,0.32185993,0.28873652
1395,/mnt/c/Users/puneet/Downloads/DAiSEE/DataSet/Test/882654/88265401260/88265401260.mp4,3,3,0.15831397,0.18394917,0.32061583,0.337121
1396,/mnt/c/Users/puneet/Downloads/DAiSEE/DataSet/Test/882654/88265401270/88265401270.mp4,2,3,0.18284439,0.20088837,0.32194647,0.29432073
1397,/mnt/c/Users/puneet/Downloads/DAiSEE/DataSet/Test/882654/88265401280/88265401280.mp4,2,3,0.18587391,0.20286047,0.32187343,0.28939223
1398,/mnt/c/Users/puneet/Downloads/DAiSEE/DataSet/Test/882654/88265401300/88265401300.mp4,2,3,0.17668204,0.19679724,0.3219424,0.30457836
1399,/mnt/c/Users/puneet/Downloads/DAiSEE/DataSet/Test/882654/88265401320/88265401320.mp4,2,3,0.18548536,0.20260896,0.32188547,0.29002017
1400,/mnt/c/Users/puneet/Downloads/DAiSEE/DataSet/Test/882654/88265401350/88265401350.mp4,2,3,0.18222979,0.20048515,0.32195535,0.2953297
1401,/mnt/c/Users/puneet/Downloads/DAiSEE/DataSet/Test/882654/88265401360/88265401360.mp4,2,3,0.18361174,0.2013903,0.32193258,0.2930654
1402,/mnt/c/Users/puneet/Downloads/DAiSEE/DataSet/Test/882654/88265401380/88265401380.mp4,2,3,0.18309411,0.2010519,0.3219423,0.29391167
1403,/mnt/c/Users/puneet/Downloads/DAiSEE/DataSet/Test/882654/88265401390/88265401390.mp4,2,3,0.18604238,0.20296939,0.3218679,0.2891203
1404,/mnt/c/Users/puneet/Downloads/DAiSEE/DataSet/Test/882654/88265401400/88265401400.mp4,2,3,0.18634678,0.20316598,0.32185763,0.28862962
1405,/mnt/c/Users/puneet/Downloads/DAiSEE/DataSet/Test/882654/88265401410/88265401410.mp4,2,3,0.18597062,0.202923,0.32187024,0.28923607
1406,/mnt/c/Users/puneet/Downloads/DAiSEE/DataSet/Test/882654/88265401420/88265401420.mp4,2,2,0.18631123,0.20314305,0.32185885,0.2886869
1407,/mnt/c/Users/puneet/Downloads/DAiSEE/DataSet/Test/882654/88265401430/88265401430.mp4,2,3,0.18604498,0.20297107,0.32186782,0.28911614
1408,/mnt/c/Users/puneet/Downloads/DAiSEE/DataSet/Test/882654/88265401450/88265401450.mp4,2,3,0.168856,0.19144477,0.32162753,0.31807172
1409,/mnt/c/Users/puneet/Downloads/DAiSEE/DataSet/Test/882654/88265401470/88265401470.mp4,2,2,0.18374811,0.20147935,0.32192978,0.29284278
1410,/mnt/c/Users/puneet/Downloads/DAiSEE/DataSet/Test/882654/88265401480/88265401480.mp4,2,3,0.18442078,0.20191772,0.32191452,0.291747
1411,/mnt/c/Users/puneet/Downloads/DAiSEE/DataSet/Test/882654/88265401490/88265401490.mp4,2,3,0.1835464,0.20134763,0.3219339,0.2931721
1412,/mnt/c/Users/puneet/Downloads/DAiSEE/DataSet/Test/882654/8826540150/8826540150.mp4,2,3,0.18475069,0.20213228,0.32190615,0.2912109
1413,/mnt/c/Users/puneet/Downloads/DAiSEE/DataSet/Test/882654/88265401520/88265401520.mp4,3,3,0.16135812,0.18614793,0.3209804,0.33151358
1414,/mnt/c/Users/puneet/Downloads/DAiSEE/DataSet/Test/882654/88265401550/88265401550.mp4,2,3,0.18518774,0.20241605,0.32189417,0.290502
1415,/mnt/c/Users/puneet/Downloads/DAiSEE/DataSet/Test/882654/88265401630/88265401630.mp4,2,2,0.18596764,0.20292109,0.32187036,0.2892409
1416,/mnt/c/Users/puneet/Downloads/DAiSEE/DataSet/Test/882654/88265401640/88265401640.mp4,3,2,0.16598664,0.1894375,0.32142106,0.32315484
1417,/mnt/c/Users/puneet/Downloads/DAiSEE/DataSet/Test/882654/88265401660/88265401660.mp4,2,3,0.18350743,0.20132218,0.32193464,0.29323572
1418,/mnt/c/Users/puneet/Downloads/DAiSEE/DataSet/Test/882654/88265401690/88265401690.mp4,2,3,0.18185589,0.20023933,0.32195976,0.29594496
1419,/mnt/c/Users/puneet/Downloads/DAiSEE/DataSet/Test/882654/8826540170/8826540170.mp4,2,3,0.18544012,0.20257965,0.32188684,0.2900934
1420,/mnt/c/Users/puneet/Downloads/DAiSEE/DataSet/Test/882654/88265401730/88265401730.mp4,2,3,0.18602861,0.20296049,0.32186836,0.2891425
1421,/mnt/c/Users/puneet/Downloads/DAiSEE/DataSet/Test/882654/88265401740/88265401740.mp4,2,3,0.18399909,0.20164305,0.32192436,0.29243347
1422,/mnt/c/Users/puneet/Downloads/DAiSEE/DataSet/Test/882654/88265401750/88265401750.mp4,3,1,0.12967907,0.16182506,0.31392705,0.39456877
1423,/mnt/c/Users/puneet/Downloads/DAiSEE/DataSet/Test/882654/8826540180/8826540180.mp4,2,3,0.18243146,0.20061758,0.3219527,0.29499832
1424,/mnt/c/Users/puneet/Downloads/DAiSEE/DataSet/Test/882654/88265402120/88265402120.mp4,2,3,0.18534726,0.20251948,0.32188958,0.2902437
1425,/mnt/c/Users/puneet/Downloads/DAiSEE/DataSet/Test/882654/88265402150/88265402150.mp4,3,3,0.16596517,0.18942238,0.32141936,0.32319316
1426,/mnt/c/Users/puneet/Downloads/DAiSEE/DataSet/Test/882654/88265402160/88265402160.mp4,2,2,0.1830694,0.20103572,0.32194275,0.29395217
1427,/mnt/c/Users/puneet/Downloads/DAiSEE/DataSet/Test/882654/88265402170/88265402170.mp4,2,3,0.18281487,0.20086902,0.32194695,0.29436913
1428,/mnt/c/Users/puneet/Downloads/DAiSEE/DataSet/Test/882654/88265402180/88265402180.mp4,2,2,0.18420172,0.2017751,0.32191974,0.2921034
1429,/mnt/c/Users/puneet/Downloads/DAiSEE/DataSet/Test/882654/88265402190/88265402190.mp4,2,3,0.1751334,0.19575214,0.32190815,0.3072063
1430,/mnt/c/Users/puneet/Downloads/DAiSEE/DataSet/Test/882654/88265402200/88265402200.mp4,2,3,0.18275455,0.20082949,0.32194793,0.29446808
1431,/mnt/c/Users/puneet/Downloads/DAiSEE/DataSet/Test/882654/88265402230/88265402230.mp4,2,2,0.18540573,0.20255737,0.32188785,0.29014903
1432,/mnt/c/Users/puneet/Downloads/DAiSEE/DataSet/Test/882654/88265402240/88265402240.mp4,2,2,0.18481927,0.20217685,0.32190436,0.29109955
1433,/mnt/c/Users/puneet/Downloads/DAiSEE/DataSet/Test/882654/88265402270/88265402270.mp4,2,2,0.18612319,0.20302162,0.32186523,0.28899
1434,/mnt/c/Users/puneet/Downloads/DAiSEE/DataSet/Test/882654/8826540230/8826540230.mp4,2,3,0.17809826,0.19774699,0.32196185,0.3021929
1435,/mnt/c/Users/puneet/Downloads/DAiSEE/DataSet/Test/882654/88265402300/88265402300.mp4,2,3,0.16866413,0.1913113,0.32161528,0.31840926
1436,/mnt/c/Users/puneet/Downloads/DAiSEE/DataSet/Test/882654/88265402310/88265402310.mp4,2,3,0.18605928,0.20298031,0.32186735,0.28909302
1437,/mnt/c/Users/puneet/Downloads/DAiSEE/DataSet/Test/882654/88265402320/88265402320.mp4,2,2,0.1857825,0.20280135,0.32187632,0.2895399
1438,/mnt/c/Users/puneet/Downloads/DAiSEE/DataSet/Test/882654/88265402330/88265402330.mp4,2,3,0.18238683,0.20058829,0.3219533,0.2950716
1439,/mnt/c/Users/puneet/Downloads/DAiSEE/DataSet/Test/882654/88265402340/88265402340.mp4,2,2,0.18303801,0.20101517,0.32194328,0.29400358
1440,/mnt/c/Users/puneet/Downloads/DAiSEE/DataSet/Test/882654/88265402350/88265402350.mp4,2,3,0.18612939,0.20302561,0.32186502,0.28897998
1441,/mnt/c/Users/puneet/Downloads/DAiSEE/DataSet/Test/882654/88265402370/88265402370.mp4,2,3,0.18489204,0.20222412,0.3219024,0.29098147
1442,/mnt/c/Users/puneet/Downloads/DAiSEE/DataSet/Test/882654/88265402380/88265402380.mp4,3,3,0.16144761,0.18621215,0.32099018,0.33135006
1443,/mnt/c/Users/puneet/Downloads/DAiSEE/DataSet/Test/882654/8826540240/8826540240.mp4,2,3,0.18000443,0.1990163,0.32197043,0.29900876
1444,/mnt/c/Users/puneet/Downloads/DAiSEE/DataSet/Test/882654/88265402400/88265402400.mp4,2,2,0.18513629,0.20238267,0.32189566,0.29058537
1445,/mnt/c/Users/puneet/Downloads/DAiSEE/DataSet/Test/882654/88265402420/88265402420.mp4,2,3,0.18123816,0.19983235,0.32196543,0.2969641
1446,/mnt/c/Users/puneet/Downloads/DAiSEE/DataSet/Test/882654/88265402440/88265402440.mp4,2,2,0.18527354,0.20247169,0.32189173,0.29036304
1447,/mnt/c/Users/puneet/Downloads/DAiSEE/DataSet/Test/882654/88265402450/88265402450.mp4,2,3,0.18505643,0.20233084,0.3218979,0.29071486
1448,/mnt/c/Users/puneet/Downloads/DAiSEE/DataSet/Test/882654/88265402480/88265402480.mp4,2,2,0.17998189,0.19900136,0.32197046,0.29904628
1449,/mnt/c/Users/puneet/Downloads/DAiSEE/DataSet/Test/882654/88265402490/88265402490.mp4,2,3,0.17769253,0.1974755,0.3219574,0.30287457
1450,/mnt/c/Users/puneet/Downloads/DAiSEE/DataSet/Test/882654/88265402500/88265402500.mp4,2,3,0.18609327,0.20300227,0.32186624,0.28903824
1451,/mnt/c/Users/puneet/Downloads/DAiSEE/DataSet/Test/882654/88265402520/88265402520.mp4,2,3,0.17956287,0.19872318,0.32197022,0.29974368
1452,/mnt/c/Users/puneet/Downloads/DAiSEE/DataSet/Test/882654/88265402540/88265402540.mp4,2,2,0.18222432,0.20048156,0.32195544,0.2953387
1453,/mnt/c/Users/puneet/Downloads/DAiSEE/DataSet/Test/882654/88265402570/88265402570.mp4,2,2,0.1841259,0.2017257,0.3219215,0.29222688
1454,/mnt/c/Users/puneet/Downloads/DAiSEE/DataSet/Test/882654/88265402580/88265402580.mp4,2,3,0.18279904,0.20085867,0.32194722,0.29439506
1455,/mnt/c/Users/puneet/Downloads/DAiSEE/DataSet/Test/882654/88265402590/88265402590.mp4,2,3,0.18405046,0.20167653,0.32192323,0.2923498
1456,/mnt/c/Users/puneet/Downloads/DAiSEE/DataSet/Test/882654/8826540260/8826540260.mp4,3,2,0.16267738,0.1870921,0.3211198,0.32911077
1457,/mnt/c/Users/puneet/Downloads/DAiSEE/DataSet/Test/882654/88265402600/88265402600.mp4,2,2,0.1775558,0.1973839,0.3219557,0.30310458
1458,/mnt/c/Users/puneet/Downloads/DAiSEE/DataSet/Test/882654/88265402630/88265402630.mp4,2,3,0.18457204,0.20201614,0.32191074,0.2915011
1459,/mnt/c/Users/puneet/Downloads/DAiSEE/DataSet/Test/882654/88265402660/88265402660.mp4,2,3,0.18586405,0.20285407,0.3218737,0.28940815
1460,/mnt/c/Users/puneet/Downloads/DAiSEE/DataSet/Test/882654/88265402690/88265402690.mp4,2,3,0.18442358,0.20191956,0.32191446,0.29174244
1461,/mnt/c/Users/puneet/Downloads/DAiSEE/DataSet/Test/882654/8826540270/8826540270.mp4,2,3,0.18607894,0.202993,0.3218667,0.28906137
1462,/mnt/c/Users/puneet/Downloads/DAiSEE/DataSet/Test/882654/88265402700/88265402700.mp4,2,3,0.18620248,0.20307282,0.32186258,0.28886214
1463,/mnt/c/Users/puneet/Downloads/DAiSEE/DataSet/Test/882654/88265402770/88265402770.mp4,2,3,0.18444313,0.20193227,0.321914,0.29171067
1464,/mnt/c/Users/puneet/Downloads/DAiSEE/DataSet/Test/882654/88265402780/88265402780.mp4,2,3,0.185116,0.2023695,0.32189626,0.29061833
1465,/mnt/c/Users/puneet/Downloads/DAiSEE/DataSet/Test/882654/88265402790/88265402790.mp4,2,2,0.18552926,0.2026374,0.32188416,0.28994918
1466,/mnt/c/Users/puneet/Downloads/DAiSEE/DataSet/Test/882654/8826540280/8826540280.mp4,2,2,0.1851238,0.20237456,0.321896,0.2906056
1467,/mnt/c/Users/puneet/Downloads/DAiSEE/DataSet/Test/882654/88265402800/88265402800.mp4,2,3,0.17444193,0.19528326,0.32188848,0.3083863
1468,/mnt/c/Users/puneet/Downloads/DAiSEE/DataSet/Test/882654/88265402810/88265402810.mp4,2,3,0.18129966,0.19987293,0.32196495,0.29686242
1469,/mnt/c/Users/puneet/Downloads/DAiSEE/DataSet/Test/882654/88265402820/88265402820.mp4,2,3,0.18516064,0.20239846,0.32189497,0.29054597
1470,/mnt/c/Users/puneet/Downloads/DAiSEE/DataSet/Test/882654/88265402840/88265402840.mp4,2,3,0.18245338,0.20063198,0.32195237,0.29496226
1471,/mnt/c/Users/puneet/Downloads/DAiSEE/DataSet/Test/882654/88265402850/88265402850.mp4,2,3,0.18117762,0.19979241,0.32196584,0.29706416
1472,/mnt/c/Users/puneet/Downloads/DAiSEE/DataSet/Test/882654/88265402880/88265402880.mp4,2,2,0.18561828,0.20269506,0.32188147,0.28980526
1473,/mnt/c/Users/puneet/Downloads/DAiSEE/DataSet/Test/882654/88265402890/88265402890.mp4,2,3,0.179256,0.19851917,0.32196948,0.3002554
1474,/mnt/c/Users/puneet/Downloads/DAiSEE/DataSet/Test/882654/8826540290/8826540290.mp4,2,3,0.18472995,0.2021188,0.3219067,0.29124454
1475,/mnt/c/Users/puneet/Downloads/DAiSEE/DataSet/Test/882654/88265402900/88265402900.mp4,2,3,0.17865165,0.19811656,0.32196644,0.30126545
1476,/mnt/c/Users/puneet/Downloads/DAiSEE/DataSet/Test/907001/907001100/907001100.mp4,3,3,0.1369364,0.16768822,0.31622574,0.37914965
1477,/mnt/c/Users/puneet/Downloads/DAiSEE/DataSet/Test/907001/9070011010/9070011010.mp4,3,2,0.11450797,0.14896207,0.30757767,0.4289523
1478,/mnt/c/Users/puneet/Downloads/DAiSEE/DataSet/Test/907001/9070011020/9070011020.mp4,3,3,0.0638565,0.09889406,0.2652388,0.57201064
1479,/mnt/c/Users/puneet/Downloads/DAiSEE/DataSet/Test/907001/9070011060/9070011060.mp4,3,3,0.13859153,0.16900028,0.31668875,0.37571943
1480,/mnt/c/Users/puneet/Downloads/DAiSEE/DataSet/Test/907001/9070011090/9070011090.mp4,3,2,0.13851307,0.1689383,0.3166673,0.37588137
1481,/mnt/c/Users/puneet/Downloads/DAiSEE/DataSet/Test/907001/907001110/907001110.mp4,3,3,0.15747787,0.18334034,0.32050508,0.33867678
1482,/mnt/c/Users/puneet/Downloads/DAiSEE/DataSet/Test/907001/9070011110/9070011110.mp4,3,3,0.15958862,0.18487328,0.3207758,0.33476222
1483,/mnt/c/Users/puneet/Downloads/DAiSEE/DataSet/Test/907001/907001120/907001120.mp4,2,2,0.1793645,0.19859134,0.3219698,0.30007437
1484,/mnt/c/Users/puneet/Downloads/DAiSEE/DataSet/Test/907001/907001150/907001150.mp4,2,3,0.17253615,0.19398387,0.32182,0.31166002
1485,/mnt/c/Users/puneet/Downloads/DAiSEE/DataSet/Test/907001/907001160/907001160.mp4,2,2,0.1732678,0.19448397,0.32184878,0.31039944
1486,/mnt/c/Users/puneet/Downloads/DAiSEE/DataSet/Test/907001/907001170/907001170.mp4,2,3,0.16964339,0.19199136,0.32167548,0.31668982
1487,/mnt/c/Users/puneet/Downloads/DAiSEE/DataSet/Test/907001/907001180/907001180.mp4,3,3,0.13857314,0.16898574,0.31668374,0.37575743
1488,/mnt/c/Users/puneet/Downloads/DAiSEE/DataSet/Test/907001/907001210/907001210.mp4,2,3,0.18008976,0.1990729,0.32197037,0.298867
1489,/mnt/c/Users/puneet/Downloads/DAiSEE/DataSet/Test/907001/907001220/907001220.mp4,2,3,0.18278375,0.20084864,0.32194743,0.29442015
1490,/mnt/c/Users/puneet/Downloads/DAiSEE/DataSet/Test/907001/907001240/907001240.mp4,3,3,0.1481311,0.1763861,0.31894124,0.35654157
1491,/mnt/c/Users/puneet/Downloads/DAiSEE/DataSet/Test/907001/907001270/907001270.mp4,2,2,0.17254171,0.19398767,0.32182023,0.3116504
1492,/mnt/c/Users/puneet/Downloads/DAiSEE/DataSet/Test/907001/907001280/907001280.mp4,3,3,0.124889,0.15785444,0.31215823,0.40509835
1493,/mnt/c/Users/puneet/Downloads/DAiSEE/DataSet/Test/907001/907001310/907001310.mp4,3,3,0.15594548,0.18221885,0.3202899,0.34154573
1494,/mnt/c/Users/puneet/Downloads/DAiSEE/DataSet/Test/907001/907001340/907001340.mp4,3,3,0.15236668,0.17957139,0.31972533,0.34833664
1495,/mnt/c/Users/puneet/Downloads/DAiSEE/DataSet/Test/907001/907001350/907001350.mp4,3,3,0.14804448,0.17632034,0.31892383,0.35671133
1496,/mnt/c/Users/puneet/Downloads/DAiSEE/DataSet/Test/907001/907001360/907001360.mp4,2,3,0.18254094,0.20068944,0.32195112,0.29481852
1497,/mnt/c/Users/puneet/Downloads/DAiSEE/DataSet/Test/907001/907001370/907001370.mp4,2,3,0.17965624,0.19878522,0.32197037,0.29958814
1498,/mnt/c/Users/puneet/Downloads/DAiSEE/DataSet/Test/907001/907001400/907001400.mp4,3,3,0.15323827,0.18021983,0.31987095,0.34667096
1499,/mnt/c/Users/puneet/Downloads/DAiSEE/DataSet/Test/907001/907001430/907001430.mp4,2,2,0.17588012,0.19625692,0.3219264,0.3059366
1500,/mnt/c/Users/puneet/Downloads/DAiSEE/DataSet/Test/907001/907001450/907001450.mp4,3,3,0.15986389,0.18507218,0.320809,0.33425495
1501,/mnt/c/Users/puneet/Downloads/DAiSEE/DataSet/Test/907001/907001480/907001480.mp4,3,1,0.16409126,0.18809816,0.32125688,0.3265537
1502,/mnt/c/Users/puneet/Downloads/DAiSEE/DataSet/Test/907001/907001490/907001490.mp4,3,3,0.16036563,0.18543416,0.32086813,0.333332
1503,/mnt/c/Users/puneet/Downloads/DAiSEE/DataSet/Test/907001/90700150/90700150.mp4,3,3,0.123458765,0.15665293,0.31158933,0.40829903
1504,/mnt/c/Users/puneet/Downloads/DAiSEE/DataSet/Test/907001/907001500/907001500.mp4,2,3,0.18062508,0.19942737,0.32196897,0.2979786
1505,/mnt/c/Users/puneet/Downloads/DAiSEE/DataSet/Test/907001/907001520/907001520.mp4,2,3,0.18204582,0.20036425,0.32195765,0.29563233
1506,/mnt/c/Users/puneet/Downloads/DAiSEE/DataSet/Test/907001/907001550/907001550.mp4,2,3,0.17678984,0.19686975,0.32194424,0.30439615
1507,/mnt/c/Users/puneet/Downloads/DAiSEE/DataSet/Test/907001/907001560/907001560.mp4,2,2,0.1806797,0.1994635,0.32196873,0.2978881
1508,/mnt/c/Users/puneet/Downloads/DAiSEE/DataSet/Test/907001/907001570/907001570.mp4,3,3,0.16484545,0.18863238,0.32132488,0.32519725
1509,/mnt/c/Users/puneet/Downloads/DAiSEE/DataSet/Test/907001/907001580/907001580.mp4,3,3,0.1626331,0.18706049,0.3211153,0.3291911
1510,/mnt/c/Users/puneet/Downloads/DAiSEE/DataSet/Test/907001/90700160/90700160.mp4,2,3,0.17558852,0.19605999,0.32191962,0.30643186
1511,/mnt/c/Users/puneet/Downloads/DAiSEE/DataSet/Test/907001/907001600/907001600.mp4,3,3,0.15728188,0.1831973,0.3204784,0.33904243
1512,/mnt/c/Users/puneet/Downloads/DAiSEE/DataSet/Test/907001/907001620/907001620.mp4,3,3,0.1068506,0.14213836,0.30348128,0.4475298
1513,/mnt/c/Users/puneet/Downloads/DAiSEE/DataSet/Test/907001/907001650/907001650.mp4,2,2,0.1794425,0.19864318,0.32197002,0.29994434
1514,/mnt/c/Users/puneet/Downloads/DAiSEE/DataSet/Test/907001/907001670/907001670.mp4,3,3,0.11763038,0.15167907,0.309068,0.4216225
1515,/mnt/c/Users/puneet/Downloads/DAiSEE/DataSet/Test/907001/907001680/907001680.mp4,2,3,0.17523572,0.1958214,0.32191083,0.30703205
1516,/mnt/c/Users/puneet/Downloads/DAiSEE/DataSet/Test/907001/90700170/90700170.mp4,3,3,0.14181276,0.17152758,0.31752732,0.36913228
1517,/mnt/c/Users/puneet/Downloads/DAiSEE/DataSet/Test/907001/907001730/907001730.mp4,2,3,0.17932828,0.19856724,0.32196972,0.30013484
1518,/mnt/c/Users/puneet/Downloads/DAiSEE/DataSet/Test/907001/907001740/907001740.mp4,3,2,0.16297226,0.18730243,0.32114944,0.3285759
1519,/mnt/c/Users/puneet/Downloads/DAiSEE/DataSet/Test/907001/907001780/907001780.mp4,2,3,0.18212058,0.20041339,0.32195672,0.29550925
1520,/mnt/c/Users/puneet/Downloads/DAiSEE/DataSet/Test/907001/907001790/907001790.mp4,3,3,0.10569621,0.14108929,0.3028065,0.45040795
1521,/mnt/c/Users/puneet/Downloads/DAiSEE/DataSet/Test/907001/90700180/90700180.mp4,3,3,0.14653334,0.17516969,0.31861183,0.3596851
1522,/mnt/c/Users/puneet/Downloads/DAiSEE/DataSet/Test/907001/907001820/907001820.mp4,3,3,0.13635561,0.16722564,0.31605804,0.38036075
1523,/mnt/c/Users/puneet/Downloads/DAiSEE/DataSet/Test/907001/907001840/907001840.mp4,3,3,0.16255857,0.18700728,0.3211077,0.32932648
1524,/mnt/c/Users/puneet/Downloads/DAiSEE/DataSet/Test/907001/907001850/907001850.mp4,3,3,0.11662314,0.15080667,0.30859822,0.42397195
1525,/mnt/c/Users/puneet/Downloads/DAiSEE/DataSet/Test/907001/907001860/907001860.mp4,3,3,0.15882331,0.18431905,0.32068107,0.3361766
1526,/mnt/c/Users/puneet/Downloads/DAiSEE/DataSet/Test/907001/90700190/90700190.mp4,2,3,0.1674287,0.19044934,0.3215311,0.32059085
1527,/mnt/c/Users/puneet/Downloads/DAiSEE/DataSet/Test/907001/907001910/907001910.mp4,3,2,0.10474478,0.14022057,0.3022386,0.45279604
1528,/mnt/c/Users/puneet/Downloads/DAiSEE/DataSet/Test/907001/907001940/907001940.mp4,3,3,0.12012109,0.15382001,0.3101861,0.41587284
1529,/mnt/c/Users/puneet/Downloads/DAiSEE/DataSet/Test/907001/907001950/907001950.mp4,2,1,0.17604057,0.19636519,0.32192987,0.30566442
1530,/mnt/c/Users/puneet/Downloads/DAiSEE/DataSet/Test/907001/907001970/907001970.mp4,3,3,0.13565572,0.16666667,0.31585222,0.38182542
1531,/mnt/c/Users/puneet/Downloads/DAiSEE/DataSet/Test/928901/9289010111/9289010111.avi,2,2,0.18631665,0.20314653,0.32185864,0.28867814
1532,/mnt/c/Users/puneet/Downloads/DAiSEE/DataSet/Test/928901/9289010112/9289010112.avi,2,2,0.18613288,0.20302786,0.32186493,0.2889744
1533,/mnt/c/Users/puneet/Downloads/DAiSEE/DataSet/Test/928901/9289010113/9289010113.avi,2,2,0.16830114,0.19105852,0.3215915,0.31904885
1534,/mnt/c/Users/puneet/Downloads/DAiSEE/DataSet/Test/928901/9289010114/9289010114.avi,2,1,0.17769317,0.19747591,0.3219574,0.30287346
1535,/mnt/c/Users/puneet/Downloads/DAiSEE/DataSet/Test/928901/9289010115/9289010115.avi,2,3,0.18062961,0.19943038,0.32196894,0.2979711
1536,/mnt/c/Users/puneet/Downloads/DAiSEE/DataSet/Test/928901/9289010117/9289010117.avi,2,3,0.18611488,0.20301624,0.3218655,0.28900337
1537,/mnt/c/Users/puneet/Downloads/DAiSEE/DataSet/Test/928901/9289010118/9289010118.avi,2,3,0.18644197,0.20322742,0.32185432,0.28847626
1538,/mnt/c/Users/puneet/Downloads/DAiSEE/DataSet/Test/928901/9289010119/9289010119.avi,3,3,0.09206126,0.12827131,0.29358086,0.48608658
1539,/mnt/c/Users/puneet/Downloads/DAiSEE/DataSet/Test/928901/9289010120/9289010120.avi,2,2,0.18645379,0.20323503,0.32185394,0.28845727
1540,/mnt/c/Users/puneet/Downloads/DAiSEE/DataSet/Test/928901/9289010121/9289010121.avi,2,2,0.18607882,0.20299293,0.32186672,0.28906158
1541,/mnt/c/Users/puneet/Downloads/DAiSEE/DataSet/Test/928901/9289010127/9289010127.avi,2,2,0.17132376,0.19315174,0.3217654,0.313759
1542,/mnt/c/Users/puneet/Downloads/DAiSEE/DataSet/Test/928901/928901013/928901013.avi,2,3,0.18222131,0.20047958,0.32195547,0.29534364
1543,/mnt/c/Users/puneet/Downloads/DAiSEE/DataSet/Test/928901/9289010131/9289010131.avi,2,2,0.1780119,0.19768924,0.321961,0.3023379
1544,/mnt/c/Users/puneet/Downloads/DAiSEE/DataSet/Test/928901/9289010132/9289010132.avi,2,2,0.17070597,0.19272609,0.3217343,0.3148336
1545,/mnt/c/Users/puneet/Downloads/DAiSEE/DataSet/Test/928901/9289010133/9289010133.avi,2,3,0.18041472,0.19928816,0.3219697,0.29832742
1546,/mnt/c/Users/puneet/Downloads/DAiSEE/DataSet/Test/928901/9289010134/9289010134.avi,2,3,0.18212141,0.20041394,0.32195672,0.2955079
1547,/mnt/c/Users/puneet/Downloads/DAiSEE/DataSet/Test/928901/9289010138/9289010138.avi,2,2,0.18598452,0.20293199,0.32186982,0.28921366
1548,/mnt/c/Users/puneet/Downloads/DAiSEE/DataSet/Test/928901/9289010139/9289010139.avi,2,2,0.1859572,0.20291433,0.3218707,0.28925776
1549,/mnt/c/Users/puneet/Downloads/DAiSEE/DataSet/Test/928901/928901014/928901014.avi,2,1,0.17242162,0.19390546,0.32181522,0.31185776
1550,/mnt/c/Users/puneet/Downloads/DAiSEE/DataSet/Test/928901/9289010143/9289010143.avi,2,2,0.17068386,0.19271083,0.32173315,0.31487215
1551,/mnt/c/Users/puneet/Downloads/DAiSEE/DataSet/Test/928901/9289010144/9289010144.avi,2,2,0.18507059,0.20234002,0.32189748,0.29069185
1552,/mnt/c/Users/puneet/Downloads/DAiSEE/DataSet/Test/928901/9289010145/9289010145.avi,2,1,0.18325621,0.20115796,0.32193944,0.29364648
1553,/mnt/c/Users/puneet/Downloads/DAiSEE/DataSet/Test/928901/9289010147/9289010147.avi,2,2,0.18601081,0.20294897,0.32186896,0.28917128
1554,/mnt/c/Users/puneet/Downloads/DAiSEE/DataSet/Test/928901/9289010149/9289010149.avi,2,3,0.18552056,0.20263177,0.3218844,0.28996322
1555,/mnt/c/Users/puneet/Downloads/DAiSEE/DataSet/Test/928901/9289010150/9289010150.avi,2,3,0.18544243,0.20258115,0.32188675,0.29008964
1556,/mnt/c/Users/puneet/Downloads/DAiSEE/DataSet/Test/928901/9289010151/9289010151.avi,3,3,0.026724787,0.051699083,0.1935775,0.7279986
1557,/mnt/c/Users/puneet/Downloads/DAiSEE/DataSet/Test/928901/9289010152/9289010152.avi,3,1,0.15681584,0.18285672,0.32041404,0.33991337
1558,/mnt/c/Users/puneet/Downloads/DAiSEE/DataSet/Test/928901/9289010153/9289010153.avi,2,2,0.18580046,0.20281297,0.32187575,0.28951085
1559,/mnt/c/Users/puneet/Downloads/DAiSEE/DataSet/Test/928901/9289010154/9289010154.avi,2,2,0.18572557,0.2027645,0.3218781,0.28963184
1560,/mnt/c/Users/puneet/Downloads/DAiSEE/DataSet/Test/928901/9289010155/9289010155.avi,2,3,0.16874737,0.19136922,0.32162064,0.31826282
1561,/mnt/c/Users/puneet/Downloads/DAiSEE/DataSet/Test/928901/9289010157/9289010157.avi,3,3,0.16138399,0.1861665,0.32098323,0.33146632
1562,/mnt/c/Users/puneet/Downloads/DAiSEE/DataSet/Test/928901/9289010158/9289010158.avi,3,3,0.14057197,0.17055815,0.31721398,0.3716559
1563,/mnt/c/Users/puneet/Downloads/DAiSEE/DataSet/Test/928901/928901016/928901016.avi,3,2,0.1576933,0.18349741,0.32053405,0.33827522
1564,/mnt/c/Users/puneet/Downloads/DAiSEE/DataSet/Test/928901/9289010160/9289010160.avi,2,3,0.18187273,0.20025042,0.32195958,0.29591724
1565,/mnt/c/Users/puneet/Downloads/DAiSEE/DataSet/Test/928901/9289010161/9289010161.avi,2,2,0.17707728,0.19706288,0.32194895,0.30391088
1566,/mnt/c/Users/puneet/Downloads/DAiSEE/DataSet/Test/928901/9289010163/9289010163.avi,2,3,0.1705201,0.1925978,0.32172447,0.31515762
1567,/mnt/c/Users/puneet/Downloads/DAiSEE/DataSet/Test/928901/9289010166/9289010166.avi,3,2,0.07044165,0.106143355,0.2732165,0.55019855
1568,/mnt/c/Users/puneet/Downloads/DAiSEE/DataSet/Test/928901/9289010167/9289010167.avi,3,3,0.14808214,0.17634894,0.3189314,0.35663748
1569,/mnt/c/Users/puneet/Downloads/DAiSEE/DataSet/Test/928901/928901018/928901018.avi,2,3,0.18557397,0.20266636,0.32188278,0.28987685
1570,/mnt/c/Users/puneet/Downloads/DAiSEE/DataSet/Test/928901/9289010210/9289010210.avi,2,3,0.18663032,0.20334888,0.32184762,0.28817317
1571,/mnt/c/Users/puneet/Downloads/DAiSEE/DataSet/Test/928901/9289010211/9289010211.avi,2,2,0.17767061,0.19746082,0.32195717,0.3029115
1572,/mnt/c/Users/puneet/Downloads/DAiSEE/DataSet/Test/928901/9289010216/9289010216.avi,2,3,0.186606,0.20333321,0.32184854,0.28821233
1573,/mnt/c/Users/puneet/Downloads/DAiSEE/DataSet/Test/928901/9289010221/9289010221.avi,2,3,0.18655984,0.20330344,0.32185015,0.28828657
1574,/mnt/c/Users/puneet/Downloads/DAiSEE/DataSet/Test/928901/9289010222/9289010222.avi,2,3,0.1863928,0.20319569,0.32185605,0.28855547
1575,/mnt/c/Users/puneet/Downloads/DAiSEE/DataSet/Test/928901/9289010223/9289010223.avi,2,3,0.18186039,0.2002423,0.32195973,0.2959376
1576,/mnt/c/Users/puneet/Downloads/DAiSEE/DataSet/Test/928901/9289010227/9289010227.avi,2,3,0.1710189,0.19294184,0.3217503,0.3142889
1577,/mnt/c/Users/puneet/Downloads/DAiSEE/DataSet/Test/928901/9289010229/9289010229.avi,3,3,0.16044402,0.18549065,0.32087728,0.3331881
1578,/mnt/c/Users/puneet/Downloads/DAiSEE/DataSet/Test/928901/928901023/928901023.avi,2,3,0.18040235,0.19927996,0.32196972,0.29834792
1579,/mnt/c/Users/puneet/Downloads/DAiSEE/DataSet/Test/928901/9289010230/9289010230.avi,3,3,0.002243701,0.0074767354,0.06329243,0.9269871
1580,/mnt/c/Users/puneet/Downloads/DAiSEE/DataSet/Test/928901/9289010231/9289010231.avi,2,2,0.1728177,0.1941765,0.32183143,0.31117436
1581,/mnt/c/Users/puneet/Downloads/DAiSEE/DataSet/Test/928901/9289010232/9289010232.avi,2,3,0.18636733,0.20317926,0.32185695,0.2885965
1582,/mnt/c/Users/puneet/Downloads/DAiSEE/DataSet/Test/928901/9289010233/9289010233.avi,2,3,0.17958036,0.19873482,0.32197025,0.29971454
1583,/mnt/c/Users/puneet/Downloads/DAiSEE/DataSet/Test/928901/9289010235/9289010235.avi,2,3,0.18591432,0.20288661,0.32187212,0.28932697
1584,/mnt/c/Users/puneet/Downloads/DAiSEE/DataSet/Test/928901/9289010242/9289010242.avi,2,3,0.18642531,0.20321666,0.3218549,0.2885031
1585,/mnt/c/Users/puneet/Downloads/DAiSEE/DataSet/Test/928901/9289010243/9289010243.avi,2,3,0.18634512,0.20316489,0.3218577,0.28863227
1586,/mnt/c/Users/puneet/Downloads/DAiSEE/DataSet/Test/928901/9289010244/9289010244.avi,2,3,0.18649992,0.2032648,0.3218523,0.288383
1587,/mnt/c/Users/puneet/Downloads/DAiSEE/DataSet/Test/928901/9289010245/9289010245.avi,2,3,0.18647726,0.20325017,0.32185307,0.28841946
1588,/mnt/c/Users/puneet/Downloads/DAiSEE/DataSet/Test/928901/9289010248/9289010248.avi,2,3,0.18563493,0.20270582,0.3218809,0.28977832
1589,/mnt/c/Users/puneet/Downloads/DAiSEE/DataSet/Test/928901/9289010249/9289010249.avi,2,3,0.17968029,0.19880119,0.3219704,0.2995481
1590,/mnt/c/Users/puneet/Downloads/DAiSEE/DataSet/Test/928901/928901025/928901025.avi,3,3,0.16542248,0.18903996,0.32137454,0.32416305
1591,/mnt/c/Users/puneet/Downloads/DAiSEE/DataSet/Test/928901/9289010250/9289010250.avi,3,2,0.078814976,0.11500009,0.2820665,0.5241184
1592,/mnt/c/Users/puneet/Downloads/DAiSEE/DataSet/Test/928901/9289010251/9289010251.avi,3,3,0.16211106,0.18668744,0.32106128,0.33014017
1593,/mnt/c/Users/puneet/Downloads/DAiSEE/DataSet/Test/928901/9289010253/9289010253.avi,2,3,0.18044971,0.19931133,0.3219696,0.29826936
1594,/mnt/c/Users/puneet/Downloads/DAiSEE/DataSet/Test/928901/9289010254/9289010254.avi,2,2,0.18397829,0.20162949,0.3219248,0.29246736
1595,/mnt/c/Users/puneet/Downloads/DAiSEE/DataSet/Test/928901/9289010257/9289010257.avi,2,3,0.18472786,0.20211744,0.32190675,0.29124793
1596,/mnt/c/Users/puneet/Downloads/DAiSEE/DataSet/Test/928901/9289010259/9289010259.avi,2,3,0.18610346,0.20300886,0.32186592,0.28902182
1597,/mnt/c/Users/puneet/Downloads/DAiSEE/DataSet/Test/928901/928901026/928901026.avi,3,3,0.15925264,0.18463019,0.3207347,0.33538246
1598,/mnt/c/Users/puneet/Downloads/DAiSEE/DataSet/Test/928901/9289010261/9289010261.avi,2,3,0.18670064,0.2033942,0.32184508,0.28806007
1599,/mnt/c/Users/puneet/Downloads/DAiSEE/DataSet/Test/928901/9289010262/9289010262.avi,2,3,0.18592684,0.20289469,0.32187167,0.28930676
1600,/mnt/c/Users/puneet/Downloads/DAiSEE/DataSet/Test/928901/9289010263/9289010263.avi,2,2,0.18642594,0.20321706,0.3218549,0.28850213
1601,/mnt/c/Users/puneet/Downloads/DAiSEE/DataSet/Test/928901/9289010265/9289010265.avi,2,3,0.18619967,0.203071,0.32186267,0.28886667
1602,/mnt/c/Users/puneet/Downloads/DAiSEE/DataSet/Test/928901/9289010266/9289010266.avi,2,3,0.18595323,0.20291176,0.32187083,0.28926414
1603,/mnt/c/Users/puneet/Downloads/DAiSEE/DataSet/Test/928901/9289010267/9289010267.avi,2,3,0.18635875,0.20317371,0.32185724,0.28861034
1604,/mnt/c/Users/puneet/Downloads/DAiSEE/DataSet/Test/928901/9289010268/9289010268.avi,2,3,0.18653509,0.20328748,0.32185104,0.2883264
1605,/mnt/c/Users/puneet/Downloads/DAiSEE/DataSet/Test/928901/9289010269/9289010269.avi,2,3,0.1818678,0.20024717,0.32195964,0.29592538
1606,/mnt/c/Users/puneet/Downloads/DAiSEE/DataSet/Test/928901/9289010270/9289010270.avi,2,3,0.18635774,0.20317306,0.32185724,0.28861195
1607,/mnt/c/Users/puneet/Downloads/DAiSEE/DataSet/Test/928901/9289010271/9289010271.avi,2,2,0.18618445,0.20306116,0.32186314,0.28889117
1608,/mnt/c/Users/puneet/Downloads/DAiSEE/DataSet/Test/928901/9289010273/9289010273.avi,3,3,0.0024227705,0.007945234,0.065662496,0.9239695
1609,/mnt/c/Users/puneet/Downloads/DAiSEE/DataSet/Test/928901/9289010274/9289010274.avi,3,3,0.14527449,0.17420551,0.31833905,0.36218095
1610,/mnt/c/Users/puneet/Downloads/DAiSEE/DataSet/Test/928901/9289010275/9289010275.avi,3,3,0.15831728,0.18395159,0.32061625,0.33711487
1611,/mnt/c/Users/puneet/Downloads/DAiSEE/DataSet/Test/928901/9289010276/9289010276.avi,3,1,0.123577185,0.15675268,0.31163716,0.408033
1612,/mnt/c/Users/puneet/Downloads/DAiSEE/DataSet/Test/928901/9289010278/9289010278.avi,2,3,0.17289378,0.1942285,0.32183442,0.31104323
1613,/mnt/c/Users/puneet/Downloads/DAiSEE/DataSet/Test/928901/928901028/928901028.avi,2,3,0.18634117,0.20316236,0.32185784,0.2886387
1614,/mnt/c/Users/puneet/Downloads/DAiSEE/DataSet/Test/928901/928901029/928901029.avi,2,3,0.18577504,0.20279652,0.32187656,0.28955188
1615,/mnt/c/Users/puneet/Downloads/DAiSEE/DataSet/Test/940328/940328011/940328011.avi,3,3,0.15228295,0.17950897,0.31971103,0.348497
1616,/mnt/c/Users/puneet/Downloads/DAiSEE/DataSet/Test/940328/9403280110/9403280110.avi,2,3,0.18602277,0.2029567,0.32186854,0.2891519
1617,/mnt/c/Users/puneet/Downloads/DAiSEE/DataSet/Test/940328/9403280112/9403280112.avi,2,3,0.18606056,0.20298114,0.32186732,0.289091
1618,/mnt/c/Users/puneet/Downloads/DAiSEE/DataSet/Test/940328/9403280114/9403280114.avi,2,3,0.17922147,0.1984962,0.32196936,0.30031303
1619,/mnt/c/Users/puneet/Downloads/DAiSEE/DataSet/Test/940328/9403280115/9403280115.avi,2,2,0.17986056,0.19892086,0.3219705,0.29924807
1620,/mnt/c/Users/puneet/Downloads/DAiSEE/DataSet/Test/940328/9403280116/9403280116.avi,2,3,0.18157366,0.20005354,0.32196262,0.29641023
1621,/mnt/c/Users/puneet/Downloads/DAiSEE/DataSet/Test/940328/9403280117/9403280117.avi,2,3,0.18491735,0.20224054,0.3219017,0.29094037
1622,/mnt/c/Users/puneet/Downloads/DAiSEE/DataSet/Test/940328/940328012/940328012.avi,3,3,0.14624281,0.17494762,0.31854993,0.36025965
1623,/mnt/c/Users/puneet/Downloads/DAiSEE/DataSet/Test/940328/9403280126/9403280126.avi,2,3,0.18602107,0.2029556,0.3218686,0.28915465
1624,/mnt/c/Users/puneet/Downloads/DAiSEE/DataSet/Test/940328/9403280129/9403280129.avi,3,3,0.16414122,0.18813363,0.32126153,0.3264637
1625,/mnt/c/Users/puneet/Downloads/DAiSEE/DataSet/Test/940328/9403280132/9403280132.avi,2,3,0.18515064,0.20239198,0.32189524,0.29056215
1626,/mnt/c/Users/puneet/Downloads/DAiSEE/DataSet/Test/940328/9403280134/9403280134.avi,2,2,0.16924746,0.19171675,0.32165185,0.317384
1627,/mnt/c/Users/puneet/Downloads/DAiSEE/DataSet/Test/940328/9403280136/9403280136.avi,2,3,0.17307211,0.19435035,0.3218414,0.31073618
1628,/mnt/c/Users/puneet/Downloads/DAiSEE/DataSet/Test/940328/9403280138/9403280138.avi,2,2,0.18169162,0.20013122,0.3219615,0.29621568
1629,/mnt/c/Users/puneet/Downloads/DAiSEE/DataSet/Test/940328/940328014/940328014.avi,3,3,0.15351151,0.18042262,0.3199155,0.34615034
1630,/mnt/c/Users/puneet/Downloads/DAiSEE/DataSet/Test/940328/9403280140/9403280140.avi,2,2,0.18505353,0.20232897,0.32189798,0.29071957
1631,/mnt/c/Users/puneet/Downloads/DAiSEE/DataSet/Test/940328/9403280143/9403280143.avi,2,2,0.17680825,0.19688213,0.32194456,0.30436507
1632,/mnt/c/Users/puneet/Downloads/DAiSEE/DataSet/Test/940328/9403280145/9403280145.avi,2,2,0.18509702,0.20235719,0.32189673,0.290649
1633,/mnt/c/Users/puneet/Downloads/DAiSEE/DataSet/Test/940328/9403280146/9403280146.avi,3,2,0.1636522,0.1877864,0.32121566,0.32734573
1634,/mnt/c/Users/puneet/Downloads/DAiSEE/DataSet/Test/940328/9403280147/9403280147.avi,3,3,0.16397883,0.1880184,0.32124642,0.32675633
1635,/mnt/c/Users/puneet/Downloads/DAiSEE/DataSet/Test/940328/9403280149/9403280149.avi,2,3,0.17980517,0.19888411,0.3219705,0.29934025
1636,/mnt/c/Users/puneet/Downloads/DAiSEE/DataSet/Test/940328/9403280150/9403280150.avi,2,3,0.18166678,0.20011486,0.32196176,0.29625666
1637,/mnt/c/Users/puneet/Downloads/DAiSEE/DataSet/Test/940328/9403280151/9403280151.avi,2,2,0.18158822,0.20006312,0.3219625,0.29638618
1638,/mnt/c/Users/puneet/Downloads/DAiSEE/DataSet/Test/940328/9403280152/9403280152.avi,2,2,0.18397191,0.20162533,0.32192498,0.29247782
1639,/mnt/c/Users/puneet/Downloads/DAiSEE/DataSet/Test/940328/9403280155/9403280155.avi,3,3,0.1161027,0.15035439,0.30835137,0.42519152
1640,/mnt/c/Users/puneet/Downloads/DAiSEE/DataSet/Test/940328/9403280156/9403280156.avi,2,3,0.18370828,0.20145334,0.3219306,0.29290777
1641,/mnt/c/Users/puneet/Downloads/DAiSEE/DataSet/Test/940328/9403280157/9403280157.avi,3,2,0.16498987,0.18873449,0.3213375,0.3249381
1642,/mnt/c/Users/puneet/Downloads/DAiSEE/DataSet/Test/940328/9403280159/9403280159.avi,2,3,0.18173772,0.20016158,0.32196102,0.29613966
1643,/mnt/c/Users/puneet/Downloads/DAiSEE/DataSet/Test/940328/940328016/940328016.avi,3,3,0.15849794,0.18408288,0.32063958,0.3367796
1644,/mnt/c/Users/puneet/Downloads/DAiSEE/DataSet/Test/940328/9403280164/9403280164.avi,2,3,0.16779035,0.19070213,0.3215567,0.3199508
1645,/mnt/c/Users/puneet/Downloads/DAiSEE/DataSet/Test/940328/9403280165/9403280165.avi,2,2,0.17458928,0.19538328,0.3218929,0.3081345
1646,/mnt/c/Users/puneet/Downloads/DAiSEE/DataSet/Test/940328/9403280167/9403280167.avi,2,3,0.16847864,0.19118218,0.3216032,0.31873593
1647,/mnt/c/Users/puneet/Downloads/DAiSEE/DataSet/Test/940328/940328017/940328017.avi,2,3,0.18511082,0.20236614,0.32189637,0.29062667
1648,/mnt/c/Users/puneet/Downloads/DAiSEE/DataSet/Test/940328/940328018/940328018.avi,2,3,0.18503813,0.20231898,0.3218984,0.29074448
1649,/mnt/c/Users/puneet/Downloads/DAiSEE/DataSet/Test/940328/9403280212/9403280212.avi,2,3,0.18429416,0.20183532,0.3219176,0.291953
1650,/mnt/c/Users/puneet/Downloads/DAiSEE/DataSet/Test/940328/9403280213/9403280213.avi,2,2,0.18574238,0.20277537,0.32187757,0.28960466
1651,/mnt/c/Users/puneet/Downloads/DAiSEE/DataSet/Test/940328/9403280217/9403280217.avi,2,2,0.17830998,0.1978885,0.3219638,0.30183774
1652,/mnt/c/Users/puneet/Downloads/DAiSEE/DataSet/Test/940328/9403280218/9403280218.avi,2,2,0.18549673,0.20261633,0.32188514,0.2900018
1653,/mnt/c/Users/puneet/Downloads/DAiSEE/DataSet/Test/940328/9403280219/9403280219.avi,2,2,0.18311672,0.20106669,0.3219419,0.29387468
1654,/mnt/c/Users/puneet/Downloads/DAiSEE/DataSet/Test/940328/940328022/940328022.avi,3,3,0.1609744,0.18587233,0.32093775,0.33221555
1655,/mnt/c/Users/puneet/Downloads/DAiSEE/DataSet/Test/940328/9403280227/9403280227.avi,3,2,0.14975734,0.1776158,0.3192574,0.3533694
1656,/mnt/c/Users/puneet/Downloads/DAiSEE/DataSet/Test/940328/9403280229/9403280229.avi,2,3,0.18032524,0.19922891,0.32196993,0.2984759
1657,/mnt/c/Users/puneet/Downloads/DAiSEE/DataSet/Test/940328/9403280234/9403280234.avi,2,3,0.17521594,0.19580802,0.32191035,0.30706573
1658,/mnt/c/Users/puneet/Downloads/DAiSEE/DataSet/Test/940328/9403280235/9403280235.avi,2,2,0.18536817,0.20253304,0.32188898,0.2902099
1659,/mnt/c/Users/puneet/Downloads/DAiSEE/DataSet/Test/940328/9403280236/9403280236.avi,2,2,0.18137084,0.19991985,0.32196435,0.29674488
1660,/mnt/c/Users/puneet/Downloads/DAiSEE/DataSet/Test/940328/9403280238/9403280238.avi,3,2,0.150036,0.17782567,0.31930968,0.35282865
1661,/mnt/c/Users/puneet/Downloads/DAiSEE/DataSet/Test/940328/9403280241/9403280241.avi,2,3,0.18199125,0.2003284,0.3219583,0.29572213
1662,/mnt/c/Users/puneet/Downloads/DAiSEE/DataSet/Test/940328/9403280243/9403280243.avi,2,3,0.18251781,0.20067425,0.32195145,0.29485646
1663,/mnt/c/Users/puneet/Downloads/DAiSEE/DataSet/Test/940328/9403280245/9403280245.avi,2,3,0.17352176,0.19465718,0.32185802,0.30996302
1664,/mnt/c/Users/puneet/Downloads/DAiSEE/DataSet/Test/940328/9403280246/9403280246.avi,3,3,0.14116415,0.17102146,0.31736502,0.37044933
1665,/mnt/c/Users/puneet/Downloads/DAiSEE/DataSet/Test/940328/9403280247/9403280247.avi,3,2,0.14753462,0.17593294,0.31882045,0.35771203
1666,/mnt/c/Users/puneet/Downloads/DAiSEE/DataSet/Test/940328/9403280249/9403280249.avi,2,3,0.18336782,0.20123093,0.32193732,0.2934639
1667,/mnt/c/Users/puneet/Downloads/DAiSEE/DataSet/Test/940328/9403280250/9403280250.avi,2,2,0.17709024,0.1970716,0.32194915,0.30388907
1668,/mnt/c/Users/puneet/Downloads/DAiSEE/DataSet/Test/940328/9403280251/9403280251.avi,2,2,0.17757526,0.19739693,0.32195598,0.30307186
1669,/mnt/c/Users/puneet/Downloads/DAiSEE/DataSet/Test/940328/9403280254/9403280254.avi,2,3,0.1806446,0.19944029,0.32196888,0.29794624
1670,/mnt/c/Users/puneet/Downloads/DAiSEE/DataSet/Test/940328/9403280255/9403280255.avi,3,3,0.13826263,0.16874027,0.3165985,0.3763986
1671,/mnt/c/Users/puneet/Downloads/DAiSEE/DataSet/Test/940328/9403280256/9403280256.avi,3,3,0.12069842,0.15431295,0.31043655,0.41455212
1672,/mnt/c/Users/puneet/Downloads/DAiSEE/DataSet/Test/940328/9403280259/9403280259.avi,2,3,0.18550122,0.20261924,0.321885,0.28999454
1673,/mnt/c/Users/puneet/Downloads/DAiSEE/DataSet/Test/940328/9403280260/9403280260.avi,3,3,0.14566925,0.17450842,0.31842586,0.36139646
1674,/mnt/c/Users/puneet/Downloads/DAiSEE/DataSet/Test/940328/9403280262/9403280262.avi,2,3,0.18519153,0.20241849,0.32189408,0.2904959
1675,/mnt/c/Users/puneet/Downloads/DAiSEE/DataSet/Test/940328/9403280265/9403280265.avi,2,3,0.17639145,0.19660166,0.321937,0.3050699
1676,/mnt/c/Users/puneet/Downloads/DAiSEE/DataSet/Test/940328/9403280266/9403280266.avi,2,3,0.17240606,0.19389479,0.32181457,0.31188464
1677,/mnt/c/Users/puneet/Downloads/DAiSEE/DataSet/Test/940328/9403280271/9403280271.avi,3,1,0.15226325,0.17949429,0.31970766,0.3485348
1678,/mnt/c/Users/puneet/Downloads/DAiSEE/DataSet/Test/940328/9403280272/9403280272.avi,2,3,0.17045698,0.19255422,0.3217211,0.3152677
1679,/mnt/c/Users/puneet/Downloads/DAiSEE/DataSet/Test/940328/9403280273/9403280273.avi,2,2,0.18281654,0.20087013,0.32194695,0.29436642
1680,/mnt/c/Users/puneet/Downloads/DAiSEE/DataSet/Test/940328/9403280277/9403280277.avi,2,3,0.18477635,0.20214896,0.32190546,0.29116923
1681,/mnt/c/Users/puneet/Downloads/DAiSEE/DataSet/Test/940328/9403280279/9403280279.avi,3,3,0.16497387,0.18872316,0.3213361,0.32496685
1682,/mnt/c/Users/puneet/Downloads/DAiSEE/DataSet/Test/987736/9877360111/9877360111.avi,2,3,0.17880242,0.19821711,0.32196736,0.3010131
1683,/mnt/c/Users/puneet/Downloads/DAiSEE/DataSet/Test/987736/9877360113/9877360113.avi,3,2,0.16346173,0.18765095,0.3211974,0.32768992
1684,/mnt/c/Users/puneet/Downloads/DAiSEE/DataSet/Test/987736/9877360114/9877360114.avi,3,3,0.1577064,0.18350695,0.3205358,0.33825085
1685,/mnt/c/Users/puneet/Downloads/DAiSEE/DataSet/Test/987736/9877360115/9877360115.avi,2,3,0.17133738,0.19316112,0.32176608,0.31373537
1686,/mnt/c/Users/puneet/Downloads/DAiSEE/DataSet/Test/987736/9877360116/9877360116.avi,2,2,0.18088602,0.19959985,0.3219677,0.29754642
1687,/mnt/c/Users/puneet/Downloads/DAiSEE/DataSet/Test/987736/9877360117/9877360117.avi,2,2,0.17785919,0.19758707,0.32195935,0.3025944
1688,/mnt/c/Users/puneet/Downloads/DAiSEE/DataSet/Test/987736/9877360120/9877360120.avi,3,1,0.061934307,0.09672722,0.26272053,0.57861793
1689,/mnt/c/Users/puneet/Downloads/DAiSEE/DataSet/Test/987736/9877360121/9877360121.avi,2,2,0.18166351,0.20011272,0.32196176,0.29626203
1690,/mnt/c/Users/puneet/Downloads/DAiSEE/DataSet/Test/987736/9877360124/9877360124.avi,2,3,0.1858779,0.20286305,0.32187328,0.2893858
1691,/mnt/c/Users/puneet/Downloads/DAiSEE/DataSet/Test/987736/9877360125/9877360125.avi,2,3,0.18267646,0.2007783,0.32194912,0.2945961
1692,/mnt/c/Users/puneet/Downloads/DAiSEE/DataSet/Test/987736/9877360126/9877360126.avi,2,3,0.18354715,0.20134813,0.32193387,0.29317084
1693,/mnt/c/Users/puneet/Downloads/DAiSEE/DataSet/Test/987736/9877360127/9877360127.avi,2,2,0.18484232,0.20219181,0.32190374,0.29106218
1694,/mnt/c/Users/puneet/Downloads/DAiSEE/DataSet/Test/987736/9877360128/9877360128.avi,2,3,0.18499756,0.20229264,0.3218995,0.2908103
1695,/mnt/c/Users/puneet/Downloads/DAiSEE/DataSet/Test/987736/9877360130/9877360130.avi,2,2,0.18626139,0.20311086,0.32186058,0.28876716
1696,/mnt/c/Users/puneet/Downloads/DAiSEE/DataSet/Test/987736/9877360131/9877360131.avi,2,3,0.18389933,0.201578,0.32192653,0.2925961
1697,/mnt/c/Users/puneet/Downloads/DAiSEE/DataSet/Test/987736/9877360132/9877360132.avi,2,2,0.18526958,0.20246911,0.32189184,0.29036945
1698,/mnt/c/Users/puneet/Downloads/DAiSEE/DataSet/Test/987736/9877360133/9877360133.avi,3,0,0.036681708,0.0656775,0.21897094,0.6786698
1699,/mnt/c/Users/puneet/Downloads/DAiSEE/DataSet/Test/987736/9877360134/9877360134.avi,2,3,0.18290193,0.20092607,0.32194555,0.29422644
1700,/mnt/c/Users/puneet/Downloads/DAiSEE/DataSet/Test/987736/9877360135/9877360135.avi,2,2,0.18621774,0.20308267,0.32186204,0.28883752
1701,/mnt/c/Users/puneet/Downloads/DAiSEE/DataSet/Test/987736/9877360138/9877360138.avi,2,2,0.17697303,0.19699286,0.32194728,0.30408683
1702,/mnt/c/Users/puneet/Downloads/DAiSEE/DataSet/Test/987736/987736014/987736014.avi,3,3,0.12349229,0.15668118,0.31160286,0.4082237
1703,/mnt/c/Users/puneet/Downloads/DAiSEE/DataSet/Test/987736/9877360140/9877360140.avi,2,3,0.18160377,0.20007336,0.32196236,0.29636055
1704,/mnt/c/Users/puneet/Downloads/DAiSEE/DataSet/Test/987736/9877360141/9877360141.avi,2,3,0.18185931,0.2002416,0.32195976,0.2959394
1705,/mnt/c/Users/puneet/Downloads/DAiSEE/DataSet/Test/987736/9877360143/9877360143.avi,2,3,0.1840194,0.2016563,0.32192388,0.29240036
1706,/mnt/c/Users/puneet/Downloads/DAiSEE/DataSet/Test/987736/9877360147/9877360147.avi,2,3,0.18278062,0.20084658,0.32194752,0.2944253
1707,/mnt/c/Users/puneet/Downloads/DAiSEE/DataSet/Test/987736/9877360149/9877360149.avi,2,3,0.18102776,0.19969349,0.32196686,0.29731187
1708,/mnt/c/Users/puneet/Downloads/DAiSEE/DataSet/Test/987736/987736015/987736015.avi,3,2,0.03251283,0.05997745,0.20912552,0.6983842
1709,/mnt/c/Users/puneet/Downloads/DAiSEE/DataSet/Test/987736/9877360151/9877360151.avi,3,3,0.032486927,0.05994139,0.20906109,0.6985105
1710,/mnt/c/Users/puneet/Downloads/DAiSEE/DataSet/Test/987736/9877360152/9877360152.avi,2,3,0.18543254,0.20257473,0.32188705,0.2901056
1711,/mnt/c/Users/puneet/Downloads/DAiSEE/DataSet/Test/987736/9877360154/9877360154.avi,2,2,0.18194349,0.20029697,0.32195884,0.29580075
1712,/mnt/c/Users/puneet/Downloads/DAiSEE/DataSet/Test/987736/9877360156/9877360156.avi,2,3,0.17806096,0.19772205,0.3219615,0.30225554
1713,/mnt/c/Users/puneet/Downloads/DAiSEE/DataSet/Test/987736/9877360157/9877360157.avi,2,1,0.18579666,0.2028105,0.32187587,0.28951696
1714,/mnt/c/Users/puneet/Downloads/DAiSEE/DataSet/Test/987736/9877360158/9877360158.avi,2,3,0.18471849,0.20211135,0.321907,0.2912632
1715,/mnt/c/Users/puneet/Downloads/DAiSEE/DataSet/Test/987736/9877360159/9877360159.avi,2,3,0.1855394,0.20264396,0.32188383,0.2899328
1716,/mnt/c/Users/puneet/Downloads/DAiSEE/DataSet/Test/987736/987736016/987736016.avi,3,3,0.057995517,0.09221093,0.25726673,0.5925268
1717,/mnt/c/Users/puneet/Downloads/DAiSEE/DataSet/Test/987736/9877360163/9877360163.avi,3,2,0.16513634,0.18883798,0.3213502,0.32467556
1718,/mnt/c/Users/puneet/Downloads/DAiSEE/DataSet/Test/987736/9877360164/9877360164.avi,2,3,0.18130337,0.19987537,0.3219649,0.2968563
1719,/mnt/c/Users/puneet/Downloads/DAiSEE/DataSet/Test/987736/9877360165/9877360165.avi,2,3,0.18487191,0.20221104,0.32190293,0.29101413
1720,/mnt/c/Users/puneet/Downloads/DAiSEE/DataSet/Test/987736/9877360166/9877360166.avi,2,3,0.1860265,0.20295912,0.32186842,0.28914592
1721,/mnt/c/Users/puneet/Downloads/DAiSEE/DataSet/Test/987736/9877360168/9877360168.avi,3,3,0.12246049,0.15580991,0.31118083,0.41054884
1722,/mnt/c/Users/puneet/Downloads/DAiSEE/DataSet/Test/987736/9877360169/9877360169.avi,0,1,,,,
1723,/mnt/c/Users/puneet/Downloads/DAiSEE/DataSet/Test/987736/987736017/987736017.avi,2,2,0.17975193,0.19884875,0.32197046,0.29942882
1724,/mnt/c/Users/puneet/Downloads/DAiSEE/DataSet/Test/987736/9877360170/9877360170.avi,2,3,0.17537433,0.19591518,0.32191437,0.30679613
1725,/mnt/c/Users/puneet/Downloads/DAiSEE/DataSet/Test/987736/9877360172/9877360172.avi,3,1,0.14244638,0.17202067,0.31768277,0.36785018
1726,/mnt/c/Users/puneet/Downloads/DAiSEE/DataSet/Test/987736/9877360173/9877360173.avi,3,2,0.1314975,0.16331121,0.31454512,0.39064616
1727,/mnt/c/Users/puneet/Downloads/DAiSEE/DataSet/Test/987736/9877360174/9877360174.avi,3,3,0.06369142,0.0987089,0.26502606,0.5725736
1728,/mnt/c/Users/puneet/Downloads/DAiSEE/DataSet/Test/987736/9877360175/9877360175.avi,2,2,0.17205247,0.1936524,0.32179925,0.3124959
1729,/mnt/c/Users/puneet/Downloads/DAiSEE/DataSet/Test/987736/9877360177/9877360177.avi,2,3,0.18503836,0.20231912,0.3218984,0.29074416
1730,/mnt/c/Users/puneet/Downloads/DAiSEE/DataSet/Test/987736/987736018/987736018.avi,3,2,0.15763184,0.1834526,0.3205258,0.33838972
1731,/mnt/c/Users/puneet/Downloads/DAiSEE/DataSet/Test/987736/9877360180/9877360180.avi,3,3,0.052499082,0.08572673,0.2489329,0.61284137
1732,/mnt/c/Users/puneet/Downloads/DAiSEE/DataSet/Test/987736/9877360181/9877360181.avi,3,3,0.118480414,0.15241235,0.30945656,0.4196507
1733,/mnt/c/Users/puneet/Downloads/DAiSEE/DataSet/Test/987736/9877360182/9877360182.avi,2,2,0.17045611,0.19255361,0.32172108,0.3152692
1734,/mnt/c/Users/puneet/Downloads/DAiSEE/DataSet/Test/987736/9877360183/9877360183.avi,2,3,0.16992751,0.19218813,0.32169184,0.31619248
1735,/mnt/c/Users/puneet/Downloads/DAiSEE/DataSet/Test/987736/9877360184/9877360184.avi,3,3,0.1503072,0.17802969,0.31936005,0.35230312
1736,/mnt/c/Users/puneet/Downloads/DAiSEE/DataSet/Test/987736/9877360185/9877360185.avi,3,2,0.1550769,0.18157998,0.32016096,0.34318215
1737,/mnt/c/Users/puneet/Downloads/DAiSEE/DataSet/Test/987736/9877360210/9877360210.avi,2,3,0.18447097,0.20195039,0.32191327,0.29166538
1738,/mnt/c/Users/puneet/Downloads/DAiSEE/DataSet/Test/987736/9877360212/9877360212.avi,2,3,0.18615757,0.2030438,0.3218641,0.28893456
1739,/mnt/c/Users/puneet/Downloads/DAiSEE/DataSet/Test/987736/9877360213/9877360213.avi,2,2,0.18372734,0.20146577,0.3219302,0.29287666
1740,/mnt/c/Users/puneet/Downloads/DAiSEE/DataSet/Test/987736/9877360215/9877360215.avi,3,3,0.10099478,0.13675994,0.2998941,0.46235117
1741,/mnt/c/Users/puneet/Downloads/DAiSEE/DataSet/Test/987736/9877360217/9877360217.avi,2,2,0.18636912,0.2031804,0.32185686,0.2885936
1742,/mnt/c/Users/puneet/Downloads/DAiSEE/DataSet/Test/987736/987736022/987736022.avi,2,2,0.18265669,0.20076534,0.32194942,0.29462853
1743,/mnt/c/Users/puneet/Downloads/DAiSEE/DataSet/Test/987736/9877360221/9877360221.avi,2,3,0.1846478,0.20206541,0.32190883,0.291378
1744,/mnt/c/Users/puneet/Downloads/DAiSEE/DataSet/Test/987736/9877360223/9877360223.avi,2,3,0.18118197,0.19979528,0.3219658,0.29705694
1745,/mnt/c/Users/puneet/Downloads/DAiSEE/DataSet/Test/987736/9877360225/9877360225.avi,2,3,0.18503718,0.20231836,0.32189843,0.29074606
1746,/mnt/c/Users/puneet/Downloads/DAiSEE/DataSet/Test/987736/9877360226/9877360226.avi,2,3,0.18373547,0.20147109,0.32193002,0.29286337
1747,/mnt/c/Users/puneet/Downloads/DAiSEE/DataSet/Test/987736/9877360227/9877360227.avi,2,3,0.18548104,0.20260617,0.32188562,0.29002714
1748,/mnt/c/Users/puneet/Downloads/DAiSEE/DataSet/Test/987736/9877360228/9877360228.avi,2,2,0.18659799,0.20332804,0.32184878,0.28822517
1749,/mnt/c/Users/puneet/Downloads/DAiSEE/DataSet/Test/987736/9877360229/9877360229.avi,2,2,0.18632479,0.20315178,0.32185838,0.288665
1750,/mnt/c/Users/puneet/Downloads/DAiSEE/DataSet/Test/987736/9877360231/9877360231.avi,2,3,0.18543209,0.20257445,0.32188705,0.2901064
1751,/mnt/c/Users/puneet/Downloads/DAiSEE/DataSet/Test/987736/9877360232/9877360232.avi,2,3,0.18116528,0.19978425,0.32196593,0.29708448
1752,/mnt/c/Users/puneet/Downloads/DAiSEE/DataSet/Test/987736/9877360234/9877360234.avi,2,3,0.18632436,0.20315151,0.3218584,0.28866568
1753,/mnt/c/Users/puneet/Downloads/DAiSEE/DataSet/Test/987736/9877360238/9877360238.avi,2,3,0.18631265,0.20314395,0.32185882,0.28868458
1754,/mnt/c/Users/puneet/Downloads/DAiSEE/DataSet/Test/987736/9877360239/9877360239.avi,2,3,0.18619503,0.203068,0.32186282,0.28887415
1755,/mnt/c/Users/puneet/Downloads/DAiSEE/DataSet/Test/987736/987736024/987736024.avi,2,2,0.18266577,0.2007713,0.32194927,0.29461366
1756,/mnt/c/Users/puneet/Downloads/DAiSEE/DataSet/Test/987736/9877360240/9877360240.avi,2,3,0.18640825,0.20320565,0.3218555,0.28853056
1757,/mnt/c/Users/puneet/Downloads/DAiSEE/DataSet/Test/987736/9877360241/9877360241.avi,2,3,0.18642394,0.20321578,0.32185495,0.2885053
1758,/mnt/c/Users/puneet/Downloads/DAiSEE/DataSet/Test/987736/9877360242/9877360242.avi,2,2,0.18480918,0.20217028,0.3219046,0.29111588
1759,/mnt/c/Users/puneet/Downloads/DAiSEE/DataSet/Test/987736/9877360247/9877360247.avi,3,3,0.07241797,0.108268894,0.27542856,0.5438846
1760,/mnt/c/Users/puneet/Downloads/DAiSEE/DataSet/Test/987736/9877360248/9877360248.avi,2,3,0.1807034,0.19947918,0.32196862,0.29784882
1761,/mnt/c/Users/puneet/Downloads/DAiSEE/DataSet/Test/987736/987736025/987736025.avi,2,3,0.18168168,0.20012467,0.32196155,0.2962321
1762,/mnt/c/Users/puneet/Downloads/DAiSEE/DataSet/Test/987736/9877360250/9877360250.avi,2,2,0.18580891,0.20281842,0.32187548,0.2894972
1763,/mnt/c/Users/puneet/Downloads/DAiSEE/DataSet/Test/987736/9877360252/9877360252.avi,2,2,0.18481523,0.20217422,0.32190445,0.2911061
1764,/mnt/c/Users/puneet/Downloads/DAiSEE/DataSet/Test/987736/9877360253/9877360253.avi,2,3,0.1861463,0.20303653,0.32186446,0.28895268
1765,/mnt/c/Users/puneet/Downloads/DAiSEE/DataSet/Test/987736/9877360254/9877360254.avi,2,3,0.18505105,0.20232736,0.32189804,0.29072356
1766,/mnt/c/Users/puneet/Downloads/DAiSEE/DataSet/Test/987736/9877360256/9877360256.avi,2,1,0.1855607,0.20265777,0.32188317,0.2898983
1767,/mnt/c/Users/puneet/Downloads/DAiSEE/DataSet/Test/987736/9877360258/9877360258.avi,2,2,0.17193362,0.19357084,0.32179394,0.31270155
1768,/mnt/c/Users/puneet/Downloads/DAiSEE/DataSet/Test/987736/9877360259/9877360259.avi,2,2,0.18540473,0.20255673,0.3218879,0.29015067
1769,/mnt/c/Users/puneet/Downloads/DAiSEE/DataSet/Test/987736/9877360261/9877360261.avi,3,3,0.08571895,0.122024104,0.28841507,0.5038419
1770,/mnt/c/Users/puneet/Downloads/DAiSEE/DataSet/Test/987736/9877360262/9877360262.avi,2,3,0.18392076,0.20159197,0.32192606,0.29256114
1771,/mnt/c/Users/puneet/Downloads/DAiSEE/DataSet/Test/987736/9877360264/9877360264.avi,2,3,0.18569148,0.20274243,0.32187918,0.28968695
1772,/mnt/c/Users/puneet/Downloads/DAiSEE/DataSet/Test/987736/987736027/987736027.avi,2,3,0.18467353,0.20208214,0.32190815,0.29133618
1773,/mnt/c/Users/puneet/Downloads/DAiSEE/DataSet/Test/987736/9877360270/9877360270.avi,2,1,0.17467727,0.195443,0.32189548,0.30798423
1774,/mnt/c/Users/puneet/Downloads/DAiSEE/DataSet/Test/987736/9877360271/9877360271.avi,2,2,0.18010159,0.19908072,0.32197037,0.29884735
1775,/mnt/c/Users/puneet/Downloads/DAiSEE/DataSet/Test/987736/9877360273/9877360273.avi,2,3,0.1835743,0.20136586,0.32193333,0.2931265
1776,/mnt/c/Users/puneet/Downloads/DAiSEE/DataSet/Test/987736/9877360279/9877360279.avi,2,2,0.18597949,0.20292874,0.32187,0.28922182
1777,/mnt/c/Users/puneet/Downloads/DAiSEE/DataSet/Test/987736/987736028/987736028.avi,2,2,0.1838587,0.2015515,0.32192743,0.29266238
1778,/mnt/c/Users/puneet/Downloads/DAiSEE/DataSet/Test/987736/9877360281/9877360281.avi,2,3,0.18556961,0.20266354,0.3218829,0.28988388
1779,/mnt/c/Users/puneet/Downloads/DAiSEE/DataSet/Test/987736/987736029/987736029.avi,2,3,0.18349634,0.20131493,0.32193488,0.2932539
1780,/mnt/c/Users/puneet/Downloads/DAiSEE/DataSet/Test/998826/998826011/998826011.avi,3,3,0.15837757,0.18399543,0.32062408,0.33700296
1781,/mnt/c/Users/puneet/Downloads/DAiSEE/DataSet/Test/998826/9988260112/9988260112.avi,2,3,0.18111157,0.19974881,0.3219663,0.2971733
1782,/mnt/c/Users/puneet/Downloads/DAiSEE/DataSet/Test/998826/9988260115/9988260115.avi,2,3,0.18569642,0.20274563,0.32187903,0.2896789
1783,/mnt/c/Users/puneet/Downloads/DAiSEE/DataSet/Test/998826/9988260119/9988260119.avi,2,2,0.18253201,0.20068356,0.32195124,0.29483312
