clip_id,clip_path,pred_engagement,true_engagement,prob_class_0,prob_class_1,prob_class_2,prob_class_3
0,/mnt/c/Users/puneet/Downloads/DAiSEE/DataSet/Test/500044/5000441001/5000441001.avi,2,2,0.07780681,0.18301645,0.443672,0.29550472
1,/mnt/c/Users/puneet/Downloads/DAiSEE/DataSet/Test/500044/5000441002/5000441002.avi,2,2,0.06115455,0.16847426,0.43551275,0.33485845
2,/mnt/c/Users/puneet/Downloads/DAiSEE/DataSet/Test/500044/5000441003/5000441003.avi,2,2,0.09096277,0.19280443,0.44589186,0.27034095
3,/mnt/c/Users/puneet/Downloads/DAiSEE/DataSet/Test/500044/5000441005/5000441005.avi,2,2,0.095747836,0.19604068,0.4460122,0.26219928
4,/mnt/c/Users/puneet/Downloads/DAiSEE/DataSet/Test/500044/5000441006/5000441006.avi,2,2,0.096021295,0.1962207,0.44600943,0.26174858
5,/mnt/c/Users/puneet/Downloads/DAiSEE/DataSet/Test/500044/5000441007/5000441007.avi,2,2,0.09611836,0.19628446,0.4460082,0.261589
6,/mnt/c/Users/puneet/Downloads/DAiSEE/DataSet/Test/500044/5000441008/5000441008.avi,2,2,0.091460876,0.19314902,0.44591978,0.2694703
7,/mnt/c/Users/puneet/Downloads/DAiSEE/DataSet/Test/500044/5000441009/5000441009.avi,2,3,0.09626217,0.19637883,0.44600615,0.26135287
8,/mnt/c/Users/puneet/Downloads/DAiSEE/DataSet/Test/500044/5000441010/5000441010.avi,2,2,0.09613311,0.19629414,0.446008,0.26156473
9,/mnt/c/Users/puneet/Downloads/DAiSEE/DataSet/Test/500044/5000441012/5000441012.avi,2,2,0.086305834,0.18949364,0.4454456,0.27875492
10,/mnt/c/Users/puneet/Downloads/DAiSEE/DataSet/Test/500044/5000441013/5000441013.avi,2,2,0.09544486,0.19584061,0.4460141,0.26270044
11,/mnt/c/Users/puneet/Downloads/DAiSEE/DataSet/Test/500044/5000441014/5000441014.avi,2,2,0.091988124,0.1935118,0.44594532,0.26855472
12,/mnt/c/Users/puneet/Downloads/DAiSEE/DataSet/Test/500044/5000441015/5000441015.avi,2,2,0.096156605,0.19630957,0.44600767,0.26152614
13,/mnt/c/Users/puneet/Downloads/DAiSEE/DataSet/Test/500044/5000441016/5000441016.avi,2,3,0.09601763,0.19621828,0.4460095,0.2617546
14,/mnt/c/Users/puneet/Downloads/DAiSEE/DataSet/Test/500044/5000441017/5000441017.avi,2,2,0.096217565,0.19634956,0.4460068,0.26142606
15,/mnt/c/Users/puneet/Downloads/DAiSEE/DataSet/Test/500044/5000441018/5000441018.avi,2,3,0.09613427,0.1962949,0.44600797,0.26156285
16,/mnt/c/Users/puneet/Downloads/DAiSEE/DataSet/Test/500044/5000441021/5000441021.avi,2,3,0.09583931,0.19610095,0.4460114,0.26204836
17,/mnt/c/Users/puneet/Downloads/DAiSEE/DataSet/Test/500044/5000441022/5000441022.avi,2,2,0.095982425,0.19619513,0.44600987,0.26181257
18,/mnt/c/Users/puneet/Downloads/DAiSEE/DataSet/Test/500044/5000441023/5000441023.avi,2,3,0.096156664,0.19630961,0.44600767,0.26152605
19,/mnt/c/Users/puneet/Downloads/DAiSEE/DataSet/Test/500044/5000441024/5000441024.avi,2,1,0.095992245,0.1962016,0.44600976,0.26179639
20,/mnt/c/Users/puneet/Downloads/DAiSEE/DataSet/Test/500044/5000441027/5000441027.avi,2,3,0.09617082,0.1963189,0.4460075,0.2615028
21,/mnt/c/Users/puneet/Downloads/DAiSEE/DataSet/Test/500044/5000441030/5000441030.avi,2,2,0.095889926,0.19613428,0.4460109,0.26196492
22,/mnt/c/Users/puneet/Downloads/DAiSEE/DataSet/Test/500044/5000441031/5000441031.avi,2,2,0.09600658,0.19621101,0.4460096,0.2617728
23,/mnt/c/Users/puneet/Downloads/DAiSEE/DataSet/Test/500044/5000441032/5000441032.avi,2,2,0.09538234,0.19579925,0.44601434,0.26280406
24,/mnt/c/Users/puneet/Downloads/DAiSEE/DataSet/Test/500044/5000441033/5000441033.avi,2,2,0.09567282,0.1959912,0.4460128,0.26232317
25,/mnt/c/Users/puneet/Downloads/DAiSEE/DataSet/Test/500044/5000441034/5000441034.avi,2,2,0.057926327,0.1653244,0.4329776,0.34377167
26,/mnt/c/Users/puneet/Downloads/DAiSEE/DataSet/Test/500044/5000441035/5000441035.avi,2,3,0.09468255,0.19533437,0.44601333,0.26396972
27,/mnt/c/Users/puneet/Downloads/DAiSEE/DataSet/Test/500044/5000441037/5000441037.avi,2,2,0.0958752,0.19612458,0.44601104,0.26198918
28,/mnt/c/Users/puneet/Downloads/DAiSEE/DataSet/Test/500044/5000441038/5000441038.avi,2,3,0.095770776,0.1960558,0.44601202,0.2621614
29,/mnt/c/Users/puneet/Downloads/DAiSEE/DataSet/Test/500044/5000441039/5000441039.avi,2,3,0.0959932,0.19620222,0.44600976,0.26179484
30,/mnt/c/Users/puneet/Downloads/DAiSEE/DataSet/Test/500044/5000441040/5000441040.avi,2,3,0.09611281,0.1962808,0.44600827,0.2615981
31,/mnt/c/Users/puneet/Downloads/DAiSEE/DataSet/Test/500044/5000441041/5000441041.avi,2,3,0.09539918,0.19581039,0.44601429,0.26277614
32,/mnt/c/Users/puneet/Downloads/DAiSEE/DataSet/Test/500044/5000441042/5000441042.avi,2,2,0.092509486,0.19386853,0.4459666,0.2676554
33,/mnt/c/Users/puneet/Downloads/DAiSEE/DataSet/Test/500044/5000441043/5000441043.avi,2,2,0.089773536,0.19197434,0.4458101,0.272442
34,/mnt/c/Users/puneet/Downloads/DAiSEE/DataSet/Test/500044/5000441044/5000441044.avi,2,2,0.09557364,0.19592573,0.44601345,0.26248717
35,/mnt/c/Users/puneet/Downloads/DAiSEE/DataSet/Test/500044/5000441045/5000441045.avi,2,2,0.09583375,0.19609728,0.44601142,0.2620575
36,/mnt/c/Users/puneet/Downloads/DAiSEE/DataSet/Test/500044/5000441046/5000441046.avi,2,3,0.095881924,0.19612901,0.44601098,0.26197812
37,/mnt/c/Users/puneet/Downloads/DAiSEE/DataSet/Test/500044/5000441047/5000441047.avi,2,2,0.09388892,0.19480295,0.446004,0.26530412
38,/mnt/c/Users/puneet/Downloads/DAiSEE/DataSet/Test/500044/5000441048/5000441048.avi,2,2,0.09579394,0.19607106,0.4460118,0.26212317
39,/mnt/c/Users/puneet/Downloads/DAiSEE/DataSet/Test/500044/5000441050/5000441050.avi,2,2,0.09575232,0.19604363,0.44601217,0.2621919
40,/mnt/c/Users/puneet/Downloads/DAiSEE/DataSet/Test/500044/5000441051/5000441051.avi,2,2,0.087480254,0.19034396,0.44559065,0.27658516
41,/mnt/c/Users/puneet/Downloads/DAiSEE/DataSet/Test/500044/5000441052/5000441052.avi,2,2,0.09263403,0.19395347,0.4459711,0.2674414
42,/mnt/c/Users/puneet/Downloads/DAiSEE/DataSet/Test/500044/5000441053/5000441053.avi,2,3,0.096163444,0.19631405,0.44600758,0.2615149
43,/mnt/c/Users/puneet/Downloads/DAiSEE/DataSet/Test/500044/5000441054/5000441054.avi,2,2,0.089789815,0.19198579,0.44581136,0.27241302
44,/mnt/c/Users/puneet/Downloads/DAiSEE/DataSet/Test/500044/5000441055/5000441055.avi,2,3,0.09601236,0.19621482,0.44600955,0.26176327
45,/mnt/c/Users/puneet/Downloads/DAiSEE/DataSet/Test/500044/5000441058/5000441058.avi,2,1,0.096302986,0.19640557,0.44600552,0.2612859
46,/mnt/c/Users/puneet/Downloads/DAiSEE/DataSet/Test/500044/5000441059/5000441059.avi,2,2,0.0921506,0.19362319,0.4459524,0.26827383
47,/mnt/c/Users/puneet/Downloads/DAiSEE/DataSet/Test/500044/5000441061/5000441061.avi,2,3,0.09511592,0.19562268,0.44601473,0.26324666
48,/mnt/c/Users/puneet/Downloads/DAiSEE/DataSet/Test/500044/5000441062/5000441062.avi,2,2,0.09594167,0.19616833,0.44601032,0.26187965
49,/mnt/c/Users/puneet/Downloads/DAiSEE/DataSet/Test/500044/5000441064/5000441064.avi,2,2,0.09573115,0.19602966,0.44601235,0.26222685
50,/mnt/c/Users/puneet/Downloads/DAiSEE/DataSet/Test/500044/5000441065/5000441065.avi,2,2,0.096116595,0.1962833,0.4460082,0.26159188
51,/mnt/c/Users/puneet/Downloads/DAiSEE/DataSet/Test/500044/5000441066/5000441066.avi,2,2,0.09612344,0.19628781,0.44600815,0.26158062
52,/mnt/c/Users/puneet/Downloads/DAiSEE/DataSet/Test/500044/5000441067/5000441067.avi,2,1,0.09290559,0.19413826,0.44598013,0.26697603
53,/mnt/c/Users/puneet/Downloads/DAiSEE/DataSet/Test/500044/5000441068/5000441068.avi,2,2,0.086762495,0.18982552,0.44550467,0.2779073
54,/mnt/c/Users/puneet/Downloads/DAiSEE/DataSet/Test/500044/5000441069/5000441069.avi,2,2,0.09616318,0.19631389,0.44600758,0.26151532
55,/mnt/c/Users/puneet/Downloads/DAiSEE/DataSet/Test/500044/5000441070/5000441070.avi,2,3,0.096201874,0.19633928,0.44600704,0.2614518
56,/mnt/c/Users/puneet/Downloads/DAiSEE/DataSet/Test/500044/5000441071/5000441071.avi,2,3,0.096066855,0.19625063,0.44600886,0.26167366
57,/mnt/c/Users/puneet/Downloads/DAiSEE/DataSet/Test/500044/5000441072/5000441072.avi,2,3,0.0960853,0.19626275,0.44600862,0.26164332
58,/mnt/c/Users/puneet/Downloads/DAiSEE/DataSet/Test/500044/5000442001/5000442001.avi,2,3,0.08704377,0.19002916,0.44553936,0.2773877
59,/mnt/c/Users/puneet/Downloads/DAiSEE/DataSet/Test/500044/5000442002/5000442002.avi,2,2,0.0959994,0.19620629,0.4460097,0.2617846
60,/mnt/c/Users/puneet/Downloads/DAiSEE/DataSet/Test/500044/5000442003/5000442003.avi,2,2,0.09495724,0.19551727,0.44601452,0.26351094
61,/mnt/c/Users/puneet/Downloads/DAiSEE/DataSet/Test/500044/5000442004/5000442004.avi,2,2,0.0776994,0.18293081,0.44364077,0.295729
62,/mnt/c/Users/puneet/Downloads/DAiSEE/DataSet/Test/500044/5000442005/5000442005.avi,2,2,0.09602193,0.19622111,0.44600943,0.26174757
63,/mnt/c/Users/puneet/Downloads/DAiSEE/DataSet/Test/500044/5000442007/5000442007.avi,2,2,0.09615634,0.19630939,0.44600767,0.26152658
64,/mnt/c/Users/puneet/Downloads/DAiSEE/DataSet/Test/500044/5000442008/5000442008.avi,2,2,0.09601395,0.19621585,0.44600952,0.26176065
65,/mnt/c/Users/puneet/Downloads/DAiSEE/DataSet/Test/500044/5000442009/5000442009.avi,2,3,0.093691304,0.19466993,0.4460003,0.26563847
66,/mnt/c/Users/puneet/Downloads/DAiSEE/DataSet/Test/500044/5000442010/5000442010.avi,2,2,0.087973475,0.19069794,0.44564486,0.27568373
67,/mnt/c/Users/puneet/Downloads/DAiSEE/DataSet/Test/500044/5000442014/5000442014.avi,2,3,0.09063883,0.19257936,0.4458717,0.27091008
68,/mnt/c/Users/puneet/Downloads/DAiSEE/DataSet/Test/500044/5000442015/5000442015.avi,2,2,0.09606154,0.19624715,0.44600892,0.2616824
69,/mnt/c/Users/puneet/Downloads/DAiSEE/DataSet/Test/500044/5000442016/5000442016.avi,2,2,0.09592621,0.19615816,0.4460105,0.26190513
70,/mnt/c/Users/puneet/Downloads/DAiSEE/DataSet/Test/500044/5000442019/5000442019.avi,2,2,0.09584996,0.19610795,0.44601128,0.26203078
71,/mnt/c/Users/puneet/Downloads/DAiSEE/DataSet/Test/500044/5000442021/5000442021.avi,2,2,0.09467602,0.19533002,0.4460133,0.26398066
72,/mnt/c/Users/puneet/Downloads/DAiSEE/DataSet/Test/500044/5000442022/5000442022.avi,2,3,0.094439976,0.19517243,0.44601142,0.2643762
73,/mnt/c/Users/puneet/Downloads/DAiSEE/DataSet/Test/500044/5000442024/5000442024.avi,2,2,0.09607424,0.19625548,0.44600877,0.2616615
74,/mnt/c/Users/puneet/Downloads/DAiSEE/DataSet/Test/500044/5000442025/5000442025.avi,2,2,0.09605638,0.19624373,0.44600898,0.26169088
75,/mnt/c/Users/puneet/Downloads/DAiSEE/DataSet/Test/500044/5000442026/5000442026.avi,2,2,0.095986776,0.196198,0.44600984,0.2618054
76,/mnt/c/Users/puneet/Downloads/DAiSEE/DataSet/Test/500044/5000442027/5000442027.avi,2,3,0.094291314,0.19507296,0.44600984,0.26462588
77,/mnt/c/Users/puneet/Downloads/DAiSEE/DataSet/Test/500044/5000442028/5000442028.avi,2,2,0.093419,0.19448617,0.44599432,0.26610053
78,/mnt/c/Users/puneet/Downloads/DAiSEE/DataSet/Test/500044/5000442029/5000442029.avi,2,3,0.09453596,0.19523656,0.44601226,0.2642152
79,/mnt/c/Users/puneet/Downloads/DAiSEE/DataSet/Test/500044/5000442033/5000442033.avi,2,2,0.09015739,0.19224343,0.44583884,0.27176034
80,/mnt/c/Users/puneet/Downloads/DAiSEE/DataSet/Test/500044/5000442034/5000442034.avi,2,3,0.09589381,0.19613683,0.44601083,0.2619585
81,/mnt/c/Users/puneet/Downloads/DAiSEE/DataSet/Test/500044/5000442035/5000442035.avi,2,3,0.09273541,0.1940225,0.4459746,0.2672675
82,/mnt/c/Users/puneet/Downloads/DAiSEE/DataSet/Test/500044/5000442036/5000442036.avi,2,2,0.09105879,0.192871,0.44589755,0.2701727
83,/mnt/c/Users/puneet/Downloads/DAiSEE/DataSet/Test/500044/5000442037/5000442037.avi,2,3,0.09559052,0.19593687,0.44601333,0.26245925
84,/mnt/c/Users/puneet/Downloads/DAiSEE/DataSet/Test/500044/5000442038/5000442038.avi,2,3,0.09579827,0.19607392,0.44601178,0.26211604
85,/mnt/c/Users/puneet/Downloads/DAiSEE/DataSet/Test/500044/5000442039/5000442039.avi,2,3,0.09581358,0.196084,0.44601163,0.2620908
86,/mnt/c/Users/puneet/Downloads/DAiSEE/DataSet/Test/500044/5000442040/5000442040.avi,2,3,0.09576204,0.19605003,0.44601208,0.26217586
87,/mnt/c/Users/puneet/Downloads/DAiSEE/DataSet/Test/500044/5000442042/5000442042.avi,2,2,0.096244015,0.1963669,0.44600642,0.26138264
88,/mnt/c/Users/puneet/Downloads/DAiSEE/DataSet/Test/500044/5000442043/5000442043.avi,2,3,0.09602514,0.19622321,0.4460094,0.26174226
89,/mnt/c/Users/puneet/Downloads/DAiSEE/DataSet/Test/500044/5000442045/5000442045.avi,2,3,0.09555626,0.19591424,0.44601354,0.26251593
90,/mnt/c/Users/puneet/Downloads/DAiSEE/DataSet/Test/500044/5000442047/5000442047.avi,2,2,0.09601388,0.19621581,0.44600952,0.2617608
91,/mnt/c/Users/puneet/Downloads/DAiSEE/DataSet/Test/500044/5000442048/5000442048.avi,2,2,0.09603413,0.19622913,0.44600928,0.26172748
92,/mnt/c/Users/puneet/Downloads/DAiSEE/DataSet/Test/500044/5000442050/5000442050.avi,2,2,0.09602642,0.19622406,0.44600937,0.26174015
93,/mnt/c/Users/puneet/Downloads/DAiSEE/DataSet/Test/500044/5000442051/5000442051.avi,2,2,0.095926665,0.19615845,0.4460105,0.2619044
94,/mnt/c/Users/puneet/Downloads/DAiSEE/DataSet/Test/500044/5000442052/5000442052.avi,2,2,0.09538177,0.19579887,0.44601434,0.262805
95,/mnt/c/Users/puneet/Downloads/DAiSEE/DataSet/Test/500044/5000442053/5000442053.avi,2,2,0.096324384,0.1964196,0.44600517,0.26125085
96,/mnt/c/Users/puneet/Downloads/DAiSEE/DataSet/Test/500044/5000442054/5000442054.avi,2,3,0.09606645,0.19625036,0.44600886,0.2616743
97,/mnt/c/Users/puneet/Downloads/DAiSEE/DataSet/Test/500044/5000442055/5000442055.avi,2,3,0.095992066,0.19620147,0.44600976,0.26179668
98,/mnt/c/Users/puneet/Downloads/DAiSEE/DataSet/Test/500044/5000442056/5000442056.avi,2,2,0.09186618,0.19342807,0.44593978,0.26876596
99,/mnt/c/Users/puneet/Downloads/DAiSEE/DataSet/Test/500044/5000442057/5000442057.avi,2,3,0.096029624,0.19622616,0.44600934,0.26173487
100,/mnt/c/Users/puneet/Downloads/DAiSEE/DataSet/Test/500044/5000442058/5000442058.avi,2,3,0.096289255,0.19639657,0.44600573,0.26130846
101,/mnt/c/Users/puneet/Downloads/DAiSEE/DataSet/Test/500044/5000442059/5000442059.avi,2,3,0.0963253,0.1964202,0.44600517,0.26124933
102,/mnt/c/Users/puneet/Downloads/DAiSEE/DataSet/Test/500044/5000442060/5000442060.avi,2,2,0.095883064,0.19612975,0.44601095,0.2619762
103,/mnt/c/Users/puneet/Downloads/DAiSEE/DataSet/Test/500044/5000442062/5000442062.avi,2,2,0.09607636,0.19625688,0.44600874,0.261658
104,/mnt/c/Users/puneet/Downloads/DAiSEE/DataSet/Test/500044/5000442063/5000442063.avi,2,3,0.09612638,0.19628972,0.4460081,0.2615758
105,/mnt/c/Users/puneet/Downloads/DAiSEE/DataSet/Test/500044/5000442064/5000442064.avi,2,3,0.096145704,0.19630241,0.44600782,0.26154405
106,/mnt/c/Users/puneet/Downloads/DAiSEE/DataSet/Test/500044/5000442065/5000442065.avi,2,3,0.096132554,0.19629377,0.446008,0.26156566
107,/mnt/c/Users/puneet/Downloads/DAiSEE/DataSet/Test/500044/5000442066/5000442066.avi,2,3,0.09639057,0.19646294,0.4460041,0.2611424
108,/mnt/c/Users/puneet/Downloads/DAiSEE/DataSet/Test/500044/5000442067/5000442067.avi,2,2,0.095766835,0.19605319,0.44601205,0.2621679
109,/mnt/c/Users/puneet/Downloads/DAiSEE/DataSet/Test/500044/5000442068/5000442068.avi,2,3,0.09562746,0.19596127,0.44601312,0.26239818
110,/mnt/c/Users/puneet/Downloads/DAiSEE/DataSet/Test/500044/5000442069/5000442069.avi,2,3,0.09581798,0.1960869,0.44601157,0.26208353
111,/mnt/c/Users/puneet/Downloads/DAiSEE/DataSet/Test/500044/5000442070/5000442070.avi,2,3,0.09615699,0.19630982,0.44600767,0.2615255
112,/mnt/c/Users/puneet/Downloads/DAiSEE/DataSet/Test/500044/5000442072/5000442072.avi,2,2,0.096011415,0.1962142,0.44600955,0.26176485
113,/mnt/c/Users/puneet/Downloads/DAiSEE/DataSet/Test/500044/5000442073/5000442073.avi,2,3,0.09611605,0.19628294,0.44600824,0.26159278
114,/mnt/c/Users/puneet/Downloads/DAiSEE/DataSet/Test/500044/5000442074/5000442074.avi,2,2,0.09612274,0.19628733,0.44600815,0.2615818
115,/mnt/c/Users/puneet/Downloads/DAiSEE/DataSet/Test/500044/5000442075/5000442075.avi,2,2,0.09611669,0.19628337,0.4460082,0.26159173
116,/mnt/c/Users/puneet/Downloads/DAiSEE/DataSet/Test/500044/5000442076/5000442076.avi,2,2,0.09593013,0.19616073,0.44601047,0.26189867
117,/mnt/c/Users/puneet/Downloads/DAiSEE/DataSet/Test/500044/5000442077/5000442077.avi,2,2,0.086819984,0.1898672,0.44551188,0.27780095
118,/mnt/c/Users/puneet/Downloads/DAiSEE/DataSet/Test/500044/5000442078/5000442078.avi,2,2,0.09596632,0.19618455,0.44601005,0.26183906
119,/mnt/c/Users/puneet/Downloads/DAiSEE/DataSet/Test/500067/5000671001/5000671001.avi,2,3,0.09648487,0.19652465,0.44600242,0.26098806
120,/mnt/c/Users/puneet/Downloads/DAiSEE/DataSet/Test/500067/5000671002/5000671002.avi,2,2,0.095666945,0.19598733,0.44601285,0.2623329
121,/mnt/c/Users/puneet/Downloads/DAiSEE/DataSet/Test/500067/5000671003/5000671003.avi,2,2,0.081062965,0.18556681,0.44450969,0.28886053
122,/mnt/c/Users/puneet/Downloads/DAiSEE/DataSet/Test/500067/5000671004/5000671004.avi,2,3,0.09684025,0.19675666,0.4459951,0.26040798
123,/mnt/c/Users/puneet/Downloads/DAiSEE/DataSet/Test/500067/5000671005/5000671005.avi,2,2,0.09520437,0.19568135,0.44601473,0.26309955
124,/mnt/c/Users/puneet/Downloads/DAiSEE/DataSet/Test/500067/5000671006/5000671006.avi,2,2,0.09594208,0.1961686,0.44601032,0.26187897
125,/mnt/c/Users/puneet/Downloads/DAiSEE/DataSet/Test/500067/5000671008/5000671008.avi,2,3,0.096488014,0.1965267,0.44600236,0.2609829
126,/mnt/c/Users/puneet/Downloads/DAiSEE/DataSet/Test/500067/5000671009/5000671009.avi,2,2,0.09456497,0.19525592,0.4460125,0.26416662
127,/mnt/c/Users/puneet/Downloads/DAiSEE/DataSet/Test/500067/5000671010/5000671010.avi,2,3,0.095440716,0.19583787,0.4460141,0.2627073
128,/mnt/c/Users/puneet/Downloads/DAiSEE/DataSet/Test/500067/5000671011/5000671011.avi,2,3,0.09317241,0.19431931,0.44598794,0.26652032
129,/mnt/c/Users/puneet/Downloads/DAiSEE/DataSet/Test/500067/5000671012/5000671012.avi,2,3,0.09598146,0.1961945,0.4460099,0.26181415
130,/mnt/c/Users/puneet/Downloads/DAiSEE/DataSet/Test/500067/5000671013/5000671013.avi,2,2,0.09491781,0.19549105,0.44601443,0.26357672
131,/mnt/c/Users/puneet/Downloads/DAiSEE/DataSet/Test/500067/5000671014/5000671014.avi,2,3,0.09605792,0.19624476,0.44600898,0.26168832
132,/mnt/c/Users/puneet/Downloads/DAiSEE/DataSet/Test/500067/5000671015/5000671015.avi,2,3,0.093129195,0.19429001,0.44598675,0.26659405
133,/mnt/c/Users/puneet/Downloads/DAiSEE/DataSet/Test/500067/5000671016/5000671016.avi,2,2,0.09155115,0.19321129,0.44592446,0.26931313
134,/mnt/c/Users/puneet/Downloads/DAiSEE/DataSet/Test/500067/5000671017/5000671017.avi,2,2,0.09610686,0.19627692,0.44600835,0.2616079
135,/mnt/c/Users/puneet/Downloads/DAiSEE/DataSet/Test/500067/5000671018/5000671018.avi,2,3,0.096480526,0.19652182,0.44600248,0.26099515
136,/mnt/c/Users/puneet/Downloads/DAiSEE/DataSet/Test/500067/5000671019/5000671019.avi,2,2,0.09254946,0.1938958,0.44596806,0.26758668
137,/mnt/c/Users/puneet/Downloads/DAiSEE/DataSet/Test/500067/5000671020/5000671020.avi,2,2,0.09680704,0.19673502,0.44599587,0.26046208
138,/mnt/c/Users/puneet/Downloads/DAiSEE/DataSet/Test/500067/5000671022/5000671022.avi,2,2,0.09473893,0.19537196,0.44601366,0.26387542
139,/mnt/c/Users/puneet/Downloads/DAiSEE/DataSet/Test/500067/5000671023/5000671023.avi,2,3,0.09640015,0.19646922,0.4460039,0.26112673
140,/mnt/c/Users/puneet/Downloads/DAiSEE/DataSet/Test/500067/5000671024/5000671024.avi,2,2,0.09538499,0.19580102,0.4460143,0.26279965
141,/mnt/c/Users/puneet/Downloads/DAiSEE/DataSet/Test/500067/5000671026/5000671026.avi,2,3,0.0966198,0.19661285,0.44599983,0.26076752
142,/mnt/c/Users/puneet/Downloads/DAiSEE/DataSet/Test/500067/5000671027/5000671027.avi,2,2,0.09598068,0.19619398,0.4460099,0.26181543
143,/mnt/c/Users/puneet/Downloads/DAiSEE/DataSet/Test/500067/5000671028/5000671028.avi,2,3,0.077354714,0.18265535,0.443539,0.29645097
144,/mnt/c/Users/puneet/Downloads/DAiSEE/DataSet/Test/500067/5000671029/5000671029.avi,2,2,0.09590002,0.19614093,0.44601077,0.26194826
145,/mnt/c/Users/puneet/Downloads/DAiSEE/DataSet/Test/500067/5000671030/5000671030.avi,2,3,0.090898946,0.19276014,0.445888,0.2704529
146,/mnt/c/Users/puneet/Downloads/DAiSEE/DataSet/Test/500067/5000671031/5000671031.avi,2,2,0.09374491,0.19470605,0.44600135,0.26554766
147,/mnt/c/Users/puneet/Downloads/DAiSEE/DataSet/Test/500067/5000671032/5000671032.avi,2,3,0.0941145,0.19495445,0.44600755,0.26492348
148,/mnt/c/Users/puneet/Downloads/DAiSEE/DataSet/Test/500067/5000671033/5000671033.avi,2,3,0.093075104,0.19425334,0.44598523,0.26668632
149,/mnt/c/Users/puneet/Downloads/DAiSEE/DataSet/Test/500067/5000671034/5000671034.avi,2,2,0.09509678,0.19560997,0.44601473,0.2632785
150,/mnt/c/Users/puneet/Downloads/DAiSEE/DataSet/Test/500067/5000671035/5000671035.avi,2,3,0.09494734,0.19551069,0.4460145,0.26352748
151,/mnt/c/Users/puneet/Downloads/DAiSEE/DataSet/Test/500067/5000671036/5000671036.avi,2,2,0.094713405,0.19535494,0.44601354,0.26391813
152,/mnt/c/Users/puneet/Downloads/DAiSEE/DataSet/Test/500067/5000671037/5000671037.avi,2,2,0.0769422,0.18232433,0.4434139,0.29731956
153,/mnt/c/Users/puneet/Downloads/DAiSEE/DataSet/Test/500067/5000671038/5000671038.avi,2,2,0.096701294,0.19666605,0.44599816,0.26063448
154,/mnt/c/Users/puneet/Downloads/DAiSEE/DataSet/Test/500067/5000671039/5000671039.avi,2,2,0.089678325,0.19190745,0.44580266,0.2726116
155,/mnt/c/Users/puneet/Downloads/DAiSEE/DataSet/Test/500067/5000671040/5000671040.avi,2,2,0.087430604,0.19030821,0.44558495,0.27667624
156,/mnt/c/Users/puneet/Downloads/DAiSEE/DataSet/Test/500067/5000671041/5000671041.avi,2,1,0.09460742,0.19528425,0.44601282,0.26409552
157,/mnt/c/Users/puneet/Downloads/DAiSEE/DataSet/Test/500067/5000671042/5000671042.avi,2,1,0.09126491,0.19301367,0.44590923,0.26981217
158,/mnt/c/Users/puneet/Downloads/DAiSEE/DataSet/Test/500067/5000671043/5000671043.avi,2,2,0.09513792,0.19563727,0.44601476,0.26321006
159,/mnt/c/Users/puneet/Downloads/DAiSEE/DataSet/Test/500067/5000671046/5000671046.avi,2,2,0.088838845,0.1913146,0.44573063,0.27411592
160,/mnt/c/Users/puneet/Downloads/DAiSEE/DataSet/Test/500067/5000671047/5000671047.avi,2,2,0.09593277,0.19616248,0.44601044,0.26189432
161,/mnt/c/Users/puneet/Downloads/DAiSEE/DataSet/Test/500067/5000671048/5000671048.avi,2,1,0.09700413,0.19686335,0.44599116,0.26014134
162,/mnt/c/Users/puneet/Downloads/DAiSEE/DataSet/Test/500067/5000671049/5000671049.avi,2,1,0.09661539,0.19660997,0.44599995,0.2607747
163,/mnt/c/Users/puneet/Downloads/DAiSEE/DataSet/Test/500067/5000671050/5000671050.avi,2,2,0.090768114,0.19266927,0.44587994,0.27068266
164,/mnt/c/Users/puneet/Downloads/DAiSEE/DataSet/Test/500067/5000671051/5000671051.avi,2,2,0.09509419,0.19560826,0.44601476,0.2632828
165,/mnt/c/Users/puneet/Downloads/DAiSEE/DataSet/Test/500067/5000671053/5000671053.avi,2,2,0.09339323,0.19446875,0.4459937,0.26614434
166,/mnt/c/Users/puneet/Downloads/DAiSEE/DataSet/Test/500067/5000671055/5000671055.avi,2,2,0.096657254,0.1966373,0.4459991,0.26070637
167,/mnt/c/Users/puneet/Downloads/DAiSEE/DataSet/Test/500067/5000671056/5000671056.avi,2,3,0.09595759,0.19617881,0.44601017,0.26185343
168,/mnt/c/Users/puneet/Downloads/DAiSEE/DataSet/Test/500067/5000671057/5000671057.avi,2,2,0.09551172,0.19588482,0.4460138,0.26258966
169,/mnt/c/Users/puneet/Downloads/DAiSEE/DataSet/Test/500067/5000671058/5000671058.avi,2,1,0.09425912,0.1950514,0.44600946,0.26468003
170,/mnt/c/Users/puneet/Downloads/DAiSEE/DataSet/Test/500067/5000671059/5000671059.avi,2,2,0.08824067,0.19088894,0.44567263,0.27519777
171,/mnt/c/Users/puneet/Downloads/DAiSEE/DataSet/Test/500067/5000671060/5000671060.avi,2,2,0.090478465,0.19246764,0.44586116,0.27119273
172,/mnt/c/Users/puneet/Downloads/DAiSEE/DataSet/Test/500067/5000671061/5000671061.avi,2,1,0.09479828,0.1954115,0.44601396,0.26377624
173,/mnt/c/Users/puneet/Downloads/DAiSEE/DataSet/Test/500067/5000671062/5000671062.avi,2,2,0.09520177,0.19567963,0.44601473,0.26310387
174,/mnt/c/Users/puneet/Downloads/DAiSEE/DataSet/Test/500067/5000671063/5000671063.avi,2,2,0.09392503,0.19482723,0.4460046,0.26524314
175,/mnt/c/Users/puneet/Downloads/DAiSEE/DataSet/Test/500067/5000671064/5000671064.avi,2,3,0.09615755,0.19631019,0.44600767,0.2615246
176,/mnt/c/Users/puneet/Downloads/DAiSEE/DataSet/Test/500067/5000671065/5000671065.avi,2,2,0.093582086,0.19459629,0.445998,0.2658236
177,/mnt/c/Users/puneet/Downloads/DAiSEE/DataSet/Test/500067/5000671066/5000671066.avi,2,2,0.09535008,0.1957779,0.44601443,0.2628576
178,/mnt/c/Users/puneet/Downloads/DAiSEE/DataSet/Test/500067/5000671067/5000671067.avi,2,2,0.09526069,0.19571868,0.44601464,0.26300597
179,/mnt/c/Users/puneet/Downloads/DAiSEE/DataSet/Test/500067/5000671069/5000671069.avi,2,1,0.09499803,0.19554438,0.44601464,0.26344296
180,/mnt/c/Users/puneet/Downloads/DAiSEE/DataSet/Test/500067/5000671070/5000671070.avi,2,1,0.09378456,0.19473274,0.44600213,0.2654806
181,/mnt/c/Users/puneet/Downloads/DAiSEE/DataSet/Test/500067/5000671071/5000671071.avi,2,2,0.09088407,0.19274983,0.44588712,0.27047902
182,/mnt/c/Users/puneet/Downloads/DAiSEE/DataSet/Test/500067/5000672002/5000672002.avi,2,2,0.089732215,0.19194533,0.4458069,0.27251557
183,/mnt/c/Users/puneet/Downloads/DAiSEE/DataSet/Test/500067/5000672004/5000672004.avi,2,2,0.09638185,0.19645724,0.4460042,0.26115668
184,/mnt/c/Users/puneet/Downloads/DAiSEE/DataSet/Test/500067/5000672005/5000672005.avi,2,2,0.09538813,0.19580308,0.4460143,0.26279446
185,/mnt/c/Users/puneet/Downloads/DAiSEE/DataSet/Test/500067/5000672006/5000672006.avi,2,3,0.09534293,0.19577315,0.44601446,0.26286945
186,/mnt/c/Users/puneet/Downloads/DAiSEE/DataSet/Test/500067/5000672007/5000672007.avi,2,2,0.09637768,0.19645451,0.4460043,0.26116353
187,/mnt/c/Users/puneet/Downloads/DAiSEE/DataSet/Test/500067/5000672008/5000672008.avi,2,2,0.096959315,0.19683419,0.4459923,0.2602142
188,/mnt/c/Users/puneet/Downloads/DAiSEE/DataSet/Test/500067/5000672010/5000672010.avi,2,2,0.096983954,0.19685023,0.44599167,0.26017416
189,/mnt/c/Users/puneet/Downloads/DAiSEE/DataSet/Test/500067/5000672011/5000672011.avi,2,3,0.09666531,0.19664256,0.4459989,0.26069322
190,/mnt/c/Users/puneet/Downloads/DAiSEE/DataSet/Test/500067/5000672012/5000672012.avi,2,2,0.0969781,0.19684641,0.4459918,0.26018366
191,/mnt/c/Users/puneet/Downloads/DAiSEE/DataSet/Test/500067/5000672013/5000672013.avi,2,3,0.095254526,0.1957146,0.44601467,0.26301622
192,/mnt/c/Users/puneet/Downloads/DAiSEE/DataSet/Test/500067/5000672014/5000672014.avi,2,3,0.09655835,0.1965727,0.44600105,0.2608679
193,/mnt/c/Users/puneet/Downloads/DAiSEE/DataSet/Test/500067/5000672016/5000672016.avi,2,2,0.096282706,0.19639228,0.44600582,0.26131916
194,/mnt/c/Users/puneet/Downloads/DAiSEE/DataSet/Test/500067/5000672017/5000672017.avi,2,2,0.096222825,0.19635302,0.44600672,0.26141742
195,/mnt/c/Users/puneet/Downloads/DAiSEE/DataSet/Test/500067/5000672019/5000672019.avi,2,3,0.09691077,0.19680259,0.44599345,0.2602932
196,/mnt/c/Users/puneet/Downloads/DAiSEE/DataSet/Test/500067/5000672020/5000672020.avi,2,3,0.09603035,0.19622664,0.44600934,0.26173368
197,/mnt/c/Users/puneet/Downloads/DAiSEE/DataSet/Test/500067/5000672021/5000672021.avi,2,3,0.0969861,0.19685163,0.44599164,0.26017067
198,/mnt/c/Users/puneet/Downloads/DAiSEE/DataSet/Test/500067/5000672022/5000672022.avi,2,3,0.09719136,0.196985,0.44598624,0.2598374
199,/mnt/c/Users/puneet/Downloads/DAiSEE/DataSet/Test/500067/5000672023/5000672023.avi,2,2,0.0941085,0.19495043,0.44600746,0.2649336
200,/mnt/c/Users/puneet/Downloads/DAiSEE/DataSet/Test/500067/5000672024/5000672024.avi,2,2,0.09586829,0.19612002,0.4460111,0.26200056
201,/mnt/c/Users/puneet/Downloads/DAiSEE/DataSet/Test/500067/5000672025/5000672025.avi,2,3,0.09668504,0.19665544,0.4459985,0.260661
202,/mnt/c/Users/puneet/Downloads/DAiSEE/DataSet/Test/500067/5000672026/5000672026.avi,2,3,0.09669302,0.19666065,0.44599834,0.26064798
203,/mnt/c/Users/puneet/Downloads/DAiSEE/DataSet/Test/500067/5000672027/5000672027.avi,2,2,0.09174895,0.19334748,0.44593427,0.26896933
204,/mnt/c/Users/puneet/Downloads/DAiSEE/DataSet/Test/500067/5000672030/5000672030.avi,2,2,0.09704311,0.1968887,0.44599018,0.26007798
205,/mnt/c/Users/puneet/Downloads/DAiSEE/DataSet/Test/500067/5000672031/5000672031.avi,2,2,0.096146025,0.19630262,0.44600782,0.26154354
206,/mnt/c/Users/puneet/Downloads/DAiSEE/DataSet/Test/500067/5000672033/5000672033.avi,2,2,0.096745506,0.1966949,0.4459972,0.26056236
207,/mnt/c/Users/puneet/Downloads/DAiSEE/DataSet/Test/500067/5000672034/5000672034.avi,2,2,0.09691988,0.19680852,0.44599324,0.26027834
208,/mnt/c/Users/puneet/Downloads/DAiSEE/DataSet/Test/500067/5000672035/5000672035.avi,2,3,0.09599779,0.19620523,0.4460097,0.26178727
209,/mnt/c/Users/puneet/Downloads/DAiSEE/DataSet/Test/500067/5000672036/5000672036.avi,2,2,0.09657483,0.19658346,0.44600073,0.26084098
210,/mnt/c/Users/puneet/Downloads/DAiSEE/DataSet/Test/500067/5000672038/5000672038.avi,2,3,0.09495733,0.19551733,0.44601452,0.2635108
211,/mnt/c/Users/puneet/Downloads/DAiSEE/DataSet/Test/500067/5000672042/5000672042.avi,2,3,0.09541308,0.19581959,0.44601423,0.2627531
212,/mnt/c/Users/puneet/Downloads/DAiSEE/DataSet/Test/500067/5000672043/5000672043.avi,2,3,0.09637422,0.19645225,0.44600436,0.2611692
213,/mnt/c/Users/puneet/Downloads/DAiSEE/DataSet/Test/500067/5000672044/5000672044.avi,2,3,0.09515148,0.19564627,0.44601476,0.2631875
214,/mnt/c/Users/puneet/Downloads/DAiSEE/DataSet/Test/500067/5000672045/5000672045.avi,2,3,0.094535954,0.19523655,0.4460123,0.26421523
215,/mnt/c/Users/puneet/Downloads/DAiSEE/DataSet/Test/500067/5000672046/5000672046.avi,2,2,0.096758574,0.19670342,0.44599694,0.26054108
216,/mnt/c/Users/puneet/Downloads/DAiSEE/DataSet/Test/500067/5000672047/5000672047.avi,2,2,0.096364684,0.19644599,0.4460045,0.2611848
217,/mnt/c/Users/puneet/Downloads/DAiSEE/DataSet/Test/500067/5000672048/5000672048.avi,2,2,0.09720171,0.19699173,0.44598594,0.2598206
218,/mnt/c/Users/puneet/Downloads/DAiSEE/DataSet/Test/500067/5000672049/5000672049.avi,2,2,0.0963002,0.19640376,0.44600555,0.2612905
219,/mnt/c/Users/puneet/Downloads/DAiSEE/DataSet/Test/500067/5000672050/5000672050.avi,2,2,0.09638985,0.19646247,0.4460041,0.2611436
220,/mnt/c/Users/puneet/Downloads/DAiSEE/DataSet/Test/500067/5000672051/5000672051.avi,2,3,0.09615745,0.19631012,0.44600767,0.26152477
221,/mnt/c/Users/puneet/Downloads/DAiSEE/DataSet/Test/500067/5000672052/5000672052.avi,2,3,0.0961372,0.19629684,0.44600794,0.26155803
222,/mnt/c/Users/puneet/Downloads/DAiSEE/DataSet/Test/500067/5000672053/5000672053.avi,2,2,0.09587523,0.1961246,0.44601104,0.26198912
223,/mnt/c/Users/puneet/Downloads/DAiSEE/DataSet/Test/500067/5000672054/5000672054.avi,2,3,0.09598595,0.19619745,0.44600984,0.26180676
224,/mnt/c/Users/puneet/Downloads/DAiSEE/DataSet/Test/500067/5000672055/5000672055.avi,2,3,0.09684495,0.19675973,0.445995,0.26040033
225,/mnt/c/Users/puneet/Downloads/DAiSEE/DataSet/Test/500067/5000672056/5000672056.avi,2,3,0.09527578,0.19572869,0.44601464,0.2629809
226,/mnt/c/Users/puneet/Downloads/DAiSEE/DataSet/Test/500067/5000672057/5000672057.avi,2,2,0.09020275,0.19227515,0.4458421,0.27168003
227,/mnt/c/Users/puneet/Downloads/DAiSEE/DataSet/Test/500067/5000672058/5000672058.avi,2,2,0.09637355,0.1964518,0.44600436,0.26117027
228,/mnt/c/Users/puneet/Downloads/DAiSEE/DataSet/Test/500067/5000672059/5000672059.avi,2,2,0.09564134,0.19597043,0.44601303,0.2623752
229,/mnt/c/Users/puneet/Downloads/DAiSEE/DataSet/Test/500067/5000672060/5000672060.avi,2,2,0.09618941,0.19633108,0.44600722,0.26147228
230,/mnt/c/Users/puneet/Downloads/DAiSEE/DataSet/Test/500067/5000672062/5000672062.avi,2,3,0.09547698,0.19586185,0.44601396,0.2626472
231,/mnt/c/Users/puneet/Downloads/DAiSEE/DataSet/Test/500067/5000672064/5000672064.avi,2,2,0.096799396,0.19673003,0.44599605,0.26047453
232,/mnt/c/Users/puneet/Downloads/DAiSEE/DataSet/Test/500067/5000672065/5000672065.avi,2,2,0.0962492,0.19637032,0.44600633,0.26137415
233,/mnt/c/Users/puneet/Downloads/DAiSEE/DataSet/Test/500067/5000672066/5000672066.avi,2,2,0.09554062,0.19590391,0.44601363,0.26254183
234,/mnt/c/Users/puneet/Downloads/DAiSEE/DataSet/Test/500067/5000672067/5000672067.avi,2,2,0.09583321,0.19609693,0.44601145,0.2620584
235,/mnt/c/Users/puneet/Downloads/DAiSEE/DataSet/Test/500067/5000672068/5000672068.avi,2,2,0.095681526,0.19599694,0.44601274,0.2623088
236,/mnt/c/Users/puneet/Downloads/DAiSEE/DataSet/Test/500067/5000672070/5000672070.avi,2,3,0.057277918,0.16467687,0.43242133,0.34562388
237,/mnt/c/Users/puneet/Downloads/DAiSEE/DataSet/Test/500067/5000672071/5000672071.avi,2,2,0.08885568,0.19132654,0.4457322,0.2740856
238,/mnt/c/Users/puneet/Downloads/DAiSEE/DataSet/Test/500067/5000672072/5000672072.avi,3,2,0.030243317,0.13110937,0.38241425,0.45623305
239,/mnt/c/Users/puneet/Downloads/DAiSEE/DataSet/Test/500067/5000672074/5000672074.avi,2,3,0.06836443,0.17509897,0.4399432,0.3165934
240,/mnt/c/Users/puneet/Downloads/DAiSEE/DataSet/Test/500067/5000672075/5000672075.avi,2,3,0.094140284,0.19497176,0.4460079,0.26488006
241,/mnt/c/Users/puneet/Downloads/DAiSEE/DataSet/Test/500067/5000672076/5000672076.avi,2,3,0.096686445,0.19665636,0.4459985,0.2606587
242,/mnt/c/Users/puneet/Downloads/DAiSEE/DataSet/Test/500067/5000672077/5000672077.avi,2,2,0.095694594,0.19600557,0.44601262,0.2622872
243,/mnt/c/Users/puneet/Downloads/DAiSEE/DataSet/Test/500067/5000672081/5000672081.avi,2,2,0.091102585,0.19290134,0.44590008,0.270096
244,/mnt/c/Users/puneet/Downloads/DAiSEE/DataSet/Test/500067/5000672082/5000672082.avi,2,2,0.090609,0.19255859,0.44586977,0.27096266
245,/mnt/c/Users/puneet/Downloads/DAiSEE/DataSet/Test/500095/5000951001/5000951001.avi,2,2,0.09406816,0.19492337,0.44600686,0.2650016
246,/mnt/c/Users/puneet/Downloads/DAiSEE/DataSet/Test/500095/5000951002/5000951002.avi,2,2,0.094935305,0.19550268,0.44601446,0.26354754
247,/mnt/c/Users/puneet/Downloads/DAiSEE/DataSet/Test/500095/5000951003/5000951003.avi,2,3,0.096148774,0.19630443,0.4460078,0.261539
248,/mnt/c/Users/puneet/Downloads/DAiSEE/DataSet/Test/500095/5000951004/5000951004.avi,2,2,0.09199385,0.19351573,0.4459456,0.26854482
249,/mnt/c/Users/puneet/Downloads/DAiSEE/DataSet/Test/500095/5000951005/5000951005.avi,2,2,0.096520886,0.19654821,0.44600177,0.26092917
250,/mnt/c/Users/puneet/Downloads/DAiSEE/DataSet/Test/500095/5000951006/5000951006.avi,2,2,0.09143945,0.19313425,0.44591865,0.26950765
251,/mnt/c/Users/puneet/Downloads/DAiSEE/DataSet/Test/500095/5000951007/5000951007.avi,2,3,0.096427314,0.196487,0.44600344,0.26108223
252,/mnt/c/Users/puneet/Downloads/DAiSEE/DataSet/Test/500095/5000951008/5000951008.avi,2,2,0.09316516,0.19431439,0.44598776,0.2665327
253,/mnt/c/Users/puneet/Downloads/DAiSEE/DataSet/Test/500095/5000951009/5000951009.avi,2,3,0.0960492,0.19623902,0.4460091,0.2617027
254,/mnt/c/Users/puneet/Downloads/DAiSEE/DataSet/Test/500095/5000951010/5000951010.avi,2,2,0.07267301,0.17881182,0.44190323,0.30661193
255,/mnt/c/Users/puneet/Downloads/DAiSEE/DataSet/Test/500095/5000951011/5000951011.avi,2,3,0.09641207,0.19647703,0.4460037,0.2611072
256,/mnt/c/Users/puneet/Downloads/DAiSEE/DataSet/Test/500095/5000951012/5000951012.avi,2,2,0.09648603,0.19652541,0.4460024,0.26098615
257,/mnt/c/Users/puneet/Downloads/DAiSEE/DataSet/Test/500095/5000951013/5000951013.avi,2,2,0.09596939,0.19618656,0.44601002,0.26183403
258,/mnt/c/Users/puneet/Downloads/DAiSEE/DataSet/Test/500095/5000951015/5000951015.avi,2,3,0.096058324,0.19624503,0.44600898,0.26168767
259,/mnt/c/Users/puneet/Downloads/DAiSEE/DataSet/Test/500095/5000951016/5000951016.avi,2,2,0.09622412,0.19635387,0.44600672,0.2614153
260,/mnt/c/Users/puneet/Downloads/DAiSEE/DataSet/Test/500095/5000951017/5000951017.avi,2,2,0.085925475,0.18921599,0.44539374,0.2794648
261,/mnt/c/Users/puneet/Downloads/DAiSEE/DataSet/Test/500095/5000951018/5000951018.avi,2,2,0.09624752,0.1963692,0.44600636,0.26137692
262,/mnt/c/Users/puneet/Downloads/DAiSEE/DataSet/Test/500095/5000951019/5000951019.avi,2,1,0.09550981,0.19588356,0.4460138,0.26259282
263,/mnt/c/Users/puneet/Downloads/DAiSEE/DataSet/Test/500095/5000951021/5000951021.avi,2,2,0.0931614,0.19431184,0.44598764,0.26653913
264,/mnt/c/Users/puneet/Downloads/DAiSEE/DataSet/Test/500095/5000951023/5000951023.avi,2,1,0.075960614,0.18153086,0.44310194,0.2994066
265,/mnt/c/Users/puneet/Downloads/DAiSEE/DataSet/Test/500095/5000951024/5000951024.avi,2,1,0.09603734,0.19623125,0.44600922,0.26172218
266,/mnt/c/Users/puneet/Downloads/DAiSEE/DataSet/Test/500095/5000951025/5000951025.avi,2,2,0.09643553,0.19649237,0.4460033,0.2610688
267,/mnt/c/Users/puneet/Downloads/DAiSEE/DataSet/Test/500095/5000951027/5000951027.avi,2,1,0.068471335,0.17519322,0.43999755,0.31633788
268,/mnt/c/Users/puneet/Downloads/DAiSEE/DataSet/Test/500095/5000951028/5000951028.avi,2,3,0.09094942,0.19279517,0.44589105,0.27036434
269,/mnt/c/Users/puneet/Downloads/DAiSEE/DataSet/Test/500095/5000951033/5000951033.avi,2,2,0.09562955,0.19596264,0.4460131,0.2623947
270,/mnt/c/Users/puneet/Downloads/DAiSEE/DataSet/Test/500095/5000951034/5000951034.avi,2,2,0.087415844,0.1902976,0.44558325,0.2767033
271,/mnt/c/Users/puneet/Downloads/DAiSEE/DataSet/Test/500095/5000951035/5000951035.avi,2,2,0.09358251,0.19459657,0.44599804,0.2658229
272,/mnt/c/Users/puneet/Downloads/DAiSEE/DataSet/Test/500095/5000951037/5000951037.avi,2,2,0.096111216,0.19627976,0.4460083,0.26160073
273,/mnt/c/Users/puneet/Downloads/DAiSEE/DataSet/Test/500095/5000951039/5000951039.avi,2,2,0.096202835,0.1963399,0.446007,0.26145023
274,/mnt/c/Users/puneet/Downloads/DAiSEE/DataSet/Test/500095/5000951040/5000951040.avi,2,3,0.09651345,0.19654334,0.4460019,0.26094133
275,/mnt/c/Users/puneet/Downloads/DAiSEE/DataSet/Test/500095/5000951042/5000951042.avi,2,2,0.096372575,0.19645116,0.4460044,0.26117188
276,/mnt/c/Users/puneet/Downloads/DAiSEE/DataSet/Test/500095/5000951043/5000951043.avi,2,3,0.085242845,0.18871489,0.4452946,0.28074768
277,/mnt/c/Users/puneet/Downloads/DAiSEE/DataSet/Test/500095/5000951044/5000951044.avi,2,2,0.09653575,0.19655792,0.44600147,0.26090485
278,/mnt/c/Users/puneet/Downloads/DAiSEE/DataSet/Test/500095/5000951045/5000951045.avi,2,2,0.095665716,0.19598651,0.44601285,0.2623349
279,/mnt/c/Users/puneet/Downloads/DAiSEE/DataSet/Test/500095/5000951047/5000951047.avi,2,2,0.08516233,0.18865554,0.44528237,0.28089976
280,/mnt/c/Users/puneet/Downloads/DAiSEE/DataSet/Test/500095/5000951049/5000951049.avi,2,3,0.09652587,0.19655147,0.44600165,0.260921
281,/mnt/c/Users/puneet/Downloads/DAiSEE/DataSet/Test/500095/5000951051/5000951051.avi,2,3,0.08552833,0.1889249,0.445337,0.28020978
282,/mnt/c/Users/puneet/Downloads/DAiSEE/DataSet/Test/500095/5000951052/5000951052.avi,2,2,0.09458575,0.1952698,0.44601268,0.26413178
283,/mnt/c/Users/puneet/Downloads/DAiSEE/DataSet/Test/500095/5000951053/5000951053.avi,2,2,0.09248832,0.1938541,0.44596583,0.26769176
284,/mnt/c/Users/puneet/Downloads/DAiSEE/DataSet/Test/500095/5000951054/5000951054.avi,2,3,0.09481386,0.19542186,0.44601405,0.26375023
285,/mnt/c/Users/puneet/Downloads/DAiSEE/DataSet/Test/500095/5000951055/5000951055.avi,2,2,0.096505225,0.19653797,0.44600204,0.26095474
286,/mnt/c/Users/puneet/Downloads/DAiSEE/DataSet/Test/500095/5000951056/5000951056.avi,2,3,0.09660463,0.19660294,0.44600013,0.2607923
287,/mnt/c/Users/puneet/Downloads/DAiSEE/DataSet/Test/500095/5000951057/5000951057.avi,2,3,0.096361235,0.19644374,0.44600457,0.26119044
288,/mnt/c/Users/puneet/Downloads/DAiSEE/DataSet/Test/500095/5000951058/5000951058.avi,2,3,0.08724625,0.19017535,0.44556352,0.27701485
289,/mnt/c/Users/puneet/Downloads/DAiSEE/DataSet/Test/500095/5000951060/5000951060.avi,2,3,0.096651606,0.19663362,0.4459992,0.26071557
290,/mnt/c/Users/puneet/Downloads/DAiSEE/DataSet/Test/500095/5000951061/5000951061.avi,2,2,0.09233723,0.19375089,0.44596002,0.26795188
291,/mnt/c/Users/puneet/Downloads/DAiSEE/DataSet/Test/500095/5000951062/5000951062.avi,2,2,0.09586658,0.1961189,0.44601113,0.26200336
292,/mnt/c/Users/puneet/Downloads/DAiSEE/DataSet/Test/500095/5000951063/5000951063.avi,2,2,0.09659694,0.19659792,0.4460003,0.26080486
293,/mnt/c/Users/puneet/Downloads/DAiSEE/DataSet/Test/500095/5000951065/5000951065.avi,2,3,0.0928202,0.1940802,0.4459774,0.2671222
294,/mnt/c/Users/puneet/Downloads/DAiSEE/DataSet/Test/500095/5000951066/5000951066.avi,2,2,0.09495356,0.19551483,0.44601452,0.2635171
295,/mnt/c/Users/puneet/Downloads/DAiSEE/DataSet/Test/500095/5000951067/5000951067.avi,2,2,0.08232904,0.18653502,0.44478062,0.28635532
296,/mnt/c/Users/puneet/Downloads/DAiSEE/DataSet/Test/500095/5000952002/5000952002.avi,2,2,0.0750088,0.18075347,0.4427797,0.30145803
297,/mnt/c/Users/puneet/Downloads/DAiSEE/DataSet/Test/500095/5000952003/5000952003.avi,2,2,0.090381876,0.19240028,0.4458546,0.27136323
298,/mnt/c/Users/puneet/Downloads/DAiSEE/DataSet/Test/500095/5000952004/5000952004.avi,2,2,0.09607983,0.19625916,0.4460087,0.26165232
299,/mnt/c/Users/puneet/Downloads/DAiSEE/DataSet/Test/500095/5000952005/5000952005.avi,2,3,0.09011132,0.19221118,0.4458355,0.27184197
300,/mnt/c/Users/puneet/Downloads/DAiSEE/DataSet/Test/500095/5000952007/5000952007.avi,2,3,0.095288016,0.19573678,0.44601458,0.2629606
301,/mnt/c/Users/puneet/Downloads/DAiSEE/DataSet/Test/500095/5000952008/5000952008.avi,2,3,0.09637488,0.19645268,0.44600436,0.2611681
302,/mnt/c/Users/puneet/Downloads/DAiSEE/DataSet/Test/500095/5000952011/5000952011.avi,2,2,0.09602541,0.1962234,0.44600937,0.26174182
303,/mnt/c/Users/puneet/Downloads/DAiSEE/DataSet/Test/500095/5000952013/5000952013.avi,2,2,0.09199376,0.19351566,0.4459456,0.268545
304,/mnt/c/Users/puneet/Downloads/DAiSEE/DataSet/Test/500095/5000952014/5000952014.avi,2,2,0.09606602,0.19625008,0.44600886,0.26167503
305,/mnt/c/Users/puneet/Downloads/DAiSEE/DataSet/Test/500095/5000952015/5000952015.avi,2,3,0.09453685,0.19523714,0.44601226,0.26421374
306,/mnt/c/Users/puneet/Downloads/DAiSEE/DataSet/Test/500095/5000952016/5000952016.avi,2,2,0.09572945,0.19602856,0.44601235,0.26222962
307,/mnt/c/Users/puneet/Downloads/DAiSEE/DataSet/Test/500095/5000952017/5000952017.avi,2,2,0.051141176,0.15828052,0.42625725,0.36432105
308,/mnt/c/Users/puneet/Downloads/DAiSEE/DataSet/Test/500095/5000952018/5000952018.avi,2,2,0.09630964,0.19640994,0.4460054,0.26127502
309,/mnt/c/Users/puneet/Downloads/DAiSEE/DataSet/Test/500095/5000952020/5000952020.avi,2,2,0.08989934,0.19206266,0.4458198,0.27221823
310,/mnt/c/Users/puneet/Downloads/DAiSEE/DataSet/Test/500095/5000952021/5000952021.avi,2,2,0.09605352,0.19624187,0.44600904,0.26169556
311,/mnt/c/Users/puneet/Downloads/DAiSEE/DataSet/Test/500095/5000952022/5000952022.avi,2,2,0.09523129,0.1956992,0.4460147,0.26305482
312,/mnt/c/Users/puneet/Downloads/DAiSEE/DataSet/Test/500095/5000952023/5000952023.avi,2,3,0.095892526,0.19613598,0.44601086,0.26196063
313,/mnt/c/Users/puneet/Downloads/DAiSEE/DataSet/Test/500095/5000952024/5000952024.avi,2,2,0.09654405,0.19656335,0.44600132,0.26089126
314,/mnt/c/Users/puneet/Downloads/DAiSEE/DataSet/Test/500095/5000952025/5000952025.avi,2,3,0.09618158,0.19632596,0.4460073,0.26148513
315,/mnt/c/Users/puneet/Downloads/DAiSEE/DataSet/Test/500095/5000952026/5000952026.avi,2,3,0.084676854,0.18829668,0.44520637,0.2818201
316,/mnt/c/Users/puneet/Downloads/DAiSEE/DataSet/Test/500095/5000952027/5000952027.avi,2,2,0.09626188,0.19637863,0.44600615,0.26135334
317,/mnt/c/Users/puneet/Downloads/DAiSEE/DataSet/Test/500095/5000952028/5000952028.avi,2,2,0.0964787,0.19652063,0.4460025,0.26099816
318,/mnt/c/Users/puneet/Downloads/DAiSEE/DataSet/Test/500095/5000952029/5000952029.avi,2,2,0.093774796,0.19472615,0.44600192,0.26549712
319,/mnt/c/Users/puneet/Downloads/DAiSEE/DataSet/Test/500095/5000952031/5000952031.avi,2,2,0.09542242,0.19582577,0.4460142,0.26273763
320,/mnt/c/Users/puneet/Downloads/DAiSEE/DataSet/Test/500095/5000952032/5000952032.avi,2,2,0.09422405,0.1950279,0.446009,0.26473904
321,/mnt/c/Users/puneet/Downloads/DAiSEE/DataSet/Test/500095/5000952033/5000952033.avi,2,2,0.09624032,0.19636449,0.44600648,0.26138872
322,/mnt/c/Users/puneet/Downloads/DAiSEE/DataSet/Test/500095/5000952034/5000952034.avi,2,1,0.09639976,0.19646896,0.4460039,0.26112735
323,/mnt/c/Users/puneet/Downloads/DAiSEE/DataSet/Test/500095/5000952035/5000952035.avi,2,2,0.046669826,0.15327787,0.42053822,0.3795141
324,/mnt/c/Users/puneet/Downloads/DAiSEE/DataSet/Test/500095/5000952036/5000952036.avi,2,2,0.09037504,0.19239551,0.44585413,0.2713753
325,/mnt/c/Users/puneet/Downloads/DAiSEE/DataSet/Test/500095/5000952038/5000952038.avi,2,3,0.093424305,0.19448975,0.44599444,0.2660915
326,/mnt/c/Users/puneet/Downloads/DAiSEE/DataSet/Test/500095/5000952040/5000952040.avi,2,3,0.09566364,0.19598514,0.44601285,0.26233834
327,/mnt/c/Users/puneet/Downloads/DAiSEE/DataSet/Test/500095/5000952041/5000952041.avi,2,2,0.09534488,0.19577445,0.44601446,0.2628662
328,/mnt/c/Users/puneet/Downloads/DAiSEE/DataSet/Test/500095/5000952042/5000952042.avi,2,2,0.095401555,0.19581196,0.44601429,0.2627722
329,/mnt/c/Users/puneet/Downloads/DAiSEE/DataSet/Test/500095/5000952044/5000952044.avi,2,2,0.095252,0.19571292,0.44601464,0.26302043
330,/mnt/c/Users/puneet/Downloads/DAiSEE/DataSet/Test/500095/5000952045/5000952045.avi,2,2,0.09537626,0.19579522,0.44601437,0.26281416
331,/mnt/c/Users/puneet/Downloads/DAiSEE/DataSet/Test/500095/5000952046/5000952046.avi,2,3,0.09562106,0.19595703,0.44601315,0.26240873
332,/mnt/c/Users/puneet/Downloads/DAiSEE/DataSet/Test/500095/5000952048/5000952048.avi,2,2,0.09142806,0.19312638,0.44591805,0.2695275
333,/mnt/c/Users/puneet/Downloads/DAiSEE/DataSet/Test/500095/5000952050/5000952050.avi,2,3,0.095906615,0.19614527,0.4460107,0.2619374
334,/mnt/c/Users/puneet/Downloads/DAiSEE/DataSet/Test/500095/5000952052/5000952052.avi,2,2,0.095257156,0.19571635,0.44601464,0.26301184
335,/mnt/c/Users/puneet/Downloads/DAiSEE/DataSet/Test/500095/5000952053/5000952053.avi,2,3,0.09568027,0.1959961,0.44601274,0.2623109
336,/mnt/c/Users/puneet/Downloads/DAiSEE/DataSet/Test/500095/5000952054/5000952054.avi,2,2,0.09492189,0.19549376,0.44601443,0.26356992
337,/mnt/c/Users/puneet/Downloads/DAiSEE/DataSet/Test/500095/5000952055/5000952055.avi,2,2,0.095573865,0.19592588,0.44601348,0.2624868
338,/mnt/c/Users/puneet/Downloads/DAiSEE/DataSet/Test/500095/5000952060/5000952060.avi,2,2,0.0907748,0.19267392,0.44588035,0.27067092
339,/mnt/c/Users/puneet/Downloads/DAiSEE/DataSet/Test/500095/5000952061/5000952061.avi,2,2,0.09530905,0.19575073,0.44601455,0.26292568
340,/mnt/c/Users/puneet/Downloads/DAiSEE/DataSet/Test/500095/5000952062/5000952062.avi,2,1,0.09561122,0.19595055,0.4460132,0.262425
341,/mnt/c/Users/puneet/Downloads/DAiSEE/DataSet/Test/500095/5000952063/5000952063.avi,2,2,0.09509609,0.19560951,0.44601473,0.26327968
342,/mnt/c/Users/puneet/Downloads/DAiSEE/DataSet/Test/500095/5000952064/5000952064.avi,2,3,0.095379926,0.19579765,0.44601434,0.26280805
343,/mnt/c/Users/puneet/Downloads/DAiSEE/DataSet/Test/500095/5000952065/5000952065.avi,2,2,0.09544535,0.19584094,0.4460141,0.2626996
344,/mnt/c/Users/puneet/Downloads/DAiSEE/DataSet/Test/500095/5000952066/5000952066.avi,2,2,0.08327655,0.18725121,0.44496423,0.28450802
345,/mnt/c/Users/puneet/Downloads/DAiSEE/DataSet/Test/500095/5000952068/5000952068.avi,2,3,0.0951568,0.19564979,0.44601476,0.26317868
346,/mnt/c/Users/puneet/Downloads/DAiSEE/DataSet/Test/500095/5000952069/5000952069.avi,2,2,0.091600455,0.19324526,0.44592693,0.26922733
347,/mnt/c/Users/puneet/Downloads/DAiSEE/DataSet/Test/500095/5000952070/5000952070.avi,2,3,0.095357694,0.19578293,0.4460144,0.26284495
348,/mnt/c/Users/puneet/Downloads/DAiSEE/DataSet/Test/500095/5000952071/5000952071.avi,2,2,0.09567063,0.19598976,0.4460128,0.2623268
349,/mnt/c/Users/puneet/Downloads/DAiSEE/DataSet/Test/500095/5000952072/5000952072.avi,2,3,0.095138535,0.19563767,0.44601476,0.26320902
350,/mnt/c/Users/puneet/Downloads/DAiSEE/DataSet/Test/500095/5000952073/5000952073.avi,2,2,0.093743436,0.19470505,0.44600132,0.2655502
351,/mnt/c/Users/puneet/Downloads/DAiSEE/DataSet/Test/500095/5000952075/5000952075.avi,2,2,0.095857866,0.19611317,0.44601122,0.26201773
352,/mnt/c/Users/puneet/Downloads/DAiSEE/DataSet/Test/500095/5000952076/5000952076.avi,2,3,0.092104994,0.19359192,0.44595045,0.26835263
353,/mnt/c/Users/puneet/Downloads/DAiSEE/DataSet/Test/500095/5000952077/5000952077.avi,2,2,0.09539981,0.19581081,0.44601429,0.2627751
354,/mnt/c/Users/puneet/Downloads/DAiSEE/DataSet/Test/500095/5000952078/5000952078.avi,2,2,0.09523981,0.19570485,0.44601467,0.26304066
355,/mnt/c/Users/puneet/Downloads/DAiSEE/DataSet/Test/500095/5000952080/5000952080.avi,2,3,0.095135905,0.19563594,0.44601476,0.2632134
356,/mnt/c/Users/puneet/Downloads/DAiSEE/DataSet/Test/500095/5000952083/5000952083.avi,2,1,0.06930078,0.17592077,0.44040918,0.31436926
357,/mnt/c/Users/puneet/Downloads/DAiSEE/DataSet/Test/510009/5100091001/5100091001.avi,2,2,0.08309799,0.18711679,0.44493085,0.28485435
358,/mnt/c/Users/puneet/Downloads/DAiSEE/DataSet/Test/510009/5100091003/5100091003.avi,2,3,0.08338731,0.18733448,0.44498464,0.2842936
359,/mnt/c/Users/puneet/Downloads/DAiSEE/DataSet/Test/510009/5100091004/5100091004.avi,2,3,0.09644621,0.19649936,0.4460031,0.2610513
360,/mnt/c/Users/puneet/Downloads/DAiSEE/DataSet/Test/510009/5100091005/5100091005.avi,2,2,0.09666551,0.1966427,0.4459989,0.2606929
361,/mnt/c/Users/puneet/Downloads/DAiSEE/DataSet/Test/510009/5100091006/5100091006.avi,2,2,0.09552704,0.19589494,0.44601372,0.2625643
362,/mnt/c/Users/puneet/Downloads/DAiSEE/DataSet/Test/510009/5100091007/5100091007.avi,2,3,0.096935235,0.19681852,0.44599286,0.26025337
363,/mnt/c/Users/puneet/Downloads/DAiSEE/DataSet/Test/510009/5100091008/5100091008.avi,2,3,0.09085882,0.19273229,0.44588557,0.27052334
364,/mnt/c/Users/puneet/Downloads/DAiSEE/DataSet/Test/510009/5100091009/5100091009.avi,2,2,0.08901374,0.19143854,0.44574657,0.27380118
365,/mnt/c/Users/puneet/Downloads/DAiSEE/DataSet/Test/510009/5100091010/5100091010.avi,2,3,0.0969259,0.19681245,0.4459931,0.26026857
366,/mnt/c/Users/puneet/Downloads/DAiSEE/DataSet/Test/510009/5100091012/5100091012.avi,2,2,0.04035193,0.1456031,0.4100258,0.40401915
367,/mnt/c/Users/puneet/Downloads/DAiSEE/DataSet/Test/510009/5100091017/5100091017.avi,2,2,0.08603204,0.18929388,0.4454085,0.27926558
368,/mnt/c/Users/puneet/Downloads/DAiSEE/DataSet/Test/510009/5100091019/5100091019.avi,2,2,0.09770077,0.1973148,0.44597048,0.25901395
369,/mnt/c/Users/puneet/Downloads/DAiSEE/DataSet/Test/510009/5100091020/5100091020.avi,2,3,0.097623885,0.19726513,0.4459731,0.25913787
370,/mnt/c/Users/puneet/Downloads/DAiSEE/DataSet/Test/510009/5100091025/5100091025.avi,2,2,0.09546306,0.19585265,0.44601402,0.26267025
371,/mnt/c/Users/puneet/Downloads/DAiSEE/DataSet/Test/510009/5100091026/5100091026.avi,2,3,0.09567433,0.1959922,0.4460128,0.2623207
372,/mnt/c/Users/puneet/Downloads/DAiSEE/DataSet/Test/510009/5100091027/5100091027.avi,2,2,0.09613082,0.19629264,0.44600803,0.2615685
373,/mnt/c/Users/puneet/Downloads/DAiSEE/DataSet/Test/510009/5100091028/5100091028.avi,2,2,0.09721897,0.19700293,0.44598547,0.25979263
374,/mnt/c/Users/puneet/Downloads/DAiSEE/DataSet/Test/510009/5100091032/5100091032.avi,2,3,0.0967999,0.19673036,0.44599602,0.2604737
375,/mnt/c/Users/puneet/Downloads/DAiSEE/DataSet/Test/510009/5100091033/5100091033.avi,2,2,0.09543521,0.19583422,0.44601414,0.2627164
376,/mnt/c/Users/puneet/Downloads/DAiSEE/DataSet/Test/510009/5100091034/5100091034.avi,2,3,0.0974505,0.197153,0.44597864,0.25941783
377,/mnt/c/Users/puneet/Downloads/DAiSEE/DataSet/Test/510009/5100091035/5100091035.avi,2,3,0.09740479,0.19712341,0.44598004,0.25949174
378,/mnt/c/Users/puneet/Downloads/DAiSEE/DataSet/Test/510009/5100091036/5100091036.avi,2,3,0.09745899,0.19715849,0.4459784,0.25940412
379,/mnt/c/Users/puneet/Downloads/DAiSEE/DataSet/Test/510009/5100091038/5100091038.avi,2,3,0.09756962,0.19723007,0.44597486,0.25922543
380,/mnt/c/Users/puneet/Downloads/DAiSEE/DataSet/Test/510009/5100091039/5100091039.avi,2,3,0.09739693,0.19711831,0.44598028,0.25950447
381,/mnt/c/Users/puneet/Downloads/DAiSEE/DataSet/Test/510009/5100091042/5100091042.avi,2,3,0.09753071,0.1972049,0.44597614,0.25928825
382,/mnt/c/Users/puneet/Downloads/DAiSEE/DataSet/Test/510009/5100091046/5100091046.avi,2,3,0.09746616,0.19716313,0.44597816,0.25939253
383,/mnt/c/Users/puneet/Downloads/DAiSEE/DataSet/Test/510009/5100091049/5100091049.avi,2,1,0.095853604,0.19611037,0.44601125,0.26202476
384,/mnt/c/Users/puneet/Downloads/DAiSEE/DataSet/Test/510009/5100091050/5100091050.avi,2,2,0.09311072,0.1942775,0.44598624,0.26662555
385,/mnt/c/Users/puneet/Downloads/DAiSEE/DataSet/Test/510009/5100091051/5100091051.avi,2,2,0.09732119,0.19706924,0.44598255,0.259627
386,/mnt/c/Users/puneet/Downloads/DAiSEE/DataSet/Test/510009/5100091053/5100091053.avi,2,2,0.09741188,0.197128,0.44597983,0.2594803
387,/mnt/c/Users/puneet/Downloads/DAiSEE/DataSet/Test/510009/5100091055/5100091055.avi,2,3,0.0974795,0.19717178,0.44597775,0.25937098
388,/mnt/c/Users/puneet/Downloads/DAiSEE/DataSet/Test/510009/5100091056/5100091056.avi,2,2,0.09747637,0.19716975,0.44597784,0.25937602
389,/mnt/c/Users/puneet/Downloads/DAiSEE/DataSet/Test/510009/5100091057/5100091057.avi,2,2,0.097478226,0.19717094,0.4459778,0.25937304
390,/mnt/c/Users/puneet/Downloads/DAiSEE/DataSet/Test/510009/5100091058/5100091058.avi,2,2,0.09667761,0.1966506,0.44599867,0.26067314
391,/mnt/c/Users/puneet/Downloads/DAiSEE/DataSet/Test/510009/5100091059/5100091059.avi,2,2,0.09641617,0.19647971,0.44600365,0.26110047
392,/mnt/c/Users/puneet/Downloads/DAiSEE/DataSet/Test/510009/5100091062/5100091062.avi,2,2,0.060992874,0.16831934,0.43539461,0.33529314
393,/mnt/c/Users/puneet/Downloads/DAiSEE/DataSet/Test/510009/5100091064/5100091064.avi,2,2,0.08927473,0.19162308,0.44576937,0.2733328
394,/mnt/c/Users/puneet/Downloads/DAiSEE/DataSet/Test/510009/5100091065/5100091065.avi,2,3,0.07607106,0.18162055,0.44313806,0.29917032
395,/mnt/c/Users/puneet/Downloads/DAiSEE/DataSet/Test/510009/5100091066/5100091066.avi,2,2,0.09730584,0.19705927,0.445983,0.25965187
396,/mnt/c/Users/puneet/Downloads/DAiSEE/DataSet/Test/510009/5100091067/5100091067.avi,2,3,0.07915613,0.18408395,0.4440444,0.2927155
397,/mnt/c/Users/puneet/Downloads/DAiSEE/DataSet/Test/510009/5100091068/5100091068.avi,2,2,0.09625865,0.19637652,0.4460062,0.26135865
398,/mnt/c/Users/puneet/Downloads/DAiSEE/DataSet/Test/510009/5100091069/5100091069.avi,2,3,0.09729123,0.19704981,0.4459834,0.25967556
399,/mnt/c/Users/puneet/Downloads/DAiSEE/DataSet/Test/510009/5100092002/5100092002.avi,2,3,0.09747706,0.1971702,0.44597784,0.25937492
400,/mnt/c/Users/puneet/Downloads/DAiSEE/DataSet/Test/510009/5100092003/5100092003.avi,2,3,0.08599312,0.18926543,0.44540313,0.2793383
401,/mnt/c/Users/puneet/Downloads/DAiSEE/DataSet/Test/510009/5100092005/5100092005.avi,2,3,0.09703126,0.196881,0.44599047,0.26009727
402,/mnt/c/Users/puneet/Downloads/DAiSEE/DataSet/Test/510009/5100092006/5100092006.avi,2,3,0.09682151,0.19674446,0.44599554,0.2604385
403,/mnt/c/Users/puneet/Downloads/DAiSEE/DataSet/Test/510009/5100092008/5100092008.avi,2,3,0.09707889,0.19691196,0.44598925,0.2600199
404,/mnt/c/Users/puneet/Downloads/DAiSEE/DataSet/Test/510009/5100092010/5100092010.avi,2,3,0.09755647,0.19722156,0.4459753,0.25924668
405,/mnt/c/Users/puneet/Downloads/DAiSEE/DataSet/Test/510009/5100092011/5100092011.avi,2,2,0.09448535,0.19520274,0.44601184,0.26430005
406,/mnt/c/Users/puneet/Downloads/DAiSEE/DataSet/Test/510009/5100092013/5100092013.avi,2,3,0.09501103,0.19555302,0.44601464,0.2634213
407,/mnt/c/Users/puneet/Downloads/DAiSEE/DataSet/Test/510009/5100092017/5100092017.avi,2,2,0.096791305,0.19672477,0.4459962,0.2604877
408,/mnt/c/Users/puneet/Downloads/DAiSEE/DataSet/Test/510009/5100092019/5100092019.avi,2,3,0.09726835,0.19703497,0.44598407,0.2597126
409,/mnt/c/Users/puneet/Downloads/DAiSEE/DataSet/Test/510009/5100092021/5100092021.avi,2,2,0.09724254,0.19701824,0.4459848,0.25975442
410,/mnt/c/Users/puneet/Downloads/DAiSEE/DataSet/Test/510009/5100092022/5100092022.avi,2,3,0.09698758,0.1968526,0.44599158,0.26016825
411,/mnt/c/Users/puneet/Downloads/DAiSEE/DataSet/Test/510009/5100092023/5100092023.avi,2,3,0.09706651,0.19690391,0.44598958,0.26004
412,/mnt/c/Users/puneet/Downloads/DAiSEE/DataSet/Test/510009/5100092026/5100092026.avi,2,3,0.0962726,0.19638565,0.446006,0.26133576
413,/mnt/c/Users/puneet/Downloads/DAiSEE/DataSet/Test/510009/5100092027/5100092027.avi,2,3,0.09274921,0.19403191,0.44597507,0.26724383
414,/mnt/c/Users/puneet/Downloads/DAiSEE/DataSet/Test/510009/5100092032/5100092032.avi,2,2,0.095153406,0.19564754,0.44601476,0.26318428
415,/mnt/c/Users/puneet/Downloads/DAiSEE/DataSet/Test/510009/5100092033/5100092033.avi,2,3,0.09690797,0.19680077,0.4459935,0.26029772
416,/mnt/c/Users/puneet/Downloads/DAiSEE/DataSet/Test/510009/5100092034/5100092034.avi,2,2,0.09734454,0.19708437,0.44598186,0.25958923
417,/mnt/c/Users/puneet/Downloads/DAiSEE/DataSet/Test/510009/5100092035/5100092035.avi,2,2,0.09742371,0.19713566,0.44597948,0.25946116
418,/mnt/c/Users/puneet/Downloads/DAiSEE/DataSet/Test/510009/5100092037/5100092037.avi,2,2,0.09663812,0.19662482,0.44599947,0.2607376
419,/mnt/c/Users/puneet/Downloads/DAiSEE/DataSet/Test/510009/5100092038/5100092038.avi,2,2,0.09743686,0.19714417,0.44597906,0.2594399
420,/mnt/c/Users/puneet/Downloads/DAiSEE/DataSet/Test/510009/5100092039/5100092039.avi,2,3,0.097491644,0.19717963,0.44597736,0.25935137
421,/mnt/c/Users/puneet/Downloads/DAiSEE/DataSet/Test/510009/5100092040/5100092040.avi,2,3,0.097451806,0.19715384,0.4459786,0.25941575
422,/mnt/c/Users/puneet/Downloads/DAiSEE/DataSet/Test/510009/5100092041/5100092041.avi,2,2,0.09755552,0.19722095,0.44597533,0.2592482
423,/mnt/c/Users/puneet/Downloads/DAiSEE/DataSet/Test/510009/5100092042/5100092042.avi,2,3,0.09752963,0.1972042,0.44597617,0.25929
424,/mnt/c/Users/puneet/Downloads/DAiSEE/DataSet/Test/510009/5100092043/5100092043.avi,2,2,0.097586714,0.19724111,0.44597432,0.25919786
425,/mnt/c/Users/puneet/Downloads/DAiSEE/DataSet/Test/510009/5100092044/5100092044.avi,2,3,0.09757111,0.19723102,0.44597483,0.25922304
426,/mnt/c/Users/puneet/Downloads/DAiSEE/DataSet/Test/510009/5100092045/5100092045.avi,2,3,0.0975414,0.19721182,0.44597578,0.259271
427,/mnt/c/Users/puneet/Downloads/DAiSEE/DataSet/Test/510009/5100092053/5100092053.avi,2,2,0.09520453,0.19568147,0.44601473,0.26309928
428,/mnt/c/Users/puneet/Downloads/DAiSEE/DataSet/Test/510009/5100092056/5100092056.avi,2,2,0.097542204,0.19721234,0.44597575,0.25926968
429,/mnt/c/Users/puneet/Downloads/DAiSEE/DataSet/Test/510009/5100092057/5100092057.avi,2,2,0.097515665,0.19719517,0.44597661,0.25931254
430,/mnt/c/Users/puneet/Downloads/DAiSEE/DataSet/Test/510009/5100092060/5100092060.avi,2,3,0.097455665,0.19715634,0.4459785,0.2594095
431,/mnt/c/Users/puneet/Downloads/DAiSEE/DataSet/Test/510009/5100092061/5100092061.avi,2,3,0.09752014,0.19719806,0.44597647,0.25930533
432,/mnt/c/Users/puneet/Downloads/DAiSEE/DataSet/Test/510009/5100092062/5100092062.avi,2,2,0.09757741,0.1972351,0.44597462,0.25921288
433,/mnt/c/Users/puneet/Downloads/DAiSEE/DataSet/Test/510009/5100092063/5100092063.avi,2,2,0.09756166,0.19722492,0.44597512,0.2592383
434,/mnt/c/Users/puneet/Downloads/DAiSEE/DataSet/Test/510009/5100092064/5100092064.avi,2,3,0.09753481,0.19720756,0.445976,0.25928164
435,/mnt/c/Users/puneet/Downloads/DAiSEE/DataSet/Test/510009/5100092065/5100092065.avi,2,2,0.09744374,0.19714862,0.44597885,0.25942877
436,/mnt/c/Users/puneet/Downloads/DAiSEE/DataSet/Test/510009/5100092067/5100092067.avi,2,3,0.096915886,0.19680592,0.44599333,0.26028487
437,/mnt/c/Users/puneet/Downloads/DAiSEE/DataSet/Test/510009/5100092068/5100092068.avi,2,2,0.09755164,0.19721843,0.44597545,0.25925446
438,/mnt/c/Users/puneet/Downloads/DAiSEE/DataSet/Test/510009/5100092069/5100092069.avi,2,3,0.097513705,0.19719389,0.44597667,0.25931573
439,/mnt/c/Users/puneet/Downloads/DAiSEE/DataSet/Test/510009/5100092071/5100092071.avi,2,3,0.09538744,0.19580261,0.4460143,0.26279563
440,/mnt/c/Users/puneet/Downloads/DAiSEE/DataSet/Test/510009/5100092072/5100092072.avi,2,3,0.09722475,0.19700667,0.44598532,0.25978327
441,/mnt/c/Users/puneet/Downloads/DAiSEE/DataSet/Test/510034/5100341002/5100341002.avi,2,2,0.09747572,0.19716933,0.44597787,0.2593771
442,/mnt/c/Users/puneet/Downloads/DAiSEE/DataSet/Test/510034/5100341003/5100341003.avi,2,2,0.09728802,0.19704773,0.4459835,0.25968075
443,/mnt/c/Users/puneet/Downloads/DAiSEE/DataSet/Test/510034/5100341004/5100341004.avi,2,3,0.09725515,0.1970264,0.44598445,0.259734
444,/mnt/c/Users/puneet/Downloads/DAiSEE/DataSet/Test/510034/5100341005/5100341005.avi,2,2,0.09620797,0.19634327,0.44600695,0.2614418
445,/mnt/c/Users/puneet/Downloads/DAiSEE/DataSet/Test/510034/5100341006/5100341006.avi,2,2,0.097348474,0.19708692,0.44598174,0.25958288
446,/mnt/c/Users/puneet/Downloads/DAiSEE/DataSet/Test/510034/5100341008/5100341008.avi,2,2,0.0973799,0.19710729,0.4459808,0.259532
447,/mnt/c/Users/puneet/Downloads/DAiSEE/DataSet/Test/510034/5100341009/5100341009.avi,2,2,0.09747162,0.19716667,0.445978,0.2593837
448,/mnt/c/Users/puneet/Downloads/DAiSEE/DataSet/Test/510034/5100341010/5100341010.avi,2,2,0.09741012,0.19712685,0.4459799,0.25948313
449,/mnt/c/Users/puneet/Downloads/DAiSEE/DataSet/Test/510034/5100341012/5100341012.avi,2,3,0.09748835,0.1971775,0.44597748,0.25935668
450,/mnt/c/Users/puneet/Downloads/DAiSEE/DataSet/Test/510034/5100341013/5100341013.avi,2,2,0.096192606,0.1963332,0.44600716,0.261467
451,/mnt/c/Users/puneet/Downloads/DAiSEE/DataSet/Test/510034/5100341014/5100341014.avi,2,3,0.09745208,0.19715403,0.4459786,0.25941527
452,/mnt/c/Users/puneet/Downloads/DAiSEE/DataSet/Test/510034/5100341015/5100341015.avi,2,2,0.097192965,0.19698605,0.4459862,0.25983477
453,/mnt/c/Users/puneet/Downloads/DAiSEE/DataSet/Test/510034/5100341016/5100341016.avi,2,2,0.09726623,0.1970336,0.44598413,0.25971603
454,/mnt/c/Users/puneet/Downloads/DAiSEE/DataSet/Test/510034/5100341017/5100341017.avi,2,2,0.09730593,0.19705935,0.445983,0.25965172
455,/mnt/c/Users/puneet/Downloads/DAiSEE/DataSet/Test/510034/5100341019/5100341019.avi,2,2,0.09737601,0.19710477,0.44598094,0.2595383
456,/mnt/c/Users/puneet/Downloads/DAiSEE/DataSet/Test/510034/5100341020/5100341020.avi,2,3,0.09742948,0.19713938,0.4459793,0.2594518
457,/mnt/c/Users/puneet/Downloads/DAiSEE/DataSet/Test/510034/5100341021/5100341021.avi,2,3,0.0974387,0.19714536,0.445979,0.25943694
458,/mnt/c/Users/puneet/Downloads/DAiSEE/DataSet/Test/510034/5100341022/5100341022.avi,2,2,0.097489454,0.19717821,0.44597745,0.2593549
459,/mnt/c/Users/puneet/Downloads/DAiSEE/DataSet/Test/510034/5100341023/5100341023.avi,2,2,0.09735299,0.19708985,0.44598162,0.25957555
460,/mnt/c/Users/puneet/Downloads/DAiSEE/DataSet/Test/510034/5100341024/5100341024.avi,2,3,0.09740045,0.19712059,0.4459802,0.25949878
461,/mnt/c/Users/puneet/Downloads/DAiSEE/DataSet/Test/510034/5100341025/5100341025.avi,2,2,0.09722832,0.197009,0.4459852,0.2597775
462,/mnt/c/Users/puneet/Downloads/DAiSEE/DataSet/Test/510034/5100341026/5100341026.avi,2,3,0.09654915,0.19656669,0.44600123,0.2608829
463,/mnt/c/Users/puneet/Downloads/DAiSEE/DataSet/Test/510034/5100341027/5100341027.avi,2,3,0.09746403,0.19716176,0.44597822,0.259396
464,/mnt/c/Users/puneet/Downloads/DAiSEE/DataSet/Test/510034/5100341028/5100341028.avi,2,2,0.097318016,0.19706717,0.44598264,0.25963217
465,/mnt/c/Users/puneet/Downloads/DAiSEE/DataSet/Test/510034/5100341030/5100341030.avi,2,2,0.09745751,0.19715755,0.44597843,0.2594065
466,/mnt/c/Users/puneet/Downloads/DAiSEE/DataSet/Test/510034/5100341031/5100341031.avi,2,3,0.09753073,0.19720492,0.44597614,0.25928822
467,/mnt/c/Users/puneet/Downloads/DAiSEE/DataSet/Test/510034/5100341032/5100341032.avi,2,2,0.0975442,0.19721362,0.4459757,0.25926647
468,/mnt/c/Users/puneet/Downloads/DAiSEE/DataSet/Test/510034/5100341033/5100341033.avi,2,2,0.097482584,0.19717377,0.44597766,0.25936598
469,/mnt/c/Users/puneet/Downloads/DAiSEE/DataSet/Test/510034/5100341034/5100341034.avi,2,3,0.09747741,0.19717042,0.4459778,0.25937435
470,/mnt/c/Users/puneet/Downloads/DAiSEE/DataSet/Test/510034/5100341035/5100341035.avi,2,2,0.09744453,0.19714913,0.44597885,0.2594275
471,/mnt/c/Users/puneet/Downloads/DAiSEE/DataSet/Test/510034/5100341037/5100341037.avi,2,2,0.09734694,0.19708592,0.4459818,0.25958532
472,/mnt/c/Users/puneet/Downloads/DAiSEE/DataSet/Test/510034/5100341038/5100341038.avi,2,2,0.09748052,0.19717243,0.44597772,0.25936934
473,/mnt/c/Users/puneet/Downloads/DAiSEE/DataSet/Test/510034/5100341039/5100341039.avi,2,3,0.09740831,0.19712569,0.44597995,0.25948605
474,/mnt/c/Users/puneet/Downloads/DAiSEE/DataSet/Test/510034/5100341042/5100341042.avi,2,2,0.09744888,0.19715196,0.4459787,0.25942045
475,/mnt/c/Users/puneet/Downloads/DAiSEE/DataSet/Test/510034/5100341043/5100341043.avi,2,1,0.09746045,0.19715944,0.44597834,0.25940177
476,/mnt/c/Users/puneet/Downloads/DAiSEE/DataSet/Test/510034/5100341046/5100341046.avi,2,2,0.09752317,0.19720003,0.44597638,0.25930044
477,/mnt/c/Users/puneet/Downloads/DAiSEE/DataSet/Test/510034/5100341048/5100341048.avi,2,3,0.09735162,0.19708896,0.44598165,0.25957778
478,/mnt/c/Users/puneet/Downloads/DAiSEE/DataSet/Test/510034/5100341050/5100341050.avi,2,3,0.09692893,0.19681442,0.445993,0.26026362
479,/mnt/c/Users/puneet/Downloads/DAiSEE/DataSet/Test/510034/5100341052/5100341052.avi,2,3,0.097466424,0.19716331,0.44597816,0.2593921
480,/mnt/c/Users/puneet/Downloads/DAiSEE/DataSet/Test/510034/5100341054/5100341054.avi,2,3,0.09738672,0.1971117,0.4459806,0.25952098
481,/mnt/c/Users/puneet/Downloads/DAiSEE/DataSet/Test/510034/5100341055/5100341055.avi,2,3,0.097432904,0.19714162,0.44597918,0.2594463
482,/mnt/c/Users/puneet/Downloads/DAiSEE/DataSet/Test/510034/5100341056/5100341056.avi,2,2,0.09742932,0.1971393,0.44597933,0.25945207
483,/mnt/c/Users/puneet/Downloads/DAiSEE/DataSet/Test/510034/5100341057/5100341057.avi,2,2,0.0974233,0.19713539,0.44597948,0.25946182
484,/mnt/c/Users/puneet/Downloads/DAiSEE/DataSet/Test/510034/5100341058/5100341058.avi,2,3,0.09747207,0.19716695,0.445978,0.259383
485,/mnt/c/Users/puneet/Downloads/DAiSEE/DataSet/Test/510034/5100341061/5100341061.avi,2,2,0.09737481,0.19710398,0.44598097,0.25954023
486,/mnt/c/Users/puneet/Downloads/DAiSEE/DataSet/Test/510034/5100341062/5100341062.avi,2,3,0.09734639,0.19708556,0.4459818,0.25958624
487,/mnt/c/Users/puneet/Downloads/DAiSEE/DataSet/Test/510034/5100341065/5100341065.avi,2,3,0.09745938,0.19715875,0.44597837,0.25940347
488,/mnt/c/Users/puneet/Downloads/DAiSEE/DataSet/Test/510034/5100341067/5100341067.avi,2,3,0.09751956,0.19719769,0.4459765,0.25930625
489,/mnt/c/Users/puneet/Downloads/DAiSEE/DataSet/Test/510034/5100341068/5100341068.avi,2,3,0.097444996,0.19714944,0.44597882,0.25942674
490,/mnt/c/Users/puneet/Downloads/DAiSEE/DataSet/Test/510034/5100341070/5100341070.avi,2,3,0.0974229,0.19713514,0.4459795,0.25946248
491,/mnt/c/Users/puneet/Downloads/DAiSEE/DataSet/Test/510034/5100341071/5100341071.avi,2,3,0.09746342,0.19716138,0.44597825,0.25939694
492,/mnt/c/Users/puneet/Downloads/DAiSEE/DataSet/Test/510034/5100341072/5100341072.avi,2,3,0.09753648,0.19720864,0.44597596,0.25927892
493,/mnt/c/Users/puneet/Downloads/DAiSEE/DataSet/Test/510034/5100341074/5100341074.avi,2,1,0.09742371,0.19713566,0.44597948,0.25946116
494,/mnt/c/Users/puneet/Downloads/DAiSEE/DataSet/Test/510034/5100341075/5100341075.avi,2,3,0.09746093,0.19715975,0.4459783,0.259401
495,/mnt/c/Users/puneet/Downloads/DAiSEE/DataSet/Test/510034/5100341076/5100341076.avi,2,3,0.09749629,0.19718264,0.4459772,0.25934383
496,/mnt/c/Users/puneet/Downloads/DAiSEE/DataSet/Test/510034/5100341077/5100341077.avi,2,2,0.097412646,0.19712849,0.4459798,0.25947905
497,/mnt/c/Users/puneet/Downloads/DAiSEE/DataSet/Test/510034/5100341078/5100341078.avi,2,3,0.09735096,0.19708852,0.44598168,0.25957882
498,/mnt/c/Users/puneet/Downloads/DAiSEE/DataSet/Test/510034/5100341079/5100341079.avi,2,3,0.09637476,0.19645259,0.44600433,0.2611683
499,/mnt/c/Users/puneet/Downloads/DAiSEE/DataSet/Test/510034/5100342002/5100342002.avi,2,3,0.07747474,0.18275139,0.44357473,0.29619914
500,/mnt/c/Users/puneet/Downloads/DAiSEE/DataSet/Test/510034/5100342003/5100342003.avi,2,2,0.080701046,0.18528764,0.44442675,0.28958458
501,/mnt/c/Users/puneet/Downloads/DAiSEE/DataSet/Test/510034/5100342007/5100342007.avi,2,3,0.09597475,0.19619009,0.44600996,0.26182517
502,/mnt/c/Users/puneet/Downloads/DAiSEE/DataSet/Test/510034/5100342008/5100342008.avi,2,2,0.096637554,0.19662444,0.44599947,0.26073852
503,/mnt/c/Users/puneet/Downloads/DAiSEE/DataSet/Test/510034/5100342009/5100342009.avi,2,2,0.09687008,0.1967761,0.4459944,0.2603594
504,/mnt/c/Users/puneet/Downloads/DAiSEE/DataSet/Test/510034/5100342012/5100342012.avi,2,2,0.095987566,0.19619852,0.4460098,0.2618041
505,/mnt/c/Users/puneet/Downloads/DAiSEE/DataSet/Test/510034/5100342016/5100342016.avi,2,2,0.0971687,0.1969703,0.44598687,0.25987414
506,/mnt/c/Users/puneet/Downloads/DAiSEE/DataSet/Test/510034/5100342017/5100342017.avi,2,3,0.0971805,0.19697796,0.44598654,0.259855
507,/mnt/c/Users/puneet/Downloads/DAiSEE/DataSet/Test/510034/5100342018/5100342018.avi,2,2,0.09744371,0.1971486,0.44597885,0.25942883
508,/mnt/c/Users/puneet/Downloads/DAiSEE/DataSet/Test/510034/5100342020/5100342020.avi,2,3,0.09727272,0.1970378,0.44598395,0.25970554
509,/mnt/c/Users/puneet/Downloads/DAiSEE/DataSet/Test/510034/5100342022/5100342022.avi,2,0,0.097530365,0.19720468,0.44597614,0.25928882
510,/mnt/c/Users/puneet/Downloads/DAiSEE/DataSet/Test/510034/5100342023/5100342023.avi,2,1,0.09758017,0.1972369,0.44597453,0.2592084
511,/mnt/c/Users/puneet/Downloads/DAiSEE/DataSet/Test/510034/5100342024/5100342024.avi,2,1,0.09755769,0.19722235,0.44597524,0.25924468
512,/mnt/c/Users/puneet/Downloads/DAiSEE/DataSet/Test/510034/5100342025/5100342025.avi,2,2,0.09758365,0.19723913,0.4459744,0.2592028
513,/mnt/c/Users/puneet/Downloads/DAiSEE/DataSet/Test/510034/5100342028/5100342028.avi,2,1,0.0965177,0.19654612,0.44600183,0.26093438
514,/mnt/c/Users/puneet/Downloads/DAiSEE/DataSet/Test/510034/5100342030/5100342030.avi,2,2,0.0969982,0.1968595,0.4459913,0.26015097
515,/mnt/c/Users/puneet/Downloads/DAiSEE/DataSet/Test/510034/5100342031/5100342031.avi,2,2,0.097035594,0.19688383,0.44599038,0.2600902
516,/mnt/c/Users/puneet/Downloads/DAiSEE/DataSet/Test/510034/5100342034/5100342034.avi,2,2,0.0970484,0.19689214,0.44599006,0.2600694
517,/mnt/c/Users/puneet/Downloads/DAiSEE/DataSet/Test/510034/5100342036/5100342036.avi,2,1,0.096125774,0.19628933,0.4460081,0.2615768
518,/mnt/c/Users/puneet/Downloads/DAiSEE/DataSet/Test/510034/5100342042/5100342042.avi,2,2,0.09417409,0.19499442,0.44600835,0.26482314
519,/mnt/c/Users/puneet/Downloads/DAiSEE/DataSet/Test/510034/5100342043/5100342043.avi,2,2,0.09708596,0.19691655,0.44598907,0.26000842
520,/mnt/c/Users/puneet/Downloads/DAiSEE/DataSet/Test/510034/5100342045/5100342045.avi,2,2,0.0971571,0.19696277,0.44598716,0.25989297
521,/mnt/c/Users/puneet/Downloads/DAiSEE/DataSet/Test/510034/5100342048/5100342048.avi,2,1,0.097473264,0.19716774,0.44597796,0.25938106
522,/mnt/c/Users/puneet/Downloads/DAiSEE/DataSet/Test/510035/5100351001/5100351001.avi,2,1,0.087141216,0.19009957,0.44555107,0.27720815
523,/mnt/c/Users/puneet/Downloads/DAiSEE/DataSet/Test/510035/5100351002/5100351002.avi,2,1,0.091093145,0.1928948,0.44589952,0.2701125
524,/mnt/c/Users/puneet/Downloads/DAiSEE/DataSet/Test/510035/5100351004/5100351004.avi,2,2,0.091398716,0.19310611,0.4459165,0.26957867
525,/mnt/c/Users/puneet/Downloads/DAiSEE/DataSet/Test/510035/5100351005/5100351005.avi,2,2,0.08851016,0.19108105,0.44569945,0.27470934
526,/mnt/c/Users/puneet/Downloads/DAiSEE/DataSet/Test/510035/5100351007/5100351007.avi,2,2,0.0975834,0.19723898,0.44597444,0.2592032
527,/mnt/c/Users/puneet/Downloads/DAiSEE/DataSet/Test/510035/5100351009/5100351009.avi,2,2,0.09715073,0.19695863,0.44598734,0.2599033
528,/mnt/c/Users/puneet/Downloads/DAiSEE/DataSet/Test/510035/5100351010/5100351010.avi,2,2,0.08553529,0.18893,0.44533804,0.28019667
529,/mnt/c/Users/puneet/Downloads/DAiSEE/DataSet/Test/510035/5100351012/5100351012.avi,2,3,0.09767894,0.1973007,0.44597125,0.25904912
530,/mnt/c/Users/puneet/Downloads/DAiSEE/DataSet/Test/510035/5100351013/5100351013.avi,2,1,0.0951958,0.19567567,0.44601473,0.2631138
531,/mnt/c/Users/puneet/Downloads/DAiSEE/DataSet/Test/510035/5100351015/5100351015.avi,2,2,0.097442485,0.19714782,0.4459789,0.2594308
532,/mnt/c/Users/puneet/Downloads/DAiSEE/DataSet/Test/510035/5100351016/5100351016.avi,2,2,0.09763423,0.19727182,0.44597274,0.2591212
533,/mnt/c/Users/puneet/Downloads/DAiSEE/DataSet/Test/510035/5100351019/5100351019.avi,2,2,0.09280888,0.1940725,0.44597703,0.26714158
534,/mnt/c/Users/puneet/Downloads/DAiSEE/DataSet/Test/510035/5100351020/5100351020.avi,2,2,0.09729205,0.19705035,0.4459834,0.2596742
535,/mnt/c/Users/puneet/Downloads/DAiSEE/DataSet/Test/510035/5100351021/5100351021.avi,2,2,0.097550675,0.1972178,0.4459755,0.25925604
536,/mnt/c/Users/puneet/Downloads/DAiSEE/DataSet/Test/510035/5100351022/5100351022.avi,2,0,0.09545175,0.19584517,0.44601408,0.262689
537,/mnt/c/Users/puneet/Downloads/DAiSEE/DataSet/Test/510035/5100351023/5100351023.avi,2,2,0.09765337,0.19728418,0.4459721,0.25909036
538,/mnt/c/Users/puneet/Downloads/DAiSEE/DataSet/Test/510035/5100351024/5100351024.avi,2,2,0.09773659,0.19733793,0.44596928,0.25895622
539,/mnt/c/Users/puneet/Downloads/DAiSEE/DataSet/Test/510035/5100351025/5100351025.avi,2,2,0.090450466,0.19244812,0.44585925,0.27124214
540,/mnt/c/Users/puneet/Downloads/DAiSEE/DataSet/Test/510035/5100351026/5100351026.avi,2,3,0.097179346,0.19697723,0.44598657,0.25985685
541,/mnt/c/Users/puneet/Downloads/DAiSEE/DataSet/Test/510035/5100351032/5100351032.avi,2,3,0.09609077,0.19626634,0.44600856,0.26163432
542,/mnt/c/Users/puneet/Downloads/DAiSEE/DataSet/Test/510035/5100351034/5100351034.avi,2,3,0.09746104,0.19715981,0.44597834,0.2594008
543,/mnt/c/Users/puneet/Downloads/DAiSEE/DataSet/Test/510035/5100351035/5100351035.avi,2,2,0.09764378,0.197278,0.4459724,0.2591058
544,/mnt/c/Users/puneet/Downloads/DAiSEE/DataSet/Test/510035/5100351036/5100351036.avi,2,2,0.094733484,0.19536832,0.44601363,0.26388454
545,/mnt/c/Users/puneet/Downloads/DAiSEE/DataSet/Test/510035/5100351038/5100351038.avi,2,2,0.09774111,0.19734083,0.4459691,0.25894895
546,/mnt/c/Users/puneet/Downloads/DAiSEE/DataSet/Test/510035/5100351039/5100351039.avi,2,3,0.0954868,0.19586834,0.44601393,0.26263094
547,/mnt/c/Users/puneet/Downloads/DAiSEE/DataSet/Test/510035/5100351040/5100351040.avi,2,2,0.09768788,0.19730647,0.44597092,0.25903472
548,/mnt/c/Users/puneet/Downloads/DAiSEE/DataSet/Test/510035/5100351042/5100351042.avi,2,1,0.088927604,0.19137752,0.44573876,0.2739561
549,/mnt/c/Users/puneet/Downloads/DAiSEE/DataSet/Test/510035/5100351043/5100351043.avi,2,3,0.09007955,0.19218895,0.4458332,0.2718983
550,/mnt/c/Users/puneet/Downloads/DAiSEE/DataSet/Test/510035/5100351044/5100351044.avi,2,2,0.096316695,0.19641456,0.44600528,0.26126346
551,/mnt/c/Users/puneet/Downloads/DAiSEE/DataSet/Test/510035/5100351045/5100351045.avi,2,2,0.09769549,0.19731139,0.44597068,0.25902244
552,/mnt/c/Users/puneet/Downloads/DAiSEE/DataSet/Test/510035/5100351046/5100351046.avi,2,3,0.09494164,0.1955069,0.4460145,0.26353696
553,/mnt/c/Users/puneet/Downloads/DAiSEE/DataSet/Test/510035/5100351049/5100351049.avi,2,3,0.09601677,0.19621772,0.4460095,0.26175603
554,/mnt/c/Users/puneet/Downloads/DAiSEE/DataSet/Test/510035/5100351051/5100351051.avi,2,3,0.08950428,0.19178496,0.44578862,0.27292213
555,/mnt/c/Users/puneet/Downloads/DAiSEE/DataSet/Test/510035/5100351054/5100351054.avi,2,2,0.09025773,0.19231358,0.445846,0.2715827
556,/mnt/c/Users/puneet/Downloads/DAiSEE/DataSet/Test/510035/5100351058/5100351058.avi,2,2,0.09717915,0.1969771,0.44598657,0.25985718
557,/mnt/c/Users/puneet/Downloads/DAiSEE/DataSet/Test/510035/5100352001/5100352001.avi,2,2,0.09686188,0.19677076,0.44599462,0.26037276
558,/mnt/c/Users/puneet/Downloads/DAiSEE/DataSet/Test/510035/5100352002/5100352002.avi,2,2,0.09650384,0.19653706,0.4460021,0.26095703
559,/mnt/c/Users/puneet/Downloads/DAiSEE/DataSet/Test/510035/5100352003/5100352003.avi,2,2,0.08919407,0.1915661,0.44576243,0.27347738
560,/mnt/c/Users/puneet/Downloads/DAiSEE/DataSet/Test/510035/5100352004/5100352004.avi,2,3,0.095719226,0.19602181,0.44601244,0.26224652
561,/mnt/c/Users/puneet/Downloads/DAiSEE/DataSet/Test/510035/5100352005/5100352005.avi,2,2,0.094039604,0.1949042,0.44600645,0.26504976
562,/mnt/c/Users/puneet/Downloads/DAiSEE/DataSet/Test/510035/5100352006/5100352006.avi,2,2,0.09617086,0.19631892,0.4460075,0.26150274
563,/mnt/c/Users/puneet/Downloads/DAiSEE/DataSet/Test/510035/5100352007/5100352007.avi,2,3,0.09028951,0.19233578,0.4458482,0.2715265
564,/mnt/c/Users/puneet/Downloads/DAiSEE/DataSet/Test/510035/5100352008/5100352008.avi,2,2,0.09752261,0.19719966,0.44597638,0.25930133
565,/mnt/c/Users/puneet/Downloads/DAiSEE/DataSet/Test/510035/5100352009/5100352009.avi,2,3,0.09757716,0.19723494,0.44597462,0.25921327
566,/mnt/c/Users/puneet/Downloads/DAiSEE/DataSet/Test/510035/5100352011/5100352011.avi,2,2,0.0971167,0.19693653,0.44598827,0.2599585
567,/mnt/c/Users/puneet/Downloads/DAiSEE/DataSet/Test/510035/5100352012/5100352012.avi,2,2,0.09762574,0.19726634,0.44597304,0.2591349
568,/mnt/c/Users/puneet/Downloads/DAiSEE/DataSet/Test/510035/5100352013/5100352013.avi,2,3,0.09543047,0.19583109,0.44601417,0.26272428
569,/mnt/c/Users/puneet/Downloads/DAiSEE/DataSet/Test/510035/5100352014/5100352014.avi,2,2,0.097000785,0.19686118,0.44599125,0.2601468
570,/mnt/c/Users/puneet/Downloads/DAiSEE/DataSet/Test/510035/5100352015/5100352015.avi,2,2,0.097721666,0.19732828,0.4459698,0.25898027
571,/mnt/c/Users/puneet/Downloads/DAiSEE/DataSet/Test/510035/5100352016/5100352016.avi,2,2,0.097221255,0.19700441,0.4459854,0.25978893
572,/mnt/c/Users/puneet/Downloads/DAiSEE/DataSet/Test/510035/5100352017/5100352017.avi,2,3,0.09754164,0.19721197,0.44597578,0.2592706
573,/mnt/c/Users/puneet/Downloads/DAiSEE/DataSet/Test/510035/5100352018/5100352018.avi,2,2,0.097595826,0.197247,0.44597402,0.25918317
574,/mnt/c/Users/puneet/Downloads/DAiSEE/DataSet/Test/510035/5100352020/5100352020.avi,2,3,0.09336782,0.19445157,0.44599307,0.26618755
575,/mnt/c/Users/puneet/Downloads/DAiSEE/DataSet/Test/510035/5100352021/5100352021.avi,2,2,0.097099654,0.19692546,0.4459887,0.25998616
576,/mnt/c/Users/puneet/Downloads/DAiSEE/DataSet/Test/510035/5100352022/5100352022.avi,2,1,0.08941358,0.19172105,0.4457811,0.27308425
577,/mnt/c/Users/puneet/Downloads/DAiSEE/DataSet/Test/510035/5100352026/5100352026.avi,2,3,0.09760087,0.19725026,0.44597384,0.259175
578,/mnt/c/Users/puneet/Downloads/DAiSEE/DataSet/Test/510035/5100352027/5100352027.avi,2,3,0.09768463,0.19730437,0.44597104,0.25903994
579,/mnt/c/Users/puneet/Downloads/DAiSEE/DataSet/Test/510035/5100352028/5100352028.avi,2,2,0.097700596,0.19731468,0.4459705,0.25901422
580,/mnt/c/Users/puneet/Downloads/DAiSEE/DataSet/Test/510035/5100352030/5100352030.avi,2,3,0.096039005,0.19623232,0.44600922,0.26171947
581,/mnt/c/Users/puneet/Downloads/DAiSEE/DataSet/Test/510035/5100352031/5100352031.avi,2,3,0.09714287,0.19695354,0.44598755,0.25991604
582,/mnt/c/Users/puneet/Downloads/DAiSEE/DataSet/Test/510035/5100352032/5100352032.avi,2,2,0.09765426,0.19728476,0.44597208,0.2590889
583,/mnt/c/Users/puneet/Downloads/DAiSEE/DataSet/Test/510035/5100352033/5100352033.avi,2,2,0.090885565,0.19275087,0.4458872,0.27047634
584,/mnt/c/Users/puneet/Downloads/DAiSEE/DataSet/Test/510035/5100352034/5100352034.avi,2,2,0.088139124,0.19081643,0.4456622,0.27538222
585,/mnt/c/Users/puneet/Downloads/DAiSEE/DataSet/Test/510035/5100352035/5100352035.avi,2,2,0.09615621,0.19630931,0.4460077,0.2615268
586,/mnt/c/Users/puneet/Downloads/DAiSEE/DataSet/Test/510035/5100352037/5100352037.avi,2,2,0.09735927,0.1970939,0.4459814,0.25956538
587,/mnt/c/Users/puneet/Downloads/DAiSEE/DataSet/Test/510035/5100352038/5100352038.avi,2,3,0.09777716,0.19736409,0.44596785,0.2588909
588,/mnt/c/Users/puneet/Downloads/DAiSEE/DataSet/Test/510035/5100352039/5100352039.avi,2,3,0.096408166,0.19647446,0.4460038,0.26111358
589,/mnt/c/Users/puneet/Downloads/DAiSEE/DataSet/Test/510035/5100352041/5100352041.avi,2,2,0.097517975,0.19719666,0.44597653,0.25930882
590,/mnt/c/Users/puneet/Downloads/DAiSEE/DataSet/Test/510035/5100352042/5100352042.avi,2,2,0.097722985,0.19732913,0.44596973,0.25897813
591,/mnt/c/Users/puneet/Downloads/DAiSEE/DataSet/Test/510035/5100352043/5100352043.avi,2,1,0.09247074,0.19384208,0.44596514,0.267722
592,/mnt/c/Users/puneet/Downloads/DAiSEE/DataSet/Test/510035/5100352044/5100352044.avi,2,2,0.088680886,0.19120245,0.44571587,0.2744008
593,/mnt/c/Users/puneet/Downloads/DAiSEE/DataSet/Test/510035/5100352045/5100352045.avi,2,3,0.09763172,0.1972702,0.44597283,0.25912523
594,/mnt/c/Users/puneet/Downloads/DAiSEE/DataSet/Test/510035/5100352046/5100352046.avi,2,3,0.07708056,0.18243553,0.44345626,0.29702765
595,/mnt/c/Users/puneet/Downloads/DAiSEE/DataSet/Test/510035/5100352049/5100352049.avi,2,2,0.09748301,0.19717404,0.44597763,0.25936532
596,/mnt/c/Users/puneet/Downloads/DAiSEE/DataSet/Test/510035/5100352050/5100352050.avi,2,2,0.09697446,0.19684404,0.4459919,0.2601896
597,/mnt/c/Users/puneet/Downloads/DAiSEE/DataSet/Test/510035/5100352051/5100352051.avi,2,2,0.09295873,0.19417436,0.44598177,0.26688513
598,/mnt/c/Users/puneet/Downloads/DAiSEE/DataSet/Test/510035/5100352052/5100352052.avi,2,3,0.09763924,0.19727506,0.4459726,0.25911313
599,/mnt/c/Users/puneet/Downloads/DAiSEE/DataSet/Test/510035/5100352054/5100352054.avi,2,1,0.08916701,0.19154698,0.4457601,0.27352592
600,/mnt/c/Users/puneet/Downloads/DAiSEE/DataSet/Test/510035/5100352055/5100352055.avi,2,3,0.09678039,0.19671765,0.44599646,0.2605055
601,/mnt/c/Users/puneet/Downloads/DAiSEE/DataSet/Test/510035/5100352056/5100352056.avi,2,2,0.0973973,0.19711855,0.44598028,0.25950387
602,/mnt/c/Users/puneet/Downloads/DAiSEE/DataSet/Test/510035/5100352057/5100352057.avi,2,2,0.09113465,0.19292355,0.44590193,0.2700399
603,/mnt/c/Users/puneet/Downloads/DAiSEE/DataSet/Test/510035/5100352060/5100352060.avi,2,2,0.09719417,0.19698684,0.44598615,0.25983283
604,/mnt/c/Users/puneet/Downloads/DAiSEE/DataSet/Test/510035/5100352061/5100352061.avi,2,2,0.09689764,0.19679405,0.44599378,0.26031455
605,/mnt/c/Users/puneet/Downloads/DAiSEE/DataSet/Test/510035/5100352063/5100352063.avi,2,2,0.09664255,0.1966277,0.44599938,0.2607304
606,/mnt/c/Users/puneet/Downloads/DAiSEE/DataSet/Test/510036/5100361009/5100361009.avi,2,2,0.097424634,0.19713625,0.44597945,0.25945967
607,/mnt/c/Users/puneet/Downloads/DAiSEE/DataSet/Test/510036/5100361056/5100361056.avi,2,2,0.093590796,0.19460216,0.4459982,0.26580882
608,/mnt/c/Users/puneet/Downloads/DAiSEE/DataSet/Test/510036/5100362028/5100362028.avi,2,3,0.08957774,0.19183668,0.44579458,0.27279097
609,/mnt/c/Users/puneet/Downloads/DAiSEE/DataSet/Test/510036/5100362029/5100362029.avi,2,2,0.096842356,0.19675803,0.44599506,0.26040456
610,/mnt/c/Users/puneet/Downloads/DAiSEE/DataSet/Test/510036/5100362030/5100362030.avi,2,3,0.09706289,0.19690156,0.44598967,0.26004586
611,/mnt/c/Users/puneet/Downloads/DAiSEE/DataSet/Test/510036/5100362052/5100362052.avi,2,2,0.097409874,0.19712669,0.4459799,0.25948352
612,/mnt/c/Users/puneet/Downloads/DAiSEE/DataSet/Test/510037/5100371022/5100371022.avi,2,2,0.09685306,0.19676502,0.44599482,0.26038712
613,/mnt/c/Users/puneet/Downloads/DAiSEE/DataSet/Test/510037/5100371023/5100371023.avi,2,3,0.09558844,0.1959355,0.44601336,0.2624627
614,/mnt/c/Users/puneet/Downloads/DAiSEE/DataSet/Test/510037/5100371024/5100371024.avi,2,2,0.09693791,0.19682026,0.4459928,0.26024902
615,/mnt/c/Users/puneet/Downloads/DAiSEE/DataSet/Test/510037/5100371026/5100371026.avi,2,3,0.0957746,0.19605832,0.44601196,0.26215512
616,/mnt/c/Users/puneet/Downloads/DAiSEE/DataSet/Test/510037/5100371027/5100371027.avi,2,3,0.096740335,0.19669151,0.44599733,0.26057082
617,/mnt/c/Users/puneet/Downloads/DAiSEE/DataSet/Test/510037/5100371042/5100371042.avi,2,3,0.095667906,0.19598795,0.44601282,0.2623313
618,/mnt/c/Users/puneet/Downloads/DAiSEE/DataSet/Test/510037/5100371055/5100371055.avi,2,2,0.09376441,0.19471918,0.44600174,0.26551467
619,/mnt/c/Users/puneet/Downloads/DAiSEE/DataSet/Test/510037/5100371056/5100371056.avi,2,2,0.091485195,0.19316581,0.44592103,0.26942796
620,/mnt/c/Users/puneet/Downloads/DAiSEE/DataSet/Test/510037/5100371067/5100371067.avi,2,2,0.0933655,0.19444999,0.445993,0.2661915
621,/mnt/c/Users/puneet/Downloads/DAiSEE/DataSet/Test/510037/5100371079/5100371079.avi,2,2,0.096464545,0.19651136,0.44600278,0.26102132
622,/mnt/c/Users/puneet/Downloads/DAiSEE/DataSet/Test/510037/5100372001/5100372001.avi,2,3,0.09655837,0.1965727,0.44600105,0.26086786
623,/mnt/c/Users/puneet/Downloads/DAiSEE/DataSet/Test/510037/5100372002/5100372002.avi,2,2,0.09652568,0.19655135,0.44600165,0.2609213
624,/mnt/c/Users/puneet/Downloads/DAiSEE/DataSet/Test/510037/5100372003/5100372003.avi,2,2,0.096058376,0.19624506,0.44600898,0.26168758
625,/mnt/c/Users/puneet/Downloads/DAiSEE/DataSet/Test/510037/5100372005/5100372005.avi,2,2,0.09648818,0.19652683,0.44600236,0.26098263
626,/mnt/c/Users/puneet/Downloads/DAiSEE/DataSet/Test/510037/5100372006/5100372006.avi,2,3,0.09712871,0.19694433,0.44598794,0.25993901
627,/mnt/c/Users/puneet/Downloads/DAiSEE/DataSet/Test/510037/5100372007/5100372007.avi,2,3,0.09642557,0.19648586,0.44600347,0.2610851
628,/mnt/c/Users/puneet/Downloads/DAiSEE/DataSet/Test/510037/5100372009/5100372009.avi,2,3,0.09438463,0.19513541,0.44601086,0.2644691
629,/mnt/c/Users/puneet/Downloads/DAiSEE/DataSet/Test/510037/5100372011/5100372011.avi,2,3,0.09637508,0.1964528,0.44600433,0.26116776
630,/mnt/c/Users/puneet/Downloads/DAiSEE/DataSet/Test/510037/5100372015/5100372015.avi,2,3,0.09708444,0.19691557,0.44598913,0.26001087
631,/mnt/c/Users/puneet/Downloads/DAiSEE/DataSet/Test/510037/5100372016/5100372016.avi,2,3,0.097309805,0.19706185,0.44598287,0.25964546
632,/mnt/c/Users/puneet/Downloads/DAiSEE/DataSet/Test/510037/5100372017/5100372017.avi,2,3,0.09739918,0.19711977,0.44598022,0.2595008
633,/mnt/c/Users/puneet/Downloads/DAiSEE/DataSet/Test/510037/5100372018/5100372018.avi,2,3,0.09733264,0.19707666,0.44598222,0.25960848
634,/mnt/c/Users/puneet/Downloads/DAiSEE/DataSet/Test/510037/5100372019/5100372019.avi,2,2,0.09705054,0.19689354,0.44599,0.2600659
635,/mnt/c/Users/puneet/Downloads/DAiSEE/DataSet/Test/510037/5100372020/5100372020.avi,2,3,0.09698918,0.19685362,0.44599155,0.26016566
636,/mnt/c/Users/puneet/Downloads/DAiSEE/DataSet/Test/510037/5100372021/5100372021.avi,2,2,0.096846044,0.19676043,0.44599497,0.26039854
637,/mnt/c/Users/puneet/Downloads/DAiSEE/DataSet/Test/510037/5100372022/5100372022.avi,2,3,0.09715091,0.19695875,0.44598734,0.25990298
638,/mnt/c/Users/puneet/Downloads/DAiSEE/DataSet/Test/510037/5100372023/5100372023.avi,2,3,0.095901996,0.19614221,0.44601077,0.26194504
639,/mnt/c/Users/puneet/Downloads/DAiSEE/DataSet/Test/510037/5100372026/5100372026.avi,2,3,0.09594231,0.19616875,0.44601032,0.2618786
640,/mnt/c/Users/puneet/Downloads/DAiSEE/DataSet/Test/510037/5100372027/5100372027.avi,2,3,0.096245244,0.19636773,0.44600642,0.2613806
641,/mnt/c/Users/puneet/Downloads/DAiSEE/DataSet/Test/510037/5100372028/5100372028.avi,2,2,0.09690387,0.19679809,0.4459936,0.26030442
642,/mnt/c/Users/puneet/Downloads/DAiSEE/DataSet/Test/510037/5100372069/5100372069.avi,2,3,0.09407089,0.1949252,0.44600692,0.26499698
643,/mnt/c/Users/puneet/Downloads/DAiSEE/DataSet/Test/510038/5100381002/5100381002.avi,3,3,0.02839002,0.12795156,0.37435904,0.46929938
644,/mnt/c/Users/puneet/Downloads/DAiSEE/DataSet/Test/510038/5100381003/5100381003.avi,2,3,0.095213905,0.19568768,0.4460147,0.26308373
645,/mnt/c/Users/puneet/Downloads/DAiSEE/DataSet/Test/510038/5100381004/5100381004.avi,2,2,0.09166221,0.19328779,0.44593,0.26911998
646,/mnt/c/Users/puneet/Downloads/DAiSEE/DataSet/Test/510038/5100381005/5100381005.avi,2,2,0.09572756,0.19602731,0.44601238,0.26223275
647,/mnt/c/Users/puneet/Downloads/DAiSEE/DataSet/Test/510038/5100381006/5100381006.avi,2,2,0.094708174,0.19535145,0.4460135,0.26392686
648,/mnt/c/Users/puneet/Downloads/DAiSEE/DataSet/Test/510038/5100381007/5100381007.avi,2,2,0.079506904,0.18435898,0.44413528,0.29199883
649,/mnt/c/Users/puneet/Downloads/DAiSEE/DataSet/Test/510038/5100381008/5100381008.avi,2,2,0.07785393,0.18305399,0.44368565,0.29540643
650,/mnt/c/Users/puneet/Downloads/DAiSEE/DataSet/Test/510038/5100381009/5100381009.avi,2,2,0.09018579,0.19226329,0.44584087,0.27171004
651,/mnt/c/Users/puneet/Downloads/DAiSEE/DataSet/Test/510038/5100381010/5100381010.avi,2,2,0.09016606,0.19224949,0.44583946,0.27174497
652,/mnt/c/Users/puneet/Downloads/DAiSEE/DataSet/Test/510038/5100381011/5100381011.avi,2,3,0.091422625,0.19312263,0.44591776,0.26953697
653,/mnt/c/Users/puneet/Downloads/DAiSEE/DataSet/Test/510038/5100381012/5100381012.avi,2,3,0.091136076,0.19292453,0.445902,0.2700374
654,/mnt/c/Users/puneet/Downloads/DAiSEE/DataSet/Test/510038/5100381015/5100381015.avi,2,3,0.09216968,0.19363624,0.4459532,0.2682409
655,/mnt/c/Users/puneet/Downloads/DAiSEE/DataSet/Test/510038/5100381016/5100381016.avi,2,3,0.091201596,0.19296987,0.44590572,0.26992282
656,/mnt/c/Users/puneet/Downloads/DAiSEE/DataSet/Test/510038/5100381017/5100381017.avi,2,2,0.092132345,0.19361068,0.4459516,0.26830536
657,/mnt/c/Users/puneet/Downloads/DAiSEE/DataSet/Test/510038/5100381018/5100381018.avi,2,2,0.092939265,0.19416113,0.44598117,0.26691842
658,/mnt/c/Users/puneet/Downloads/DAiSEE/DataSet/Test/510038/5100381019/5100381019.avi,2,3,0.09072447,0.19263893,0.4458772,0.2707594
659,/mnt/c/Users/puneet/Downloads/DAiSEE/DataSet/Test/510038/5100381020/5100381020.avi,2,2,0.093178056,0.19432314,0.44598812,0.2665107
660,/mnt/c/Users/puneet/Downloads/DAiSEE/DataSet/Test/510038/5100381021/5100381021.avi,2,2,0.09133939,0.19306514,0.4459133,0.26968217
661,/mnt/c/Users/puneet/Downloads/DAiSEE/DataSet/Test/510038/5100381022/5100381022.avi,2,2,0.09307975,0.19425648,0.44598535,0.2666784
662,/mnt/c/Users/puneet/Downloads/DAiSEE/DataSet/Test/510038/5100381023/5100381023.avi,2,3,0.09102262,0.19284594,0.4458954,0.27023602
663,/mnt/c/Users/puneet/Downloads/DAiSEE/DataSet/Test/510038/5100381024/5100381024.avi,2,3,0.09142023,0.19312097,0.44591764,0.26954117
664,/mnt/c/Users/puneet/Downloads/DAiSEE/DataSet/Test/510038/5100381026/5100381026.avi,2,2,0.09240771,0.19379905,0.44596276,0.2678305
665,/mnt/c/Users/puneet/Downloads/DAiSEE/DataSet/Test/510038/5100381027/5100381027.avi,2,3,0.08696268,0.18997052,0.4455295,0.27753732
666,/mnt/c/Users/puneet/Downloads/DAiSEE/DataSet/Test/510038/5100381028/5100381028.avi,2,3,0.090261914,0.19231649,0.44584626,0.27157533
667,/mnt/c/Users/puneet/Downloads/DAiSEE/DataSet/Test/510038/5100381029/5100381029.avi,2,3,0.092081636,0.19357592,0.44594944,0.26839298
668,/mnt/c/Users/puneet/Downloads/DAiSEE/DataSet/Test/510038/5100381031/5100381031.avi,2,2,0.091219425,0.19298221,0.4459067,0.26989165
669,/mnt/c/Users/puneet/Downloads/DAiSEE/DataSet/Test/510038/5100381032/5100381032.avi,2,2,0.089648776,0.19188668,0.4458003,0.27266428
670,/mnt/c/Users/puneet/Downloads/DAiSEE/DataSet/Test/510038/5100381034/5100381034.avi,2,3,0.09233118,0.19374675,0.44595978,0.2679623
671,/mnt/c/Users/puneet/Downloads/DAiSEE/DataSet/Test/510038/5100381035/5100381035.avi,2,2,0.092530146,0.19388263,0.44596738,0.26761988
672,/mnt/c/Users/puneet/Downloads/DAiSEE/DataSet/Test/510038/5100381037/5100381037.avi,2,2,0.09112904,0.19291966,0.44590157,0.27004972
673,/mnt/c/Users/puneet/Downloads/DAiSEE/DataSet/Test/510038/5100381038/5100381038.avi,2,2,0.09056862,0.19253047,0.44586715,0.2710338
674,/mnt/c/Users/puneet/Downloads/DAiSEE/DataSet/Test/510038/5100381039/5100381039.avi,2,2,0.090552524,0.19251926,0.44586608,0.27106214
675,/mnt/c/Users/puneet/Downloads/DAiSEE/DataSet/Test/510038/5100381040/5100381040.avi,2,3,0.09070144,0.19262291,0.44587573,0.27079993
676,/mnt/c/Users/puneet/Downloads/DAiSEE/DataSet/Test/510038/5100381041/5100381041.avi,2,3,0.08935552,0.1916801,0.44577625,0.2731881
677,/mnt/c/Users/puneet/Downloads/DAiSEE/DataSet/Test/510038/5100381042/5100381042.avi,2,2,0.09331111,0.19441321,0.44599164,0.26628405
678,/mnt/c/Users/puneet/Downloads/DAiSEE/DataSet/Test/510038/5100381043/5100381043.avi,2,2,0.089877196,0.19204712,0.4458181,0.2722576
679,/mnt/c/Users/puneet/Downloads/DAiSEE/DataSet/Test/510038/5100381044/5100381044.avi,2,2,0.090714976,0.19263233,0.4458766,0.2707761
680,/mnt/c/Users/puneet/Downloads/DAiSEE/DataSet/Test/510038/5100381045/5100381045.avi,2,3,0.090973966,0.1928122,0.4458925,0.2703213
681,/mnt/c/Users/puneet/Downloads/DAiSEE/DataSet/Test/510038/5100381046/5100381046.avi,2,3,0.09065825,0.19259287,0.44587296,0.27087593
682,/mnt/c/Users/puneet/Downloads/DAiSEE/DataSet/Test/510038/5100381047/5100381047.avi,2,3,0.090494186,0.19247861,0.4458622,0.271165
683,/mnt/c/Users/puneet/Downloads/DAiSEE/DataSet/Test/510038/5100381048/5100381048.avi,2,3,0.09151187,0.1931842,0.44592243,0.2693815
684,/mnt/c/Users/puneet/Downloads/DAiSEE/DataSet/Test/510038/5100381049/5100381049.avi,2,2,0.09048183,0.19247,0.44586137,0.27118677
685,/mnt/c/Users/puneet/Downloads/DAiSEE/DataSet/Test/510038/5100381050/5100381050.avi,2,3,0.09021017,0.19228034,0.44584262,0.27166688
686,/mnt/c/Users/puneet/Downloads/DAiSEE/DataSet/Test/510038/5100381051/5100381051.avi,2,2,0.090471335,0.19246268,0.44586068,0.2712053
687,/mnt/c/Users/puneet/Downloads/DAiSEE/DataSet/Test/510038/5100381052/5100381052.avi,2,3,0.09028443,0.19233224,0.44584787,0.27153546
688,/mnt/c/Users/puneet/Downloads/DAiSEE/DataSet/Test/510038/5100381053/5100381053.avi,2,3,0.090632565,0.192575,0.4458713,0.27092114
689,/mnt/c/Users/puneet/Downloads/DAiSEE/DataSet/Test/510038/5100381054/5100381054.avi,2,2,0.09144471,0.19313785,0.44591892,0.2694985
690,/mnt/c/Users/puneet/Downloads/DAiSEE/DataSet/Test/510038/5100381055/5100381055.avi,2,2,0.09126936,0.19301675,0.44590947,0.26980442
691,/mnt/c/Users/puneet/Downloads/DAiSEE/DataSet/Test/510038/5100381056/5100381056.avi,2,3,0.09088562,0.1927509,0.4458872,0.27047628
692,/mnt/c/Users/puneet/Downloads/DAiSEE/DataSet/Test/510038/5100381058/5100381058.avi,2,2,0.09122665,0.19298722,0.44590712,0.269879
693,/mnt/c/Users/puneet/Downloads/DAiSEE/DataSet/Test/510038/5100381059/5100381059.avi,2,3,0.09104586,0.19286203,0.44589677,0.27019534
694,/mnt/c/Users/puneet/Downloads/DAiSEE/DataSet/Test/510038/5100381060/5100381060.avi,2,2,0.089227326,0.1915896,0.44576532,0.27341777
695,/mnt/c/Users/puneet/Downloads/DAiSEE/DataSet/Test/510038/5100381061/5100381061.avi,2,2,0.09146098,0.19314909,0.44591978,0.26947016
696,/mnt/c/Users/puneet/Downloads/DAiSEE/DataSet/Test/510038/5100381063/5100381063.avi,2,2,0.089615576,0.19186331,0.44579762,0.27272347
697,/mnt/c/Users/puneet/Downloads/DAiSEE/DataSet/Test/510038/5100381065/5100381065.avi,2,2,0.08891735,0.19137026,0.44573784,0.27397454
698,/mnt/c/Users/puneet/Downloads/DAiSEE/DataSet/Test/510038/5100381066/5100381066.avi,2,2,0.091347024,0.19307043,0.4459137,0.26966885
699,/mnt/c/Users/puneet/Downloads/DAiSEE/DataSet/Test/510038/5100381067/5100381067.avi,2,2,0.09017132,0.19225317,0.44583985,0.27173567
700,/mnt/c/Users/puneet/Downloads/DAiSEE/DataSet/Test/510038/5100381069/5100381069.avi,2,2,0.08930222,0.19164248,0.44577172,0.27328357
701,/mnt/c/Users/puneet/Downloads/DAiSEE/DataSet/Test/510038/5100382001/5100382001.avi,2,2,0.0883227,0.19094747,0.44568092,0.2750489
702,/mnt/c/Users/puneet/Downloads/DAiSEE/DataSet/Test/510038/5100382003/5100382003.avi,2,3,0.0893836,0.1916999,0.4457786,0.2731379
703,/mnt/c/Users/puneet/Downloads/DAiSEE/DataSet/Test/510038/5100382007/5100382007.avi,2,2,0.08753915,0.19038633,0.44559732,0.27647722
704,/mnt/c/Users/puneet/Downloads/DAiSEE/DataSet/Test/510038/5100382008/5100382008.avi,2,2,0.092595406,0.19392714,0.44596973,0.26750773
705,/mnt/c/Users/puneet/Downloads/DAiSEE/DataSet/Test/510038/5100382010/5100382010.avi,2,3,0.091619246,0.19325821,0.4459279,0.26919466
706,/mnt/c/Users/puneet/Downloads/DAiSEE/DataSet/Test/510038/5100382011/5100382011.avi,2,3,0.0919551,0.19348913,0.44594386,0.2686119
707,/mnt/c/Users/puneet/Downloads/DAiSEE/DataSet/Test/510038/5100382012/5100382012.avi,2,3,0.08991914,0.19207653,0.44582126,0.27218306
708,/mnt/c/Users/puneet/Downloads/DAiSEE/DataSet/Test/510038/5100382013/5100382013.avi,2,3,0.09192259,0.19346681,0.44594237,0.2686682
709,/mnt/c/Users/puneet/Downloads/DAiSEE/DataSet/Test/510038/5100382014/5100382014.avi,2,3,0.092844404,0.19409667,0.4459782,0.26708075
710,/mnt/c/Users/puneet/Downloads/DAiSEE/DataSet/Test/510038/5100382015/5100382015.avi,2,2,0.091482505,0.19316395,0.44592088,0.26943266
711,/mnt/c/Users/puneet/Downloads/DAiSEE/DataSet/Test/510038/5100382016/5100382016.avi,2,3,0.09196227,0.19349405,0.44594416,0.2685995
712,/mnt/c/Users/puneet/Downloads/DAiSEE/DataSet/Test/510038/5100382018/5100382018.avi,2,3,0.09177876,0.19336799,0.44593567,0.26891756
713,/mnt/c/Users/puneet/Downloads/DAiSEE/DataSet/Test/510038/5100382019/5100382019.avi,2,3,0.08531942,0.18877128,0.4453061,0.28060317
714,/mnt/c/Users/puneet/Downloads/DAiSEE/DataSet/Test/510038/5100382020/5100382020.avi,3,2,0.030106964,0.13088484,0.3818742,0.45713398
715,/mnt/c/Users/puneet/Downloads/DAiSEE/DataSet/Test/510038/5100382021/5100382021.avi,2,3,0.094701916,0.19534728,0.44601345,0.26393735
716,/mnt/c/Users/puneet/Downloads/DAiSEE/DataSet/Test/510038/5100382022/5100382022.avi,2,3,0.08198262,0.18627137,0.44470945,0.28703657
717,/mnt/c/Users/puneet/Downloads/DAiSEE/DataSet/Test/510038/5100382023/5100382023.avi,2,3,0.09187875,0.19343671,0.44594038,0.2687442
718,/mnt/c/Users/puneet/Downloads/DAiSEE/DataSet/Test/510038/5100382025/5100382025.avi,2,3,0.09558309,0.19593197,0.4460134,0.26247153
719,/mnt/c/Users/puneet/Downloads/DAiSEE/DataSet/Test/510038/5100382026/5100382026.avi,2,3,0.095581196,0.19593072,0.4460134,0.2624747
720,/mnt/c/Users/puneet/Downloads/DAiSEE/DataSet/Test/510038/5100382027/5100382027.avi,2,3,0.08781302,0.19058299,0.44562763,0.27597633
721,/mnt/c/Users/puneet/Downloads/DAiSEE/DataSet/Test/510038/5100382028/5100382028.avi,2,2,0.09447,0.1951925,0.4460117,0.2643258
722,/mnt/c/Users/puneet/Downloads/DAiSEE/DataSet/Test/510038/5100382029/5100382029.avi,2,3,0.08973919,0.19195023,0.44580743,0.27250314
723,/mnt/c/Users/puneet/Downloads/DAiSEE/DataSet/Test/510038/5100382030/5100382030.avi,2,3,0.09498283,0.19553427,0.44601458,0.2634683
724,/mnt/c/Users/puneet/Downloads/DAiSEE/DataSet/Test/510038/5100382031/5100382031.avi,2,2,0.09541654,0.19582188,0.44601423,0.26274738
725,/mnt/c/Users/puneet/Downloads/DAiSEE/DataSet/Test/510038/5100382032/5100382032.avi,2,2,0.09338734,0.19446477,0.44599354,0.26615435
726,/mnt/c/Users/puneet/Downloads/DAiSEE/DataSet/Test/510038/5100382033/5100382033.avi,2,3,0.094288655,0.19507118,0.4460098,0.26463038
727,/mnt/c/Users/puneet/Downloads/DAiSEE/DataSet/Test/510038/5100382034/5100382034.avi,2,2,0.095374614,0.19579414,0.44601437,0.26281688
728,/mnt/c/Users/puneet/Downloads/DAiSEE/DataSet/Test/510038/5100382035/5100382035.avi,2,2,0.09459991,0.19527926,0.44601277,0.26410806
729,/mnt/c/Users/puneet/Downloads/DAiSEE/DataSet/Test/510038/5100382036/5100382036.avi,2,3,0.094538145,0.19523801,0.4460123,0.26421157
730,/mnt/c/Users/puneet/Downloads/DAiSEE/DataSet/Test/510038/5100382037/5100382037.avi,2,2,0.095012374,0.19555391,0.44601464,0.26341906
731,/mnt/c/Users/puneet/Downloads/DAiSEE/DataSet/Test/510038/5100382038/5100382038.avi,2,3,0.09428931,0.19507161,0.4460098,0.26462927
732,/mnt/c/Users/puneet/Downloads/DAiSEE/DataSet/Test/510038/5100382039/5100382039.avi,2,3,0.09570084,0.19600968,0.4460126,0.2622769
733,/mnt/c/Users/puneet/Downloads/DAiSEE/DataSet/Test/510038/5100382040/5100382040.avi,2,2,0.095357604,0.19578287,0.4460144,0.2628451
734,/mnt/c/Users/puneet/Downloads/DAiSEE/DataSet/Test/510038/5100382042/5100382042.avi,2,3,0.09291865,0.19414714,0.44598052,0.26695368
735,/mnt/c/Users/puneet/Downloads/DAiSEE/DataSet/Test/510038/5100382045/5100382045.avi,2,3,0.095096216,0.1956096,0.44601473,0.26327944
736,/mnt/c/Users/puneet/Downloads/DAiSEE/DataSet/Test/510038/5100382046/5100382046.avi,2,2,0.08957226,0.19183284,0.44579414,0.27280077
737,/mnt/c/Users/puneet/Downloads/DAiSEE/DataSet/Test/510038/5100382048/5100382048.avi,2,2,0.09193865,0.19347784,0.44594312,0.2686404
738,/mnt/c/Users/puneet/Downloads/DAiSEE/DataSet/Test/510038/5100382050/5100382050.avi,2,3,0.093025774,0.19421987,0.4459838,0.26677057
739,/mnt/c/Users/puneet/Downloads/DAiSEE/DataSet/Test/510038/5100382051/5100382051.avi,2,2,0.09232353,0.19374152,0.44595945,0.26797548
740,/mnt/c/Users/puneet/Downloads/DAiSEE/DataSet/Test/510038/5100382052/5100382052.avi,2,3,0.093742214,0.19470422,0.44600132,0.26555225
741,/mnt/c/Users/puneet/Downloads/DAiSEE/DataSet/Test/510038/5100382053/5100382053.avi,2,3,0.09144666,0.19313921,0.44591904,0.2694951
742,/mnt/c/Users/puneet/Downloads/DAiSEE/DataSet/Test/510038/5100382054/5100382054.avi,2,2,0.09476103,0.19538668,0.4460138,0.2638385
743,/mnt/c/Users/puneet/Downloads/DAiSEE/DataSet/Test/510038/5100382055/5100382055.avi,2,3,0.094533235,0.19523473,0.44601226,0.26421976
744,/mnt/c/Users/puneet/Downloads/DAiSEE/DataSet/Test/510038/5100382056/5100382056.avi,2,3,0.094793186,0.1954081,0.44601393,0.26378477
745,/mnt/c/Users/puneet/Downloads/DAiSEE/DataSet/Test/510038/5100382057/5100382057.avi,2,3,0.09251473,0.19387211,0.44596678,0.26764637
746,/mnt/c/Users/puneet/Downloads/DAiSEE/DataSet/Test/510038/5100382058/5100382058.avi,2,2,0.09198606,0.19351038,0.44594523,0.2685583
747,/mnt/c/Users/puneet/Downloads/DAiSEE/DataSet/Test/510038/5100382059/5100382059.avi,2,2,0.09338906,0.19446594,0.44599357,0.26615143
748,/mnt/c/Users/puneet/Downloads/DAiSEE/DataSet/Test/510038/5100382060/5100382060.avi,2,3,0.09552647,0.19589457,0.44601372,0.26256526
749,/mnt/c/Users/puneet/Downloads/DAiSEE/DataSet/Test/510038/5100382061/5100382061.avi,2,3,0.09564326,0.1959717,0.446013,0.26237205
750,/mnt/c/Users/puneet/Downloads/DAiSEE/DataSet/Test/510038/5100382062/5100382062.avi,2,3,0.092680864,0.19398537,0.4459727,0.26736104
751,/mnt/c/Users/puneet/Downloads/DAiSEE/DataSet/Test/510038/5100382063/5100382063.avi,2,3,0.093298145,0.19440444,0.4459913,0.26630613
752,/mnt/c/Users/puneet/Downloads/DAiSEE/DataSet/Test/510038/5100382064/5100382064.avi,2,3,0.09350423,0.19454375,0.44599628,0.26595575
753,/mnt/c/Users/puneet/Downloads/DAiSEE/DataSet/Test/510038/5100382065/5100382065.avi,2,3,0.09390627,0.19481462,0.4460043,0.26527482
754,/mnt/c/Users/puneet/Downloads/DAiSEE/DataSet/Test/510038/5100382066/5100382066.avi,2,2,0.091108814,0.19290565,0.44590044,0.2700851
755,/mnt/c/Users/puneet/Downloads/DAiSEE/DataSet/Test/510038/5100382067/5100382067.avi,2,2,0.092068136,0.19356667,0.44594884,0.26841635
756,/mnt/c/Users/puneet/Downloads/DAiSEE/DataSet/Test/510038/5100382068/5100382068.avi,2,3,0.09376225,0.1947177,0.44600168,0.26551834
757,/mnt/c/Users/puneet/Downloads/DAiSEE/DataSet/Test/510038/5100382069/5100382069.avi,2,2,0.09137734,0.19309136,0.44591534,0.26961595
758,/mnt/c/Users/puneet/Downloads/DAiSEE/DataSet/Test/510038/5100382070/5100382070.avi,2,3,0.090946294,0.19279301,0.44589087,0.27036983
759,/mnt/c/Users/puneet/Downloads/DAiSEE/DataSet/Test/510038/5100382071/5100382071.avi,2,3,0.08514899,0.18864572,0.44528034,0.28092495
760,/mnt/c/Users/puneet/Downloads/DAiSEE/DataSet/Test/510038/5100382072/5100382072.avi,2,3,0.091801785,0.19338381,0.44593677,0.26887763
761,/mnt/c/Users/puneet/Downloads/DAiSEE/DataSet/Test/510038/5100382073/5100382073.avi,2,2,0.09219323,0.19365238,0.44595417,0.26820022
762,/mnt/c/Users/puneet/Downloads/DAiSEE/DataSet/Test/510038/5100382075/5100382075.avi,2,2,0.09330011,0.19440576,0.44599134,0.26630276
763,/mnt/c/Users/puneet/Downloads/DAiSEE/DataSet/Test/510038/5100382076/5100382076.avi,2,2,0.084199354,0.18794191,0.44512767,0.2827311
764,/mnt/c/Users/puneet/Downloads/DAiSEE/DataSet/Test/510038/5100382077/5100382077.avi,2,2,0.090724304,0.19263881,0.4458772,0.27075967
765,/mnt/c/Users/puneet/Downloads/DAiSEE/DataSet/Test/510038/5100382078/5100382078.avi,2,2,0.09029201,0.19233753,0.44584838,0.27152207
766,/mnt/c/Users/puneet/Downloads/DAiSEE/DataSet/Test/510038/5100382079/5100382079.avi,2,2,0.09076519,0.19266725,0.44587976,0.2706878
767,/mnt/c/Users/puneet/Downloads/DAiSEE/DataSet/Test/510040/5100401001/5100401001.avi,2,2,0.08216899,0.18641333,0.444748,0.28666967
768,/mnt/c/Users/puneet/Downloads/DAiSEE/DataSet/Test/510040/5100401003/5100401003.avi,2,2,0.093853995,0.19477947,0.4460034,0.26536316
769,/mnt/c/Users/puneet/Downloads/DAiSEE/DataSet/Test/510040/5100401005/5100401005.avi,2,2,0.08607192,0.18932302,0.44541398,0.27919108
770,/mnt/c/Users/puneet/Downloads/DAiSEE/DataSet/Test/510040/5100401006/5100401006.avi,2,2,0.09536014,0.19578454,0.4460144,0.2628409
771,/mnt/c/Users/puneet/Downloads/DAiSEE/DataSet/Test/510040/5100401007/5100401007.avi,2,3,0.09297811,0.19418752,0.44598237,0.26685202
772,/mnt/c/Users/puneet/Downloads/DAiSEE/DataSet/Test/510040/5100401008/5100401008.avi,2,3,0.09207205,0.19356936,0.44594902,0.26840955
773,/mnt/c/Users/puneet/Downloads/DAiSEE/DataSet/Test/510040/5100401010/5100401010.avi,2,2,0.091879696,0.19343735,0.4459404,0.26874256
774,/mnt/c/Users/puneet/Downloads/DAiSEE/DataSet/Test/510040/5100401011/5100401011.avi,2,2,0.095472164,0.19585867,0.446014,0.26265517
775,/mnt/c/Users/puneet/Downloads/DAiSEE/DataSet/Test/510040/5100401012/5100401012.avi,2,2,0.091555916,0.19321457,0.4459247,0.2693048
776,/mnt/c/Users/puneet/Downloads/DAiSEE/DataSet/Test/510040/5100401014/5100401014.avi,2,3,0.09358001,0.19459489,0.44599798,0.26582712
777,/mnt/c/Users/puneet/Downloads/DAiSEE/DataSet/Test/510040/5100401015/5100401015.avi,2,2,0.093837306,0.19476824,0.44600308,0.26539138
778,/mnt/c/Users/puneet/Downloads/DAiSEE/DataSet/Test/510040/5100401016/5100401016.avi,2,2,0.09139561,0.19310397,0.44591632,0.2695841
779,/mnt/c/Users/puneet/Downloads/DAiSEE/DataSet/Test/510040/5100401018/5100401018.avi,2,2,0.092582986,0.19391868,0.44596928,0.26752907
780,/mnt/c/Users/puneet/Downloads/DAiSEE/DataSet/Test/510040/5100401021/5100401021.avi,2,3,0.08935826,0.19168203,0.44577646,0.27318323
781,/mnt/c/Users/puneet/Downloads/DAiSEE/DataSet/Test/510040/5100401022/5100401022.avi,2,3,0.09364184,0.19463658,0.4459993,0.26572227
782,/mnt/c/Users/puneet/Downloads/DAiSEE/DataSet/Test/510040/5100401023/5100401023.avi,2,1,0.09585989,0.19611451,0.4460112,0.26201442
783,/mnt/c/Users/puneet/Downloads/DAiSEE/DataSet/Test/510040/5100401025/5100401025.avi,2,3,0.08973046,0.19194409,0.44580674,0.2725187
784,/mnt/c/Users/puneet/Downloads/DAiSEE/DataSet/Test/510040/5100401026/5100401026.avi,2,3,0.090302594,0.19234492,0.44584912,0.27150336
785,/mnt/c/Users/puneet/Downloads/DAiSEE/DataSet/Test/510040/5100401028/5100401028.avi,2,2,0.091115214,0.19291008,0.4459008,0.27007392
786,/mnt/c/Users/puneet/Downloads/DAiSEE/DataSet/Test/510040/5100401029/5100401029.avi,2,2,0.089039735,0.19145694,0.44574887,0.27375448
787,/mnt/c/Users/puneet/Downloads/DAiSEE/DataSet/Test/510040/5100401030/5100401030.avi,2,3,0.08950021,0.1917821,0.44578826,0.27292943
788,/mnt/c/Users/puneet/Downloads/DAiSEE/DataSet/Test/510040/5100401031/5100401031.avi,2,2,0.090961,0.19280322,0.44589177,0.27034405
789,/mnt/c/Users/puneet/Downloads/DAiSEE/DataSet/Test/510040/5100401032/5100401032.avi,2,2,0.088571645,0.1911248,0.4457054,0.27459815
790,/mnt/c/Users/puneet/Downloads/DAiSEE/DataSet/Test/510040/5100401033/5100401033.avi,2,2,0.08765847,0.19047208,0.44561067,0.27625877
791,/mnt/c/Users/puneet/Downloads/DAiSEE/DataSet/Test/510040/5100401034/5100401034.avi,2,1,0.09000182,0.19213451,0.44582748,0.2720362
792,/mnt/c/Users/puneet/Downloads/DAiSEE/DataSet/Test/510040/5100401035/5100401035.avi,2,2,0.088743486,0.19124693,0.44572178,0.27428782
793,/mnt/c/Users/puneet/Downloads/DAiSEE/DataSet/Test/510040/5100401036/5100401036.avi,2,2,0.08865045,0.19118083,0.44571298,0.27445576
794,/mnt/c/Users/puneet/Downloads/DAiSEE/DataSet/Test/510040/5100401038/5100401038.avi,2,3,0.08972822,0.19194251,0.44580656,0.2725227
795,/mnt/c/Users/puneet/Downloads/DAiSEE/DataSet/Test/510040/5100401039/5100401039.avi,2,2,0.091540225,0.19320375,0.4459239,0.26933214
796,/mnt/c/Users/puneet/Downloads/DAiSEE/DataSet/Test/510040/5100401040/5100401040.avi,2,2,0.08933984,0.19166903,0.44577494,0.27321622
797,/mnt/c/Users/puneet/Downloads/DAiSEE/DataSet/Test/510040/5100401042/5100401042.avi,2,2,0.09125235,0.19300498,0.44590855,0.26983413
798,/mnt/c/Users/puneet/Downloads/DAiSEE/DataSet/Test/510040/5100401043/5100401043.avi,2,1,0.087840445,0.19060265,0.4456306,0.2759263
799,/mnt/c/Users/puneet/Downloads/DAiSEE/DataSet/Test/510040/5100401044/5100401044.avi,2,3,0.089412645,0.1917204,0.44578102,0.27308595
800,/mnt/c/Users/puneet/Downloads/DAiSEE/DataSet/Test/510040/5100401045/5100401045.avi,2,3,0.089550376,0.19181743,0.44579235,0.27283984
801,/mnt/c/Users/puneet/Downloads/DAiSEE/DataSet/Test/510040/5100401046/5100401046.avi,2,2,0.088725604,0.19123422,0.44572008,0.2743201
802,/mnt/c/Users/puneet/Downloads/DAiSEE/DataSet/Test/510040/5100401047/5100401047.avi,2,2,0.08876977,0.19126558,0.44572422,0.27424043
803,/mnt/c/Users/puneet/Downloads/DAiSEE/DataSet/Test/510040/5100401048/5100401048.avi,2,2,0.08778729,0.19056454,0.44562483,0.27602333
804,/mnt/c/Users/puneet/Downloads/DAiSEE/DataSet/Test/510040/5100401049/5100401049.avi,2,2,0.08920563,0.19157426,0.44576344,0.27345666
805,/mnt/c/Users/puneet/Downloads/DAiSEE/DataSet/Test/510040/5100401050/5100401050.avi,2,2,0.08949901,0.19178125,0.44578817,0.27293155
806,/mnt/c/Users/puneet/Downloads/DAiSEE/DataSet/Test/510040/5100401051/5100401051.avi,2,2,0.08815503,0.19082779,0.44566384,0.27535334
807,/mnt/c/Users/puneet/Downloads/DAiSEE/DataSet/Test/510040/5100401053/5100401053.avi,2,3,0.09070118,0.19262274,0.4458757,0.27080038
808,/mnt/c/Users/puneet/Downloads/DAiSEE/DataSet/Test/510040/5100401054/5100401054.avi,2,2,0.08947556,0.19176473,0.44578624,0.27297348
809,/mnt/c/Users/puneet/Downloads/DAiSEE/DataSet/Test/510040/5100401055/5100401055.avi,2,2,0.089572944,0.19183332,0.4457942,0.27279955
810,/mnt/c/Users/puneet/Downloads/DAiSEE/DataSet/Test/510040/5100401056/5100401056.avi,2,3,0.09033206,0.1923655,0.44585118,0.27145126
811,/mnt/c/Users/puneet/Downloads/DAiSEE/DataSet/Test/510040/5100401057/5100401057.avi,2,3,0.08776589,0.19054918,0.4456225,0.27606243
812,/mnt/c/Users/puneet/Downloads/DAiSEE/DataSet/Test/510040/5100401059/5100401059.avi,2,2,0.09006427,0.19217825,0.44583207,0.2719254
813,/mnt/c/Users/puneet/Downloads/DAiSEE/DataSet/Test/510040/5100401060/5100401060.avi,2,2,0.08908193,0.1914868,0.44575262,0.27367866
814,/mnt/c/Users/puneet/Downloads/DAiSEE/DataSet/Test/510040/5100401061/5100401061.avi,2,2,0.0913802,0.19309333,0.44591552,0.26961094
815,/mnt/c/Users/puneet/Downloads/DAiSEE/DataSet/Test/510040/5100401062/5100401062.avi,2,3,0.08867066,0.19119519,0.4457149,0.27441925
816,/mnt/c/Users/puneet/Downloads/DAiSEE/DataSet/Test/510040/5100401063/5100401063.avi,2,2,0.08911205,0.19150811,0.44575527,0.27362457
817,/mnt/c/Users/puneet/Downloads/DAiSEE/DataSet/Test/510040/5100401064/5100401064.avi,2,2,0.088131316,0.19081083,0.4456614,0.27539647
818,/mnt/c/Users/puneet/Downloads/DAiSEE/DataSet/Test/510040/5100401065/5100401065.avi,2,1,0.091504194,0.1931789,0.44592202,0.26939487
819,/mnt/c/Users/puneet/Downloads/DAiSEE/DataSet/Test/510040/5100401066/5100401066.avi,2,3,0.08998371,0.19212182,0.4458261,0.27206835
820,/mnt/c/Users/puneet/Downloads/DAiSEE/DataSet/Test/510040/5100401067/5100401067.avi,2,2,0.090326555,0.19236165,0.4458508,0.27146098
821,/mnt/c/Users/puneet/Downloads/DAiSEE/DataSet/Test/510040/5100401069/5100401069.avi,2,3,0.08912551,0.19151764,0.44575647,0.2736004
822,/mnt/c/Users/puneet/Downloads/DAiSEE/DataSet/Test/510040/5100401070/5100401070.avi,2,2,0.09087943,0.19274661,0.44588682,0.27048713
823,/mnt/c/Users/puneet/Downloads/DAiSEE/DataSet/Test/510040/5100401071/5100401071.avi,2,2,0.08977103,0.1919726,0.4458099,0.27244645
824,/mnt/c/Users/puneet/Downloads/DAiSEE/DataSet/Test/510040/5100401072/5100401072.avi,2,3,0.089013405,0.1914383,0.4457465,0.27380177
825,/mnt/c/Users/puneet/Downloads/DAiSEE/DataSet/Test/510040/5100401073/5100401073.avi,2,2,0.09028375,0.19233176,0.4458478,0.27153668
826,/mnt/c/Users/puneet/Downloads/DAiSEE/DataSet/Test/510040/5100401074/5100401074.avi,2,3,0.091026135,0.19284838,0.4458956,0.27022988
827,/mnt/c/Users/puneet/Downloads/DAiSEE/DataSet/Test/510040/5100401075/5100401075.avi,2,2,0.09296299,0.19417724,0.4459819,0.2668779
828,/mnt/c/Users/puneet/Downloads/DAiSEE/DataSet/Test/510040/5100401076/5100401076.avi,2,2,0.08924133,0.19159949,0.4457665,0.27339268
829,/mnt/c/Users/puneet/Downloads/DAiSEE/DataSet/Test/510040/5100401077/5100401077.avi,2,2,0.09076221,0.19266517,0.44587958,0.27069303
830,/mnt/c/Users/puneet/Downloads/DAiSEE/DataSet/Test/510040/5100401078/5100401078.avi,2,2,0.0887324,0.19123904,0.44572073,0.27430782
831,/mnt/c/Users/puneet/Downloads/DAiSEE/DataSet/Test/510040/5100402001/5100402001.avi,2,1,0.0941535,0.19498062,0.4460081,0.2648578
832,/mnt/c/Users/puneet/Downloads/DAiSEE/DataSet/Test/510040/5100402002/5100402002.avi,2,2,0.08182432,0.18615058,0.44467616,0.28734893
833,/mnt/c/Users/puneet/Downloads/DAiSEE/DataSet/Test/510040/5100402004/5100402004.avi,2,3,0.094072,0.19492595,0.44600692,0.26499513
834,/mnt/c/Users/puneet/Downloads/DAiSEE/DataSet/Test/510040/5100402005/5100402005.avi,2,3,0.094492055,0.19520722,0.4460119,0.2642888
835,/mnt/c/Users/puneet/Downloads/DAiSEE/DataSet/Test/510040/5100402007/5100402007.avi,2,2,0.09422482,0.19502841,0.446009,0.26473776
836,/mnt/c/Users/puneet/Downloads/DAiSEE/DataSet/Test/510040/5100402008/5100402008.avi,2,3,0.09401356,0.19488671,0.44600606,0.26509368
837,/mnt/c/Users/puneet/Downloads/DAiSEE/DataSet/Test/510040/5100402009/5100402009.avi,2,2,0.09117345,0.1929504,0.4459041,0.26997206
838,/mnt/c/Users/puneet/Downloads/DAiSEE/DataSet/Test/510040/5100402011/5100402011.avi,2,2,0.095107004,0.19561677,0.44601476,0.26326147
839,/mnt/c/Users/puneet/Downloads/DAiSEE/DataSet/Test/510040/5100402012/5100402012.avi,2,2,0.09597538,0.19619049,0.44600996,0.26182416
840,/mnt/c/Users/puneet/Downloads/DAiSEE/DataSet/Test/510040/5100402015/5100402015.avi,2,2,0.09441619,0.19515651,0.4460112,0.2644161
841,/mnt/c/Users/puneet/Downloads/DAiSEE/DataSet/Test/510040/5100402016/5100402016.avi,2,2,0.094647735,0.19531116,0.4460131,0.26402798
842,/mnt/c/Users/puneet/Downloads/DAiSEE/DataSet/Test/510040/5100402017/5100402017.avi,2,2,0.09479312,0.19540806,0.44601393,0.2637849
843,/mnt/c/Users/puneet/Downloads/DAiSEE/DataSet/Test/510040/5100402019/5100402019.avi,2,3,0.094654106,0.1953154,0.44601315,0.26401734
844,/mnt/c/Users/puneet/Downloads/DAiSEE/DataSet/Test/510040/5100402020/5100402020.avi,2,2,0.09460084,0.19527987,0.4460128,0.2641065
845,/mnt/c/Users/puneet/Downloads/DAiSEE/DataSet/Test/510040/5100402023/5100402023.avi,2,3,0.09543943,0.19583702,0.44601414,0.26270944
846,/mnt/c/Users/puneet/Downloads/DAiSEE/DataSet/Test/510040/5100402024/5100402024.avi,2,3,0.095270544,0.19572522,0.44601464,0.26298958
847,/mnt/c/Users/puneet/Downloads/DAiSEE/DataSet/Test/510040/5100402028/5100402028.avi,2,2,0.09517627,0.19566272,0.44601476,0.26314625
848,/mnt/c/Users/puneet/Downloads/DAiSEE/DataSet/Test/510040/5100402029/5100402029.avi,2,2,0.0949726,0.19552748,0.44601458,0.26348534
849,/mnt/c/Users/puneet/Downloads/DAiSEE/DataSet/Test/510040/5100402031/5100402031.avi,2,2,0.09485097,0.19544658,0.4460142,0.26368824
850,/mnt/c/Users/puneet/Downloads/DAiSEE/DataSet/Test/510040/5100402032/5100402032.avi,2,3,0.09401751,0.19488937,0.4460061,0.26508704
851,/mnt/c/Users/puneet/Downloads/DAiSEE/DataSet/Test/510040/5100402033/5100402033.avi,2,2,0.08406916,0.18784487,0.4451055,0.28298044
852,/mnt/c/Users/puneet/Downloads/DAiSEE/DataSet/Test/510040/5100402034/5100402034.avi,2,2,0.094339415,0.19510517,0.44601038,0.26454505
853,/mnt/c/Users/puneet/Downloads/DAiSEE/DataSet/Test/510040/5100402035/5100402035.avi,2,3,0.09384881,0.19477597,0.4460033,0.26537192
854,/mnt/c/Users/puneet/Downloads/DAiSEE/DataSet/Test/510040/5100402036/5100402036.avi,2,2,0.09403843,0.1949034,0.44600642,0.26505172
855,/mnt/c/Users/puneet/Downloads/DAiSEE/DataSet/Test/510040/5100402037/5100402037.avi,2,2,0.09274066,0.19402608,0.44597477,0.26725847
856,/mnt/c/Users/puneet/Downloads/DAiSEE/DataSet/Test/510040/5100402038/5100402038.avi,2,3,0.09294695,0.19416635,0.44598138,0.2669053
857,/mnt/c/Users/puneet/Downloads/DAiSEE/DataSet/Test/510040/5100402039/5100402039.avi,2,2,0.09290348,0.19413681,0.44598004,0.26697966
858,/mnt/c/Users/puneet/Downloads/DAiSEE/DataSet/Test/510040/5100402040/5100402040.avi,2,3,0.09303709,0.19422755,0.44598413,0.26675123
859,/mnt/c/Users/puneet/Downloads/DAiSEE/DataSet/Test/510040/5100402046/5100402046.avi,2,2,0.09027771,0.19232753,0.4458474,0.27154738
860,/mnt/c/Users/puneet/Downloads/DAiSEE/DataSet/Test/510040/5100402047/5100402047.avi,2,2,0.090060145,0.19217536,0.44583178,0.27193272
861,/mnt/c/Users/puneet/Downloads/DAiSEE/DataSet/Test/510040/5100402048/5100402048.avi,2,2,0.09429728,0.19507696,0.4460099,0.26461586
862,/mnt/c/Users/puneet/Downloads/DAiSEE/DataSet/Test/510040/5100402049/5100402049.avi,2,3,0.09423076,0.1950324,0.4460091,0.26472774
863,/mnt/c/Users/puneet/Downloads/DAiSEE/DataSet/Test/510040/5100402050/5100402050.avi,2,2,0.09001356,0.19214274,0.44582835,0.27201536
864,/mnt/c/Users/puneet/Downloads/DAiSEE/DataSet/Test/510040/5100402051/5100402051.avi,2,2,0.09298424,0.19419168,0.44598252,0.26684156
865,/mnt/c/Users/puneet/Downloads/DAiSEE/DataSet/Test/510040/5100402052/5100402052.avi,2,2,0.093240164,0.19436519,0.4459898,0.26640487
866,/mnt/c/Users/puneet/Downloads/DAiSEE/DataSet/Test/510040/5100402053/5100402053.avi,2,2,0.093596525,0.19460604,0.44599834,0.2657991
867,/mnt/c/Users/puneet/Downloads/DAiSEE/DataSet/Test/510040/5100402054/5100402054.avi,2,2,0.0934794,0.19452697,0.44599572,0.26599792
868,/mnt/c/Users/puneet/Downloads/DAiSEE/DataSet/Test/510040/5100402055/5100402055.avi,2,2,0.09348461,0.19453049,0.44599584,0.26598907
869,/mnt/c/Users/puneet/Downloads/DAiSEE/DataSet/Test/510040/5100402057/5100402057.avi,2,2,0.09130168,0.19303909,0.44591126,0.26974797
870,/mnt/c/Users/puneet/Downloads/DAiSEE/DataSet/Test/510040/5100402058/5100402058.avi,2,2,0.09291152,0.19414228,0.4459803,0.26696587
871,/mnt/c/Users/puneet/Downloads/DAiSEE/DataSet/Test/510040/5100402059/5100402059.avi,2,2,0.09223454,0.19368066,0.44595587,0.26812893
872,/mnt/c/Users/puneet/Downloads/DAiSEE/DataSet/Test/510040/5100402062/5100402062.avi,2,1,0.092524774,0.19387896,0.44596714,0.26762912
873,/mnt/c/Users/puneet/Downloads/DAiSEE/DataSet/Test/510040/5100402063/5100402063.avi,2,1,0.091805734,0.19338652,0.44593695,0.26887077
874,/mnt/c/Users/puneet/Downloads/DAiSEE/DataSet/Test/510040/5100402065/5100402065.avi,2,3,0.09318915,0.19433063,0.44598842,0.2664918
875,/mnt/c/Users/puneet/Downloads/DAiSEE/DataSet/Test/510040/5100402066/5100402066.avi,2,2,0.09338006,0.19445984,0.44599336,0.26616675
876,/mnt/c/Users/puneet/Downloads/DAiSEE/DataSet/Test/510040/5100402067/5100402067.avi,2,2,0.09291688,0.19414592,0.44598046,0.26695672
877,/mnt/c/Users/puneet/Downloads/DAiSEE/DataSet/Test/510040/5100402068/5100402068.avi,2,2,0.093717605,0.19468763,0.4460008,0.26559392
878,/mnt/c/Users/puneet/Downloads/DAiSEE/DataSet/Test/510040/5100402069/5100402069.avi,2,2,0.09489717,0.19547732,0.44601437,0.26361114
879,/mnt/c/Users/puneet/Downloads/DAiSEE/DataSet/Test/510042/5100421001/5100421001.avi,2,3,0.09510606,0.19561613,0.44601473,0.26326308
880,/mnt/c/Users/puneet/Downloads/DAiSEE/DataSet/Test/510042/5100421002/5100421002.avi,2,2,0.096010305,0.19621345,0.44600958,0.26176667
881,/mnt/c/Users/puneet/Downloads/DAiSEE/DataSet/Test/510042/5100421003/5100421003.avi,2,3,0.09492286,0.1954944,0.44601443,0.26356828
882,/mnt/c/Users/puneet/Downloads/DAiSEE/DataSet/Test/510042/5100421005/5100421005.avi,2,3,0.09637301,0.19645146,0.4460044,0.26117116
883,/mnt/c/Users/puneet/Downloads/DAiSEE/DataSet/Test/510042/5100421007/5100421007.avi,2,2,0.09509301,0.19560747,0.44601473,0.26328477
884,/mnt/c/Users/puneet/Downloads/DAiSEE/DataSet/Test/510042/5100421009/5100421009.avi,2,2,0.09651635,0.19654524,0.44600183,0.26093656
885,/mnt/c/Users/puneet/Downloads/DAiSEE/DataSet/Test/510042/5100421011/5100421011.avi,2,2,0.09669703,0.19666326,0.44599825,0.26064146
886,/mnt/c/Users/puneet/Downloads/DAiSEE/DataSet/Test/510042/5100421012/5100421012.avi,2,3,0.09613303,0.1962941,0.446008,0.26156485
887,/mnt/c/Users/puneet/Downloads/DAiSEE/DataSet/Test/510042/5100421013/5100421013.avi,2,2,0.09462696,0.1952973,0.44601297,0.26406276
888,/mnt/c/Users/puneet/Downloads/DAiSEE/DataSet/Test/510042/5100421015/5100421015.avi,2,3,0.089772165,0.19197339,0.44581,0.27244443
889,/mnt/c/Users/puneet/Downloads/DAiSEE/DataSet/Test/510042/5100421016/5100421016.avi,2,3,0.09552003,0.1958903,0.44601375,0.26257592
890,/mnt/c/Users/puneet/Downloads/DAiSEE/DataSet/Test/510042/5100421017/5100421017.avi,2,2,0.09573943,0.19603513,0.4460123,0.26221317
891,/mnt/c/Users/puneet/Downloads/DAiSEE/DataSet/Test/510042/5100421018/5100421018.avi,2,2,0.0952774,0.19572976,0.4460146,0.26297823
892,/mnt/c/Users/puneet/Downloads/DAiSEE/DataSet/Test/510042/5100421019/5100421019.avi,2,3,0.09533659,0.19576897,0.44601446,0.26287997
893,/mnt/c/Users/puneet/Downloads/DAiSEE/DataSet/Test/510042/5100421020/5100421020.avi,2,2,0.09568021,0.19599608,0.44601274,0.26231098
894,/mnt/c/Users/puneet/Downloads/DAiSEE/DataSet/Test/510042/5100421021/5100421021.avi,2,3,0.09612623,0.19628963,0.4460081,0.26157606
895,/mnt/c/Users/puneet/Downloads/DAiSEE/DataSet/Test/510042/5100421024/5100421024.avi,2,3,0.09387525,0.19479376,0.44600376,0.26532722
896,/mnt/c/Users/puneet/Downloads/DAiSEE/DataSet/Test/510042/5100421025/5100421025.avi,2,2,0.09467024,0.19532616,0.44601327,0.26399034
897,/mnt/c/Users/puneet/Downloads/DAiSEE/DataSet/Test/510042/5100421026/5100421026.avi,2,3,0.09581389,0.1960842,0.44601163,0.26209027
898,/mnt/c/Users/puneet/Downloads/DAiSEE/DataSet/Test/510042/5100421027/5100421027.avi,2,2,0.09643301,0.19649073,0.44600335,0.2610729
899,/mnt/c/Users/puneet/Downloads/DAiSEE/DataSet/Test/510042/5100421029/5100421029.avi,2,3,0.0958902,0.19613446,0.4460109,0.26196447
900,/mnt/c/Users/puneet/Downloads/DAiSEE/DataSet/Test/510042/5100421032/5100421032.avi,2,3,0.0939536,0.19484644,0.44600508,0.26519486
901,/mnt/c/Users/puneet/Downloads/DAiSEE/DataSet/Test/510042/5100421033/5100421033.avi,2,3,0.095910236,0.19614764,0.44601068,0.26193145
902,/mnt/c/Users/puneet/Downloads/DAiSEE/DataSet/Test/510042/5100421034/5100421034.avi,2,3,0.09514291,0.1956406,0.44601476,0.26320174
903,/mnt/c/Users/puneet/Downloads/DAiSEE/DataSet/Test/510042/5100421038/5100421038.avi,2,2,0.09550278,0.19587891,0.44601384,0.26260448
904,/mnt/c/Users/puneet/Downloads/DAiSEE/DataSet/Test/510042/5100421039/5100421039.avi,2,3,0.096478306,0.19652036,0.44600254,0.2609988
905,/mnt/c/Users/puneet/Downloads/DAiSEE/DataSet/Test/510042/5100421040/5100421040.avi,2,2,0.0961597,0.1963116,0.44600764,0.26152107
906,/mnt/c/Users/puneet/Downloads/DAiSEE/DataSet/Test/510042/5100421041/5100421041.avi,2,2,0.09579894,0.19607435,0.44601175,0.26211494
907,/mnt/c/Users/puneet/Downloads/DAiSEE/DataSet/Test/510042/5100421043/5100421043.avi,2,2,0.09585903,0.19611393,0.4460112,0.26201585
908,/mnt/c/Users/puneet/Downloads/DAiSEE/DataSet/Test/510042/5100421045/5100421045.avi,2,2,0.09495953,0.19551879,0.44601455,0.26350716
909,/mnt/c/Users/puneet/Downloads/DAiSEE/DataSet/Test/510042/5100421047/5100421047.avi,2,2,0.09650806,0.19653982,0.446002,0.26095012
910,/mnt/c/Users/puneet/Downloads/DAiSEE/DataSet/Test/510042/5100421048/5100421048.avi,2,3,0.09550303,0.19587907,0.44601384,0.26260406
911,/mnt/c/Users/puneet/Downloads/DAiSEE/DataSet/Test/510042/5100421049/5100421049.avi,2,3,0.0957134,0.19601797,0.4460125,0.26225615
912,/mnt/c/Users/puneet/Downloads/DAiSEE/DataSet/Test/510042/5100421050/5100421050.avi,2,2,0.09520918,0.19568454,0.44601473,0.26309156
913,/mnt/c/Users/puneet/Downloads/DAiSEE/DataSet/Test/510042/5100421051/5100421051.avi,2,2,0.0965819,0.19658808,0.44600058,0.26082942
914,/mnt/c/Users/puneet/Downloads/DAiSEE/DataSet/Test/510042/5100421052/5100421052.avi,2,2,0.0937518,0.19471069,0.4460015,0.265536
915,/mnt/c/Users/puneet/Downloads/DAiSEE/DataSet/Test/510042/5100421053/5100421053.avi,2,3,0.09514652,0.19564298,0.44601476,0.26319575
916,/mnt/c/Users/puneet/Downloads/DAiSEE/DataSet/Test/510042/5100421054/5100421054.avi,2,2,0.08891055,0.19136544,0.4457372,0.27398682
917,/mnt/c/Users/puneet/Downloads/DAiSEE/DataSet/Test/510042/5100421056/5100421056.avi,2,3,0.0962813,0.19639136,0.44600585,0.26132149
918,/mnt/c/Users/puneet/Downloads/DAiSEE/DataSet/Test/510042/5100421057/5100421057.avi,2,3,0.09132801,0.1930573,0.4459127,0.26970202
919,/mnt/c/Users/puneet/Downloads/DAiSEE/DataSet/Test/510042/5100421058/5100421058.avi,2,2,0.09502644,0.19556326,0.44601467,0.2633956
920,/mnt/c/Users/puneet/Downloads/DAiSEE/DataSet/Test/510042/5100421059/5100421059.avi,2,2,0.09552979,0.19589676,0.4460137,0.26255977
921,/mnt/c/Users/puneet/Downloads/DAiSEE/DataSet/Test/510042/5100421060/5100421060.avi,2,2,0.09620043,0.19633833,0.44600707,0.26145416
922,/mnt/c/Users/puneet/Downloads/DAiSEE/DataSet/Test/510042/5100421061/5100421061.avi,2,2,0.094737805,0.19537121,0.44601366,0.26387733
923,/mnt/c/Users/puneet/Downloads/DAiSEE/DataSet/Test/510042/5100421062/5100421062.avi,2,3,0.096583344,0.19658902,0.44600058,0.26082706
924,/mnt/c/Users/puneet/Downloads/DAiSEE/DataSet/Test/510042/5100421063/5100421063.avi,2,2,0.09490769,0.19548431,0.4460144,0.26359358
925,/mnt/c/Users/puneet/Downloads/DAiSEE/DataSet/Test/510042/5100421064/5100421064.avi,2,3,0.095431075,0.19583149,0.44601417,0.26272327
926,/mnt/c/Users/puneet/Downloads/DAiSEE/DataSet/Test/510042/5100421065/5100421065.avi,2,3,0.09629388,0.1963996,0.44600564,0.26130086
927,/mnt/c/Users/puneet/Downloads/DAiSEE/DataSet/Test/510042/5100421067/5100421067.avi,2,2,0.09463979,0.19530585,0.44601306,0.2640413
928,/mnt/c/Users/puneet/Downloads/DAiSEE/DataSet/Test/510042/5100421068/5100421068.avi,2,3,0.09366183,0.19465007,0.4459997,0.26568842
929,/mnt/c/Users/puneet/Downloads/DAiSEE/DataSet/Test/510042/5100421069/5100421069.avi,2,2,0.09668203,0.19665349,0.44599858,0.26066592
930,/mnt/c/Users/puneet/Downloads/DAiSEE/DataSet/Test/510042/5100421070/5100421070.avi,2,3,0.09594009,0.19616729,0.44601035,0.26188225
931,/mnt/c/Users/puneet/Downloads/DAiSEE/DataSet/Test/510042/5100421071/5100421071.avi,2,2,0.09572746,0.19602723,0.44601238,0.26223293
932,/mnt/c/Users/puneet/Downloads/DAiSEE/DataSet/Test/510042/5100421072/5100421072.avi,2,2,0.09596452,0.19618337,0.44601008,0.26184204
933,/mnt/c/Users/puneet/Downloads/DAiSEE/DataSet/Test/510042/5100421073/5100421073.avi,2,3,0.09612701,0.19629015,0.4460081,0.26157475
934,/mnt/c/Users/puneet/Downloads/DAiSEE/DataSet/Test/510042/5100421074/5100421074.avi,2,2,0.09676918,0.19671033,0.4459967,0.2605238
935,/mnt/c/Users/puneet/Downloads/DAiSEE/DataSet/Test/510042/5100421076/5100421076.avi,2,3,0.095376365,0.1957953,0.44601434,0.262814
936,/mnt/c/Users/puneet/Downloads/DAiSEE/DataSet/Test/510042/5100421078/5100421078.avi,2,3,0.09241421,0.19380349,0.445963,0.2678193
937,/mnt/c/Users/puneet/Downloads/DAiSEE/DataSet/Test/510042/5100421079/5100421079.avi,2,3,0.09437049,0.19512595,0.4460107,0.26449284
938,/mnt/c/Users/puneet/Downloads/DAiSEE/DataSet/Test/510042/5100421080/5100421080.avi,2,3,0.09600796,0.19621192,0.4460096,0.26177055
939,/mnt/c/Users/puneet/Downloads/DAiSEE/DataSet/Test/510042/5100421081/5100421081.avi,2,3,0.09550608,0.19588108,0.4460138,0.26259902
940,/mnt/c/Users/puneet/Downloads/DAiSEE/DataSet/Test/510042/5100422002/5100422002.avi,2,2,0.090866104,0.19273734,0.44588602,0.27051055
941,/mnt/c/Users/puneet/Downloads/DAiSEE/DataSet/Test/510042/5100422003/5100422003.avi,2,2,0.08877499,0.19126928,0.44572473,0.27423102
942,/mnt/c/Users/puneet/Downloads/DAiSEE/DataSet/Test/510042/5100422004/5100422004.avi,2,3,0.09442636,0.19516331,0.44601128,0.26439905
943,/mnt/c/Users/puneet/Downloads/DAiSEE/DataSet/Test/510042/5100422005/5100422005.avi,2,2,0.09157953,0.19323084,0.4459259,0.26926374
944,/mnt/c/Users/puneet/Downloads/DAiSEE/DataSet/Test/510042/5100422006/5100422006.avi,2,3,0.096063726,0.19624858,0.44600892,0.26167879
945,/mnt/c/Users/puneet/Downloads/DAiSEE/DataSet/Test/510042/5100422007/5100422007.avi,2,2,0.090137474,0.1922295,0.4458374,0.27179563
946,/mnt/c/Users/puneet/Downloads/DAiSEE/DataSet/Test/510042/5100422008/5100422008.avi,2,2,0.09641842,0.19648118,0.4460036,0.2610968
947,/mnt/c/Users/puneet/Downloads/DAiSEE/DataSet/Test/510042/5100422009/5100422009.avi,2,2,0.09377994,0.19472963,0.44600204,0.26548842
948,/mnt/c/Users/puneet/Downloads/DAiSEE/DataSet/Test/510042/5100422011/5100422011.avi,2,2,0.09594748,0.19617215,0.4460103,0.2618701
949,/mnt/c/Users/puneet/Downloads/DAiSEE/DataSet/Test/510042/5100422012/5100422012.avi,2,3,0.09518134,0.19566607,0.44601473,0.26313785
950,/mnt/c/Users/puneet/Downloads/DAiSEE/DataSet/Test/510042/5100422013/5100422013.avi,2,2,0.09668132,0.19665302,0.44599858,0.2606671
951,/mnt/c/Users/puneet/Downloads/DAiSEE/DataSet/Test/510042/5100422014/5100422014.avi,2,2,0.080949314,0.18547925,0.4444839,0.28908753
952,/mnt/c/Users/puneet/Downloads/DAiSEE/DataSet/Test/510042/5100422016/5100422016.avi,2,2,0.09069085,0.19261555,0.44587508,0.27081853
953,/mnt/c/Users/puneet/Downloads/DAiSEE/DataSet/Test/510042/5100422017/5100422017.avi,2,3,0.09470587,0.19534993,0.44601348,0.2639307
954,/mnt/c/Users/puneet/Downloads/DAiSEE/DataSet/Test/510042/5100422018/5100422018.avi,2,2,0.09597723,0.19619173,0.44600996,0.2618211
955,/mnt/c/Users/puneet/Downloads/DAiSEE/DataSet/Test/510042/5100422019/5100422019.avi,2,3,0.09662966,0.19661929,0.44599965,0.26075143
956,/mnt/c/Users/puneet/Downloads/DAiSEE/DataSet/Test/510042/5100422022/5100422022.avi,2,2,0.09264454,0.19396064,0.44597146,0.26742336
957,/mnt/c/Users/puneet/Downloads/DAiSEE/DataSet/Test/510042/5100422023/5100422023.avi,2,2,0.090989985,0.1928233,0.44589347,0.2702932
958,/mnt/c/Users/puneet/Downloads/DAiSEE/DataSet/Test/510042/5100422024/5100422024.avi,2,2,0.094513625,0.19522163,0.44601208,0.26425266
959,/mnt/c/Users/puneet/Downloads/DAiSEE/DataSet/Test/510042/5100422025/5100422025.avi,2,3,0.09656571,0.1965775,0.4460009,0.26085588
960,/mnt/c/Users/puneet/Downloads/DAiSEE/DataSet/Test/510042/5100422026/5100422026.avi,2,3,0.09298365,0.19419128,0.44598252,0.26684254
961,/mnt/c/Users/puneet/Downloads/DAiSEE/DataSet/Test/510042/5100422027/5100422027.avi,2,2,0.09197844,0.19350515,0.4459449,0.2685715
962,/mnt/c/Users/puneet/Downloads/DAiSEE/DataSet/Test/510042/5100422028/5100422028.avi,2,3,0.09483544,0.19543624,0.44601414,0.2637142
963,/mnt/c/Users/puneet/Downloads/DAiSEE/DataSet/Test/510042/5100422029/5100422029.avi,2,2,0.09662532,0.19661646,0.44599974,0.2607585
964,/mnt/c/Users/puneet/Downloads/DAiSEE/DataSet/Test/510042/5100422030/5100422030.avi,2,2,0.096551016,0.19656791,0.44600117,0.2608799
965,/mnt/c/Users/puneet/Downloads/DAiSEE/DataSet/Test/510042/5100422033/5100422033.avi,2,2,0.09610405,0.19627506,0.44600838,0.2616125
966,/mnt/c/Users/puneet/Downloads/DAiSEE/DataSet/Test/510042/5100422034/5100422034.avi,2,2,0.096539125,0.19656013,0.4460014,0.26089934
967,/mnt/c/Users/puneet/Downloads/DAiSEE/DataSet/Test/510042/5100422035/5100422035.avi,2,2,0.096225634,0.19635487,0.4460067,0.2614128
968,/mnt/c/Users/puneet/Downloads/DAiSEE/DataSet/Test/510042/5100422036/5100422036.avi,2,3,0.09640625,0.19647321,0.4460038,0.2611167
969,/mnt/c/Users/puneet/Downloads/DAiSEE/DataSet/Test/510042/5100422037/5100422037.avi,2,2,0.095914945,0.19615075,0.44601062,0.26192367
970,/mnt/c/Users/puneet/Downloads/DAiSEE/DataSet/Test/510042/5100422038/5100422038.avi,2,3,0.09502288,0.19556089,0.44601467,0.26340157
971,/mnt/c/Users/puneet/Downloads/DAiSEE/DataSet/Test/510042/5100422039/5100422039.avi,2,3,0.08821333,0.19086942,0.44566983,0.27524742
972,/mnt/c/Users/puneet/Downloads/DAiSEE/DataSet/Test/510042/5100422041/5100422041.avi,2,2,0.0960523,0.19624107,0.44600904,0.2616976
973,/mnt/c/Users/puneet/Downloads/DAiSEE/DataSet/Test/510042/5100422042/5100422042.avi,2,3,0.09631331,0.19641234,0.44600534,0.261269
974,/mnt/c/Users/puneet/Downloads/DAiSEE/DataSet/Test/510042/5100422044/5100422044.avi,2,2,0.09581211,0.19608304,0.44601163,0.2620932
975,/mnt/c/Users/puneet/Downloads/DAiSEE/DataSet/Test/510042/5100422045/5100422045.avi,2,2,0.09605364,0.19624195,0.44600904,0.26169538
976,/mnt/c/Users/puneet/Downloads/DAiSEE/DataSet/Test/510042/5100422046/5100422046.avi,2,3,0.096735224,0.19668819,0.44599745,0.26057914
977,/mnt/c/Users/puneet/Downloads/DAiSEE/DataSet/Test/510042/5100422047/5100422047.avi,2,2,0.09464698,0.19531065,0.4460131,0.26402926
978,/mnt/c/Users/puneet/Downloads/DAiSEE/DataSet/Test/510042/5100422049/5100422049.avi,2,2,0.09622195,0.19635245,0.44600675,0.26141885
979,/mnt/c/Users/puneet/Downloads/DAiSEE/DataSet/Test/510042/5100422050/5100422050.avi,2,3,0.09669261,0.19666038,0.44599834,0.26064867
980,/mnt/c/Users/puneet/Downloads/DAiSEE/DataSet/Test/510042/5100422051/5100422051.avi,2,2,0.09661862,0.19661207,0.44599986,0.26076943
981,/mnt/c/Users/puneet/Downloads/DAiSEE/DataSet/Test/510042/5100422052/5100422052.avi,2,2,0.09670539,0.19666873,0.44599807,0.2606278
982,/mnt/c/Users/puneet/Downloads/DAiSEE/DataSet/Test/510042/5100422055/5100422055.avi,2,3,0.09654463,0.19656374,0.44600132,0.26089033
983,/mnt/c/Users/puneet/Downloads/DAiSEE/DataSet/Test/510042/5100422056/5100422056.avi,2,3,0.09720811,0.19699588,0.44598576,0.25981024
984,/mnt/c/Users/puneet/Downloads/DAiSEE/DataSet/Test/510042/5100422057/5100422057.avi,2,2,0.09607873,0.19625844,0.4460087,0.2616541
985,/mnt/c/Users/puneet/Downloads/DAiSEE/DataSet/Test/510042/5100422058/5100422058.avi,2,2,0.096388265,0.19646144,0.44600412,0.2611462
986,/mnt/c/Users/puneet/Downloads/DAiSEE/DataSet/Test/510042/5100422059/5100422059.avi,2,3,0.093241714,0.19436625,0.44598985,0.2664022
987,/mnt/c/Users/puneet/Downloads/DAiSEE/DataSet/Test/510042/5100422060/5100422060.avi,2,2,0.09498405,0.1955351,0.44601458,0.26346627
988,/mnt/c/Users/puneet/Downloads/DAiSEE/DataSet/Test/510042/5100422061/5100422061.avi,2,3,0.09626059,0.19637778,0.44600618,0.26135543
989,/mnt/c/Users/puneet/Downloads/DAiSEE/DataSet/Test/510042/5100422062/5100422062.avi,2,2,0.09543257,0.19583249,0.44601417,0.26272076
990,/mnt/c/Users/puneet/Downloads/DAiSEE/DataSet/Test/510042/5100422063/5100422063.avi,2,3,0.09630219,0.19640505,0.44600552,0.2612872
991,/mnt/c/Users/puneet/Downloads/DAiSEE/DataSet/Test/510042/5100422065/5100422065.avi,2,3,0.09495175,0.1955136,0.44601452,0.26352012
992,/mnt/c/Users/puneet/Downloads/DAiSEE/DataSet/Test/510042/5100422066/5100422066.avi,2,2,0.09624311,0.19636633,0.44600642,0.26138413
993,/mnt/c/Users/puneet/Downloads/DAiSEE/DataSet/Test/510042/5100422067/5100422067.avi,2,2,0.09569476,0.19600567,0.44601262,0.26228693
994,/mnt/c/Users/puneet/Downloads/DAiSEE/DataSet/Test/510042/5100422068/5100422068.avi,2,2,0.09215126,0.19362363,0.44595242,0.2682727
995,/mnt/c/Users/puneet/Downloads/DAiSEE/DataSet/Test/510042/5100422069/5100422069.avi,2,2,0.09639847,0.19646811,0.44600394,0.26112947
996,/mnt/c/Users/puneet/Downloads/DAiSEE/DataSet/Test/510042/5100422071/5100422071.avi,2,3,0.09645241,0.19650342,0.446003,0.26104116
997,/mnt/c/Users/puneet/Downloads/DAiSEE/DataSet/Test/510042/5100422072/5100422072.avi,2,2,0.09657049,0.19658063,0.4460008,0.26084808
998,/mnt/c/Users/puneet/Downloads/DAiSEE/DataSet/Test/510042/5100422073/5100422073.avi,2,2,0.096199706,0.19633785,0.44600707,0.26145536
999,/mnt/c/Users/puneet/Downloads/DAiSEE/DataSet/Test/510042/5100422074/5100422074.avi,2,2,0.09389577,0.19480756,0.44600412,0.26529256
1000,/mnt/c/Users/puneet/Downloads/DAiSEE/DataSet/Test/510042/5100422075/5100422075.avi,2,3,0.09627386,0.19638649,0.44600597,0.26133367
1001,/mnt/c/Users/puneet/Downloads/DAiSEE/DataSet/Test/510042/5100422077/5100422077.avi,2,2,0.088526316,0.19109254,0.44570103,0.2746801
1002,/mnt/c/Users/puneet/Downloads/DAiSEE/DataSet/Test/510042/5100422078/5100422078.avi,2,2,0.09609142,0.19626677,0.44600856,0.26163328
1003,/mnt/c/Users/puneet/Downloads/DAiSEE/DataSet/Test/510042/5100422079/5100422079.avi,2,3,0.09571069,0.19601618,0.4460125,0.26226065
1004,/mnt/c/Users/puneet/Downloads/DAiSEE/DataSet/Test/510042/5100422080/5100422080.avi,2,2,0.09699587,0.19685797,0.44599137,0.26015478
1005,/mnt/c/Users/puneet/Downloads/DAiSEE/DataSet/Test/510042/5100422081/5100422081.avi,2,2,0.09495989,0.19551903,0.44601452,0.26350653
1006,/mnt/c/Users/puneet/Downloads/DAiSEE/DataSet/Test/510042/5100422084/5100422084.avi,2,2,0.09620495,0.1963413,0.44600698,0.26144674
1007,/mnt/c/Users/puneet/Downloads/DAiSEE/DataSet/Test/510042/5100422085/5100422085.avi,2,2,0.095068716,0.19559133,0.44601473,0.2633252
1008,/mnt/c/Users/puneet/Downloads/DAiSEE/DataSet/Test/510045/5100451001/5100451001.avi,2,2,0.09739882,0.19711953,0.44598022,0.25950143
1009,/mnt/c/Users/puneet/Downloads/DAiSEE/DataSet/Test/510045/5100451003/5100451003.avi,2,3,0.097370625,0.19710127,0.4459811,0.25954702
1010,/mnt/c/Users/puneet/Downloads/DAiSEE/DataSet/Test/510045/5100451004/5100451004.avi,2,3,0.097382,0.19710864,0.44598076,0.2595286
1011,/mnt/c/Users/puneet/Downloads/DAiSEE/DataSet/Test/510045/5100451006/5100451006.avi,2,3,0.097403415,0.19712251,0.4459801,0.25949398
1012,/mnt/c/Users/puneet/Downloads/DAiSEE/DataSet/Test/510045/5100451007/5100451007.avi,2,3,0.09734713,0.19708605,0.4459818,0.25958502
1013,/mnt/c/Users/puneet/Downloads/DAiSEE/DataSet/Test/510045/5100451012/5100451012.avi,2,3,0.0973627,0.19709614,0.44598132,0.25955984
1014,/mnt/c/Users/puneet/Downloads/DAiSEE/DataSet/Test/510045/5100451013/5100451013.avi,2,3,0.097410634,0.1971272,0.44597986,0.2594823
1015,/mnt/c/Users/puneet/Downloads/DAiSEE/DataSet/Test/510045/5100451015/5100451015.avi,2,3,0.096825436,0.196747,0.44599545,0.26043212
1016,/mnt/c/Users/puneet/Downloads/DAiSEE/DataSet/Test/510045/5100451016/5100451016.avi,2,3,0.09698024,0.19684781,0.44599175,0.26018018
1017,/mnt/c/Users/puneet/Downloads/DAiSEE/DataSet/Test/510045/5100451017/5100451017.avi,2,2,0.09722153,0.19700459,0.4459854,0.25978845
1018,/mnt/c/Users/puneet/Downloads/DAiSEE/DataSet/Test/510045/5100451018/5100451018.avi,2,3,0.097280875,0.19704309,0.4459837,0.2596923
1019,/mnt/c/Users/puneet/Downloads/DAiSEE/DataSet/Test/510045/5100451019/5100451019.avi,2,3,0.09615363,0.19630761,0.44600773,0.26153103
1020,/mnt/c/Users/puneet/Downloads/DAiSEE/DataSet/Test/510045/5100451020/5100451020.avi,2,2,0.096459396,0.19650799,0.44600287,0.26102975
1021,/mnt/c/Users/puneet/Downloads/DAiSEE/DataSet/Test/510045/5100451024/5100451024.avi,2,3,0.096907094,0.1968002,0.44599354,0.26029918
1022,/mnt/c/Users/puneet/Downloads/DAiSEE/DataSet/Test/510045/5100451026/5100451026.avi,2,3,0.095965035,0.1961837,0.44601008,0.26184118
1023,/mnt/c/Users/puneet/Downloads/DAiSEE/DataSet/Test/510045/5100451027/5100451027.avi,2,3,0.09737279,0.19710267,0.44598103,0.2595435
1024,/mnt/c/Users/puneet/Downloads/DAiSEE/DataSet/Test/510045/5100451033/5100451033.avi,2,2,0.09722097,0.19700423,0.4459854,0.25978938
1025,/mnt/c/Users/puneet/Downloads/DAiSEE/DataSet/Test/510045/5100451034/5100451034.avi,2,3,0.097051404,0.1968941,0.44598997,0.26006454
1026,/mnt/c/Users/puneet/Downloads/DAiSEE/DataSet/Test/510045/5100451035/5100451035.avi,2,3,0.09714046,0.19695197,0.4459876,0.25991994
1027,/mnt/c/Users/puneet/Downloads/DAiSEE/DataSet/Test/510045/5100451036/5100451036.avi,2,2,0.093288966,0.19439822,0.44599107,0.26632175
1028,/mnt/c/Users/puneet/Downloads/DAiSEE/DataSet/Test/510045/5100451038/5100451038.avi,2,2,0.097196735,0.19698851,0.4459861,0.25982866
1029,/mnt/c/Users/puneet/Downloads/DAiSEE/DataSet/Test/510045/5100451041/5100451041.avi,2,3,0.09732836,0.19707388,0.44598234,0.25961542
1030,/mnt/c/Users/puneet/Downloads/DAiSEE/DataSet/Test/510045/5100451043/5100451043.avi,2,2,0.09710728,0.19693041,0.4459885,0.2599738
1031,/mnt/c/Users/puneet/Downloads/DAiSEE/DataSet/Test/510045/5100451044/5100451044.avi,2,3,0.097279735,0.19704236,0.44598377,0.25969416
1032,/mnt/c/Users/puneet/Downloads/DAiSEE/DataSet/Test/510045/5100451045/5100451045.avi,2,2,0.09594489,0.19617045,0.44601032,0.26187435
1033,/mnt/c/Users/puneet/Downloads/DAiSEE/DataSet/Test/510045/5100451049/5100451049.avi,2,3,0.0970878,0.19691776,0.445989,0.26000544
1034,/mnt/c/Users/puneet/Downloads/DAiSEE/DataSet/Test/510045/5100451050/5100451050.avi,2,3,0.097336456,0.19707914,0.4459821,0.2596023
1035,/mnt/c/Users/puneet/Downloads/DAiSEE/DataSet/Test/510045/5100451051/5100451051.avi,2,2,0.09730682,0.19705991,0.44598296,0.25965032
1036,/mnt/c/Users/puneet/Downloads/DAiSEE/DataSet/Test/510045/5100451052/5100451052.avi,2,3,0.097214915,0.1970003,0.4459856,0.2597992
1037,/mnt/c/Users/puneet/Downloads/DAiSEE/DataSet/Test/510045/5100451055/5100451055.avi,2,2,0.09655521,0.19657065,0.4460011,0.26087302
1038,/mnt/c/Users/puneet/Downloads/DAiSEE/DataSet/Test/510045/5100451056/5100451056.avi,2,3,0.097287394,0.19704731,0.44598353,0.2596818
1039,/mnt/c/Users/puneet/Downloads/DAiSEE/DataSet/Test/510045/5100451059/5100451059.avi,2,3,0.097315304,0.19706541,0.44598272,0.25963655
1040,/mnt/c/Users/puneet/Downloads/DAiSEE/DataSet/Test/510045/5100451060/5100451060.avi,2,3,0.09733898,0.19708076,0.44598204,0.25959823
1041,/mnt/c/Users/puneet/Downloads/DAiSEE/DataSet/Test/510045/5100451061/5100451061.avi,2,3,0.09711404,0.1969348,0.44598833,0.25996283
1042,/mnt/c/Users/puneet/Downloads/DAiSEE/DataSet/Test/510045/5100451064/5100451064.avi,2,2,0.097293384,0.1970512,0.44598335,0.25967205
1043,/mnt/c/Users/puneet/Downloads/DAiSEE/DataSet/Test/510045/5100451065/5100451065.avi,2,3,0.09717058,0.19697154,0.4459868,0.2598711
1044,/mnt/c/Users/puneet/Downloads/DAiSEE/DataSet/Test/510045/5100451066/5100451066.avi,2,2,0.096602686,0.19660166,0.4460002,0.26079547
1045,/mnt/c/Users/puneet/Downloads/DAiSEE/DataSet/Test/510045/5100451067/5100451067.avi,2,3,0.09638884,0.19646181,0.4460041,0.26114523
1046,/mnt/c/Users/puneet/Downloads/DAiSEE/DataSet/Test/510045/5100451070/5100451070.avi,2,3,0.09728056,0.1970429,0.44598374,0.25969282
1047,/mnt/c/Users/puneet/Downloads/DAiSEE/DataSet/Test/510045/5100451071/5100451071.avi,2,3,0.09729484,0.19705215,0.44598332,0.2596697
1048,/mnt/c/Users/puneet/Downloads/DAiSEE/DataSet/Test/510045/5100452002/5100452002.avi,2,2,0.09731383,0.19706446,0.44598275,0.25963894
1049,/mnt/c/Users/puneet/Downloads/DAiSEE/DataSet/Test/510045/5100452004/5100452004.avi,2,3,0.097169034,0.19697052,0.44598684,0.2598736
1050,/mnt/c/Users/puneet/Downloads/DAiSEE/DataSet/Test/510045/5100452005/5100452005.avi,2,2,0.097327664,0.19707343,0.44598237,0.25961652
1051,/mnt/c/Users/puneet/Downloads/DAiSEE/DataSet/Test/510045/5100452006/5100452006.avi,2,3,0.097280726,0.197043,0.4459837,0.25969255
1052,/mnt/c/Users/puneet/Downloads/DAiSEE/DataSet/Test/510045/5100452007/5100452007.avi,2,2,0.096813776,0.1967394,0.44599572,0.2604511
1053,/mnt/c/Users/puneet/Downloads/DAiSEE/DataSet/Test/510045/5100452008/5100452008.avi,2,3,0.09734452,0.19708435,0.44598186,0.25958925
1054,/mnt/c/Users/puneet/Downloads/DAiSEE/DataSet/Test/510045/5100452009/5100452009.avi,2,3,0.09602057,0.19622022,0.44600943,0.26174977
1055,/mnt/c/Users/puneet/Downloads/DAiSEE/DataSet/Test/510045/5100452010/5100452010.avi,2,2,0.09736921,0.19710036,0.44598112,0.25954932
1056,/mnt/c/Users/puneet/Downloads/DAiSEE/DataSet/Test/510045/5100452011/5100452011.avi,2,2,0.09648243,0.19652306,0.44600245,0.26099205
1057,/mnt/c/Users/puneet/Downloads/DAiSEE/DataSet/Test/510045/5100452012/5100452012.avi,2,3,0.097290166,0.19704913,0.44598344,0.25967726
1058,/mnt/c/Users/puneet/Downloads/DAiSEE/DataSet/Test/510045/5100452013/5100452013.avi,2,3,0.097360805,0.1970949,0.44598138,0.2595629
1059,/mnt/c/Users/puneet/Downloads/DAiSEE/DataSet/Test/510045/5100452014/5100452014.avi,2,3,0.09663095,0.19662012,0.44599962,0.2607493
1060,/mnt/c/Users/puneet/Downloads/DAiSEE/DataSet/Test/510045/5100452016/5100452016.avi,2,1,0.09714885,0.19695741,0.4459874,0.25990632
1061,/mnt/c/Users/puneet/Downloads/DAiSEE/DataSet/Test/510045/5100452017/5100452017.avi,2,3,0.096747756,0.19669636,0.44599718,0.26055872
1062,/mnt/c/Users/puneet/Downloads/DAiSEE/DataSet/Test/510045/5100452018/5100452018.avi,2,3,0.09620889,0.19634387,0.44600692,0.2614403
1063,/mnt/c/Users/puneet/Downloads/DAiSEE/DataSet/Test/510045/5100452021/5100452021.avi,2,2,0.097185135,0.19698097,0.44598642,0.2598475
1064,/mnt/c/Users/puneet/Downloads/DAiSEE/DataSet/Test/510045/5100452023/5100452023.avi,2,2,0.097207695,0.19699562,0.4459858,0.2598109
1065,/mnt/c/Users/puneet/Downloads/DAiSEE/DataSet/Test/510045/5100452025/5100452025.avi,2,2,0.09718843,0.19698311,0.44598633,0.25984216
1066,/mnt/c/Users/puneet/Downloads/DAiSEE/DataSet/Test/510045/5100452027/5100452027.avi,2,2,0.091350526,0.19307284,0.4459139,0.2696627
1067,/mnt/c/Users/puneet/Downloads/DAiSEE/DataSet/Test/510045/5100452028/5100452028.avi,2,3,0.09716717,0.19696932,0.4459869,0.2598766
1068,/mnt/c/Users/puneet/Downloads/DAiSEE/DataSet/Test/510045/5100452030/5100452030.avi,2,3,0.0972746,0.19703902,0.4459839,0.25970247
1069,/mnt/c/Users/puneet/Downloads/DAiSEE/DataSet/Test/510045/5100452031/5100452031.avi,2,3,0.09740963,0.19712654,0.4459799,0.25948393
1070,/mnt/c/Users/puneet/Downloads/DAiSEE/DataSet/Test/510045/5100452032/5100452032.avi,2,2,0.096715935,0.1966756,0.44599786,0.2606106
1071,/mnt/c/Users/puneet/Downloads/DAiSEE/DataSet/Test/510045/5100452033/5100452033.avi,2,2,0.09734572,0.19708513,0.44598183,0.25958732
1072,/mnt/c/Users/puneet/Downloads/DAiSEE/DataSet/Test/510045/5100452034/5100452034.avi,2,3,0.097316466,0.19706617,0.4459827,0.25963467
1073,/mnt/c/Users/puneet/Downloads/DAiSEE/DataSet/Test/510045/5100452035/5100452035.avi,2,2,0.09729887,0.19705476,0.4459832,0.25966316
1074,/mnt/c/Users/puneet/Downloads/DAiSEE/DataSet/Test/510045/5100452036/5100452036.avi,2,3,0.09732733,0.19707322,0.44598237,0.2596171
1075,/mnt/c/Users/puneet/Downloads/DAiSEE/DataSet/Test/510045/5100452037/5100452037.avi,2,3,0.09734762,0.19708636,0.44598177,0.25958425
1076,/mnt/c/Users/puneet/Downloads/DAiSEE/DataSet/Test/510045/5100452038/5100452038.avi,2,3,0.09615143,0.19630617,0.44600776,0.26153466
1077,/mnt/c/Users/puneet/Downloads/DAiSEE/DataSet/Test/510045/5100452039/5100452039.avi,2,2,0.097212434,0.1969987,0.44598565,0.2598032
1078,/mnt/c/Users/puneet/Downloads/DAiSEE/DataSet/Test/510045/5100452040/5100452040.avi,2,2,0.096127145,0.19629022,0.4460081,0.26157454
1079,/mnt/c/Users/puneet/Downloads/DAiSEE/DataSet/Test/510045/5100452047/5100452047.avi,2,3,0.09732563,0.1970721,0.4459824,0.25961986
1080,/mnt/c/Users/puneet/Downloads/DAiSEE/DataSet/Test/510045/5100452049/5100452049.avi,2,3,0.09724191,0.19701782,0.44598484,0.25975546
1081,/mnt/c/Users/puneet/Downloads/DAiSEE/DataSet/Test/510045/5100452050/5100452050.avi,2,3,0.09650404,0.1965372,0.44600207,0.26095667
1082,/mnt/c/Users/puneet/Downloads/DAiSEE/DataSet/Test/510045/5100452053/5100452053.avi,2,2,0.09723955,0.19701628,0.4459849,0.25975928
1083,/mnt/c/Users/puneet/Downloads/DAiSEE/DataSet/Test/510045/5100452054/5100452054.avi,2,3,0.09673361,0.19668713,0.44599748,0.26058176
1084,/mnt/c/Users/puneet/Downloads/DAiSEE/DataSet/Test/510045/5100452055/5100452055.avi,2,2,0.09731456,0.19706494,0.44598275,0.25963777
1085,/mnt/c/Users/puneet/Downloads/DAiSEE/DataSet/Test/510045/5100452059/5100452059.avi,2,3,0.097050734,0.19689366,0.44598997,0.26006562
1086,/mnt/c/Users/puneet/Downloads/DAiSEE/DataSet/Test/510045/5100452060/5100452060.avi,2,3,0.09644421,0.19649807,0.44600314,0.26105458
1087,/mnt/c/Users/puneet/Downloads/DAiSEE/DataSet/Test/510045/5100452061/5100452061.avi,2,2,0.09718168,0.19697872,0.4459865,0.2598531
1088,/mnt/c/Users/puneet/Downloads/DAiSEE/DataSet/Test/510045/5100452065/5100452065.avi,2,3,0.096360184,0.19644305,0.44600457,0.26119217
1089,/mnt/c/Users/puneet/Downloads/DAiSEE/DataSet/Test/510045/5100452066/5100452066.avi,2,3,0.09733766,0.19707991,0.44598207,0.25960037
1090,/mnt/c/Users/puneet/Downloads/DAiSEE/DataSet/Test/510045/5100452067/5100452067.avi,2,3,0.09715004,0.19695818,0.44598737,0.2599044
1091,/mnt/c/Users/puneet/Downloads/DAiSEE/DataSet/Test/510045/5100452076/5100452076.avi,2,3,0.09647707,0.19651955,0.44600257,0.2610008
1092,/mnt/c/Users/puneet/Downloads/DAiSEE/DataSet/Test/510045/5100452078/5100452078.avi,2,3,0.097320534,0.19706881,0.44598258,0.2596281
1093,/mnt/c/Users/puneet/Downloads/DAiSEE/DataSet/Test/510045/5100452079/5100452079.avi,2,3,0.09568076,0.19599643,0.44601274,0.26231006
1094,/mnt/c/Users/puneet/Downloads/DAiSEE/DataSet/Test/510045/5100452080/5100452080.avi,2,3,0.09718969,0.19698393,0.44598627,0.2598401
1095,/mnt/c/Users/puneet/Downloads/DAiSEE/DataSet/Test/510045/5100452081/5100452081.avi,2,2,0.09724561,0.19702022,0.44598472,0.25974944
1096,/mnt/c/Users/puneet/Downloads/DAiSEE/DataSet/Test/510046/5100461004/5100461004.avi,2,2,0.096012875,0.19621517,0.44600955,0.26176244
1097,/mnt/c/Users/puneet/Downloads/DAiSEE/DataSet/Test/510046/5100461005/5100461005.avi,2,2,0.09498146,0.19553337,0.44601458,0.2634706
1098,/mnt/c/Users/puneet/Downloads/DAiSEE/DataSet/Test/510046/5100461006/5100461006.avi,2,2,0.09557758,0.19592834,0.44601342,0.26248065
1099,/mnt/c/Users/puneet/Downloads/DAiSEE/DataSet/Test/510046/5100461007/5100461007.avi,2,1,0.094315834,0.19508937,0.4460101,0.2645847
1100,/mnt/c/Users/puneet/Downloads/DAiSEE/DataSet/Test/510046/5100461008/5100461008.avi,2,2,0.09455467,0.19524905,0.4460124,0.26418385
1101,/mnt/c/Users/puneet/Downloads/DAiSEE/DataSet/Test/510046/5100461009/5100461009.avi,2,3,0.09413049,0.19496518,0.4460078,0.26489654
1102,/mnt/c/Users/puneet/Downloads/DAiSEE/DataSet/Test/510046/5100461010/5100461010.avi,2,2,0.09535791,0.19578308,0.4460144,0.2628446
1103,/mnt/c/Users/puneet/Downloads/DAiSEE/DataSet/Test/510046/5100461011/5100461011.avi,2,2,0.09230671,0.19373003,0.4459588,0.26800448
1104,/mnt/c/Users/puneet/Downloads/DAiSEE/DataSet/Test/510046/5100461014/5100461014.avi,2,2,0.09414361,0.19497398,0.44600797,0.26487446
1105,/mnt/c/Users/puneet/Downloads/DAiSEE/DataSet/Test/510046/5100461015/5100461015.avi,2,3,0.094792515,0.19540766,0.44601393,0.2637859
1106,/mnt/c/Users/puneet/Downloads/DAiSEE/DataSet/Test/510046/5100461016/5100461016.avi,2,2,0.09562601,0.19596031,0.4460131,0.26240057
1107,/mnt/c/Users/puneet/Downloads/DAiSEE/DataSet/Test/510046/5100461017/5100461017.avi,2,3,0.09554981,0.19590998,0.44601357,0.26252663
1108,/mnt/c/Users/puneet/Downloads/DAiSEE/DataSet/Test/510046/5100461018/5100461018.avi,2,2,0.096238084,0.19636303,0.4460065,0.26139238
1109,/mnt/c/Users/puneet/Downloads/DAiSEE/DataSet/Test/510046/5100461020/5100461020.avi,2,2,0.095421895,0.19582541,0.4460142,0.2627385
1110,/mnt/c/Users/puneet/Downloads/DAiSEE/DataSet/Test/510046/5100461021/5100461021.avi,2,2,0.09519142,0.19567277,0.44601473,0.26312107
1111,/mnt/c/Users/puneet/Downloads/DAiSEE/DataSet/Test/510046/5100461022/5100461022.avi,2,3,0.09448392,0.19520178,0.4460118,0.26430246
1112,/mnt/c/Users/puneet/Downloads/DAiSEE/DataSet/Test/510046/5100461023/5100461023.avi,2,3,0.09560559,0.19594683,0.44601324,0.26243433
1113,/mnt/c/Users/puneet/Downloads/DAiSEE/DataSet/Test/510046/5100461025/5100461025.avi,2,2,0.09452156,0.19522694,0.44601214,0.26423937
1114,/mnt/c/Users/puneet/Downloads/DAiSEE/DataSet/Test/510046/5100461029/5100461029.avi,2,2,0.09424635,0.19504285,0.4460093,0.26470152
1115,/mnt/c/Users/puneet/Downloads/DAiSEE/DataSet/Test/510046/5100461030/5100461030.avi,2,3,0.09400476,0.1948808,0.4460059,0.26510856
1116,/mnt/c/Users/puneet/Downloads/DAiSEE/DataSet/Test/510046/5100461031/5100461031.avi,2,2,0.091624126,0.19326156,0.44592813,0.26918617
1117,/mnt/c/Users/puneet/Downloads/DAiSEE/DataSet/Test/510046/5100461032/5100461032.avi,2,2,0.095616825,0.19595423,0.44601318,0.26241577
1118,/mnt/c/Users/puneet/Downloads/DAiSEE/DataSet/Test/510046/5100461033/5100461033.avi,2,2,0.09593735,0.19616549,0.44601038,0.26188678
1119,/mnt/c/Users/puneet/Downloads/DAiSEE/DataSet/Test/510046/5100461034/5100461034.avi,2,2,0.094826736,0.19543044,0.44601408,0.26372874
1120,/mnt/c/Users/puneet/Downloads/DAiSEE/DataSet/Test/510046/5100461035/5100461035.avi,2,2,0.09607091,0.19625328,0.4460088,0.26166698
1121,/mnt/c/Users/puneet/Downloads/DAiSEE/DataSet/Test/510046/5100461036/5100461036.avi,2,2,0.09442841,0.1951647,0.4460113,0.2643956
1122,/mnt/c/Users/puneet/Downloads/DAiSEE/DataSet/Test/510046/5100461037/5100461037.avi,2,2,0.09352108,0.19455512,0.44599667,0.26592714
1123,/mnt/c/Users/puneet/Downloads/DAiSEE/DataSet/Test/510046/5100461038/5100461038.avi,2,2,0.09508456,0.19560185,0.44601473,0.26329884
1124,/mnt/c/Users/puneet/Downloads/DAiSEE/DataSet/Test/510046/5100461039/5100461039.avi,2,3,0.09462364,0.19529508,0.44601294,0.26406834
1125,/mnt/c/Users/puneet/Downloads/DAiSEE/DataSet/Test/510046/5100461040/5100461040.avi,2,2,0.095112585,0.19562046,0.44601476,0.2632522
1126,/mnt/c/Users/puneet/Downloads/DAiSEE/DataSet/Test/510046/5100461042/5100461042.avi,2,3,0.09412106,0.19495887,0.44600764,0.26491243
1127,/mnt/c/Users/puneet/Downloads/DAiSEE/DataSet/Test/510046/5100461043/5100461043.avi,2,2,0.096093215,0.19626795,0.44600853,0.26163033
1128,/mnt/c/Users/puneet/Downloads/DAiSEE/DataSet/Test/510046/5100461044/5100461044.avi,2,3,0.09348483,0.19453064,0.44599584,0.26598868
1129,/mnt/c/Users/puneet/Downloads/DAiSEE/DataSet/Test/510046/5100461046/5100461046.avi,2,2,0.09557929,0.19592945,0.44601342,0.26247782
1130,/mnt/c/Users/puneet/Downloads/DAiSEE/DataSet/Test/510046/5100461047/5100461047.avi,2,2,0.094485916,0.19520313,0.44601184,0.26429912
1131,/mnt/c/Users/puneet/Downloads/DAiSEE/DataSet/Test/510046/5100461048/5100461048.avi,2,2,0.0949939,0.19554164,0.4460146,0.26344985
1132,/mnt/c/Users/puneet/Downloads/DAiSEE/DataSet/Test/510046/5100461049/5100461049.avi,2,2,0.091755964,0.1933523,0.4459346,0.26895714
1133,/mnt/c/Users/puneet/Downloads/DAiSEE/DataSet/Test/510046/5100461050/5100461050.avi,2,2,0.09524982,0.19571148,0.44601467,0.26302403
1134,/mnt/c/Users/puneet/Downloads/DAiSEE/DataSet/Test/510046/5100461051/5100461051.avi,2,3,0.09569309,0.19600457,0.44601265,0.2622897
1135,/mnt/c/Users/puneet/Downloads/DAiSEE/DataSet/Test/510046/5100461052/5100461052.avi,2,2,0.09594105,0.19616792,0.44601035,0.26188067
1136,/mnt/c/Users/puneet/Downloads/DAiSEE/DataSet/Test/510046/5100461053/5100461053.avi,2,3,0.09560593,0.19594705,0.44601324,0.26243377
1137,/mnt/c/Users/puneet/Downloads/DAiSEE/DataSet/Test/510046/5100461054/5100461054.avi,2,2,0.09424487,0.19504185,0.44600928,0.26470402
1138,/mnt/c/Users/puneet/Downloads/DAiSEE/DataSet/Test/510046/5100461055/5100461055.avi,2,3,0.09535847,0.19578345,0.4460144,0.26284367
1139,/mnt/c/Users/puneet/Downloads/DAiSEE/DataSet/Test/510046/5100461056/5100461056.avi,2,3,0.0943339,0.19510147,0.4460103,0.26455432
1140,/mnt/c/Users/puneet/Downloads/DAiSEE/DataSet/Test/510046/5100461057/5100461057.avi,2,2,0.09570654,0.19601344,0.44601256,0.26226747
1141,/mnt/c/Users/puneet/Downloads/DAiSEE/DataSet/Test/510046/5100461058/5100461058.avi,2,2,0.08711516,0.19008075,0.44554797,0.27725613
1142,/mnt/c/Users/puneet/Downloads/DAiSEE/DataSet/Test/510046/5100461061/5100461061.avi,2,3,0.09570689,0.19601367,0.44601253,0.2622669
1143,/mnt/c/Users/puneet/Downloads/DAiSEE/DataSet/Test/510046/5100461062/5100461062.avi,2,2,0.09620855,0.19634366,0.44600695,0.26144084
1144,/mnt/c/Users/puneet/Downloads/DAiSEE/DataSet/Test/510046/5100461063/5100461063.avi,2,2,0.095886335,0.19613191,0.44601092,0.26197082
1145,/mnt/c/Users/puneet/Downloads/DAiSEE/DataSet/Test/510046/5100461064/5100461064.avi,2,3,0.08138989,0.18581805,0.4445825,0.28820956
1146,/mnt/c/Users/puneet/Downloads/DAiSEE/DataSet/Test/510046/5100461065/5100461065.avi,2,3,0.086802304,0.18985438,0.44550964,0.27783367
1147,/mnt/c/Users/puneet/Downloads/DAiSEE/DataSet/Test/510046/5100461066/5100461066.avi,2,3,0.0879518,0.19068243,0.44564256,0.27572322
1148,/mnt/c/Users/puneet/Downloads/DAiSEE/DataSet/Test/510046/5100461067/5100461067.avi,2,2,0.08756949,0.19040814,0.44560072,0.27642164
1149,/mnt/c/Users/puneet/Downloads/DAiSEE/DataSet/Test/510046/5100461068/5100461068.avi,2,2,0.08143753,0.1858546,0.44459295,0.28811494
1150,/mnt/c/Users/puneet/Downloads/DAiSEE/DataSet/Test/510046/5100461069/5100461069.avi,2,3,0.084289454,0.18800898,0.4451428,0.28255874
1151,/mnt/c/Users/puneet/Downloads/DAiSEE/DataSet/Test/510046/5100462001/5100462001.avi,2,2,0.09419983,0.19501168,0.4460087,0.26477978
1152,/mnt/c/Users/puneet/Downloads/DAiSEE/DataSet/Test/510046/5100462002/5100462002.avi,2,2,0.09144335,0.19313693,0.44591886,0.26950085
1153,/mnt/c/Users/puneet/Downloads/DAiSEE/DataSet/Test/510046/5100462003/5100462003.avi,2,1,0.09409511,0.19494145,0.44600728,0.26495618
1154,/mnt/c/Users/puneet/Downloads/DAiSEE/DataSet/Test/510046/5100462005/5100462005.avi,2,2,0.09577277,0.19605711,0.446012,0.26215813
1155,/mnt/c/Users/puneet/Downloads/DAiSEE/DataSet/Test/510046/5100462009/5100462009.avi,2,2,0.04928112,0.15623762,0.42402154,0.3704597
1156,/mnt/c/Users/puneet/Downloads/DAiSEE/DataSet/Test/510046/5100462010/5100462010.avi,2,3,0.08787812,0.19062966,0.44563466,0.27585754
1157,/mnt/c/Users/puneet/Downloads/DAiSEE/DataSet/Test/510046/5100462011/5100462011.avi,2,3,0.09547198,0.19585854,0.446014,0.2626555
1158,/mnt/c/Users/puneet/Downloads/DAiSEE/DataSet/Test/510046/5100462012/5100462012.avi,2,2,0.09562176,0.1959575,0.44601315,0.2624076
1159,/mnt/c/Users/puneet/Downloads/DAiSEE/DataSet/Test/510046/5100462014/5100462014.avi,2,3,0.09560264,0.19594488,0.44601327,0.2624392
1160,/mnt/c/Users/puneet/Downloads/DAiSEE/DataSet/Test/510046/5100462015/5100462015.avi,2,2,0.095743604,0.19603787,0.44601223,0.2622063
1161,/mnt/c/Users/puneet/Downloads/DAiSEE/DataSet/Test/510046/5100462016/5100462016.avi,2,2,0.095803365,0.19607727,0.44601172,0.2621076
1162,/mnt/c/Users/puneet/Downloads/DAiSEE/DataSet/Test/510046/5100462017/5100462017.avi,2,2,0.09609178,0.196267,0.44600853,0.26163268
1163,/mnt/c/Users/puneet/Downloads/DAiSEE/DataSet/Test/510046/5100462018/5100462018.avi,2,2,0.095247425,0.1957099,0.44601467,0.26302803
1164,/mnt/c/Users/puneet/Downloads/DAiSEE/DataSet/Test/510046/5100462019/5100462019.avi,2,2,0.09609528,0.1962693,0.4460085,0.2616269
1165,/mnt/c/Users/puneet/Downloads/DAiSEE/DataSet/Test/510046/5100462021/5100462021.avi,2,3,0.0943619,0.1951202,0.44601062,0.2645073
1166,/mnt/c/Users/puneet/Downloads/DAiSEE/DataSet/Test/510046/5100462022/5100462022.avi,2,2,0.09558191,0.1959312,0.4460134,0.2624735
1167,/mnt/c/Users/puneet/Downloads/DAiSEE/DataSet/Test/510046/5100462023/5100462023.avi,2,2,0.09429416,0.19507487,0.44600987,0.2646211
1168,/mnt/c/Users/puneet/Downloads/DAiSEE/DataSet/Test/510046/5100462024/5100462024.avi,2,2,0.0955321,0.19589828,0.4460137,0.26255593
1169,/mnt/c/Users/puneet/Downloads/DAiSEE/DataSet/Test/510046/5100462025/5100462025.avi,2,2,0.09548957,0.19587018,0.4460139,0.26262635
1170,/mnt/c/Users/puneet/Downloads/DAiSEE/DataSet/Test/510046/5100462026/5100462026.avi,2,3,0.09564505,0.19597287,0.446013,0.2623691
1171,/mnt/c/Users/puneet/Downloads/DAiSEE/DataSet/Test/510046/5100462027/5100462027.avi,2,2,0.09465077,0.19531319,0.44601312,0.26402292
1172,/mnt/c/Users/puneet/Downloads/DAiSEE/DataSet/Test/510046/5100462028/5100462028.avi,2,3,0.095958,0.19617906,0.44601017,0.26185277
1173,/mnt/c/Users/puneet/Downloads/DAiSEE/DataSet/Test/510046/5100462029/5100462029.avi,2,3,0.09339075,0.19446707,0.4459936,0.26614857
1174,/mnt/c/Users/puneet/Downloads/DAiSEE/DataSet/Test/510046/5100462031/5100462031.avi,2,2,0.09050242,0.19248433,0.44586274,0.2711505
1175,/mnt/c/Users/puneet/Downloads/DAiSEE/DataSet/Test/510046/5100462032/5100462032.avi,2,2,0.09552928,0.19589642,0.4460137,0.2625606
1176,/mnt/c/Users/puneet/Downloads/DAiSEE/DataSet/Test/510046/5100462033/5100462033.avi,2,2,0.09567817,0.19599473,0.44601274,0.26231435
1177,/mnt/c/Users/puneet/Downloads/DAiSEE/DataSet/Test/510046/5100462035/5100462035.avi,2,3,0.09552389,0.19589286,0.44601372,0.26256952
1178,/mnt/c/Users/puneet/Downloads/DAiSEE/DataSet/Test/510046/5100462037/5100462037.avi,2,3,0.095535226,0.19590035,0.44601366,0.26255074
1179,/mnt/c/Users/puneet/Downloads/DAiSEE/DataSet/Test/510046/5100462038/5100462038.avi,2,2,0.095328435,0.19576357,0.44601452,0.2628935
1180,/mnt/c/Users/puneet/Downloads/DAiSEE/DataSet/Test/510046/5100462039/5100462039.avi,2,2,0.0963908,0.1964631,0.44600406,0.26114202
1181,/mnt/c/Users/puneet/Downloads/DAiSEE/DataSet/Test/510046/5100462040/5100462040.avi,2,2,0.09466169,0.19532046,0.4460132,0.26400465
1182,/mnt/c/Users/puneet/Downloads/DAiSEE/DataSet/Test/510046/5100462041/5100462041.avi,2,3,0.09490897,0.19548516,0.4460144,0.26359147
1183,/mnt/c/Users/puneet/Downloads/DAiSEE/DataSet/Test/510046/5100462042/5100462042.avi,2,2,0.094877385,0.19546415,0.44601429,0.26364416
1184,/mnt/c/Users/puneet/Downloads/DAiSEE/DataSet/Test/510046/5100462043/5100462043.avi,2,2,0.09465027,0.19531284,0.44601312,0.26402375
1185,/mnt/c/Users/puneet/Downloads/DAiSEE/DataSet/Test/510046/5100462044/5100462044.avi,2,2,0.09410472,0.1949479,0.4460074,0.26493996
1186,/mnt/c/Users/puneet/Downloads/DAiSEE/DataSet/Test/510046/5100462045/5100462045.avi,2,2,0.0949718,0.19552694,0.44601458,0.26348668
1187,/mnt/c/Users/puneet/Downloads/DAiSEE/DataSet/Test/510046/5100462046/5100462046.avi,2,2,0.0926506,0.19396475,0.44597167,0.26741296
1188,/mnt/c/Users/puneet/Downloads/DAiSEE/DataSet/Test/510046/5100462047/5100462047.avi,2,3,0.0943184,0.1950911,0.44601014,0.26458037
1189,/mnt/c/Users/puneet/Downloads/DAiSEE/DataSet/Test/510046/5100462048/5100462048.avi,2,2,0.0950889,0.19560473,0.44601473,0.26329163
1190,/mnt/c/Users/puneet/Downloads/DAiSEE/DataSet/Test/510046/5100462050/5100462050.avi,2,2,0.09340093,0.19447395,0.44599387,0.26613122
1191,/mnt/c/Users/puneet/Downloads/DAiSEE/DataSet/Test/510046/5100462051/5100462051.avi,2,2,0.09550994,0.19588365,0.4460138,0.2625926
1192,/mnt/c/Users/puneet/Downloads/DAiSEE/DataSet/Test/510046/5100462052/5100462052.avi,2,2,0.09547336,0.19585946,0.446014,0.2626532
1193,/mnt/c/Users/puneet/Downloads/DAiSEE/DataSet/Test/510046/5100462053/5100462053.avi,2,3,0.09557442,0.19592623,0.44601345,0.2624859
1194,/mnt/c/Users/puneet/Downloads/DAiSEE/DataSet/Test/510046/5100462054/5100462054.avi,2,2,0.09534765,0.19577628,0.44601443,0.2628616
1195,/mnt/c/Users/puneet/Downloads/DAiSEE/DataSet/Test/510046/5100462055/5100462055.avi,2,3,0.095401056,0.19581163,0.44601429,0.26277304
1196,/mnt/c/Users/puneet/Downloads/DAiSEE/DataSet/Test/510046/5100462057/5100462057.avi,2,2,0.093874395,0.19479318,0.44600374,0.26532868
1197,/mnt/c/Users/puneet/Downloads/DAiSEE/DataSet/Test/510046/5100462058/5100462058.avi,2,3,0.09259112,0.19392422,0.44596958,0.2675151
1198,/mnt/c/Users/puneet/Downloads/DAiSEE/DataSet/Test/510046/5100462059/5100462059.avi,2,2,0.09410276,0.19494659,0.44600737,0.26494327
1199,/mnt/c/Users/puneet/Downloads/DAiSEE/DataSet/Test/510046/5100462061/5100462061.avi,2,2,0.0894372,0.1917377,0.44578308,0.27304202
1200,/mnt/c/Users/puneet/Downloads/DAiSEE/DataSet/Test/510046/5100462062/5100462062.avi,2,2,0.094387814,0.19513755,0.4460109,0.26446375
1201,/mnt/c/Users/puneet/Downloads/DAiSEE/DataSet/Test/510046/5100462063/5100462063.avi,2,3,0.095689595,0.19600227,0.44601268,0.26229545
1202,/mnt/c/Users/puneet/Downloads/DAiSEE/DataSet/Test/510046/5100462064/5100462064.avi,2,3,0.09624851,0.19636986,0.44600636,0.26137528
1203,/mnt/c/Users/puneet/Downloads/DAiSEE/DataSet/Test/510046/5100462066/5100462066.avi,2,2,0.09620277,0.19633986,0.446007,0.26145035
1204,/mnt/c/Users/puneet/Downloads/DAiSEE/DataSet/Test/510046/5100462067/5100462067.avi,2,2,0.095321395,0.1957589,0.44601452,0.26290518
1205,/mnt/c/Users/puneet/Downloads/DAiSEE/DataSet/Test/510046/5100462068/5100462068.avi,2,2,0.09645033,0.19650206,0.44600305,0.26104456
1206,/mnt/c/Users/puneet/Downloads/DAiSEE/DataSet/Test/510046/5100462069/5100462069.avi,2,3,0.09478463,0.19540241,0.4460139,0.26379904
1207,/mnt/c/Users/puneet/Downloads/DAiSEE/DataSet/Test/510046/5100462070/5100462070.avi,2,3,0.07403757,0.17995203,0.44243032,0.30358008
1208,/mnt/c/Users/puneet/Downloads/DAiSEE/DataSet/Test/510046/5100462071/5100462071.avi,2,2,0.07742557,0.18271205,0.44356012,0.29630226
1209,/mnt/c/Users/puneet/Downloads/DAiSEE/DataSet/Test/510046/5100462072/5100462072.avi,2,3,0.07343058,0.1794469,0.44220114,0.30492136
1210,/mnt/c/Users/puneet/Downloads/DAiSEE/DataSet/Test/510046/5100462074/5100462074.avi,2,2,0.062686205,0.16992743,0.43658817,0.3307982
1211,/mnt/c/Users/puneet/Downloads/DAiSEE/DataSet/Test/510046/5100462075/5100462075.avi,2,3,0.07166514,0.17795882,0.44148594,0.3088901
1212,/mnt/c/Users/puneet/Downloads/DAiSEE/DataSet/Test/510046/5100462077/5100462077.avi,2,3,0.09160299,0.193247,0.44592708,0.26922292
1213,/mnt/c/Users/puneet/Downloads/DAiSEE/DataSet/Test/510046/5100462078/5100462078.avi,2,2,0.093848474,0.19477575,0.4460033,0.2653725
1214,/mnt/c/Users/puneet/Downloads/DAiSEE/DataSet/Test/510046/5100462079/5100462079.avi,2,2,0.09597723,0.19619173,0.44600993,0.2618211
1215,/mnt/c/Users/puneet/Downloads/DAiSEE/DataSet/Test/510046/5100462080/5100462080.avi,2,2,0.09603738,0.19623126,0.44600922,0.26172215
1216,/mnt/c/Users/puneet/Downloads/DAiSEE/DataSet/Test/510046/5100462081/5100462081.avi,2,2,0.06759666,0.17441878,0.4395436,0.31844097
1217,/mnt/c/Users/puneet/Downloads/DAiSEE/DataSet/Test/510046/5100462082/5100462082.avi,2,2,0.06281591,0.1700493,0.43667567,0.33045912
1218,/mnt/c/Users/puneet/Downloads/DAiSEE/DataSet/Test/510047/5100471001/5100471001.avi,2,2,0.096031144,0.19622718,0.4460093,0.26173237
1219,/mnt/c/Users/puneet/Downloads/DAiSEE/DataSet/Test/510047/5100471002/5100471002.avi,2,3,0.0973962,0.19711785,0.4459803,0.25950563
1220,/mnt/c/Users/puneet/Downloads/DAiSEE/DataSet/Test/510047/5100471003/5100471003.avi,2,3,0.08999691,0.19213107,0.4458271,0.2720449
1221,/mnt/c/Users/puneet/Downloads/DAiSEE/DataSet/Test/510047/5100471011/5100471011.avi,2,2,0.0950026,0.19554742,0.44601464,0.26343533
1222,/mnt/c/Users/puneet/Downloads/DAiSEE/DataSet/Test/510047/5100471012/5100471012.avi,2,2,0.096410595,0.19647606,0.44600374,0.26110962
1223,/mnt/c/Users/puneet/Downloads/DAiSEE/DataSet/Test/510047/5100471013/5100471013.avi,2,2,0.09714486,0.19695482,0.4459875,0.25991282
1224,/mnt/c/Users/puneet/Downloads/DAiSEE/DataSet/Test/510047/5100471015/5100471015.avi,2,2,0.09672977,0.19668463,0.44599757,0.26058805
1225,/mnt/c/Users/puneet/Downloads/DAiSEE/DataSet/Test/510047/5100471016/5100471016.avi,2,3,0.09729359,0.19705135,0.44598335,0.2596717
1226,/mnt/c/Users/puneet/Downloads/DAiSEE/DataSet/Test/510047/5100471018/5100471018.avi,2,2,0.09670899,0.19667107,0.445998,0.26062194
1227,/mnt/c/Users/puneet/Downloads/DAiSEE/DataSet/Test/510047/5100471019/5100471019.avi,2,3,0.09740273,0.19712207,0.4459801,0.25949508
1228,/mnt/c/Users/puneet/Downloads/DAiSEE/DataSet/Test/510047/5100471020/5100471020.avi,2,2,0.09743364,0.19714208,0.44597918,0.2594451
1229,/mnt/c/Users/puneet/Downloads/DAiSEE/DataSet/Test/510047/5100471021/5100471021.avi,2,2,0.09738038,0.19710758,0.4459808,0.25953126
1230,/mnt/c/Users/puneet/Downloads/DAiSEE/DataSet/Test/510047/5100471023/5100471023.avi,2,2,0.095899254,0.19614041,0.4460108,0.26194954
1231,/mnt/c/Users/puneet/Downloads/DAiSEE/DataSet/Test/510047/5100471026/5100471026.avi,2,3,0.09735507,0.19709119,0.44598156,0.25957218
1232,/mnt/c/Users/puneet/Downloads/DAiSEE/DataSet/Test/510047/5100471027/5100471027.avi,2,2,0.09735986,0.19709429,0.4459814,0.25956443
1233,/mnt/c/Users/puneet/Downloads/DAiSEE/DataSet/Test/510047/5100471028/5100471028.avi,2,3,0.09716715,0.1969693,0.4459869,0.25987664
1234,/mnt/c/Users/puneet/Downloads/DAiSEE/DataSet/Test/510047/5100471029/5100471029.avi,2,2,0.09718559,0.19698127,0.4459864,0.25984675
1235,/mnt/c/Users/puneet/Downloads/DAiSEE/DataSet/Test/510047/5100471030/5100471030.avi,2,3,0.09124819,0.1930021,0.4459083,0.26984137
1236,/mnt/c/Users/puneet/Downloads/DAiSEE/DataSet/Test/510047/5100471031/5100471031.avi,2,2,0.09742958,0.19713946,0.4459793,0.25945166
1237,/mnt/c/Users/puneet/Downloads/DAiSEE/DataSet/Test/510047/5100471034/5100471034.avi,2,2,0.0901016,0.19220439,0.44583482,0.2718592
1238,/mnt/c/Users/puneet/Downloads/DAiSEE/DataSet/Test/510047/5100471037/5100471037.avi,2,3,0.0974852,0.19717546,0.44597757,0.25936174
1239,/mnt/c/Users/puneet/Downloads/DAiSEE/DataSet/Test/510047/5100471038/5100471038.avi,2,3,0.09678121,0.19671819,0.44599643,0.2605042
1240,/mnt/c/Users/puneet/Downloads/DAiSEE/DataSet/Test/510047/5100471039/5100471039.avi,2,3,0.0974705,0.19716594,0.44597805,0.25938553
1241,/mnt/c/Users/puneet/Downloads/DAiSEE/DataSet/Test/510047/5100471041/5100471041.avi,2,3,0.09741122,0.19712757,0.44597986,0.25948134
1242,/mnt/c/Users/puneet/Downloads/DAiSEE/DataSet/Test/510047/5100471042/5100471042.avi,2,2,0.09757615,0.19723429,0.44597468,0.25921488
1243,/mnt/c/Users/puneet/Downloads/DAiSEE/DataSet/Test/510047/5100471044/5100471044.avi,2,2,0.09727438,0.19703889,0.44598392,0.25970283
1244,/mnt/c/Users/puneet/Downloads/DAiSEE/DataSet/Test/510047/5100471045/5100471045.avi,2,2,0.097464,0.19716173,0.44597822,0.25939602
1245,/mnt/c/Users/puneet/Downloads/DAiSEE/DataSet/Test/510047/5100471047/5100471047.avi,2,3,0.097278334,0.19704145,0.44598377,0.25969642
1246,/mnt/c/Users/puneet/Downloads/DAiSEE/DataSet/Test/510047/5100471049/5100471049.avi,2,2,0.09298847,0.19419456,0.44598266,0.26683432
1247,/mnt/c/Users/puneet/Downloads/DAiSEE/DataSet/Test/510047/5100471050/5100471050.avi,2,3,0.09687397,0.19677863,0.44599432,0.2603531
1248,/mnt/c/Users/puneet/Downloads/DAiSEE/DataSet/Test/510047/5100471051/5100471051.avi,2,2,0.097399004,0.19711965,0.44598022,0.2595011
1249,/mnt/c/Users/puneet/Downloads/DAiSEE/DataSet/Test/510047/5100471052/5100471052.avi,2,2,0.09594773,0.19617231,0.4460103,0.2618697
1250,/mnt/c/Users/puneet/Downloads/DAiSEE/DataSet/Test/510047/5100471054/5100471054.avi,2,2,0.097172,0.19697244,0.44598678,0.25986877
1251,/mnt/c/Users/puneet/Downloads/DAiSEE/DataSet/Test/510047/5100471056/5100471056.avi,2,2,0.09703358,0.1968825,0.44599044,0.26009348
1252,/mnt/c/Users/puneet/Downloads/DAiSEE/DataSet/Test/510047/5100471057/5100471057.avi,2,3,0.09699738,0.19685896,0.44599134,0.2601523
1253,/mnt/c/Users/puneet/Downloads/DAiSEE/DataSet/Test/510047/5100471058/5100471058.avi,2,2,0.09736685,0.19709882,0.4459812,0.25955313
1254,/mnt/c/Users/puneet/Downloads/DAiSEE/DataSet/Test/510047/5100471059/5100471059.avi,2,2,0.09527123,0.19572566,0.44601464,0.26298848
1255,/mnt/c/Users/puneet/Downloads/DAiSEE/DataSet/Test/510047/5100471060/5100471060.avi,2,2,0.095970795,0.19618748,0.44601002,0.2618317
1256,/mnt/c/Users/puneet/Downloads/DAiSEE/DataSet/Test/510047/5100471062/5100471062.avi,2,3,0.09736453,0.19709732,0.44598126,0.25955686
1257,/mnt/c/Users/puneet/Downloads/DAiSEE/DataSet/Test/510047/5100471063/5100471063.avi,2,3,0.09738407,0.19710998,0.44598067,0.25952527
1258,/mnt/c/Users/puneet/Downloads/DAiSEE/DataSet/Test/510047/5100471065/5100471065.avi,2,2,0.09638402,0.19645865,0.44600418,0.26115313
1259,/mnt/c/Users/puneet/Downloads/DAiSEE/DataSet/Test/510047/5100471068/5100471068.avi,2,2,0.07940611,0.18428005,0.4441094,0.2922044
1260,/mnt/c/Users/puneet/Downloads/DAiSEE/DataSet/Test/510047/5100471069/5100471069.avi,2,3,0.09691804,0.19680732,0.44599327,0.26028132
1261,/mnt/c/Users/puneet/Downloads/DAiSEE/DataSet/Test/510047/5100471070/5100471070.avi,2,2,0.09733973,0.19708125,0.445982,0.259597
1262,/mnt/c/Users/puneet/Downloads/DAiSEE/DataSet/Test/510047/5100471072/5100471072.avi,2,2,0.09735732,0.19709265,0.44598147,0.25956854
1263,/mnt/c/Users/puneet/Downloads/DAiSEE/DataSet/Test/510047/5100471074/5100471074.avi,2,2,0.09610165,0.19627348,0.4460084,0.26161644
1264,/mnt/c/Users/puneet/Downloads/DAiSEE/DataSet/Test/510047/5100471075/5100471075.avi,2,2,0.09733317,0.197077,0.4459822,0.2596076
1265,/mnt/c/Users/puneet/Downloads/DAiSEE/DataSet/Test/510047/5100471080/5100471080.avi,2,2,0.0956388,0.19596875,0.44601303,0.2623794
1266,/mnt/c/Users/puneet/Downloads/DAiSEE/DataSet/Test/510047/5100471081/5100471081.avi,2,2,0.09709696,0.1969237,0.44598877,0.25999057
1267,/mnt/c/Users/puneet/Downloads/DAiSEE/DataSet/Test/510047/5100472001/5100472001.avi,2,1,0.097159244,0.19696417,0.4459871,0.25988945
1268,/mnt/c/Users/puneet/Downloads/DAiSEE/DataSet/Test/510047/5100472002/5100472002.avi,2,2,0.0965973,0.19659816,0.44600028,0.26080427
1269,/mnt/c/Users/puneet/Downloads/DAiSEE/DataSet/Test/510047/5100472003/5100472003.avi,2,2,0.09636417,0.19644566,0.4460045,0.26118565
1270,/mnt/c/Users/puneet/Downloads/DAiSEE/DataSet/Test/510047/5100472004/5100472004.avi,2,3,0.09724782,0.19702165,0.44598466,0.25974587
1271,/mnt/c/Users/puneet/Downloads/DAiSEE/DataSet/Test/510047/5100472005/5100472005.avi,2,2,0.09409968,0.19494452,0.4460073,0.2649485
1272,/mnt/c/Users/puneet/Downloads/DAiSEE/DataSet/Test/510047/5100472007/5100472007.avi,2,3,0.09710156,0.1969267,0.44598866,0.2599831
1273,/mnt/c/Users/puneet/Downloads/DAiSEE/DataSet/Test/510047/5100472009/5100472009.avi,2,3,0.09747645,0.1971698,0.44597787,0.2593759
1274,/mnt/c/Users/puneet/Downloads/DAiSEE/DataSet/Test/510047/5100472010/5100472010.avi,2,3,0.09741772,0.19713178,0.44597965,0.25947085
1275,/mnt/c/Users/puneet/Downloads/DAiSEE/DataSet/Test/510047/5100472011/5100472011.avi,2,2,0.09733827,0.1970803,0.44598204,0.2595994
1276,/mnt/c/Users/puneet/Downloads/DAiSEE/DataSet/Test/510047/5100472012/5100472012.avi,2,2,0.09738302,0.1971093,0.44598073,0.25952697
1277,/mnt/c/Users/puneet/Downloads/DAiSEE/DataSet/Test/510047/5100472014/5100472014.avi,2,2,0.097427495,0.1971381,0.44597936,0.25945503
1278,/mnt/c/Users/puneet/Downloads/DAiSEE/DataSet/Test/510047/5100472019/5100472019.avi,2,2,0.09727299,0.19703798,0.44598395,0.2597051
1279,/mnt/c/Users/puneet/Downloads/DAiSEE/DataSet/Test/510047/5100472020/5100472020.avi,2,3,0.09747797,0.19717078,0.4459778,0.25937343
1280,/mnt/c/Users/puneet/Downloads/DAiSEE/DataSet/Test/510047/5100472021/5100472021.avi,2,3,0.09679497,0.19672716,0.44599614,0.26048175
1281,/mnt/c/Users/puneet/Downloads/DAiSEE/DataSet/Test/510047/5100472027/5100472027.avi,2,3,0.09514345,0.19564095,0.44601476,0.26320085
1282,/mnt/c/Users/puneet/Downloads/DAiSEE/DataSet/Test/510047/5100472030/5100472030.avi,2,2,0.097371705,0.19710198,0.44598106,0.25954527
1283,/mnt/c/Users/puneet/Downloads/DAiSEE/DataSet/Test/510047/5100472031/5100472031.avi,2,2,0.09688554,0.19678617,0.44599405,0.26033425
1284,/mnt/c/Users/puneet/Downloads/DAiSEE/DataSet/Test/510047/5100472032/5100472032.avi,2,3,0.09742256,0.19713491,0.4459795,0.259463
1285,/mnt/c/Users/puneet/Downloads/DAiSEE/DataSet/Test/510047/5100472035/5100472035.avi,2,2,0.09642828,0.19648764,0.44600344,0.26108065
1286,/mnt/c/Users/puneet/Downloads/DAiSEE/DataSet/Test/510047/5100472039/5100472039.avi,2,2,0.09735334,0.19709006,0.4459816,0.259575
1287,/mnt/c/Users/puneet/Downloads/DAiSEE/DataSet/Test/510047/5100472040/5100472040.avi,2,2,0.09746988,0.19716555,0.44597805,0.2593865
1288,/mnt/c/Users/puneet/Downloads/DAiSEE/DataSet/Test/510047/5100472041/5100472041.avi,2,3,0.09399927,0.1948771,0.44600582,0.26511782
1289,/mnt/c/Users/puneet/Downloads/DAiSEE/DataSet/Test/510047/5100472042/5100472042.avi,2,2,0.09592698,0.19615865,0.4460105,0.26190388
1290,/mnt/c/Users/puneet/Downloads/DAiSEE/DataSet/Test/510047/5100472044/5100472044.avi,2,2,0.097406924,0.19712478,0.44597998,0.2594883
1291,/mnt/c/Users/puneet/Downloads/DAiSEE/DataSet/Test/510047/5100472045/5100472045.avi,2,3,0.09527704,0.19572952,0.4460146,0.26297882
1292,/mnt/c/Users/puneet/Downloads/DAiSEE/DataSet/Test/510047/5100472047/5100472047.avi,2,2,0.08652574,0.18965366,0.44547445,0.27834615
1293,/mnt/c/Users/puneet/Downloads/DAiSEE/DataSet/Test/510047/5100472050/5100472050.avi,2,2,0.0958487,0.19610713,0.4460113,0.26203287
1294,/mnt/c/Users/puneet/Downloads/DAiSEE/DataSet/Test/510047/5100472052/5100472052.avi,2,3,0.09505565,0.19558266,0.4460147,0.26334697
1295,/mnt/c/Users/puneet/Downloads/DAiSEE/DataSet/Test/510047/5100472053/5100472053.avi,2,2,0.09664367,0.19662844,0.44599935,0.26072854
1296,/mnt/c/Users/puneet/Downloads/DAiSEE/DataSet/Test/510047/5100472054/5100472054.avi,2,2,0.09661508,0.19660977,0.44599992,0.2607752
1297,/mnt/c/Users/puneet/Downloads/DAiSEE/DataSet/Test/510047/5100472058/5100472058.avi,2,1,0.093619205,0.19462132,0.44599882,0.26576066
1298,/mnt/c/Users/puneet/Downloads/DAiSEE/DataSet/Test/510047/5100472060/5100472060.avi,2,2,0.096327,0.19642131,0.44600514,0.26124656
1299,/mnt/c/Users/puneet/Downloads/DAiSEE/DataSet/Test/510047/5100472063/5100472063.avi,2,2,0.09732017,0.19706857,0.44598258,0.25962868
1300,/mnt/c/Users/puneet/Downloads/DAiSEE/DataSet/Test/510047/5100472064/5100472064.avi,2,2,0.09743068,0.19714017,0.44597927,0.25944987
1301,/mnt/c/Users/puneet/Downloads/DAiSEE/DataSet/Test/826412/826412010/826412010.avi,2,3,0.0730302,0.1791119,0.4420454,0.3058125
1302,/mnt/c/Users/puneet/Downloads/DAiSEE/DataSet/Test/826412/8264120110/8264120110.avi,2,2,0.058528982,0.16592167,0.43348002,0.34206933
1303,/mnt/c/Users/puneet/Downloads/DAiSEE/DataSet/Test/826412/8264120111/8264120111.avi,2,2,0.06289229,0.17012098,0.436727,0.33025974
1304,/mnt/c/Users/puneet/Downloads/DAiSEE/DataSet/Test/826412/8264120112/8264120112.avi,2,2,0.09601049,0.19621359,0.44600958,0.26176637
1305,/mnt/c/Users/puneet/Downloads/DAiSEE/DataSet/Test/826412/8264120113/8264120113.avi,2,3,0.09229689,0.19372332,0.44595838,0.2680214
1306,/mnt/c/Users/puneet/Downloads/DAiSEE/DataSet/Test/826412/8264120116/8264120116.avi,2,1,0.09760256,0.19725135,0.4459738,0.2591723
1307,/mnt/c/Users/puneet/Downloads/DAiSEE/DataSet/Test/826412/8264120117/8264120117.avi,2,3,0.09768421,0.1973041,0.44597107,0.25904062
1308,/mnt/c/Users/puneet/Downloads/DAiSEE/DataSet/Test/826412/8264120119/8264120119.avi,2,3,0.092571706,0.19391099,0.44596887,0.26754844
1309,/mnt/c/Users/puneet/Downloads/DAiSEE/DataSet/Test/826412/8264120120/8264120120.avi,2,1,0.06625836,0.17321917,0.4388083,0.32171416
1310,/mnt/c/Users/puneet/Downloads/DAiSEE/DataSet/Test/826412/8264120121/8264120121.avi,2,2,0.09392307,0.19482592,0.44600457,0.26524645
1311,/mnt/c/Users/puneet/Downloads/DAiSEE/DataSet/Test/826412/8264120122/8264120122.avi,2,2,0.09398467,0.1948673,0.44600558,0.26514244
1312,/mnt/c/Users/puneet/Downloads/DAiSEE/DataSet/Test/826412/8264120123/8264120123.avi,2,1,0.08111729,0.18560861,0.44452193,0.2887522
1313,/mnt/c/Users/puneet/Downloads/DAiSEE/DataSet/Test/826412/8264120124/8264120124.avi,2,2,0.07500322,0.18074888,0.44277775,0.30147016
1314,/mnt/c/Users/puneet/Downloads/DAiSEE/DataSet/Test/826412/8264120125/8264120125.avi,2,2,0.087995715,0.19071387,0.4456472,0.2756432
1315,/mnt/c/Users/puneet/Downloads/DAiSEE/DataSet/Test/826412/8264120126/8264120126.avi,2,2,0.07460733,0.18042319,0.4426378,0.30233166
1316,/mnt/c/Users/puneet/Downloads/DAiSEE/DataSet/Test/826412/8264120127/8264120127.avi,2,1,0.069640025,0.17621644,0.44057235,0.31357118
1317,/mnt/c/Users/puneet/Downloads/DAiSEE/DataSet/Test/826412/826412013/826412013.avi,2,1,0.06511347,0.17217861,0.43813863,0.32456928
1318,/mnt/c/Users/puneet/Downloads/DAiSEE/DataSet/Test/826412/8264120131/8264120131.avi,2,2,0.095829576,0.19609454,0.44601148,0.2620644
1319,/mnt/c/Users/puneet/Downloads/DAiSEE/DataSet/Test/826412/8264120132/8264120132.avi,2,2,0.047600448,0.1543455,0.4218289,0.37622517
1320,/mnt/c/Users/puneet/Downloads/DAiSEE/DataSet/Test/826412/8264120136/8264120136.avi,2,2,0.09759287,0.19724509,0.4459741,0.2591879
1321,/mnt/c/Users/puneet/Downloads/DAiSEE/DataSet/Test/826412/8264120139/8264120139.avi,2,3,0.08925012,0.1916057,0.44576728,0.2733769
1322,/mnt/c/Users/puneet/Downloads/DAiSEE/DataSet/Test/826412/8264120141/8264120141.avi,2,2,0.0977159,0.19732456,0.44596997,0.25898954
1323,/mnt/c/Users/puneet/Downloads/DAiSEE/DataSet/Test/826412/8264120144/8264120144.avi,2,3,0.09768304,0.19730335,0.4459711,0.2590425
1324,/mnt/c/Users/puneet/Downloads/DAiSEE/DataSet/Test/826412/8264120145/8264120145.avi,2,3,0.097176604,0.19697544,0.44598663,0.25986132
1325,/mnt/c/Users/puneet/Downloads/DAiSEE/DataSet/Test/826412/8264120146/8264120146.avi,3,3,0.0356635,0.13931453,0.39953783,0.42548412
1326,/mnt/c/Users/puneet/Downloads/DAiSEE/DataSet/Test/826412/8264120149/8264120149.avi,2,2,0.09739112,0.19711456,0.44598046,0.25951385
1327,/mnt/c/Users/puneet/Downloads/DAiSEE/DataSet/Test/826412/8264120150/8264120150.avi,2,1,0.09757117,0.19723107,0.44597483,0.25922292
1328,/mnt/c/Users/puneet/Downloads/DAiSEE/DataSet/Test/826412/8264120156/8264120156.avi,2,1,0.07007305,0.17659225,0.44077635,0.31255835
1329,/mnt/c/Users/puneet/Downloads/DAiSEE/DataSet/Test/826412/8264120157/8264120157.avi,2,2,0.09435591,0.19511619,0.44601056,0.26451734
1330,/mnt/c/Users/puneet/Downloads/DAiSEE/DataSet/Test/826412/8264120159/8264120159.avi,2,2,0.09668941,0.1966583,0.44599843,0.26065388
1331,/mnt/c/Users/puneet/Downloads/DAiSEE/DataSet/Test/826412/8264120165/8264120165.avi,2,3,0.09775713,0.19735116,0.44596854,0.25892317
1332,/mnt/c/Users/puneet/Downloads/DAiSEE/DataSet/Test/826412/8264120166/8264120166.avi,2,3,0.097625375,0.1972661,0.44597304,0.25913548
1333,/mnt/c/Users/puneet/Downloads/DAiSEE/DataSet/Test/826412/8264120169/8264120169.avi,2,1,0.08932701,0.19165997,0.44577384,0.2732392
1334,/mnt/c/Users/puneet/Downloads/DAiSEE/DataSet/Test/826412/826412017/826412017.avi,2,2,0.080688365,0.18527785,0.4444238,0.28961
1335,/mnt/c/Users/puneet/Downloads/DAiSEE/DataSet/Test/826412/826412018/826412018.avi,2,2,0.076301575,0.18180741,0.44321263,0.2986784
1336,/mnt/c/Users/puneet/Downloads/DAiSEE/DataSet/Test/826412/826412019/826412019.avi,2,2,0.08319421,0.18718927,0.4449489,0.2846676
1337,/mnt/c/Users/puneet/Downloads/DAiSEE/DataSet/Test/826412/8264120210/8264120210.avi,2,2,0.09739196,0.1971151,0.44598043,0.25951248
1338,/mnt/c/Users/puneet/Downloads/DAiSEE/DataSet/Test/826412/8264120211/8264120211.avi,2,1,0.095906794,0.19614537,0.4460107,0.2619371
1339,/mnt/c/Users/puneet/Downloads/DAiSEE/DataSet/Test/826412/8264120213/8264120213.avi,2,3,0.08774543,0.1905345,0.44562027,0.2760998
1340,/mnt/c/Users/puneet/Downloads/DAiSEE/DataSet/Test/826412/8264120215/8264120215.avi,2,3,0.0942965,0.19507644,0.44600987,0.26461717
1341,/mnt/c/Users/puneet/Downloads/DAiSEE/DataSet/Test/826412/8264120216/8264120216.avi,2,3,0.092842706,0.1940955,0.4459781,0.26708367
1342,/mnt/c/Users/puneet/Downloads/DAiSEE/DataSet/Test/826412/8264120218/8264120218.avi,2,3,0.097472906,0.19716752,0.44597796,0.25938162
1343,/mnt/c/Users/puneet/Downloads/DAiSEE/DataSet/Test/826412/8264120219/8264120219.avi,2,3,0.0908068,0.19269617,0.44588235,0.27061468
1344,/mnt/c/Users/puneet/Downloads/DAiSEE/DataSet/Test/826412/8264120220/8264120220.avi,2,2,0.09711349,0.19693445,0.44598836,0.25996372
1345,/mnt/c/Users/puneet/Downloads/DAiSEE/DataSet/Test/826412/8264120221/8264120221.avi,2,3,0.09759699,0.19724776,0.445974,0.25918126
1346,/mnt/c/Users/puneet/Downloads/DAiSEE/DataSet/Test/826412/8264120223/8264120223.avi,2,2,0.09768889,0.19730712,0.4459709,0.25903308
1347,/mnt/c/Users/puneet/Downloads/DAiSEE/DataSet/Test/826412/8264120224/8264120224.avi,2,3,0.09215636,0.19362712,0.44595262,0.2682639
1348,/mnt/c/Users/puneet/Downloads/DAiSEE/DataSet/Test/826412/8264120227/8264120227.avi,2,3,0.09101841,0.19284302,0.44589517,0.2702434
1349,/mnt/c/Users/puneet/Downloads/DAiSEE/DataSet/Test/826412/8264120228/8264120228.avi,2,3,0.069246165,0.17587307,0.44038263,0.31449813
1350,/mnt/c/Users/puneet/Downloads/DAiSEE/DataSet/Test/826412/8264120229/8264120229.avi,2,2,0.07043946,0.17690884,0.44094524,0.31170645
1351,/mnt/c/Users/puneet/Downloads/DAiSEE/DataSet/Test/826412/826412023/826412023.avi,2,3,0.09263325,0.19395292,0.44597107,0.26744276
1352,/mnt/c/Users/puneet/Downloads/DAiSEE/DataSet/Test/826412/8264120231/8264120231.avi,2,1,0.06953657,0.17612639,0.44052294,0.3138141
1353,/mnt/c/Users/puneet/Downloads/DAiSEE/DataSet/Test/826412/8264120232/8264120232.avi,2,2,0.09773953,0.19733982,0.44596916,0.2589515
1354,/mnt/c/Users/puneet/Downloads/DAiSEE/DataSet/Test/826412/8264120233/8264120233.avi,2,3,0.09729901,0.19705485,0.4459832,0.25966293
1355,/mnt/c/Users/puneet/Downloads/DAiSEE/DataSet/Test/826412/8264120234/8264120234.avi,2,2,0.097499676,0.19718482,0.44597712,0.25933838
1356,/mnt/c/Users/puneet/Downloads/DAiSEE/DataSet/Test/826412/8264120239/8264120239.avi,2,1,0.08745528,0.19032598,0.44558778,0.27663097
1357,/mnt/c/Users/puneet/Downloads/DAiSEE/DataSet/Test/826412/826412024/826412024.avi,2,3,0.09778526,0.1973693,0.44596756,0.25887787
1358,/mnt/c/Users/puneet/Downloads/DAiSEE/DataSet/Test/826412/8264120240/8264120240.avi,2,0,0.05494991,0.16230904,0.43028286,0.35245818
1359,/mnt/c/Users/puneet/Downloads/DAiSEE/DataSet/Test/826412/8264120241/8264120241.avi,2,2,0.0957406,0.1960359,0.44601226,0.2622112
1360,/mnt/c/Users/puneet/Downloads/DAiSEE/DataSet/Test/826412/8264120242/8264120242.avi,2,2,0.09696116,0.1968354,0.44599223,0.2602112
1361,/mnt/c/Users/puneet/Downloads/DAiSEE/DataSet/Test/826412/8264120243/8264120243.avi,2,1,0.057715636,0.16511455,0.43279865,0.34437114
1362,/mnt/c/Users/puneet/Downloads/DAiSEE/DataSet/Test/826412/8264120245/8264120245.avi,2,2,0.094026834,0.19489563,0.44600627,0.2650713
1363,/mnt/c/Users/puneet/Downloads/DAiSEE/DataSet/Test/826412/8264120247/8264120247.avi,2,3,0.09108155,0.19288677,0.44589883,0.27013284
1364,/mnt/c/Users/puneet/Downloads/DAiSEE/DataSet/Test/826412/8264120248/8264120248.avi,2,2,0.08901987,0.19144288,0.44574708,0.27379015
1365,/mnt/c/Users/puneet/Downloads/DAiSEE/DataSet/Test/826412/8264120249/8264120249.avi,2,1,0.08048141,0.18511772,0.4443752,0.29002568
1366,/mnt/c/Users/puneet/Downloads/DAiSEE/DataSet/Test/826412/826412025/826412025.avi,3,2,0.027074061,0.12553893,0.36740953,0.4799775
1367,/mnt/c/Users/puneet/Downloads/DAiSEE/DataSet/Test/826412/8264120254/8264120254.avi,2,1,0.09780691,0.19738327,0.44596678,0.25884303
1368,/mnt/c/Users/puneet/Downloads/DAiSEE/DataSet/Test/826412/8264120256/8264120256.avi,2,1,0.09775184,0.19734776,0.44596875,0.25893167
1369,/mnt/c/Users/puneet/Downloads/DAiSEE/DataSet/Test/826412/8264120257/8264120257.avi,2,3,0.09774298,0.19734204,0.44596905,0.25894594
1370,/mnt/c/Users/puneet/Downloads/DAiSEE/DataSet/Test/826412/8264120258/8264120258.avi,2,2,0.097829804,0.19739804,0.44596598,0.2588062
1371,/mnt/c/Users/puneet/Downloads/DAiSEE/DataSet/Test/826412/8264120261/8264120261.avi,2,1,0.096800126,0.19673051,0.44599602,0.26047334
1372,/mnt/c/Users/puneet/Downloads/DAiSEE/DataSet/Test/826412/8264120262/8264120262.avi,2,1,0.096683785,0.19665463,0.44599852,0.26066303
1373,/mnt/c/Users/puneet/Downloads/DAiSEE/DataSet/Test/826412/8264120263/8264120263.avi,2,1,0.09783029,0.19739835,0.44596595,0.25880542
1374,/mnt/c/Users/puneet/Downloads/DAiSEE/DataSet/Test/826412/8264120265/8264120265.avi,2,1,0.08914005,0.19152792,0.44575775,0.2735743
1375,/mnt/c/Users/puneet/Downloads/DAiSEE/DataSet/Test/826412/8264120266/8264120266.avi,2,1,0.090018846,0.19214644,0.44582874,0.27200598
1376,/mnt/c/Users/puneet/Downloads/DAiSEE/DataSet/Test/826412/8264120268/8264120268.avi,2,3,0.09781635,0.19738936,0.44596645,0.25882784
1377,/mnt/c/Users/puneet/Downloads/DAiSEE/DataSet/Test/826412/8264120269/8264120269.avi,2,1,0.076302275,0.181808,0.44321287,0.29867688
1378,/mnt/c/Users/puneet/Downloads/DAiSEE/DataSet/Test/826412/826412027/826412027.avi,2,2,0.095873505,0.19612347,0.44601107,0.26199198
1379,/mnt/c/Users/puneet/Downloads/DAiSEE/DataSet/Test/826412/8264120274/8264120274.avi,2,3,0.09709785,0.19692428,0.44598877,0.2599891
1380,/mnt/c/Users/puneet/Downloads/DAiSEE/DataSet/Test/826412/8264120275/8264120275.avi,2,3,0.097316384,0.19706611,0.4459827,0.2596348
1381,/mnt/c/Users/puneet/Downloads/DAiSEE/DataSet/Test/826412/8264120279/8264120279.avi,2,1,0.09777059,0.19735986,0.44596806,0.25890148
1382,/mnt/c/Users/puneet/Downloads/DAiSEE/DataSet/Test/826412/8264120280/8264120280.avi,2,2,0.09551526,0.19588715,0.44601378,0.26258382
1383,/mnt/c/Users/puneet/Downloads/DAiSEE/DataSet/Test/826412/8264120282/8264120282.avi,2,1,0.058522563,0.16591534,0.43347475,0.34208736
1384,/mnt/c/Users/puneet/Downloads/DAiSEE/DataSet/Test/826412/8264120284/8264120284.avi,3,1,0.023459217,0.11722183,0.33139896,0.52792
1385,/mnt/c/Users/puneet/Downloads/DAiSEE/DataSet/Test/882654/88265401100/88265401100.mp4,2,3,0.0926276,0.19394909,0.44597086,0.26745242
1386,/mnt/c/Users/puneet/Downloads/DAiSEE/DataSet/Test/882654/88265401130/88265401130.mp4,2,3,0.09528665,0.19573589,0.4460146,0.26296285
1387,/mnt/c/Users/puneet/Downloads/DAiSEE/DataSet/Test/882654/88265401140/88265401140.mp4,2,3,0.097641535,0.19727655,0.4459725,0.2591094
1388,/mnt/c/Users/puneet/Downloads/DAiSEE/DataSet/Test/882654/88265401150/88265401150.mp4,2,3,0.09754505,0.19721419,0.44597566,0.2592651
1389,/mnt/c/Users/puneet/Downloads/DAiSEE/DataSet/Test/882654/88265401160/88265401160.mp4,2,3,0.0952213,0.19569258,0.4460147,0.2630714
1390,/mnt/c/Users/puneet/Downloads/DAiSEE/DataSet/Test/882654/88265401170/88265401170.mp4,2,2,0.088328116,0.19095133,0.44568145,0.27503908
1391,/mnt/c/Users/puneet/Downloads/DAiSEE/DataSet/Test/882654/88265401190/88265401190.mp4,2,3,0.09702867,0.19687931,0.44599056,0.26010147
1392,/mnt/c/Users/puneet/Downloads/DAiSEE/DataSet/Test/882654/8826540120/8826540120.mp4,2,3,0.09582067,0.19608867,0.44601157,0.2620791
1393,/mnt/c/Users/puneet/Downloads/DAiSEE/DataSet/Test/882654/88265401200/88265401200.mp4,2,2,0.091788985,0.193375,0.44593614,0.26889986
1394,/mnt/c/Users/puneet/Downloads/DAiSEE/DataSet/Test/882654/88265401240/88265401240.mp4,2,3,0.09770008,0.19731435,0.44597054,0.25901502
1395,/mnt/c/Users/puneet/Downloads/DAiSEE/DataSet/Test/882654/88265401260/88265401260.mp4,2,3,0.08651351,0.18964477,0.4454729,0.27836883
1396,/mnt/c/Users/puneet/Downloads/DAiSEE/DataSet/Test/882654/88265401270/88265401270.mp4,2,3,0.09632568,0.19642045,0.44600517,0.26124874
1397,/mnt/c/Users/puneet/Downloads/DAiSEE/DataSet/Test/882654/88265401280/88265401280.mp4,2,3,0.09753749,0.19720928,0.4459759,0.2592773
1398,/mnt/c/Users/puneet/Downloads/DAiSEE/DataSet/Test/882654/88265401300/88265401300.mp4,2,3,0.09386074,0.19478399,0.4460035,0.26535177
1399,/mnt/c/Users/puneet/Downloads/DAiSEE/DataSet/Test/882654/88265401320/88265401320.mp4,2,3,0.097382076,0.19710869,0.44598076,0.2595285
1400,/mnt/c/Users/puneet/Downloads/DAiSEE/DataSet/Test/882654/88265401350/88265401350.mp4,2,3,0.096079834,0.19625916,0.44600868,0.2616523
1401,/mnt/c/Users/puneet/Downloads/DAiSEE/DataSet/Test/882654/88265401360/88265401360.mp4,2,3,0.096632615,0.19662121,0.4459996,0.2607466
1402,/mnt/c/Users/puneet/Downloads/DAiSEE/DataSet/Test/882654/88265401380/88265401380.mp4,2,3,0.09642557,0.19648586,0.44600347,0.2610851
1403,/mnt/c/Users/puneet/Downloads/DAiSEE/DataSet/Test/882654/88265401390/88265401390.mp4,2,3,0.09760488,0.19725285,0.44597372,0.25916854
1404,/mnt/c/Users/puneet/Downloads/DAiSEE/DataSet/Test/882654/88265401400/88265401400.mp4,2,3,0.097726636,0.19733149,0.4459696,0.2589723
1405,/mnt/c/Users/puneet/Downloads/DAiSEE/DataSet/Test/882654/88265401410/88265401410.mp4,2,3,0.09757618,0.1972343,0.44597468,0.25921485
1406,/mnt/c/Users/puneet/Downloads/DAiSEE/DataSet/Test/882654/88265401420/88265401420.mp4,2,2,0.09771241,0.19732231,0.4459701,0.25899518
1407,/mnt/c/Users/puneet/Downloads/DAiSEE/DataSet/Test/882654/88265401430/88265401430.mp4,2,3,0.097605914,0.19725353,0.44597366,0.25916687
1408,/mnt/c/Users/puneet/Downloads/DAiSEE/DataSet/Test/882654/88265401450/88265401450.mp4,2,3,0.09073032,0.192643,0.44587755,0.27074912
1409,/mnt/c/Users/puneet/Downloads/DAiSEE/DataSet/Test/882654/88265401470/88265401470.mp4,2,2,0.09668717,0.19665684,0.44599846,0.26065755
1410,/mnt/c/Users/puneet/Downloads/DAiSEE/DataSet/Test/882654/88265401480/88265401480.mp4,2,3,0.09695623,0.19683218,0.44599235,0.26021922
1411,/mnt/c/Users/puneet/Downloads/DAiSEE/DataSet/Test/882654/88265401490/88265401490.mp4,2,3,0.09660648,0.19660415,0.4460001,0.26078928
1412,/mnt/c/Users/puneet/Downloads/DAiSEE/DataSet/Test/882654/8826540150/8826540150.mp4,2,3,0.097088195,0.19691801,0.445989,0.2600048
1413,/mnt/c/Users/puneet/Downloads/DAiSEE/DataSet/Test/882654/88265401520/88265401520.mp4,2,3,0.08773117,0.19052427,0.44561872,0.27612585
1414,/mnt/c/Users/puneet/Downloads/DAiSEE/DataSet/Test/882654/88265401550/88265401550.mp4,2,3,0.097263016,0.19703151,0.4459842,0.25972122
1415,/mnt/c/Users/puneet/Downloads/DAiSEE/DataSet/Test/882654/88265401630/88265401630.mp4,2,2,0.09757498,0.19723353,0.4459747,0.2592168
1416,/mnt/c/Users/puneet/Downloads/DAiSEE/DataSet/Test/882654/88265401640/88265401640.mp4,2,2,0.08958258,0.1918401,0.44579497,0.27278236
1417,/mnt/c/Users/puneet/Downloads/DAiSEE/DataSet/Test/882654/88265401660/88265401660.mp4,2,3,0.09659089,0.19659397,0.4460004,0.26081473
1418,/mnt/c/Users/puneet/Downloads/DAiSEE/DataSet/Test/882654/88265401690/88265401690.mp4,2,3,0.095930286,0.19616084,0.44601047,0.26189843
1419,/mnt/c/Users/puneet/Downloads/DAiSEE/DataSet/Test/882654/8826540170/8826540170.mp4,2,3,0.09736397,0.19709696,0.4459813,0.25955778
1420,/mnt/c/Users/puneet/Downloads/DAiSEE/DataSet/Test/882654/88265401730/88265401730.mp4,2,3,0.09759937,0.19724931,0.4459739,0.25917742
1421,/mnt/c/Users/puneet/Downloads/DAiSEE/DataSet/Test/882654/88265401740/88265401740.mp4,2,3,0.09678756,0.19672231,0.44599628,0.26049381
1422,/mnt/c/Users/puneet/Downloads/DAiSEE/DataSet/Test/882654/88265401750/88265401750.mp4,2,1,0.075059555,0.18079513,0.4427974,0.30134794
1423,/mnt/c/Users/puneet/Downloads/DAiSEE/DataSet/Test/882654/8826540180/8826540180.mp4,2,3,0.09616051,0.19631213,0.4460076,0.26151976
1424,/mnt/c/Users/puneet/Downloads/DAiSEE/DataSet/Test/882654/88265402120/88265402120.mp4,2,3,0.09732682,0.1970729,0.4459824,0.2596179
1425,/mnt/c/Users/puneet/Downloads/DAiSEE/DataSet/Test/882654/88265402150/88265402150.mp4,2,3,0.08957399,0.19183405,0.44579428,0.2727977
1426,/mnt/c/Users/puneet/Downloads/DAiSEE/DataSet/Test/882654/88265402160/88265402160.mp4,2,2,0.096415676,0.19647938,0.44600365,0.2611013
1427,/mnt/c/Users/puneet/Downloads/DAiSEE/DataSet/Test/882654/88265402170/88265402170.mp4,2,3,0.09631387,0.19641271,0.44600534,0.26126808
1428,/mnt/c/Users/puneet/Downloads/DAiSEE/DataSet/Test/882654/88265402180/88265402180.mp4,2,2,0.09686861,0.19677514,0.44599444,0.2603618
1429,/mnt/c/Users/puneet/Downloads/DAiSEE/DataSet/Test/882654/88265402190/88265402190.mp4,2,3,0.09324128,0.19436595,0.44598982,0.26640296
1430,/mnt/c/Users/puneet/Downloads/DAiSEE/DataSet/Test/882654/88265402200/88265402200.mp4,2,3,0.09628974,0.19639689,0.4460057,0.26130766
1431,/mnt/c/Users/puneet/Downloads/DAiSEE/DataSet/Test/882654/88265402230/88265402230.mp4,2,2,0.09735022,0.19708805,0.44598168,0.25958005
1432,/mnt/c/Users/puneet/Downloads/DAiSEE/DataSet/Test/882654/88265402240/88265402240.mp4,2,2,0.09711563,0.19693583,0.4459883,0.25996023
1433,/mnt/c/Users/puneet/Downloads/DAiSEE/DataSet/Test/882654/88265402270/88265402270.mp4,2,2,0.0976372,0.19727375,0.44597265,0.2591164
1434,/mnt/c/Users/puneet/Downloads/DAiSEE/DataSet/Test/882654/8826540230/8826540230.mp4,2,3,0.09442723,0.19516389,0.4460113,0.2643976
1435,/mnt/c/Users/puneet/Downloads/DAiSEE/DataSet/Test/882654/88265402300/88265402300.mp4,2,3,0.090653576,0.19258961,0.44587266,0.27088413
1436,/mnt/c/Users/puneet/Downloads/DAiSEE/DataSet/Test/882654/88265402310/88265402310.mp4,2,3,0.097611636,0.19725722,0.4459735,0.25915763
1437,/mnt/c/Users/puneet/Downloads/DAiSEE/DataSet/Test/882654/88265402320/88265402320.mp4,2,2,0.09750093,0.19718564,0.44597706,0.25933638
1438,/mnt/c/Users/puneet/Downloads/DAiSEE/DataSet/Test/882654/88265402330/88265402330.mp4,2,3,0.09614266,0.19630042,0.44600788,0.26154906
1439,/mnt/c/Users/puneet/Downloads/DAiSEE/DataSet/Test/882654/88265402340/88265402340.mp4,2,2,0.09640313,0.19647117,0.44600385,0.26112184
1440,/mnt/c/Users/puneet/Downloads/DAiSEE/DataSet/Test/882654/88265402350/88265402350.mp4,2,3,0.09763968,0.19727534,0.44597256,0.25911242
1441,/mnt/c/Users/puneet/Downloads/DAiSEE/DataSet/Test/882654/88265402370/88265402370.mp4,2,3,0.09714474,0.19695474,0.4459875,0.259913
1442,/mnt/c/Users/puneet/Downloads/DAiSEE/DataSet/Test/882654/88265402380/88265402380.mp4,2,3,0.08776697,0.19054995,0.44562262,0.27606046
1443,/mnt/c/Users/puneet/Downloads/DAiSEE/DataSet/Test/882654/8826540240/8826540240.mp4,2,3,0.095189705,0.19567163,0.44601473,0.26312393
1444,/mnt/c/Users/puneet/Downloads/DAiSEE/DataSet/Test/882654/88265402400/88265402400.mp4,2,2,0.09724244,0.19701816,0.4459848,0.25975457
1445,/mnt/c/Users/puneet/Downloads/DAiSEE/DataSet/Test/882654/88265402420/88265402420.mp4,2,3,0.09568319,0.19599803,0.4460127,0.26230606
1446,/mnt/c/Users/puneet/Downloads/DAiSEE/DataSet/Test/882654/88265402440/88265402440.mp4,2,2,0.09729734,0.19705378,0.44598323,0.25966564
1447,/mnt/c/Users/puneet/Downloads/DAiSEE/DataSet/Test/882654/88265402450/88265402450.mp4,2,3,0.0972105,0.19699743,0.4459857,0.25980636
1448,/mnt/c/Users/puneet/Downloads/DAiSEE/DataSet/Test/882654/88265402480/88265402480.mp4,2,2,0.095180675,0.19566564,0.44601473,0.26313895
1449,/mnt/c/Users/puneet/Downloads/DAiSEE/DataSet/Test/882654/88265402490/88265402490.mp4,2,3,0.09426493,0.19505529,0.44600952,0.26467025
1450,/mnt/c/Users/puneet/Downloads/DAiSEE/DataSet/Test/882654/88265402500/88265402500.mp4,2,3,0.09762523,0.19726601,0.44597304,0.25913572
1451,/mnt/c/Users/puneet/Downloads/DAiSEE/DataSet/Test/882654/88265402520/88265402520.mp4,2,3,0.09501307,0.19555438,0.44601464,0.2634179
1452,/mnt/c/Users/puneet/Downloads/DAiSEE/DataSet/Test/882654/88265402540/88265402540.mp4,2,2,0.09607765,0.19625773,0.44600874,0.2616559
1453,/mnt/c/Users/puneet/Downloads/DAiSEE/DataSet/Test/882654/88265402570/88265402570.mp4,2,2,0.09683828,0.19675538,0.44599515,0.26041117
1454,/mnt/c/Users/puneet/Downloads/DAiSEE/DataSet/Test/882654/88265402580/88265402580.mp4,2,3,0.09630754,0.19640857,0.44600543,0.26127845
1455,/mnt/c/Users/puneet/Downloads/DAiSEE/DataSet/Test/882654/88265402590/88265402590.mp4,2,3,0.096808106,0.19673571,0.44599584,0.26046035
1456,/mnt/c/Users/puneet/Downloads/DAiSEE/DataSet/Test/882654/8826540260/8826540260.mp4,2,2,0.08825887,0.19090194,0.44567445,0.27516472
1457,/mnt/c/Users/puneet/Downloads/DAiSEE/DataSet/Test/882654/88265402600/88265402600.mp4,2,2,0.094210245,0.19501865,0.44600883,0.26476225
1458,/mnt/c/Users/puneet/Downloads/DAiSEE/DataSet/Test/882654/88265402630/88265402630.mp4,2,3,0.09701674,0.19687155,0.44599083,0.26012087
1459,/mnt/c/Users/puneet/Downloads/DAiSEE/DataSet/Test/882654/88265402660/88265402660.mp4,2,3,0.09753355,0.19720674,0.44597605,0.2592837
1460,/mnt/c/Users/puneet/Downloads/DAiSEE/DataSet/Test/882654/88265402690/88265402690.mp4,2,3,0.096957356,0.19683291,0.44599232,0.2602174
1461,/mnt/c/Users/puneet/Downloads/DAiSEE/DataSet/Test/882654/8826540270/8826540270.mp4,2,3,0.0976195,0.1972623,0.44597322,0.25914496
1462,/mnt/c/Users/puneet/Downloads/DAiSEE/DataSet/Test/882654/88265402700/88265402700.mp4,2,3,0.097668916,0.19729422,0.44597158,0.25906527
1463,/mnt/c/Users/puneet/Downloads/DAiSEE/DataSet/Test/882654/88265402770/88265402770.mp4,2,3,0.09696517,0.19683799,0.44599214,0.2602047
1464,/mnt/c/Users/puneet/Downloads/DAiSEE/DataSet/Test/882654/88265402780/88265402780.mp4,2,3,0.097234316,0.19701289,0.44598505,0.25976774
1465,/mnt/c/Users/puneet/Downloads/DAiSEE/DataSet/Test/882654/88265402790/88265402790.mp4,2,2,0.09739963,0.19712006,0.44598022,0.2595001
1466,/mnt/c/Users/puneet/Downloads/DAiSEE/DataSet/Test/882654/8826540280/8826540280.mp4,2,2,0.097237445,0.19701493,0.44598496,0.25976267
1467,/mnt/c/Users/puneet/Downloads/DAiSEE/DataSet/Test/882654/88265402800/88265402800.mp4,2,3,0.092964694,0.1941784,0.44598195,0.26687494
1468,/mnt/c/Users/puneet/Downloads/DAiSEE/DataSet/Test/882654/88265402810/88265402810.mp4,2,3,0.09570779,0.19601427,0.44601256,0.2622654
1469,/mnt/c/Users/puneet/Downloads/DAiSEE/DataSet/Test/882654/88265402820/88265402820.mp4,2,3,0.097252175,0.19702448,0.44598454,0.2597388
1470,/mnt/c/Users/puneet/Downloads/DAiSEE/DataSet/Test/882654/88265402840/88265402840.mp4,2,3,0.09616927,0.19631788,0.4460075,0.26150534
1471,/mnt/c/Users/puneet/Downloads/DAiSEE/DataSet/Test/882654/88265402850/88265402850.mp4,2,3,0.095658965,0.19598207,0.44601288,0.2623461
1472,/mnt/c/Users/puneet/Downloads/DAiSEE/DataSet/Test/882654/88265402880/88265402880.mp4,2,2,0.097435236,0.19714311,0.44597912,0.25944254
1473,/mnt/c/Users/puneet/Downloads/DAiSEE/DataSet/Test/882654/88265402890/88265402890.mp4,2,3,0.094890326,0.19547276,0.44601434,0.26362258
1474,/mnt/c/Users/puneet/Downloads/DAiSEE/DataSet/Test/882654/8826540290/8826540290.mp4,2,3,0.0970799,0.19691262,0.44598922,0.26001823
1475,/mnt/c/Users/puneet/Downloads/DAiSEE/DataSet/Test/882654/88265402900/88265402900.mp4,2,3,0.09464858,0.19531171,0.44601312,0.2640266
1476,/mnt/c/Users/puneet/Downloads/DAiSEE/DataSet/Test/907001/907001100/907001100.mp4,2,3,0.07796248,0.18314038,0.44371685,0.2951803
1477,/mnt/c/Users/puneet/Downloads/DAiSEE/DataSet/Test/907001/9070011010/9070011010.mp4,2,2,0.06899111,0.17564993,0.4402576,0.31510136
1478,/mnt/c/Users/puneet/Downloads/DAiSEE/DataSet/Test/907001/9070011020/9070011020.mp4,2,3,0.048730522,0.15562272,0.42332208,0.37232468
1479,/mnt/c/Users/puneet/Downloads/DAiSEE/DataSet/Test/907001/9070011060/9070011060.mp4,2,3,0.07862453,0.18366522,0.44390205,0.2938082
1480,/mnt/c/Users/puneet/Downloads/DAiSEE/DataSet/Test/907001/9070011090/9070011090.mp4,2,2,0.07859315,0.18364042,0.44389346,0.29387298
1481,/mnt/c/Users/puneet/Downloads/DAiSEE/DataSet/Test/907001/907001110/907001110.mp4,2,3,0.08617907,0.18940122,0.44542858,0.27899113
1482,/mnt/c/Users/puneet/Downloads/DAiSEE/DataSet/Test/907001/9070011110/9070011110.mp4,2,3,0.08702338,0.19001442,0.44553688,0.27742532
1483,/mnt/c/Users/puneet/Downloads/DAiSEE/DataSet/Test/907001/907001120/907001120.mp4,2,2,0.094933726,0.19550163,0.44601446,0.26355016
1484,/mnt/c/Users/puneet/Downloads/DAiSEE/DataSet/Test/907001/907001150/907001150.mp4,2,3,0.09220238,0.19365865,0.44595453,0.26818442
1485,/mnt/c/Users/puneet/Downloads/DAiSEE/DataSet/Test/907001/907001160/907001160.mp4,2,2,0.09249504,0.19385868,0.44596606,0.2676802
1486,/mnt/c/Users/puneet/Downloads/DAiSEE/DataSet/Test/907001/907001170/907001170.mp4,2,3,0.091045275,0.19286163,0.44589674,0.27019635
1487,/mnt/c/Users/puneet/Downloads/DAiSEE/DataSet/Test/907001/907001180/907001180.mp4,2,3,0.07861718,0.18365939,0.44390005,0.2938234
1488,/mnt/c/Users/puneet/Downloads/DAiSEE/DataSet/Test/907001/907001210/907001210.mp4,2,3,0.09522382,0.19569425,0.4460147,0.26306722
1489,/mnt/c/Users/puneet/Downloads/DAiSEE/DataSet/Test/907001/907001220/907001220.mp4,2,3,0.09630142,0.19640455,0.44600552,0.2612885
1490,/mnt/c/Users/puneet/Downloads/DAiSEE/DataSet/Test/907001/907001240/907001240.mp4,2,3,0.08244036,0.18661954,0.44480306,0.28613704
1491,/mnt/c/Users/puneet/Downloads/DAiSEE/DataSet/Test/907001/907001270/907001270.mp4,2,2,0.09220461,0.19366017,0.44595465,0.26818058
1492,/mnt/c/Users/puneet/Downloads/DAiSEE/DataSet/Test/907001/907001280/907001280.mp4,2,3,0.07314353,0.17920688,0.44208983,0.30555975
1493,/mnt/c/Users/puneet/Downloads/DAiSEE/DataSet/Test/907001/907001310/907001310.mp4,2,3,0.08556612,0.18895264,0.4453425,0.28013873
1494,/mnt/c/Users/puneet/Downloads/DAiSEE/DataSet/Test/907001/907001340/907001340.mp4,2,3,0.08413459,0.18789364,0.44511667,0.2828551
1495,/mnt/c/Users/puneet/Downloads/DAiSEE/DataSet/Test/907001/907001350/907001350.mp4,2,3,0.082405716,0.18659323,0.4447961,0.28620496
1496,/mnt/c/Users/puneet/Downloads/DAiSEE/DataSet/Test/907001/907001360/907001360.mp4,2,3,0.096204296,0.19634087,0.446007,0.26144785
1497,/mnt/c/Users/puneet/Downloads/DAiSEE/DataSet/Test/907001/907001370/907001370.mp4,2,3,0.09505042,0.19557919,0.4460147,0.26335567
1498,/mnt/c/Users/puneet/Downloads/DAiSEE/DataSet/Test/907001/907001400/907001400.mp4,2,3,0.08448323,0.18815303,0.44517493,0.2821888
1499,/mnt/c/Users/puneet/Downloads/DAiSEE/DataSet/Test/907001/907001430/907001430.mp4,2,2,0.09353997,0.19456786,0.4459971,0.26589507
1500,/mnt/c/Users/puneet/Downloads/DAiSEE/DataSet/Test/907001/907001450/907001450.mp4,2,3,0.087133475,0.19009396,0.44555014,0.2772224
1501,/mnt/c/Users/puneet/Downloads/DAiSEE/DataSet/Test/907001/907001480/907001480.mp4,2,1,0.08882443,0.19130436,0.44572932,0.2741419
1502,/mnt/c/Users/puneet/Downloads/DAiSEE/DataSet/Test/907001/907001490/907001490.mp4,2,3,0.08733418,0.19023877,0.44557384,0.27685323
1503,/mnt/c/Users/puneet/Downloads/DAiSEE/DataSet/Test/907001/90700150/90700150.mp4,2,3,0.07257143,0.17872627,0.4418623,0.30684003
1504,/mnt/c/Users/puneet/Downloads/DAiSEE/DataSet/Test/907001/907001500/907001500.mp4,2,3,0.09543795,0.19583604,0.44601414,0.26271188
1505,/mnt/c/Users/puneet/Downloads/DAiSEE/DataSet/Test/907001/907001520/907001520.mp4,2,3,0.09600625,0.19621079,0.4460096,0.26177335
1506,/mnt/c/Users/puneet/Downloads/DAiSEE/DataSet/Test/907001/907001550/907001550.mp4,2,3,0.093903854,0.194813,0.44600424,0.26527888
1507,/mnt/c/Users/puneet/Downloads/DAiSEE/DataSet/Test/907001/907001560/907001560.mp4,2,2,0.0954598,0.19585049,0.44601405,0.26267567
1508,/mnt/c/Users/puneet/Downloads/DAiSEE/DataSet/Test/907001/907001570/907001570.mp4,2,3,0.08912611,0.19151805,0.44575652,0.27359933
1509,/mnt/c/Users/puneet/Downloads/DAiSEE/DataSet/Test/907001/907001580/907001580.mp4,2,3,0.08824117,0.1908893,0.44567266,0.27519685
1510,/mnt/c/Users/puneet/Downloads/DAiSEE/DataSet/Test/907001/90700160/90700160.mp4,2,3,0.09342333,0.19448909,0.4459944,0.26609316
1511,/mnt/c/Users/puneet/Downloads/DAiSEE/DataSet/Test/907001/907001600/907001600.mp4,2,3,0.086100675,0.18934402,0.4454179,0.2791374
1512,/mnt/c/Users/puneet/Downloads/DAiSEE/DataSet/Test/907001/907001620/907001620.mp4,2,3,0.06592816,0.17292044,0.43861905,0.32253236
1513,/mnt/c/Users/puneet/Downloads/DAiSEE/DataSet/Test/907001/907001650/907001650.mp4,2,2,0.09496492,0.19552237,0.44601455,0.26349816
1514,/mnt/c/Users/puneet/Downloads/DAiSEE/DataSet/Test/907001/907001670/907001670.mp4,2,3,0.07024008,0.17673673,0.44085377,0.31216943
1515,/mnt/c/Users/puneet/Downloads/DAiSEE/DataSet/Test/907001/907001680/907001680.mp4,2,3,0.09328221,0.19439366,0.4459909,0.26633325
1516,/mnt/c/Users/puneet/Downloads/DAiSEE/DataSet/Test/907001/90700170/90700170.mp4,2,3,0.07991303,0.18467614,0.4442375,0.29117334
1517,/mnt/c/Users/puneet/Downloads/DAiSEE/DataSet/Test/907001/907001730/907001730.mp4,2,3,0.094919235,0.19549198,0.44601443,0.26357436
1518,/mnt/c/Users/puneet/Downloads/DAiSEE/DataSet/Test/907001/907001740/907001740.mp4,2,2,0.08837683,0.19098607,0.4456863,0.2749508
1519,/mnt/c/Users/puneet/Downloads/DAiSEE/DataSet/Test/907001/907001780/907001780.mp4,2,3,0.09603616,0.19623046,0.44600925,0.26172414
1520,/mnt/c/Users/puneet/Downloads/DAiSEE/DataSet/Test/907001/907001790/907001790.mp4,2,3,0.065466404,0.17250082,0.43834916,0.32368362
1521,/mnt/c/Users/puneet/Downloads/DAiSEE/DataSet/Test/907001/90700180/90700180.mp4,2,3,0.081801265,0.18613298,0.4446713,0.28739446
1522,/mnt/c/Users/puneet/Downloads/DAiSEE/DataSet/Test/907001/907001820/907001820.mp4,2,3,0.077730164,0.18295535,0.44364977,0.29566473
1523,/mnt/c/Users/puneet/Downloads/DAiSEE/DataSet/Test/907001/907001840/907001840.mp4,2,3,0.08821135,0.190868,0.44566962,0.27525103
1524,/mnt/c/Users/puneet/Downloads/DAiSEE/DataSet/Test/907001/907001850/907001850.mp4,2,3,0.06983718,0.17638777,0.44066584,0.31310922
1525,/mnt/c/Users/puneet/Downloads/DAiSEE/DataSet/Test/907001/907001860/907001860.mp4,2,3,0.08671725,0.18979272,0.44549897,0.27799106
1526,/mnt/c/Users/puneet/Downloads/DAiSEE/DataSet/Test/907001/90700190/90700190.mp4,2,3,0.0901594,0.19224483,0.445839,0.27175677
1527,/mnt/c/Users/puneet/Downloads/DAiSEE/DataSet/Test/907001/907001910/907001910.mp4,2,2,0.065085836,0.17215332,0.438122,0.32463884
1528,/mnt/c/Users/puneet/Downloads/DAiSEE/DataSet/Test/907001/907001940/907001940.mp4,2,3,0.07123636,0.1775931,0.441301,0.30986956
1529,/mnt/c/Users/puneet/Downloads/DAiSEE/DataSet/Test/907001/907001950/907001950.mp4,2,1,0.093604155,0.19461116,0.4459985,0.2657862
1530,/mnt/c/Users/puneet/Downloads/DAiSEE/DataSet/Test/907001/907001970/907001970.mp4,2,3,0.07745021,0.18273176,0.44356745,0.29625058
1531,/mnt/c/Users/puneet/Downloads/DAiSEE/DataSet/Test/928901/9289010111/9289010111.avi,2,2,0.09771458,0.19732371,0.44597,0.2589917
1532,/mnt/c/Users/puneet/Downloads/DAiSEE/DataSet/Test/928901/9289010112/9289010112.avi,2,2,0.09764107,0.19727623,0.4459725,0.25911018
1533,/mnt/c/Users/puneet/Downloads/DAiSEE/DataSet/Test/928901/9289010113/9289010113.avi,2,2,0.09050838,0.1924885,0.44586316,0.27113998
1534,/mnt/c/Users/puneet/Downloads/DAiSEE/DataSet/Test/928901/9289010114/9289010114.avi,2,1,0.09426519,0.19505545,0.44600952,0.2646698
1535,/mnt/c/Users/puneet/Downloads/DAiSEE/DataSet/Test/928901/9289010115/9289010115.avi,2,3,0.09543977,0.19583724,0.4460141,0.26270887
1536,/mnt/c/Users/puneet/Downloads/DAiSEE/DataSet/Test/928901/9289010117/9289010117.avi,2,3,0.097633876,0.19727159,0.44597274,0.25912178
1537,/mnt/c/Users/puneet/Downloads/DAiSEE/DataSet/Test/928901/9289010118/9289010118.avi,2,3,0.097764716,0.19735608,0.4459683,0.25891092
1538,/mnt/c/Users/puneet/Downloads/DAiSEE/DataSet/Test/928901/9289010119/9289010119.avi,2,3,0.06001243,0.16737363,0.43465889,0.33795506
1539,/mnt/c/Users/puneet/Downloads/DAiSEE/DataSet/Test/928901/9289010120/9289010120.avi,2,2,0.09776944,0.19735911,0.44596812,0.25890332
1540,/mnt/c/Users/puneet/Downloads/DAiSEE/DataSet/Test/928901/9289010121/9289010121.avi,2,2,0.09761945,0.19726227,0.44597322,0.25914505
1541,/mnt/c/Users/puneet/Downloads/DAiSEE/DataSet/Test/928901/9289010127/9289010127.avi,2,2,0.09171744,0.1933258,0.44593272,0.26902404
1542,/mnt/c/Users/puneet/Downloads/DAiSEE/DataSet/Test/928901/928901013/928901013.avi,2,3,0.096076444,0.19625694,0.44600874,0.2616579
1543,/mnt/c/Users/puneet/Downloads/DAiSEE/DataSet/Test/928901/9289010131/9289010131.avi,2,2,0.09439268,0.1951408,0.44601095,0.2644556
1544,/mnt/c/Users/puneet/Downloads/DAiSEE/DataSet/Test/928901/9289010132/9289010132.avi,2,2,0.09147031,0.19315553,0.4459203,0.26945388
1545,/mnt/c/Users/puneet/Downloads/DAiSEE/DataSet/Test/928901/9289010133/9289010133.avi,2,3,0.09535381,0.19578037,0.44601443,0.2628514
1546,/mnt/c/Users/puneet/Downloads/DAiSEE/DataSet/Test/928901/9289010134/9289010134.avi,2,3,0.09603649,0.19623068,0.44600925,0.26172358
1547,/mnt/c/Users/puneet/Downloads/DAiSEE/DataSet/Test/928901/9289010138/9289010138.avi,2,2,0.09758173,0.1972379,0.44597447,0.25920588
1548,/mnt/c/Users/puneet/Downloads/DAiSEE/DataSet/Test/928901/9289010139/9289010139.avi,2,2,0.0975708,0.19723083,0.44597483,0.25922352
1549,/mnt/c/Users/puneet/Downloads/DAiSEE/DataSet/Test/928901/928901014/928901014.avi,2,1,0.09215657,0.19362727,0.44595262,0.26826352
1550,/mnt/c/Users/puneet/Downloads/DAiSEE/DataSet/Test/928901/9289010143/9289010143.avi,2,2,0.091461465,0.19314943,0.4459198,0.2694693
1551,/mnt/c/Users/puneet/Downloads/DAiSEE/DataSet/Test/928901/9289010144/9289010144.avi,2,2,0.09721617,0.19700111,0.44598556,0.2597972
1552,/mnt/c/Users/puneet/Downloads/DAiSEE/DataSet/Test/928901/9289010145/9289010145.avi,2,1,0.096490405,0.19652827,0.4460023,0.26097903
1553,/mnt/c/Users/puneet/Downloads/DAiSEE/DataSet/Test/928901/9289010147/9289010147.avi,2,2,0.09759224,0.19724469,0.44597414,0.25918895
1554,/mnt/c/Users/puneet/Downloads/DAiSEE/DataSet/Test/928901/9289010149/9289010149.avi,2,3,0.09739614,0.1971178,0.4459803,0.25950572
1555,/mnt/c/Users/puneet/Downloads/DAiSEE/DataSet/Test/928901/9289010150/9289010150.avi,2,3,0.097364895,0.19709755,0.44598126,0.2595563
1556,/mnt/c/Users/puneet/Downloads/DAiSEE/DataSet/Test/928901/9289010151/9289010151.avi,3,3,0.03387784,0.13674474,0.39465755,0.43471986
1557,/mnt/c/Users/puneet/Downloads/DAiSEE/DataSet/Test/928901/9289010152/9289010152.avi,2,1,0.08591426,0.18920779,0.44539216,0.27948576
1558,/mnt/c/Users/puneet/Downloads/DAiSEE/DataSet/Test/928901/9289010153/9289010153.avi,2,2,0.09750811,0.19719028,0.44597685,0.25932476
1559,/mnt/c/Users/puneet/Downloads/DAiSEE/DataSet/Test/928901/9289010154/9289010154.avi,2,2,0.09747815,0.1971709,0.4459778,0.25937316
1560,/mnt/c/Users/puneet/Downloads/DAiSEE/DataSet/Test/928901/9289010155/9289010155.avi,2,3,0.090686865,0.19261278,0.4458748,0.27082556
1561,/mnt/c/Users/puneet/Downloads/DAiSEE/DataSet/Test/928901/9289010157/9289010157.avi,2,3,0.08774152,0.1905317,0.44561985,0.27610695
1562,/mnt/c/Users/puneet/Downloads/DAiSEE/DataSet/Test/928901/9289010158/9289010158.avi,2,3,0.07941671,0.18428835,0.44411215,0.2921828
1563,/mnt/c/Users/puneet/Downloads/DAiSEE/DataSet/Test/928901/928901016/928901016.avi,2,2,0.08626524,0.18946406,0.44544017,0.27883053
1564,/mnt/c/Users/puneet/Downloads/DAiSEE/DataSet/Test/928901/9289010160/9289010160.avi,2,3,0.09593701,0.19616526,0.44601038,0.2618873
1565,/mnt/c/Users/puneet/Downloads/DAiSEE/DataSet/Test/928901/9289010161/9289010161.avi,2,2,0.09401883,0.19489025,0.44600612,0.26508477
1566,/mnt/c/Users/puneet/Downloads/DAiSEE/DataSet/Test/928901/9289010163/9289010163.avi,2,3,0.09139596,0.19310422,0.44591635,0.26958346
1567,/mnt/c/Users/puneet/Downloads/DAiSEE/DataSet/Test/928901/9289010166/9289010166.avi,2,2,0.051364582,0.15852244,0.42651314,0.36359984
1568,/mnt/c/Users/puneet/Downloads/DAiSEE/DataSet/Test/928901/9289010167/9289010167.avi,2,3,0.08242078,0.18660468,0.44479913,0.28617543
1569,/mnt/c/Users/puneet/Downloads/DAiSEE/DataSet/Test/928901/928901018/928901018.avi,2,3,0.09741752,0.19713165,0.44597968,0.25947118
1570,/mnt/c/Users/puneet/Downloads/DAiSEE/DataSet/Test/928901/9289010210/9289010210.avi,2,3,0.09784005,0.19740465,0.4459656,0.2587897
1571,/mnt/c/Users/puneet/Downloads/DAiSEE/DataSet/Test/928901/9289010211/9289010211.avi,2,2,0.09425617,0.19504942,0.4460094,0.264685
1572,/mnt/c/Users/puneet/Downloads/DAiSEE/DataSet/Test/928901/9289010216/9289010216.avi,2,3,0.097830325,0.19739838,0.44596595,0.25880536
1573,/mnt/c/Users/puneet/Downloads/DAiSEE/DataSet/Test/928901/9289010221/9289010221.avi,2,3,0.097811855,0.19738647,0.4459666,0.25883505
1574,/mnt/c/Users/puneet/Downloads/DAiSEE/DataSet/Test/928901/9289010222/9289010222.avi,2,3,0.09774504,0.19734338,0.445969,0.2589426
1575,/mnt/c/Users/puneet/Downloads/DAiSEE/DataSet/Test/928901/9289010223/9289010223.avi,2,3,0.095932074,0.19616202,0.44601044,0.26189548
1576,/mnt/c/Users/puneet/Downloads/DAiSEE/DataSet/Test/928901/9289010227/9289010227.avi,2,3,0.09159548,0.19324183,0.44592667,0.269236
1577,/mnt/c/Users/puneet/Downloads/DAiSEE/DataSet/Test/928901/9289010229/9289010229.avi,2,3,0.08736553,0.19026135,0.44557744,0.27679566
1578,/mnt/c/Users/puneet/Downloads/DAiSEE/DataSet/Test/928901/928901023/928901023.avi,2,3,0.095348865,0.19577709,0.44601443,0.26285958
1579,/mnt/c/Users/puneet/Downloads/DAiSEE/DataSet/Test/928901/9289010230/9289010230.avi,3,3,0.024085404,0.11905579,0.3425435,0.5143153
1580,/mnt/c/Users/puneet/Downloads/DAiSEE/DataSet/Test/928901/9289010231/9289010231.avi,2,2,0.092315,0.19373569,0.44595912,0.26799017
1581,/mnt/c/Users/puneet/Downloads/DAiSEE/DataSet/Test/928901/9289010232/9289010232.avi,2,3,0.09773485,0.1973368,0.4459693,0.25895903
1582,/mnt/c/Users/puneet/Downloads/DAiSEE/DataSet/Test/928901/9289010233/9289010233.avi,2,3,0.09502006,0.19555902,0.44601464,0.26340625
1583,/mnt/c/Users/puneet/Downloads/DAiSEE/DataSet/Test/928901/9289010235/9289010235.avi,2,3,0.09755365,0.19721974,0.4459754,0.2592512
1584,/mnt/c/Users/puneet/Downloads/DAiSEE/DataSet/Test/928901/9289010242/9289010242.avi,2,3,0.09775805,0.19735175,0.4459685,0.25892168
1585,/mnt/c/Users/puneet/Downloads/DAiSEE/DataSet/Test/928901/9289010243/9289010243.avi,2,3,0.097725965,0.19733106,0.44596964,0.25897333
1586,/mnt/c/Users/puneet/Downloads/DAiSEE/DataSet/Test/928901/9289010244/9289010244.avi,2,3,0.097787894,0.19737102,0.44596747,0.2588736
1587,/mnt/c/Users/puneet/Downloads/DAiSEE/DataSet/Test/928901/9289010245/9289010245.avi,2,3,0.09777883,0.19736516,0.4459678,0.2588882
1588,/mnt/c/Users/puneet/Downloads/DAiSEE/DataSet/Test/928901/9289010248/9289010248.avi,2,3,0.09744189,0.19714743,0.4459789,0.25943175
1589,/mnt/c/Users/puneet/Downloads/DAiSEE/DataSet/Test/928901/9289010249/9289010249.avi,2,3,0.095060036,0.19558558,0.4460147,0.26333967
1590,/mnt/c/Users/puneet/Downloads/DAiSEE/DataSet/Test/928901/928901025/928901025.avi,2,3,0.089356914,0.19168109,0.44577634,0.27318564
1591,/mnt/c/Users/puneet/Downloads/DAiSEE/DataSet/Test/928901/9289010250/9289010250.avi,2,2,0.054713916,0.16206513,0.43005314,0.3531678
1592,/mnt/c/Users/puneet/Downloads/DAiSEE/DataSet/Test/928901/9289010251/9289010251.avi,2,3,0.08803235,0.19074008,0.44565108,0.2755765
1593,/mnt/c/Users/puneet/Downloads/DAiSEE/DataSet/Test/928901/9289010253/9289010253.avi,2,3,0.095367804,0.19578964,0.4460144,0.26282817
1594,/mnt/c/Users/puneet/Downloads/DAiSEE/DataSet/Test/928901/9289010254/9289010254.avi,2,2,0.09677924,0.1967169,0.4459965,0.26050738
1595,/mnt/c/Users/puneet/Downloads/DAiSEE/DataSet/Test/928901/9289010257/9289010257.avi,2,3,0.09707907,0.19691208,0.44598925,0.2600196
1596,/mnt/c/Users/puneet/Downloads/DAiSEE/DataSet/Test/928901/9289010259/9289010259.avi,2,3,0.09762931,0.19726864,0.44597292,0.25912914
1597,/mnt/c/Users/puneet/Downloads/DAiSEE/DataSet/Test/928901/928901026/928901026.avi,2,3,0.08688898,0.18991718,0.44552043,0.27767342
1598,/mnt/c/Users/puneet/Downloads/DAiSEE/DataSet/Test/928901/9289010261/9289010261.avi,2,3,0.09786818,0.19742277,0.44596457,0.25874445
1599,/mnt/c/Users/puneet/Downloads/DAiSEE/DataSet/Test/928901/9289010262/9289010262.avi,2,3,0.097558655,0.19722298,0.4459752,0.25924313
1600,/mnt/c/Users/puneet/Downloads/DAiSEE/DataSet/Test/928901/9289010263/9289010263.avi,2,2,0.0977583,0.19735192,0.4459685,0.25892127
1601,/mnt/c/Users/puneet/Downloads/DAiSEE/DataSet/Test/928901/9289010265/9289010265.avi,2,3,0.09766779,0.19729349,0.4459716,0.2590671
1602,/mnt/c/Users/puneet/Downloads/DAiSEE/DataSet/Test/928901/9289010266/9289010266.avi,2,3,0.09756921,0.1972298,0.4459749,0.25922608
1603,/mnt/c/Users/puneet/Downloads/DAiSEE/DataSet/Test/928901/9289010267/9289010267.avi,2,3,0.09773142,0.19733457,0.44596943,0.25896457
1604,/mnt/c/Users/puneet/Downloads/DAiSEE/DataSet/Test/928901/9289010268/9289010268.avi,2,3,0.09780196,0.1973801,0.44596696,0.258851
1605,/mnt/c/Users/puneet/Downloads/DAiSEE/DataSet/Test/928901/9289010269/9289010269.avi,2,3,0.09593504,0.19616397,0.4460104,0.2618906
1606,/mnt/c/Users/puneet/Downloads/DAiSEE/DataSet/Test/928901/9289010270/9289010270.avi,2,3,0.09773102,0.19733432,0.44596946,0.2589652
1607,/mnt/c/Users/puneet/Downloads/DAiSEE/DataSet/Test/928901/9289010271/9289010271.avi,2,2,0.09766171,0.19728957,0.44597182,0.2590769
1608,/mnt/c/Users/puneet/Downloads/DAiSEE/DataSet/Test/928901/9289010273/9289010273.avi,3,3,0.024157032,0.11924319,0.34349155,0.51310825
1609,/mnt/c/Users/puneet/Downloads/DAiSEE/DataSet/Test/928901/9289010274/9289010274.avi,2,3,0.08129772,0.1857473,0.44456217,0.2883928
1610,/mnt/c/Users/puneet/Downloads/DAiSEE/DataSet/Test/928901/9289010275/9289010275.avi,2,3,0.08651484,0.18964574,0.44547305,0.2783664
1611,/mnt/c/Users/puneet/Downloads/DAiSEE/DataSet/Test/928901/9289010276/9289010276.avi,2,1,0.0726188,0.17876616,0.44188142,0.30673364
1612,/mnt/c/Users/puneet/Downloads/DAiSEE/DataSet/Test/928901/9289010278/9289010278.avi,2,3,0.09234544,0.1937565,0.44596034,0.26793772
1613,/mnt/c/Users/puneet/Downloads/DAiSEE/DataSet/Test/928901/928901028/928901028.avi,2,3,0.097724386,0.19733003,0.44596967,0.2589759
1614,/mnt/c/Users/puneet/Downloads/DAiSEE/DataSet/Test/928901/928901029/928901029.avi,2,3,0.09749794,0.1971837,0.44597718,0.25934118
1615,/mnt/c/Users/puneet/Downloads/DAiSEE/DataSet/Test/940328/940328011/940328011.avi,2,3,0.0841011,0.18786868,0.44511098,0.28291923
1616,/mnt/c/Users/puneet/Downloads/DAiSEE/DataSet/Test/940328/9403280110/9403280110.avi,2,3,0.09759704,0.19724779,0.445974,0.2591812
1617,/mnt/c/Users/puneet/Downloads/DAiSEE/DataSet/Test/940328/9403280112/9403280112.avi,2,3,0.09761215,0.19725755,0.4459735,0.25915682
1618,/mnt/c/Users/puneet/Downloads/DAiSEE/DataSet/Test/940328/9403280114/9403280114.avi,2,3,0.094876505,0.19546357,0.44601429,0.26364565
1619,/mnt/c/Users/puneet/Downloads/DAiSEE/DataSet/Test/940328/9403280115/9403280115.avi,2,2,0.09513215,0.19563344,0.44601476,0.26321965
1620,/mnt/c/Users/puneet/Downloads/DAiSEE/DataSet/Test/940328/9403280116/9403280116.avi,2,3,0.09581739,0.19608651,0.4460116,0.2620845
1621,/mnt/c/Users/puneet/Downloads/DAiSEE/DataSet/Test/940328/9403280117/9403280117.avi,2,3,0.09715486,0.19696131,0.44598722,0.25989658
1622,/mnt/c/Users/puneet/Downloads/DAiSEE/DataSet/Test/940328/940328012/940328012.avi,2,3,0.08168505,0.18604414,0.4446465,0.2876243
1623,/mnt/c/Users/puneet/Downloads/DAiSEE/DataSet/Test/940328/9403280126/9403280126.avi,2,3,0.09759636,0.19724734,0.44597402,0.2591823
1624,/mnt/c/Users/puneet/Downloads/DAiSEE/DataSet/Test/940328/9403280129/9403280129.avi,2,3,0.08884441,0.19131854,0.44573116,0.2741059
1625,/mnt/c/Users/puneet/Downloads/DAiSEE/DataSet/Test/940328/9403280132/9403280132.avi,2,3,0.097248174,0.19702189,0.44598466,0.2597453
1626,/mnt/c/Users/puneet/Downloads/DAiSEE/DataSet/Test/940328/9403280134/9403280134.avi,2,2,0.090886906,0.1927518,0.44588727,0.27047402
1627,/mnt/c/Users/puneet/Downloads/DAiSEE/DataSet/Test/940328/9403280136/9403280136.avi,2,3,0.09241677,0.19380523,0.44596308,0.2678149
1628,/mnt/c/Users/puneet/Downloads/DAiSEE/DataSet/Test/940328/9403280138/9403280138.avi,2,2,0.09586457,0.19611758,0.44601116,0.2620067
1629,/mnt/c/Users/puneet/Downloads/DAiSEE/DataSet/Test/940328/940328014/940328014.avi,2,3,0.08459253,0.18823415,0.44519275,0.28198057
1630,/mnt/c/Users/puneet/Downloads/DAiSEE/DataSet/Test/940328/9403280140/9403280140.avi,2,2,0.097209334,0.19699669,0.44598573,0.25980824
1631,/mnt/c/Users/puneet/Downloads/DAiSEE/DataSet/Test/940328/9403280143/9403280143.avi,2,2,0.09391122,0.19481795,0.4460044,0.26526645
1632,/mnt/c/Users/puneet/Downloads/DAiSEE/DataSet/Test/940328/9403280145/9403280145.avi,2,2,0.09722674,0.19700798,0.44598526,0.25978002
1633,/mnt/c/Users/puneet/Downloads/DAiSEE/DataSet/Test/940328/9403280146/9403280146.avi,2,2,0.0886488,0.19117966,0.4457128,0.2744587
1634,/mnt/c/Users/puneet/Downloads/DAiSEE/DataSet/Test/940328/9403280147/9403280147.avi,2,3,0.08877946,0.19127245,0.4457251,0.27422297
1635,/mnt/c/Users/puneet/Downloads/DAiSEE/DataSet/Test/940328/9403280149/9403280149.avi,2,3,0.09510999,0.19561875,0.44601473,0.26325652
1636,/mnt/c/Users/puneet/Downloads/DAiSEE/DataSet/Test/940328/9403280150/9403280150.avi,2,3,0.09585463,0.19611104,0.44601125,0.2620231
1637,/mnt/c/Users/puneet/Downloads/DAiSEE/DataSet/Test/940328/9403280151/9403280151.avi,2,2,0.095823206,0.19609034,0.44601154,0.2620749
1638,/mnt/c/Users/puneet/Downloads/DAiSEE/DataSet/Test/940328/9403280152/9403280152.avi,2,2,0.09677669,0.19671524,0.44599652,0.26051155
1639,/mnt/c/Users/puneet/Downloads/DAiSEE/DataSet/Test/940328/9403280155/9403280155.avi,2,3,0.069629006,0.17620686,0.4405671,0.31359702
1640,/mnt/c/Users/puneet/Downloads/DAiSEE/DataSet/Test/940328/9403280156/9403280156.avi,2,3,0.09667123,0.19664644,0.4459988,0.26068354
1641,/mnt/c/Users/puneet/Downloads/DAiSEE/DataSet/Test/940328/9403280157/9403280157.avi,2,2,0.089183874,0.1915589,0.44576156,0.27349567
1642,/mnt/c/Users/puneet/Downloads/DAiSEE/DataSet/Test/940328/9403280159/9403280159.avi,2,3,0.09588301,0.19612972,0.44601095,0.2619763
1643,/mnt/c/Users/puneet/Downloads/DAiSEE/DataSet/Test/940328/940328016/940328016.avi,2,3,0.0865871,0.18969825,0.44548237,0.27823228
1644,/mnt/c/Users/puneet/Downloads/DAiSEE/DataSet/Test/940328/9403280164/9403280164.avi,2,3,0.09030406,0.19234595,0.44584924,0.27150074
1645,/mnt/c/Users/puneet/Downloads/DAiSEE/DataSet/Test/940328/9403280165/9403280165.avi,2,2,0.093023635,0.19421841,0.4459837,0.26677424
1646,/mnt/c/Users/puneet/Downloads/DAiSEE/DataSet/Test/940328/9403280167/9403280167.avi,2,3,0.090579376,0.19253796,0.44586784,0.2710148
1647,/mnt/c/Users/puneet/Downloads/DAiSEE/DataSet/Test/940328/940328017/940328017.avi,2,3,0.09723225,0.19701156,0.4459851,0.2597711
1648,/mnt/c/Users/puneet/Downloads/DAiSEE/DataSet/Test/940328/940328018/940328018.avi,2,3,0.09720317,0.1969927,0.4459859,0.25981823
1649,/mnt/c/Users/puneet/Downloads/DAiSEE/DataSet/Test/940328/9403280212/9403280212.avi,2,3,0.09690559,0.19679922,0.44599357,0.26030162
1650,/mnt/c/Users/puneet/Downloads/DAiSEE/DataSet/Test/940328/9403280213/9403280213.avi,2,2,0.09748487,0.19717525,0.44597757,0.25936228
1651,/mnt/c/Users/puneet/Downloads/DAiSEE/DataSet/Test/940328/9403280217/9403280217.avi,2,2,0.09451191,0.1952205,0.44601208,0.26425552
1652,/mnt/c/Users/puneet/Downloads/DAiSEE/DataSet/Test/940328/9403280218/9403280218.avi,2,2,0.09738661,0.19711164,0.4459806,0.25952116
1653,/mnt/c/Users/puneet/Downloads/DAiSEE/DataSet/Test/940328/9403280219/9403280219.avi,2,2,0.09643461,0.19649178,0.44600332,0.2610703
1654,/mnt/c/Users/puneet/Downloads/DAiSEE/DataSet/Test/940328/940328022/940328022.avi,2,3,0.08757768,0.19041403,0.44560164,0.27640665
1655,/mnt/c/Users/puneet/Downloads/DAiSEE/DataSet/Test/940328/9403280227/9403280227.avi,2,2,0.08309086,0.18711142,0.4449295,0.28486818
1656,/mnt/c/Users/puneet/Downloads/DAiSEE/DataSet/Test/940328/9403280229/9403280229.avi,2,3,0.09531802,0.19575666,0.44601452,0.26291078
1657,/mnt/c/Users/puneet/Downloads/DAiSEE/DataSet/Test/940328/9403280234/9403280234.avi,2,3,0.0932743,0.1943883,0.44599068,0.26634672
1658,/mnt/c/Users/puneet/Downloads/DAiSEE/DataSet/Test/940328/9403280235/9403280235.avi,2,2,0.09733519,0.1970783,0.44598213,0.25960436
1659,/mnt/c/Users/puneet/Downloads/DAiSEE/DataSet/Test/940328/9403280236/9403280236.avi,2,2,0.095736265,0.19603305,0.44601232,0.2622184
1660,/mnt/c/Users/puneet/Downloads/DAiSEE/DataSet/Test/940328/9403280238/9403280238.avi,2,2,0.083202325,0.18719536,0.44495043,0.28465188
1661,/mnt/c/Users/puneet/Downloads/DAiSEE/DataSet/Test/940328/9403280241/9403280241.avi,2,3,0.09598442,0.19619645,0.44600987,0.26180926
1662,/mnt/c/Users/puneet/Downloads/DAiSEE/DataSet/Test/940328/9403280243/9403280243.avi,2,3,0.09619505,0.1963348,0.44600713,0.26146302
1663,/mnt/c/Users/puneet/Downloads/DAiSEE/DataSet/Test/940328/9403280245/9403280245.avi,2,3,0.09259663,0.19392797,0.44596976,0.26750565
1664,/mnt/c/Users/puneet/Downloads/DAiSEE/DataSet/Test/940328/9403280246/9403280246.avi,2,3,0.07965358,0.18447368,0.44417256,0.29170015
1665,/mnt/c/Users/puneet/Downloads/DAiSEE/DataSet/Test/940328/9403280247/9403280247.avi,2,2,0.08220177,0.18643828,0.44475472,0.28660524
1666,/mnt/c/Users/puneet/Downloads/DAiSEE/DataSet/Test/940328/9403280249/9403280249.avi,2,3,0.09653506,0.19655748,0.4460015,0.26090598
1667,/mnt/c/Users/puneet/Downloads/DAiSEE/DataSet/Test/940328/9403280250/9403280250.avi,2,2,0.09402402,0.19489373,0.4460062,0.26507604
1668,/mnt/c/Users/puneet/Downloads/DAiSEE/DataSet/Test/940328/9403280251/9403280251.avi,2,2,0.09421802,0.19502386,0.44600895,0.26474917
1669,/mnt/c/Users/puneet/Downloads/DAiSEE/DataSet/Test/940328/9403280254/9403280254.avi,2,3,0.09544576,0.19584121,0.4460141,0.26269892
1670,/mnt/c/Users/puneet/Downloads/DAiSEE/DataSet/Test/940328/9403280255/9403280255.avi,2,3,0.07849298,0.1835612,0.44386595,0.29407987
1671,/mnt/c/Users/puneet/Downloads/DAiSEE/DataSet/Test/940328/9403280256/9403280256.avi,2,3,0.071467295,0.17779027,0.44140115,0.30934128
1672,/mnt/c/Users/puneet/Downloads/DAiSEE/DataSet/Test/940328/9403280259/9403280259.avi,2,3,0.09738841,0.1971128,0.44598055,0.25951824
1673,/mnt/c/Users/puneet/Downloads/DAiSEE/DataSet/Test/940328/9403280260/9403280260.avi,2,3,0.081455626,0.18586847,0.4445969,0.28807902
1674,/mnt/c/Users/puneet/Downloads/DAiSEE/DataSet/Test/940328/9403280262/9403280262.avi,2,3,0.097264536,0.1970325,0.44598418,0.25971878
1675,/mnt/c/Users/puneet/Downloads/DAiSEE/DataSet/Test/940328/9403280265/9403280265.avi,2,3,0.0937445,0.19470575,0.44600135,0.26554838
1676,/mnt/c/Users/puneet/Downloads/DAiSEE/DataSet/Test/940328/9403280266/9403280266.avi,2,3,0.092150345,0.193623,0.44595236,0.26827428
1677,/mnt/c/Users/puneet/Downloads/DAiSEE/DataSet/Test/940328/9403280271/9403280271.avi,2,1,0.08409323,0.18786281,0.4451096,0.28293434
1678,/mnt/c/Users/puneet/Downloads/DAiSEE/DataSet/Test/940328/9403280272/9403280272.avi,2,3,0.09137071,0.19308679,0.44591498,0.2696275
1679,/mnt/c/Users/puneet/Downloads/DAiSEE/DataSet/Test/940328/9403280273/9403280273.avi,2,2,0.096314535,0.19641314,0.4460053,0.26126698
1680,/mnt/c/Users/puneet/Downloads/DAiSEE/DataSet/Test/940328/9403280277/9403280277.avi,2,3,0.09709846,0.19692469,0.44598874,0.25998813
1681,/mnt/c/Users/puneet/Downloads/DAiSEE/DataSet/Test/940328/9403280279/9403280279.avi,2,3,0.08917747,0.19155437,0.445761,0.27350718
1682,/mnt/c/Users/puneet/Downloads/DAiSEE/DataSet/Test/987736/9877360111/9877360111.avi,2,3,0.09470889,0.19535194,0.4460135,0.26392567
1683,/mnt/c/Users/puneet/Downloads/DAiSEE/DataSet/Test/987736/9877360113/9877360113.avi,2,2,0.088572614,0.19112548,0.4457055,0.2745964
1684,/mnt/c/Users/puneet/Downloads/DAiSEE/DataSet/Test/987736/9877360114/9877360114.avi,2,3,0.08627048,0.18946788,0.4454409,0.27882075
1685,/mnt/c/Users/puneet/Downloads/DAiSEE/DataSet/Test/987736/9877360115/9877360115.avi,2,3,0.091722876,0.19332954,0.44593298,0.26901457
1686,/mnt/c/Users/puneet/Downloads/DAiSEE/DataSet/Test/987736/9877360116/9877360116.avi,2,2,0.09554233,0.19590503,0.44601363,0.262539
1687,/mnt/c/Users/puneet/Downloads/DAiSEE/DataSet/Test/987736/9877360117/9877360117.avi,2,2,0.0943316,0.19509992,0.4460103,0.2645582
1688,/mnt/c/Users/puneet/Downloads/DAiSEE/DataSet/Test/987736/9877360120/9877360120.avi,2,1,0.047961645,0.154756,0.42231476,0.3749676
1689,/mnt/c/Users/puneet/Downloads/DAiSEE/DataSet/Test/987736/9877360121/9877360121.avi,2,2,0.09585333,0.19611019,0.44601125,0.26202524
1690,/mnt/c/Users/puneet/Downloads/DAiSEE/DataSet/Test/987736/9877360124/9877360124.avi,2,3,0.09753908,0.19721031,0.44597587,0.25927475
1691,/mnt/c/Users/puneet/Downloads/DAiSEE/DataSet/Test/987736/9877360125/9877360125.avi,2,3,0.096258506,0.19637641,0.4460062,0.26135886
1692,/mnt/c/Users/puneet/Downloads/DAiSEE/DataSet/Test/987736/9877360126/9877360126.avi,2,3,0.09660678,0.19660434,0.4460001,0.26078877
1693,/mnt/c/Users/puneet/Downloads/DAiSEE/DataSet/Test/987736/9877360127/9877360127.avi,2,2,0.09712485,0.19694182,0.44598803,0.2599453
1694,/mnt/c/Users/puneet/Downloads/DAiSEE/DataSet/Test/987736/9877360128/9877360128.avi,2,3,0.097186945,0.19698215,0.44598636,0.25984454
1695,/mnt/c/Users/puneet/Downloads/DAiSEE/DataSet/Test/987736/9877360130/9877360130.avi,2,2,0.097692475,0.19730943,0.44597077,0.2590273
1696,/mnt/c/Users/puneet/Downloads/DAiSEE/DataSet/Test/987736/9877360131/9877360131.avi,2,3,0.09674765,0.1966963,0.44599718,0.26055887
1697,/mnt/c/Users/puneet/Downloads/DAiSEE/DataSet/Test/987736/9877360132/9877360132.avi,2,2,0.09729575,0.19705275,0.4459833,0.2596682
1698,/mnt/c/Users/puneet/Downloads/DAiSEE/DataSet/Test/987736/9877360133/9877360133.avi,3,0,0.03786061,0.1423361,0.40481493,0.41498837
1699,/mnt/c/Users/puneet/Downloads/DAiSEE/DataSet/Test/987736/9877360134/9877360134.avi,2,3,0.096348695,0.19643553,0.44600478,0.261211
1700,/mnt/c/Users/puneet/Downloads/DAiSEE/DataSet/Test/987736/9877360135/9877360135.avi,2,2,0.09767502,0.19729817,0.44597137,0.25905544
1701,/mnt/c/Users/puneet/Downloads/DAiSEE/DataSet/Test/987736/9877360138/9877360138.avi,2,2,0.09397713,0.19486225,0.44600546,0.26515517
1702,/mnt/c/Users/puneet/Downloads/DAiSEE/DataSet/Test/987736/987736014/987736014.avi,2,3,0.07258484,0.17873757,0.44186768,0.3068099
1703,/mnt/c/Users/puneet/Downloads/DAiSEE/DataSet/Test/987736/9877360140/9877360140.avi,2,3,0.095829435,0.19609444,0.44601148,0.26206464
1704,/mnt/c/Users/puneet/Downloads/DAiSEE/DataSet/Test/987736/9877360141/9877360141.avi,2,3,0.09593165,0.19616173,0.44601044,0.26189616
1705,/mnt/c/Users/puneet/Downloads/DAiSEE/DataSet/Test/987736/9877360143/9877360143.avi,2,3,0.096795686,0.19672762,0.4459961,0.26048058
1706,/mnt/c/Users/puneet/Downloads/DAiSEE/DataSet/Test/987736/9877360147/9877360147.avi,2,3,0.09630017,0.19640373,0.44600555,0.26129055
1707,/mnt/c/Users/puneet/Downloads/DAiSEE/DataSet/Test/987736/9877360149/9877360149.avi,2,3,0.095599025,0.19594249,0.4460133,0.26244518
1708,/mnt/c/Users/puneet/Downloads/DAiSEE/DataSet/Test/987736/987736015/987736015.avi,3,2,0.036193054,0.14005607,0.40087676,0.42287412
1709,/mnt/c/Users/puneet/Downloads/DAiSEE/DataSet/Test/987736/9877360151/9877360151.avi,3,3,0.036182694,0.14004165,0.400851,0.42292467
1710,/mnt/c/Users/puneet/Downloads/DAiSEE/DataSet/Test/987736/9877360152/9877360152.avi,2,3,0.097360946,0.19709499,0.44598138,0.25956267
1711,/mnt/c/Users/puneet/Downloads/DAiSEE/DataSet/Test/987736/9877360154/9877360154.avi,2,2,0.09596532,0.19618388,0.44601008,0.26184073
1712,/mnt/c/Users/puneet/Downloads/DAiSEE/DataSet/Test/987736/9877360156/9877360156.avi,2,3,0.094412304,0.19515392,0.44601113,0.26442263
1713,/mnt/c/Users/puneet/Downloads/DAiSEE/DataSet/Test/987736/9877360157/9877360157.avi,2,1,0.09750659,0.1971893,0.4459769,0.2593272
1714,/mnt/c/Users/puneet/Downloads/DAiSEE/DataSet/Test/987736/9877360158/9877360158.avi,2,3,0.09707532,0.19690964,0.44598934,0.2600257
1715,/mnt/c/Users/puneet/Downloads/DAiSEE/DataSet/Test/987736/9877360159/9877360159.avi,2,3,0.09740368,0.19712268,0.44598007,0.25949353
1716,/mnt/c/Users/puneet/Downloads/DAiSEE/DataSet/Test/987736/987736016/987736016.avi,2,3,0.04638613,0.15294947,0.42013326,0.38053113
1717,/mnt/c/Users/puneet/Downloads/DAiSEE/DataSet/Test/987736/9877360163/9877360163.avi,2,2,0.08924246,0.19160028,0.44576663,0.27339065
1718,/mnt/c/Users/puneet/Downloads/DAiSEE/DataSet/Test/987736/9877360164/9877360164.avi,2,3,0.09570928,0.19601525,0.44601253,0.26226297
1719,/mnt/c/Users/puneet/Downloads/DAiSEE/DataSet/Test/987736/9877360165/9877360165.avi,2,3,0.097136684,0.19694951,0.44598773,0.25992608
1720,/mnt/c/Users/puneet/Downloads/DAiSEE/DataSet/Test/987736/9877360166/9877360166.avi,2,3,0.09759852,0.19724874,0.44597393,0.2591788
1721,/mnt/c/Users/puneet/Downloads/DAiSEE/DataSet/Test/987736/9877360168/9877360168.avi,2,3,0.07217211,0.17838906,0.44169888,0.30773994
1722,/mnt/c/Users/puneet/Downloads/DAiSEE/DataSet/Test/987736/9877360169/9877360169.avi,2,1,0.038646538,0.19344182,0.5287109,0.23920071
1723,/mnt/c/Users/puneet/Downloads/DAiSEE/DataSet/Test/987736/987736017/987736017.avi,2,2,0.0950887,0.1956046,0.44601473,0.26329195
1724,/mnt/c/Users/puneet/Downloads/DAiSEE/DataSet/Test/987736/9877360170/9877360170.avi,2,3,0.093337655,0.19443117,0.4459923,0.26623887
1725,/mnt/c/Users/puneet/Downloads/DAiSEE/DataSet/Test/987736/9877360172/9877360172.avi,2,1,0.080166474,0.18487337,0.44429967,0.2906605
1726,/mnt/c/Users/puneet/Downloads/DAiSEE/DataSet/Test/987736/9877360173/9877360173.avi,2,2,0.075786926,0.18138959,0.4430446,0.29977888
1727,/mnt/c/Users/puneet/Downloads/DAiSEE/DataSet/Test/987736/9877360174/9877360174.avi,2,3,0.04866449,0.15554866,0.423237,0.37254986
1728,/mnt/c/Users/puneet/Downloads/DAiSEE/DataSet/Test/987736/9877360175/9877360175.avi,2,2,0.09200891,0.19352606,0.44594625,0.26851878
1729,/mnt/c/Users/puneet/Downloads/DAiSEE/DataSet/Test/987736/9877360177/9877360177.avi,2,3,0.09720326,0.19699274,0.4459859,0.25981808
1730,/mnt/c/Users/puneet/Downloads/DAiSEE/DataSet/Test/987736/987736018/987736018.avi,2,2,0.08624066,0.18944614,0.44543687,0.2788763
1731,/mnt/c/Users/puneet/Downloads/DAiSEE/DataSet/Test/987736/9877360180/9877360180.avi,2,3,0.044187557,0.15035579,0.4167997,0.38865694
1732,/mnt/c/Users/puneet/Downloads/DAiSEE/DataSet/Test/987736/9877360181/9877360181.avi,2,3,0.07058009,0.17703004,0.44100916,0.3113807
1733,/mnt/c/Users/puneet/Downloads/DAiSEE/DataSet/Test/987736/9877360182/9877360182.avi,2,2,0.09137037,0.19308653,0.44591498,0.2696281
1734,/mnt/c/Users/puneet/Downloads/DAiSEE/DataSet/Test/987736/9877360183/9877360183.avi,2,3,0.09115893,0.19294035,0.4459033,0.26999742
1735,/mnt/c/Users/puneet/Downloads/DAiSEE/DataSet/Test/987736/9877360184/9877360184.avi,2,3,0.0833108,0.18727697,0.44497055,0.28444168
1736,/mnt/c/Users/puneet/Downloads/DAiSEE/DataSet/Test/987736/9877360185/9877360185.avi,2,2,0.08521868,0.18869708,0.44529092,0.28079328
1737,/mnt/c/Users/puneet/Downloads/DAiSEE/DataSet/Test/987736/9877360210/9877360210.avi,2,3,0.09697631,0.19684525,0.44599187,0.26018658
1738,/mnt/c/Users/puneet/Downloads/DAiSEE/DataSet/Test/987736/9877360212/9877360212.avi,2,3,0.09765095,0.19728261,0.44597217,0.25909424
1739,/mnt/c/Users/puneet/Downloads/DAiSEE/DataSet/Test/987736/9877360213/9877360213.avi,2,2,0.09667886,0.1966514,0.44599864,0.26067108
1740,/mnt/c/Users/puneet/Downloads/DAiSEE/DataSet/Test/987736/9877360215/9877360215.avi,2,3,0.06358583,0.17076908,0.43718418,0.3284609
1741,/mnt/c/Users/puneet/Downloads/DAiSEE/DataSet/Test/987736/9877360217/9877360217.avi,2,2,0.09773557,0.19733725,0.44596928,0.25895786
1742,/mnt/c/Users/puneet/Downloads/DAiSEE/DataSet/Test/987736/987736022/987736022.avi,2,2,0.0962506,0.19637123,0.44600633,0.26137185
1743,/mnt/c/Users/puneet/Downloads/DAiSEE/DataSet/Test/987736/9877360221/9877360221.avi,2,3,0.09704704,0.19689126,0.4459901,0.2600716
1744,/mnt/c/Users/puneet/Downloads/DAiSEE/DataSet/Test/987736/9877360223/9877360223.avi,2,3,0.09566071,0.1959832,0.44601288,0.2623432
1745,/mnt/c/Users/puneet/Downloads/DAiSEE/DataSet/Test/987736/9877360225/9877360225.avi,2,3,0.09720279,0.19699244,0.4459859,0.25981885
1746,/mnt/c/Users/puneet/Downloads/DAiSEE/DataSet/Test/987736/9877360226/9877360226.avi,2,3,0.09668212,0.19665354,0.44599858,0.26066577
1747,/mnt/c/Users/puneet/Downloads/DAiSEE/DataSet/Test/987736/9877360227/9877360227.avi,2,3,0.09738034,0.19710757,0.4459808,0.2595313
1748,/mnt/c/Users/puneet/Downloads/DAiSEE/DataSet/Test/987736/9877360228/9877360228.avi,2,2,0.097827114,0.19739631,0.44596606,0.2588105
1749,/mnt/c/Users/puneet/Downloads/DAiSEE/DataSet/Test/987736/9877360229/9877360229.avi,2,2,0.097717844,0.19732581,0.4459699,0.25898644
1750,/mnt/c/Users/puneet/Downloads/DAiSEE/DataSet/Test/987736/9877360231/9877360231.avi,2,3,0.09736076,0.19709487,0.44598138,0.25956297
1751,/mnt/c/Users/puneet/Downloads/DAiSEE/DataSet/Test/987736/9877360232/9877360232.avi,2,3,0.09565404,0.1959788,0.44601294,0.26235422
1752,/mnt/c/Users/puneet/Downloads/DAiSEE/DataSet/Test/987736/9877360234/9877360234.avi,2,3,0.097717665,0.1973257,0.4459699,0.2589867
1753,/mnt/c/Users/puneet/Downloads/DAiSEE/DataSet/Test/987736/9877360238/9877360238.avi,2,3,0.09771298,0.19732268,0.4459701,0.25899425
1754,/mnt/c/Users/puneet/Downloads/DAiSEE/DataSet/Test/987736/9877360239/9877360239.avi,2,3,0.097665936,0.1972923,0.44597167,0.2590701
1755,/mnt/c/Users/puneet/Downloads/DAiSEE/DataSet/Test/987736/987736024/987736024.avi,2,2,0.09625423,0.19637361,0.44600627,0.2613659
1756,/mnt/c/Users/puneet/Downloads/DAiSEE/DataSet/Test/987736/9877360240/9877360240.avi,2,3,0.09775122,0.19734736,0.44596875,0.25893265
1757,/mnt/c/Users/puneet/Downloads/DAiSEE/DataSet/Test/987736/9877360241/9877360241.avi,2,3,0.0977575,0.19735141,0.44596854,0.25892255
1758,/mnt/c/Users/puneet/Downloads/DAiSEE/DataSet/Test/987736/9877360242/9877360242.avi,2,2,0.0971116,0.19693322,0.44598842,0.2599668
1759,/mnt/c/Users/puneet/Downloads/DAiSEE/DataSet/Test/987736/9877360247/9877360247.avi,2,3,0.05215511,0.15937266,0.42739797,0.36107427
1760,/mnt/c/Users/puneet/Downloads/DAiSEE/DataSet/Test/987736/9877360248/9877360248.avi,2,3,0.09546928,0.19585676,0.446014,0.26265997
1761,/mnt/c/Users/puneet/Downloads/DAiSEE/DataSet/Test/987736/987736025/987736025.avi,2,3,0.09586059,0.19611496,0.4460112,0.26201326
1762,/mnt/c/Users/puneet/Downloads/DAiSEE/DataSet/Test/987736/9877360250/9877360250.avi,2,2,0.097511485,0.19719246,0.44597673,0.2593193
1763,/mnt/c/Users/puneet/Downloads/DAiSEE/DataSet/Test/987736/9877360252/9877360252.avi,2,2,0.09711401,0.19693479,0.44598833,0.25996286
1764,/mnt/c/Users/puneet/Downloads/DAiSEE/DataSet/Test/987736/9877360253/9877360253.avi,2,3,0.097646445,0.1972797,0.44597232,0.2591015
1765,/mnt/c/Users/puneet/Downloads/DAiSEE/DataSet/Test/987736/9877360254/9877360254.avi,2,3,0.09720834,0.19699603,0.44598576,0.25980985
1766,/mnt/c/Users/puneet/Downloads/DAiSEE/DataSet/Test/987736/9877360256/9877360256.avi,2,1,0.097412206,0.1971282,0.44597983,0.25947976
1767,/mnt/c/Users/puneet/Downloads/DAiSEE/DataSet/Test/987736/9877360258/9877360258.avi,2,2,0.09196137,0.19349343,0.44594413,0.26860106
1768,/mnt/c/Users/puneet/Downloads/DAiSEE/DataSet/Test/987736/9877360259/9877360259.avi,2,2,0.097349815,0.19708778,0.4459817,0.2595807
1769,/mnt/c/Users/puneet/Downloads/DAiSEE/DataSet/Test/987736/9877360261/9877360261.avi,2,3,0.057475504,0.16487473,0.43259257,0.3450572
1770,/mnt/c/Users/puneet/Downloads/DAiSEE/DataSet/Test/987736/9877360262/9877360262.avi,2,3,0.096756235,0.1967019,0.445997,0.2605449
1771,/mnt/c/Users/puneet/Downloads/DAiSEE/DataSet/Test/987736/9877360264/9877360264.avi,2,3,0.09746451,0.19716206,0.44597822,0.2593952
1772,/mnt/c/Users/puneet/Downloads/DAiSEE/DataSet/Test/987736/987736027/987736027.avi,2,3,0.097057335,0.19689795,0.44598982,0.2600549
1773,/mnt/c/Users/puneet/Downloads/DAiSEE/DataSet/Test/987736/9877360270/9877360270.avi,2,1,0.09305883,0.1942423,0.44598475,0.26671413
1774,/mnt/c/Users/puneet/Downloads/DAiSEE/DataSet/Test/987736/9877360271/9877360271.avi,2,2,0.09522856,0.19569738,0.4460147,0.26305935
1775,/mnt/c/Users/puneet/Downloads/DAiSEE/DataSet/Test/987736/9877360273/9877360273.avi,2,3,0.09661765,0.19661143,0.4459999,0.26077104
1776,/mnt/c/Users/puneet/Downloads/DAiSEE/DataSet/Test/987736/9877360279/9877360279.avi,2,2,0.09757972,0.19723658,0.44597453,0.25920916
1777,/mnt/c/Users/puneet/Downloads/DAiSEE/DataSet/Test/987736/987736028/987736028.avi,2,2,0.0967314,0.1966857,0.44599754,0.26058537
1778,/mnt/c/Users/puneet/Downloads/DAiSEE/DataSet/Test/987736/9877360281/9877360281.avi,2,3,0.09741577,0.19713052,0.4459797,0.25947398
1779,/mnt/c/Users/puneet/Downloads/DAiSEE/DataSet/Test/987736/987736029/987736029.avi,2,3,0.09658646,0.19659106,0.4460005,0.26082197
1780,/mnt/c/Users/puneet/Downloads/DAiSEE/DataSet/Test/998826/998826011/998826011.avi,2,3,0.08653895,0.18966326,0.44547617,0.27832162
1781,/mnt/c/Users/puneet/Downloads/DAiSEE/DataSet/Test/998826/9988260112/9988260112.avi,2,3,0.09563255,0.19596462,0.44601306,0.26238975
1782,/mnt/c/Users/puneet/Downloads/DAiSEE/DataSet/Test/998826/9988260115/9988260115.avi,2,3,0.09746649,0.19716334,0.44597816,0.259392
1783,/mnt/c/Users/puneet/Downloads/DAiSEE/DataSet/Test/998826/9988260119/9988260119.avi,2,2,0.096200734,0.19633853,0.44600707,0.2614537
