clip_id,clip_path,pred_engagement,true_engagement,prob_class_0,prob_class_1,prob_class_2,prob_class_3
0,/mnt/c/Users/puneet/Downloads/DAiSEE/DataSet/Test/500044/5000441001/5000441001.avi,2,2,0.038646538,0.19344182,0.5287109,0.23920071
1,/mnt/c/Users/puneet/Downloads/DAiSEE/DataSet/Test/500044/5000441002/5000441002.avi,2,2,0.038646538,0.19344182,0.5287109,0.23920071
2,/mnt/c/Users/puneet/Downloads/DAiSEE/DataSet/Test/500044/5000441003/5000441003.avi,2,2,0.038646538,0.19344182,0.5287109,0.23920071
3,/mnt/c/Users/puneet/Downloads/DAiSEE/DataSet/Test/500044/5000441005/5000441005.avi,2,2,0.038646538,0.19344182,0.5287109,0.23920071
4,/mnt/c/Users/puneet/Downloads/DAiSEE/DataSet/Test/500044/5000441006/5000441006.avi,2,2,0.038646538,0.19344182,0.5287109,0.23920071
5,/mnt/c/Users/puneet/Downloads/DAiSEE/DataSet/Test/500044/5000441007/5000441007.avi,2,2,0.038646538,0.19344182,0.5287109,0.23920071
6,/mnt/c/Users/puneet/Downloads/DAiSEE/DataSet/Test/500044/5000441008/5000441008.avi,2,2,0.038646538,0.19344182,0.5287109,0.23920071
7,/mnt/c/Users/puneet/Downloads/DAiSEE/DataSet/Test/500044/5000441009/5000441009.avi,2,3,0.038646538,0.19344182,0.5287109,0.23920071
8,/mnt/c/Users/puneet/Downloads/DAiSEE/DataSet/Test/500044/5000441010/5000441010.avi,2,2,0.038646538,0.19344182,0.5287109,0.23920071
9,/mnt/c/Users/puneet/Downloads/DAiSEE/DataSet/Test/500044/5000441012/5000441012.avi,2,2,0.038646538,0.19344182,0.5287109,0.23920071
10,/mnt/c/Users/puneet/Downloads/DAiSEE/DataSet/Test/500044/5000441013/5000441013.avi,2,2,0.038646538,0.19344182,0.5287109,0.23920071
11,/mnt/c/Users/puneet/Downloads/DAiSEE/DataSet/Test/500044/5000441014/5000441014.avi,2,2,0.038646538,0.19344182,0.5287109,0.23920071
12,/mnt/c/Users/puneet/Downloads/DAiSEE/DataSet/Test/500044/5000441015/5000441015.avi,2,2,0.038646538,0.19344182,0.5287109,0.23920071
13,/mnt/c/Users/puneet/Downloads/DAiSEE/DataSet/Test/500044/5000441016/5000441016.avi,2,3,0.038646538,0.19344182,0.5287109,0.23920071
14,/mnt/c/Users/puneet/Downloads/DAiSEE/DataSet/Test/500044/5000441017/5000441017.avi,2,2,0.038646538,0.19344182,0.5287109,0.23920071
15,/mnt/c/Users/puneet/Downloads/DAiSEE/DataSet/Test/500044/5000441018/5000441018.avi,2,3,0.038646538,0.19344182,0.5287109,0.23920071
16,/mnt/c/Users/puneet/Downloads/DAiSEE/DataSet/Test/500044/5000441021/5000441021.avi,2,3,0.038646538,0.19344182,0.5287109,0.23920071
17,/mnt/c/Users/puneet/Downloads/DAiSEE/DataSet/Test/500044/5000441022/5000441022.avi,2,2,0.038646538,0.19344182,0.5287109,0.23920071
18,/mnt/c/Users/puneet/Downloads/DAiSEE/DataSet/Test/500044/5000441023/5000441023.avi,2,3,0.038646538,0.19344182,0.5287109,0.23920071
19,/mnt/c/Users/puneet/Downloads/DAiSEE/DataSet/Test/500044/5000441024/5000441024.avi,2,1,0.038646538,0.19344182,0.5287109,0.23920071
20,/mnt/c/Users/puneet/Downloads/DAiSEE/DataSet/Test/500044/5000441027/5000441027.avi,2,3,0.038646538,0.19344182,0.5287109,0.23920071
21,/mnt/c/Users/puneet/Downloads/DAiSEE/DataSet/Test/500044/5000441030/5000441030.avi,2,2,0.038646538,0.19344182,0.5287109,0.23920071
22,/mnt/c/Users/puneet/Downloads/DAiSEE/DataSet/Test/500044/5000441031/5000441031.avi,2,2,0.038646538,0.19344182,0.5287109,0.23920071
23,/mnt/c/Users/puneet/Downloads/DAiSEE/DataSet/Test/500044/5000441032/5000441032.avi,2,2,0.038646538,0.19344182,0.5287109,0.23920071
24,/mnt/c/Users/puneet/Downloads/DAiSEE/DataSet/Test/500044/5000441033/5000441033.avi,2,2,0.038646538,0.19344182,0.5287109,0.23920071
25,/mnt/c/Users/puneet/Downloads/DAiSEE/DataSet/Test/500044/5000441034/5000441034.avi,2,2,0.038646538,0.19344182,0.5287109,0.23920071
26,/mnt/c/Users/puneet/Downloads/DAiSEE/DataSet/Test/500044/5000441035/5000441035.avi,2,3,0.038646538,0.19344182,0.5287109,0.23920071
27,/mnt/c/Users/puneet/Downloads/DAiSEE/DataSet/Test/500044/5000441037/5000441037.avi,2,2,0.038646538,0.19344182,0.5287109,0.23920071
28,/mnt/c/Users/puneet/Downloads/DAiSEE/DataSet/Test/500044/5000441038/5000441038.avi,2,3,0.038646538,0.19344182,0.5287109,0.23920071
29,/mnt/c/Users/puneet/Downloads/DAiSEE/DataSet/Test/500044/5000441039/5000441039.avi,2,3,0.038646538,0.19344182,0.5287109,0.23920071
30,/mnt/c/Users/puneet/Downloads/DAiSEE/DataSet/Test/500044/5000441040/5000441040.avi,2,3,0.038646538,0.19344182,0.5287109,0.23920071
31,/mnt/c/Users/puneet/Downloads/DAiSEE/DataSet/Test/500044/5000441041/5000441041.avi,2,3,0.038646538,0.19344182,0.5287109,0.23920071
32,/mnt/c/Users/puneet/Downloads/DAiSEE/DataSet/Test/500044/5000441042/5000441042.avi,2,2,0.038646538,0.19344182,0.5287109,0.23920071
33,/mnt/c/Users/puneet/Downloads/DAiSEE/DataSet/Test/500044/5000441043/5000441043.avi,2,2,0.038646538,0.19344182,0.5287109,0.23920071
34,/mnt/c/Users/puneet/Downloads/DAiSEE/DataSet/Test/500044/5000441044/5000441044.avi,2,2,0.038646538,0.19344182,0.5287109,0.23920071
35,/mnt/c/Users/puneet/Downloads/DAiSEE/DataSet/Test/500044/5000441045/5000441045.avi,2,2,0.038646538,0.19344182,0.5287109,0.23920071
36,/mnt/c/Users/puneet/Downloads/DAiSEE/DataSet/Test/500044/5000441046/5000441046.avi,2,3,0.038646538,0.19344182,0.5287109,0.23920071
37,/mnt/c/Users/puneet/Downloads/DAiSEE/DataSet/Test/500044/5000441047/5000441047.avi,2,2,0.038646538,0.19344182,0.5287109,0.23920071
38,/mnt/c/Users/puneet/Downloads/DAiSEE/DataSet/Test/500044/5000441048/5000441048.avi,2,2,0.038646538,0.19344182,0.5287109,0.23920071
39,/mnt/c/Users/puneet/Downloads/DAiSEE/DataSet/Test/500044/5000441050/5000441050.avi,2,2,0.038646538,0.19344182,0.5287109,0.23920071
40,/mnt/c/Users/puneet/Downloads/DAiSEE/DataSet/Test/500044/5000441051/5000441051.avi,2,2,0.038646538,0.19344182,0.5287109,0.23920071
41,/mnt/c/Users/puneet/Downloads/DAiSEE/DataSet/Test/500044/5000441052/5000441052.avi,2,2,0.038646538,0.19344182,0.5287109,0.23920071
42,/mnt/c/Users/puneet/Downloads/DAiSEE/DataSet/Test/500044/5000441053/5000441053.avi,2,3,0.038646538,0.19344182,0.5287109,0.23920071
43,/mnt/c/Users/puneet/Downloads/DAiSEE/DataSet/Test/500044/5000441054/5000441054.avi,2,2,0.038646538,0.19344182,0.5287109,0.23920071
44,/mnt/c/Users/puneet/Downloads/DAiSEE/DataSet/Test/500044/5000441055/5000441055.avi,2,3,0.038646538,0.19344182,0.5287109,0.23920071
45,/mnt/c/Users/puneet/Downloads/DAiSEE/DataSet/Test/500044/5000441058/5000441058.avi,2,1,0.038646538,0.19344182,0.5287109,0.23920071
46,/mnt/c/Users/puneet/Downloads/DAiSEE/DataSet/Test/500044/5000441059/5000441059.avi,2,2,0.038646538,0.19344182,0.5287109,0.23920071
47,/mnt/c/Users/puneet/Downloads/DAiSEE/DataSet/Test/500044/5000441061/5000441061.avi,2,3,0.038646538,0.19344182,0.5287109,0.23920071
48,/mnt/c/Users/puneet/Downloads/DAiSEE/DataSet/Test/500044/5000441062/5000441062.avi,2,2,0.038646538,0.19344182,0.5287109,0.23920071
49,/mnt/c/Users/puneet/Downloads/DAiSEE/DataSet/Test/500044/5000441064/5000441064.avi,2,2,0.038646538,0.19344182,0.5287109,0.23920071
50,/mnt/c/Users/puneet/Downloads/DAiSEE/DataSet/Test/500044/5000441065/5000441065.avi,2,2,0.038646538,0.19344182,0.5287109,0.23920071
51,/mnt/c/Users/puneet/Downloads/DAiSEE/DataSet/Test/500044/5000441066/5000441066.avi,2,2,0.038646538,0.19344182,0.5287109,0.23920071
52,/mnt/c/Users/puneet/Downloads/DAiSEE/DataSet/Test/500044/5000441067/5000441067.avi,2,1,0.038646538,0.19344182,0.5287109,0.23920071
53,/mnt/c/Users/puneet/Downloads/DAiSEE/DataSet/Test/500044/5000441068/5000441068.avi,2,2,0.038646538,0.19344182,0.5287109,0.23920071
54,/mnt/c/Users/puneet/Downloads/DAiSEE/DataSet/Test/500044/5000441069/5000441069.avi,2,2,0.038646538,0.19344182,0.5287109,0.23920071
55,/mnt/c/Users/puneet/Downloads/DAiSEE/DataSet/Test/500044/5000441070/5000441070.avi,2,3,0.038646538,0.19344182,0.5287109,0.23920071
56,/mnt/c/Users/puneet/Downloads/DAiSEE/DataSet/Test/500044/5000441071/5000441071.avi,2,3,0.038646538,0.19344182,0.5287109,0.23920071
57,/mnt/c/Users/puneet/Downloads/DAiSEE/DataSet/Test/500044/5000441072/5000441072.avi,2,3,0.038646538,0.19344182,0.5287109,0.23920071
58,/mnt/c/Users/puneet/Downloads/DAiSEE/DataSet/Test/500044/5000442001/5000442001.avi,2,3,0.038646538,0.19344182,0.5287109,0.23920071
59,/mnt/c/Users/puneet/Downloads/DAiSEE/DataSet/Test/500044/5000442002/5000442002.avi,2,2,0.038646538,0.19344182,0.5287109,0.23920071
60,/mnt/c/Users/puneet/Downloads/DAiSEE/DataSet/Test/500044/5000442003/5000442003.avi,2,2,0.038646538,0.19344182,0.5287109,0.23920071
61,/mnt/c/Users/puneet/Downloads/DAiSEE/DataSet/Test/500044/5000442004/5000442004.avi,2,2,0.038646538,0.19344182,0.5287109,0.23920071
62,/mnt/c/Users/puneet/Downloads/DAiSEE/DataSet/Test/500044/5000442005/5000442005.avi,2,2,0.038646538,0.19344182,0.5287109,0.23920071
63,/mnt/c/Users/puneet/Downloads/DAiSEE/DataSet/Test/500044/5000442007/5000442007.avi,2,2,0.038646538,0.19344182,0.5287109,0.23920071
64,/mnt/c/Users/puneet/Downloads/DAiSEE/DataSet/Test/500044/5000442008/5000442008.avi,2,2,0.038646538,0.19344182,0.5287109,0.23920071
65,/mnt/c/Users/puneet/Downloads/DAiSEE/DataSet/Test/500044/5000442009/5000442009.avi,2,3,0.038646538,0.19344182,0.5287109,0.23920071
66,/mnt/c/Users/puneet/Downloads/DAiSEE/DataSet/Test/500044/5000442010/5000442010.avi,2,2,0.038646538,0.19344182,0.5287109,0.23920071
67,/mnt/c/Users/puneet/Downloads/DAiSEE/DataSet/Test/500044/5000442014/5000442014.avi,2,3,0.038646538,0.19344182,0.5287109,0.23920071
68,/mnt/c/Users/puneet/Downloads/DAiSEE/DataSet/Test/500044/5000442015/5000442015.avi,2,2,0.038646538,0.19344182,0.5287109,0.23920071
69,/mnt/c/Users/puneet/Downloads/DAiSEE/DataSet/Test/500044/5000442016/5000442016.avi,2,2,0.038646538,0.19344182,0.5287109,0.23920071
70,/mnt/c/Users/puneet/Downloads/DAiSEE/DataSet/Test/500044/5000442019/5000442019.avi,2,2,0.038646538,0.19344182,0.5287109,0.23920071
71,/mnt/c/Users/puneet/Downloads/DAiSEE/DataSet/Test/500044/5000442021/5000442021.avi,2,2,0.038646538,0.19344182,0.5287109,0.23920071
72,/mnt/c/Users/puneet/Downloads/DAiSEE/DataSet/Test/500044/5000442022/5000442022.avi,2,3,0.038646538,0.19344182,0.5287109,0.23920071
73,/mnt/c/Users/puneet/Downloads/DAiSEE/DataSet/Test/500044/5000442024/5000442024.avi,2,2,0.038646538,0.19344182,0.5287109,0.23920071
74,/mnt/c/Users/puneet/Downloads/DAiSEE/DataSet/Test/500044/5000442025/5000442025.avi,2,2,0.038646538,0.19344182,0.5287109,0.23920071
75,/mnt/c/Users/puneet/Downloads/DAiSEE/DataSet/Test/500044/5000442026/5000442026.avi,2,2,0.038646538,0.19344182,0.5287109,0.23920071
76,/mnt/c/Users/puneet/Downloads/DAiSEE/DataSet/Test/500044/5000442027/5000442027.avi,2,3,0.038646538,0.19344182,0.5287109,0.23920071
77,/mnt/c/Users/puneet/Downloads/DAiSEE/DataSet/Test/500044/5000442028/5000442028.avi,2,2,0.038646538,0.19344182,0.5287109,0.23920071
78,/mnt/c/Users/puneet/Downloads/DAiSEE/DataSet/Test/500044/5000442029/5000442029.avi,2,3,0.038646538,0.19344182,0.5287109,0.23920071
79,/mnt/c/Users/puneet/Downloads/DAiSEE/DataSet/Test/500044/5000442033/5000442033.avi,2,2,0.038646538,0.19344182,0.5287109,0.23920071
80,/mnt/c/Users/puneet/Downloads/DAiSEE/DataSet/Test/500044/5000442034/5000442034.avi,2,3,0.038646538,0.19344182,0.5287109,0.23920071
81,/mnt/c/Users/puneet/Downloads/DAiSEE/DataSet/Test/500044/5000442035/5000442035.avi,2,3,0.038646538,0.19344182,0.5287109,0.23920071
82,/mnt/c/Users/puneet/Downloads/DAiSEE/DataSet/Test/500044/5000442036/5000442036.avi,2,2,0.038646538,0.19344182,0.5287109,0.23920071
83,/mnt/c/Users/puneet/Downloads/DAiSEE/DataSet/Test/500044/5000442037/5000442037.avi,2,3,0.038646538,0.19344182,0.5287109,0.23920071
84,/mnt/c/Users/puneet/Downloads/DAiSEE/DataSet/Test/500044/5000442038/5000442038.avi,2,3,0.038646538,0.19344182,0.5287109,0.23920071
85,/mnt/c/Users/puneet/Downloads/DAiSEE/DataSet/Test/500044/5000442039/5000442039.avi,2,3,0.038646538,0.19344182,0.5287109,0.23920071
86,/mnt/c/Users/puneet/Downloads/DAiSEE/DataSet/Test/500044/5000442040/5000442040.avi,2,3,0.038646538,0.19344182,0.5287109,0.23920071
87,/mnt/c/Users/puneet/Downloads/DAiSEE/DataSet/Test/500044/5000442042/5000442042.avi,2,2,0.038646538,0.19344182,0.5287109,0.23920071
88,/mnt/c/Users/puneet/Downloads/DAiSEE/DataSet/Test/500044/5000442043/5000442043.avi,2,3,0.038646538,0.19344182,0.5287109,0.23920071
89,/mnt/c/Users/puneet/Downloads/DAiSEE/DataSet/Test/500044/5000442045/5000442045.avi,2,3,0.038646538,0.19344182,0.5287109,0.23920071
90,/mnt/c/Users/puneet/Downloads/DAiSEE/DataSet/Test/500044/5000442047/5000442047.avi,2,2,0.038646538,0.19344182,0.5287109,0.23920071
91,/mnt/c/Users/puneet/Downloads/DAiSEE/DataSet/Test/500044/5000442048/5000442048.avi,2,2,0.038646538,0.19344182,0.5287109,0.23920071
92,/mnt/c/Users/puneet/Downloads/DAiSEE/DataSet/Test/500044/5000442050/5000442050.avi,2,2,0.038646538,0.19344182,0.5287109,0.23920071
93,/mnt/c/Users/puneet/Downloads/DAiSEE/DataSet/Test/500044/5000442051/5000442051.avi,2,2,0.038646538,0.19344182,0.5287109,0.23920071
94,/mnt/c/Users/puneet/Downloads/DAiSEE/DataSet/Test/500044/5000442052/5000442052.avi,2,2,0.038646538,0.19344182,0.5287109,0.23920071
95,/mnt/c/Users/puneet/Downloads/DAiSEE/DataSet/Test/500044/5000442053/5000442053.avi,2,2,0.038646538,0.19344182,0.5287109,0.23920071
96,/mnt/c/Users/puneet/Downloads/DAiSEE/DataSet/Test/500044/5000442054/5000442054.avi,2,3,0.038646538,0.19344182,0.5287109,0.23920071
97,/mnt/c/Users/puneet/Downloads/DAiSEE/DataSet/Test/500044/5000442055/5000442055.avi,2,3,0.038646538,0.19344182,0.5287109,0.23920071
98,/mnt/c/Users/puneet/Downloads/DAiSEE/DataSet/Test/500044/5000442056/5000442056.avi,2,2,0.038646538,0.19344182,0.5287109,0.23920071
99,/mnt/c/Users/puneet/Downloads/DAiSEE/DataSet/Test/500044/5000442057/5000442057.avi,2,3,0.038646538,0.19344182,0.5287109,0.23920071
100,/mnt/c/Users/puneet/Downloads/DAiSEE/DataSet/Test/500044/5000442058/5000442058.avi,2,3,0.038646538,0.19344182,0.5287109,0.23920071
101,/mnt/c/Users/puneet/Downloads/DAiSEE/DataSet/Test/500044/5000442059/5000442059.avi,2,3,0.038646538,0.19344182,0.5287109,0.23920071
102,/mnt/c/Users/puneet/Downloads/DAiSEE/DataSet/Test/500044/5000442060/5000442060.avi,2,2,0.038646538,0.19344182,0.5287109,0.23920071
103,/mnt/c/Users/puneet/Downloads/DAiSEE/DataSet/Test/500044/5000442062/5000442062.avi,2,2,0.038646538,0.19344182,0.5287109,0.23920071
104,/mnt/c/Users/puneet/Downloads/DAiSEE/DataSet/Test/500044/5000442063/5000442063.avi,2,3,0.038646538,0.19344182,0.5287109,0.23920071
105,/mnt/c/Users/puneet/Downloads/DAiSEE/DataSet/Test/500044/5000442064/5000442064.avi,2,3,0.038646538,0.19344182,0.5287109,0.23920071
106,/mnt/c/Users/puneet/Downloads/DAiSEE/DataSet/Test/500044/5000442065/5000442065.avi,2,3,0.038646538,0.19344182,0.5287109,0.23920071
107,/mnt/c/Users/puneet/Downloads/DAiSEE/DataSet/Test/500044/5000442066/5000442066.avi,2,3,0.038646538,0.19344182,0.5287109,0.23920071
108,/mnt/c/Users/puneet/Downloads/DAiSEE/DataSet/Test/500044/5000442067/5000442067.avi,2,2,0.038646538,0.19344182,0.5287109,0.23920071
109,/mnt/c/Users/puneet/Downloads/DAiSEE/DataSet/Test/500044/5000442068/5000442068.avi,2,3,0.038646538,0.19344182,0.5287109,0.23920071
110,/mnt/c/Users/puneet/Downloads/DAiSEE/DataSet/Test/500044/5000442069/5000442069.avi,2,3,0.038646538,0.19344182,0.5287109,0.23920071
111,/mnt/c/Users/puneet/Downloads/DAiSEE/DataSet/Test/500044/5000442070/5000442070.avi,2,3,0.038646538,0.19344182,0.5287109,0.23920071
112,/mnt/c/Users/puneet/Downloads/DAiSEE/DataSet/Test/500044/5000442072/5000442072.avi,2,2,0.038646538,0.19344182,0.5287109,0.23920071
113,/mnt/c/Users/puneet/Downloads/DAiSEE/DataSet/Test/500044/5000442073/5000442073.avi,2,3,0.038646538,0.19344182,0.5287109,0.23920071
114,/mnt/c/Users/puneet/Downloads/DAiSEE/DataSet/Test/500044/5000442074/5000442074.avi,2,2,0.038646538,0.19344182,0.5287109,0.23920071
115,/mnt/c/Users/puneet/Downloads/DAiSEE/DataSet/Test/500044/5000442075/5000442075.avi,2,2,0.038646538,0.19344182,0.5287109,0.23920071
116,/mnt/c/Users/puneet/Downloads/DAiSEE/DataSet/Test/500044/5000442076/5000442076.avi,2,2,0.038646538,0.19344182,0.5287109,0.23920071
117,/mnt/c/Users/puneet/Downloads/DAiSEE/DataSet/Test/500044/5000442077/5000442077.avi,2,2,0.038646538,0.19344182,0.5287109,0.23920071
118,/mnt/c/Users/puneet/Downloads/DAiSEE/DataSet/Test/500044/5000442078/5000442078.avi,2,2,0.038646538,0.19344182,0.5287109,0.23920071
119,/mnt/c/Users/puneet/Downloads/DAiSEE/DataSet/Test/500067/5000671001/5000671001.avi,2,3,0.038646538,0.19344182,0.5287109,0.23920071
120,/mnt/c/Users/puneet/Downloads/DAiSEE/DataSet/Test/500067/5000671002/5000671002.avi,2,2,0.038646538,0.19344182,0.5287109,0.23920071
121,/mnt/c/Users/puneet/Downloads/DAiSEE/DataSet/Test/500067/5000671003/5000671003.avi,2,2,0.038646538,0.19344182,0.5287109,0.23920071
122,/mnt/c/Users/puneet/Downloads/DAiSEE/DataSet/Test/500067/5000671004/5000671004.avi,2,3,0.038646538,0.19344182,0.5287109,0.23920071
123,/mnt/c/Users/puneet/Downloads/DAiSEE/DataSet/Test/500067/5000671005/5000671005.avi,2,2,0.038646538,0.19344182,0.5287109,0.23920071
124,/mnt/c/Users/puneet/Downloads/DAiSEE/DataSet/Test/500067/5000671006/5000671006.avi,2,2,0.038646538,0.19344182,0.5287109,0.23920071
125,/mnt/c/Users/puneet/Downloads/DAiSEE/DataSet/Test/500067/5000671008/5000671008.avi,2,3,0.038646538,0.19344182,0.5287109,0.23920071
126,/mnt/c/Users/puneet/Downloads/DAiSEE/DataSet/Test/500067/5000671009/5000671009.avi,2,2,0.038646538,0.19344182,0.5287109,0.23920071
127,/mnt/c/Users/puneet/Downloads/DAiSEE/DataSet/Test/500067/5000671010/5000671010.avi,2,3,0.038646538,0.19344182,0.5287109,0.23920071
128,/mnt/c/Users/puneet/Downloads/DAiSEE/DataSet/Test/500067/5000671011/5000671011.avi,2,3,0.038646538,0.19344182,0.5287109,0.23920071
129,/mnt/c/Users/puneet/Downloads/DAiSEE/DataSet/Test/500067/5000671012/5000671012.avi,2,3,0.038646538,0.19344182,0.5287109,0.23920071
130,/mnt/c/Users/puneet/Downloads/DAiSEE/DataSet/Test/500067/5000671013/5000671013.avi,2,2,0.038646538,0.19344182,0.5287109,0.23920071
131,/mnt/c/Users/puneet/Downloads/DAiSEE/DataSet/Test/500067/5000671014/5000671014.avi,2,3,0.038646538,0.19344182,0.5287109,0.23920071
132,/mnt/c/Users/puneet/Downloads/DAiSEE/DataSet/Test/500067/5000671015/5000671015.avi,2,3,0.038646538,0.19344182,0.5287109,0.23920071
133,/mnt/c/Users/puneet/Downloads/DAiSEE/DataSet/Test/500067/5000671016/5000671016.avi,2,2,0.038646538,0.19344182,0.5287109,0.23920071
134,/mnt/c/Users/puneet/Downloads/DAiSEE/DataSet/Test/500067/5000671017/5000671017.avi,2,2,0.038646538,0.19344182,0.5287109,0.23920071
135,/mnt/c/Users/puneet/Downloads/DAiSEE/DataSet/Test/500067/5000671018/5000671018.avi,2,3,0.038646538,0.19344182,0.5287109,0.23920071
136,/mnt/c/Users/puneet/Downloads/DAiSEE/DataSet/Test/500067/5000671019/5000671019.avi,2,2,0.038646538,0.19344182,0.5287109,0.23920071
137,/mnt/c/Users/puneet/Downloads/DAiSEE/DataSet/Test/500067/5000671020/5000671020.avi,2,2,0.038646538,0.19344182,0.5287109,0.23920071
138,/mnt/c/Users/puneet/Downloads/DAiSEE/DataSet/Test/500067/5000671022/5000671022.avi,2,2,0.038646538,0.19344182,0.5287109,0.23920071
139,/mnt/c/Users/puneet/Downloads/DAiSEE/DataSet/Test/500067/5000671023/5000671023.avi,2,3,0.038646538,0.19344182,0.5287109,0.23920071
140,/mnt/c/Users/puneet/Downloads/DAiSEE/DataSet/Test/500067/5000671024/5000671024.avi,2,2,0.038646538,0.19344182,0.5287109,0.23920071
141,/mnt/c/Users/puneet/Downloads/DAiSEE/DataSet/Test/500067/5000671026/5000671026.avi,2,3,0.038646538,0.19344182,0.5287109,0.23920071
142,/mnt/c/Users/puneet/Downloads/DAiSEE/DataSet/Test/500067/5000671027/5000671027.avi,2,2,0.038646538,0.19344182,0.5287109,0.23920071
143,/mnt/c/Users/puneet/Downloads/DAiSEE/DataSet/Test/500067/5000671028/5000671028.avi,2,3,0.038646538,0.19344182,0.5287109,0.23920071
144,/mnt/c/Users/puneet/Downloads/DAiSEE/DataSet/Test/500067/5000671029/5000671029.avi,2,2,0.038646538,0.19344182,0.5287109,0.23920071
145,/mnt/c/Users/puneet/Downloads/DAiSEE/DataSet/Test/500067/5000671030/5000671030.avi,2,3,0.038646538,0.19344182,0.5287109,0.23920071
146,/mnt/c/Users/puneet/Downloads/DAiSEE/DataSet/Test/500067/5000671031/5000671031.avi,2,2,0.038646538,0.19344182,0.5287109,0.23920071
147,/mnt/c/Users/puneet/Downloads/DAiSEE/DataSet/Test/500067/5000671032/5000671032.avi,2,3,0.038646538,0.19344182,0.5287109,0.23920071
148,/mnt/c/Users/puneet/Downloads/DAiSEE/DataSet/Test/500067/5000671033/5000671033.avi,2,3,0.038646538,0.19344182,0.5287109,0.23920071
149,/mnt/c/Users/puneet/Downloads/DAiSEE/DataSet/Test/500067/5000671034/5000671034.avi,2,2,0.038646538,0.19344182,0.5287109,0.23920071
150,/mnt/c/Users/puneet/Downloads/DAiSEE/DataSet/Test/500067/5000671035/5000671035.avi,2,3,0.038646538,0.19344182,0.5287109,0.23920071
151,/mnt/c/Users/puneet/Downloads/DAiSEE/DataSet/Test/500067/5000671036/5000671036.avi,2,2,0.038646538,0.19344182,0.5287109,0.23920071
152,/mnt/c/Users/puneet/Downloads/DAiSEE/DataSet/Test/500067/5000671037/5000671037.avi,2,2,0.038646538,0.19344182,0.5287109,0.23920071
153,/mnt/c/Users/puneet/Downloads/DAiSEE/DataSet/Test/500067/5000671038/5000671038.avi,2,2,0.038646538,0.19344182,0.5287109,0.23920071
154,/mnt/c/Users/puneet/Downloads/DAiSEE/DataSet/Test/500067/5000671039/5000671039.avi,2,2,0.038646538,0.19344182,0.5287109,0.23920071
155,/mnt/c/Users/puneet/Downloads/DAiSEE/DataSet/Test/500067/5000671040/5000671040.avi,2,2,0.038646538,0.19344182,0.5287109,0.23920071
156,/mnt/c/Users/puneet/Downloads/DAiSEE/DataSet/Test/500067/5000671041/5000671041.avi,2,1,0.038646538,0.19344182,0.5287109,0.23920071
157,/mnt/c/Users/puneet/Downloads/DAiSEE/DataSet/Test/500067/5000671042/5000671042.avi,2,1,0.038646538,0.19344182,0.5287109,0.23920071
158,/mnt/c/Users/puneet/Downloads/DAiSEE/DataSet/Test/500067/5000671043/5000671043.avi,2,2,0.038646538,0.19344182,0.5287109,0.23920071
159,/mnt/c/Users/puneet/Downloads/DAiSEE/DataSet/Test/500067/5000671046/5000671046.avi,2,2,0.038646538,0.19344182,0.5287109,0.23920071
160,/mnt/c/Users/puneet/Downloads/DAiSEE/DataSet/Test/500067/5000671047/5000671047.avi,2,2,0.038646538,0.19344182,0.5287109,0.23920071
161,/mnt/c/Users/puneet/Downloads/DAiSEE/DataSet/Test/500067/5000671048/5000671048.avi,2,1,0.038646538,0.19344182,0.5287109,0.23920071
162,/mnt/c/Users/puneet/Downloads/DAiSEE/DataSet/Test/500067/5000671049/5000671049.avi,2,1,0.038646538,0.19344182,0.5287109,0.23920071
163,/mnt/c/Users/puneet/Downloads/DAiSEE/DataSet/Test/500067/5000671050/5000671050.avi,2,2,0.038646538,0.19344182,0.5287109,0.23920071
164,/mnt/c/Users/puneet/Downloads/DAiSEE/DataSet/Test/500067/5000671051/5000671051.avi,2,2,0.038646538,0.19344182,0.5287109,0.23920071
165,/mnt/c/Users/puneet/Downloads/DAiSEE/DataSet/Test/500067/5000671053/5000671053.avi,2,2,0.038646538,0.19344182,0.5287109,0.23920071
166,/mnt/c/Users/puneet/Downloads/DAiSEE/DataSet/Test/500067/5000671055/5000671055.avi,2,2,0.038646538,0.19344182,0.5287109,0.23920071
167,/mnt/c/Users/puneet/Downloads/DAiSEE/DataSet/Test/500067/5000671056/5000671056.avi,2,3,0.038646538,0.19344182,0.5287109,0.23920071
168,/mnt/c/Users/puneet/Downloads/DAiSEE/DataSet/Test/500067/5000671057/5000671057.avi,2,2,0.038646538,0.19344182,0.5287109,0.23920071
169,/mnt/c/Users/puneet/Downloads/DAiSEE/DataSet/Test/500067/5000671058/5000671058.avi,2,1,0.038646538,0.19344182,0.5287109,0.23920071
170,/mnt/c/Users/puneet/Downloads/DAiSEE/DataSet/Test/500067/5000671059/5000671059.avi,2,2,0.038646538,0.19344182,0.5287109,0.23920071
171,/mnt/c/Users/puneet/Downloads/DAiSEE/DataSet/Test/500067/5000671060/5000671060.avi,2,2,0.038646538,0.19344182,0.5287109,0.23920071
172,/mnt/c/Users/puneet/Downloads/DAiSEE/DataSet/Test/500067/5000671061/5000671061.avi,2,1,0.038646538,0.19344182,0.5287109,0.23920071
173,/mnt/c/Users/puneet/Downloads/DAiSEE/DataSet/Test/500067/5000671062/5000671062.avi,2,2,0.038646538,0.19344182,0.5287109,0.23920071
174,/mnt/c/Users/puneet/Downloads/DAiSEE/DataSet/Test/500067/5000671063/5000671063.avi,2,2,0.038646538,0.19344182,0.5287109,0.23920071
175,/mnt/c/Users/puneet/Downloads/DAiSEE/DataSet/Test/500067/5000671064/5000671064.avi,2,3,0.038646538,0.19344182,0.5287109,0.23920071
176,/mnt/c/Users/puneet/Downloads/DAiSEE/DataSet/Test/500067/5000671065/5000671065.avi,2,2,0.038646538,0.19344182,0.5287109,0.23920071
177,/mnt/c/Users/puneet/Downloads/DAiSEE/DataSet/Test/500067/5000671066/5000671066.avi,2,2,0.038646538,0.19344182,0.5287109,0.23920071
178,/mnt/c/Users/puneet/Downloads/DAiSEE/DataSet/Test/500067/5000671067/5000671067.avi,2,2,0.038646538,0.19344182,0.5287109,0.23920071
179,/mnt/c/Users/puneet/Downloads/DAiSEE/DataSet/Test/500067/5000671069/5000671069.avi,2,1,0.038646538,0.19344182,0.5287109,0.23920071
180,/mnt/c/Users/puneet/Downloads/DAiSEE/DataSet/Test/500067/5000671070/5000671070.avi,2,1,0.038646538,0.19344182,0.5287109,0.23920071
181,/mnt/c/Users/puneet/Downloads/DAiSEE/DataSet/Test/500067/5000671071/5000671071.avi,2,2,0.038646538,0.19344182,0.5287109,0.23920071
182,/mnt/c/Users/puneet/Downloads/DAiSEE/DataSet/Test/500067/5000672002/5000672002.avi,2,2,0.038646538,0.19344182,0.5287109,0.23920071
183,/mnt/c/Users/puneet/Downloads/DAiSEE/DataSet/Test/500067/5000672004/5000672004.avi,2,2,0.038646538,0.19344182,0.5287109,0.23920071
184,/mnt/c/Users/puneet/Downloads/DAiSEE/DataSet/Test/500067/5000672005/5000672005.avi,2,2,0.038646538,0.19344182,0.5287109,0.23920071
185,/mnt/c/Users/puneet/Downloads/DAiSEE/DataSet/Test/500067/5000672006/5000672006.avi,2,3,0.038646538,0.19344182,0.5287109,0.23920071
186,/mnt/c/Users/puneet/Downloads/DAiSEE/DataSet/Test/500067/5000672007/5000672007.avi,2,2,0.038646538,0.19344182,0.5287109,0.23920071
187,/mnt/c/Users/puneet/Downloads/DAiSEE/DataSet/Test/500067/5000672008/5000672008.avi,2,2,0.038646538,0.19344182,0.5287109,0.23920071
188,/mnt/c/Users/puneet/Downloads/DAiSEE/DataSet/Test/500067/5000672010/5000672010.avi,2,2,0.038646538,0.19344182,0.5287109,0.23920071
189,/mnt/c/Users/puneet/Downloads/DAiSEE/DataSet/Test/500067/5000672011/5000672011.avi,2,3,0.038646538,0.19344182,0.5287109,0.23920071
190,/mnt/c/Users/puneet/Downloads/DAiSEE/DataSet/Test/500067/5000672012/5000672012.avi,2,2,0.038646538,0.19344182,0.5287109,0.23920071
191,/mnt/c/Users/puneet/Downloads/DAiSEE/DataSet/Test/500067/5000672013/5000672013.avi,2,3,0.038646538,0.19344182,0.5287109,0.23920071
192,/mnt/c/Users/puneet/Downloads/DAiSEE/DataSet/Test/500067/5000672014/5000672014.avi,2,3,0.038646538,0.19344182,0.5287109,0.23920071
193,/mnt/c/Users/puneet/Downloads/DAiSEE/DataSet/Test/500067/5000672016/5000672016.avi,2,2,0.038646538,0.19344182,0.5287109,0.23920071
194,/mnt/c/Users/puneet/Downloads/DAiSEE/DataSet/Test/500067/5000672017/5000672017.avi,2,2,0.038646538,0.19344182,0.5287109,0.23920071
195,/mnt/c/Users/puneet/Downloads/DAiSEE/DataSet/Test/500067/5000672019/5000672019.avi,2,3,0.038646538,0.19344182,0.5287109,0.23920071
196,/mnt/c/Users/puneet/Downloads/DAiSEE/DataSet/Test/500067/5000672020/5000672020.avi,2,3,0.038646538,0.19344182,0.5287109,0.23920071
197,/mnt/c/Users/puneet/Downloads/DAiSEE/DataSet/Test/500067/5000672021/5000672021.avi,2,3,0.038646538,0.19344182,0.5287109,0.23920071
198,/mnt/c/Users/puneet/Downloads/DAiSEE/DataSet/Test/500067/5000672022/5000672022.avi,2,3,0.038646538,0.19344182,0.5287109,0.23920071
199,/mnt/c/Users/puneet/Downloads/DAiSEE/DataSet/Test/500067/5000672023/5000672023.avi,2,2,0.038646538,0.19344182,0.5287109,0.23920071
200,/mnt/c/Users/puneet/Downloads/DAiSEE/DataSet/Test/500067/5000672024/5000672024.avi,2,2,0.038646538,0.19344182,0.5287109,0.23920071
201,/mnt/c/Users/puneet/Downloads/DAiSEE/DataSet/Test/500067/5000672025/5000672025.avi,2,3,0.038646538,0.19344182,0.5287109,0.23920071
202,/mnt/c/Users/puneet/Downloads/DAiSEE/DataSet/Test/500067/5000672026/5000672026.avi,2,3,0.038646538,0.19344182,0.5287109,0.23920071
203,/mnt/c/Users/puneet/Downloads/DAiSEE/DataSet/Test/500067/5000672027/5000672027.avi,2,2,0.038646538,0.19344182,0.5287109,0.23920071
204,/mnt/c/Users/puneet/Downloads/DAiSEE/DataSet/Test/500067/5000672030/5000672030.avi,2,2,0.038646538,0.19344182,0.5287109,0.23920071
205,/mnt/c/Users/puneet/Downloads/DAiSEE/DataSet/Test/500067/5000672031/5000672031.avi,2,2,0.038646538,0.19344182,0.5287109,0.23920071
206,/mnt/c/Users/puneet/Downloads/DAiSEE/DataSet/Test/500067/5000672033/5000672033.avi,2,2,0.038646538,0.19344182,0.5287109,0.23920071
207,/mnt/c/Users/puneet/Downloads/DAiSEE/DataSet/Test/500067/5000672034/5000672034.avi,2,2,0.038646538,0.19344182,0.5287109,0.23920071
208,/mnt/c/Users/puneet/Downloads/DAiSEE/DataSet/Test/500067/5000672035/5000672035.avi,2,3,0.038646538,0.19344182,0.5287109,0.23920071
209,/mnt/c/Users/puneet/Downloads/DAiSEE/DataSet/Test/500067/5000672036/5000672036.avi,2,2,0.038646538,0.19344182,0.5287109,0.23920071
210,/mnt/c/Users/puneet/Downloads/DAiSEE/DataSet/Test/500067/5000672038/5000672038.avi,2,3,0.038646538,0.19344182,0.5287109,0.23920071
211,/mnt/c/Users/puneet/Downloads/DAiSEE/DataSet/Test/500067/5000672042/5000672042.avi,2,3,0.038646538,0.19344182,0.5287109,0.23920071
212,/mnt/c/Users/puneet/Downloads/DAiSEE/DataSet/Test/500067/5000672043/5000672043.avi,2,3,0.038646538,0.19344182,0.5287109,0.23920071
213,/mnt/c/Users/puneet/Downloads/DAiSEE/DataSet/Test/500067/5000672044/5000672044.avi,2,3,0.038646538,0.19344182,0.5287109,0.23920071
214,/mnt/c/Users/puneet/Downloads/DAiSEE/DataSet/Test/500067/5000672045/5000672045.avi,2,3,0.038646538,0.19344182,0.5287109,0.23920071
215,/mnt/c/Users/puneet/Downloads/DAiSEE/DataSet/Test/500067/5000672046/5000672046.avi,2,2,0.038646538,0.19344182,0.5287109,0.23920071
216,/mnt/c/Users/puneet/Downloads/DAiSEE/DataSet/Test/500067/5000672047/5000672047.avi,2,2,0.038646538,0.19344182,0.5287109,0.23920071
217,/mnt/c/Users/puneet/Downloads/DAiSEE/DataSet/Test/500067/5000672048/5000672048.avi,2,2,0.038646538,0.19344182,0.5287109,0.23920071
218,/mnt/c/Users/puneet/Downloads/DAiSEE/DataSet/Test/500067/5000672049/5000672049.avi,2,2,0.038646538,0.19344182,0.5287109,0.23920071
219,/mnt/c/Users/puneet/Downloads/DAiSEE/DataSet/Test/500067/5000672050/5000672050.avi,2,2,0.038646538,0.19344182,0.5287109,0.23920071
220,/mnt/c/Users/puneet/Downloads/DAiSEE/DataSet/Test/500067/5000672051/5000672051.avi,2,3,0.038646538,0.19344182,0.5287109,0.23920071
221,/mnt/c/Users/puneet/Downloads/DAiSEE/DataSet/Test/500067/5000672052/5000672052.avi,2,3,0.038646538,0.19344182,0.5287109,0.23920071
222,/mnt/c/Users/puneet/Downloads/DAiSEE/DataSet/Test/500067/5000672053/5000672053.avi,2,2,0.038646538,0.19344182,0.5287109,0.23920071
223,/mnt/c/Users/puneet/Downloads/DAiSEE/DataSet/Test/500067/5000672054/5000672054.avi,2,3,0.038646538,0.19344182,0.5287109,0.23920071
224,/mnt/c/Users/puneet/Downloads/DAiSEE/DataSet/Test/500067/5000672055/5000672055.avi,2,3,0.038646538,0.19344182,0.5287109,0.23920071
225,/mnt/c/Users/puneet/Downloads/DAiSEE/DataSet/Test/500067/5000672056/5000672056.avi,2,3,0.038646538,0.19344182,0.5287109,0.23920071
226,/mnt/c/Users/puneet/Downloads/DAiSEE/DataSet/Test/500067/5000672057/5000672057.avi,2,2,0.038646538,0.19344182,0.5287109,0.23920071
227,/mnt/c/Users/puneet/Downloads/DAiSEE/DataSet/Test/500067/5000672058/5000672058.avi,2,2,0.038646538,0.19344182,0.5287109,0.23920071
228,/mnt/c/Users/puneet/Downloads/DAiSEE/DataSet/Test/500067/5000672059/5000672059.avi,2,2,0.038646538,0.19344182,0.5287109,0.23920071
229,/mnt/c/Users/puneet/Downloads/DAiSEE/DataSet/Test/500067/5000672060/5000672060.avi,2,2,0.038646538,0.19344182,0.5287109,0.23920071
230,/mnt/c/Users/puneet/Downloads/DAiSEE/DataSet/Test/500067/5000672062/5000672062.avi,2,3,0.038646538,0.19344182,0.5287109,0.23920071
231,/mnt/c/Users/puneet/Downloads/DAiSEE/DataSet/Test/500067/5000672064/5000672064.avi,2,2,0.038646538,0.19344182,0.5287109,0.23920071
232,/mnt/c/Users/puneet/Downloads/DAiSEE/DataSet/Test/500067/5000672065/5000672065.avi,2,2,0.038646538,0.19344182,0.5287109,0.23920071
233,/mnt/c/Users/puneet/Downloads/DAiSEE/DataSet/Test/500067/5000672066/5000672066.avi,2,2,0.038646538,0.19344182,0.5287109,0.23920071
234,/mnt/c/Users/puneet/Downloads/DAiSEE/DataSet/Test/500067/5000672067/5000672067.avi,2,2,0.038646538,0.19344182,0.5287109,0.23920071
235,/mnt/c/Users/puneet/Downloads/DAiSEE/DataSet/Test/500067/5000672068/5000672068.avi,2,2,0.038646538,0.19344182,0.5287109,0.23920071
236,/mnt/c/Users/puneet/Downloads/DAiSEE/DataSet/Test/500067/5000672070/5000672070.avi,2,3,0.038646538,0.19344182,0.5287109,0.23920071
237,/mnt/c/Users/puneet/Downloads/DAiSEE/DataSet/Test/500067/5000672071/5000672071.avi,2,2,0.038646538,0.19344182,0.5287109,0.23920071
238,/mnt/c/Users/puneet/Downloads/DAiSEE/DataSet/Test/500067/5000672072/5000672072.avi,2,2,0.038646538,0.19344182,0.5287109,0.23920071
239,/mnt/c/Users/puneet/Downloads/DAiSEE/DataSet/Test/500067/5000672074/5000672074.avi,2,3,0.038646538,0.19344182,0.5287109,0.23920071
240,/mnt/c/Users/puneet/Downloads/DAiSEE/DataSet/Test/500067/5000672075/5000672075.avi,2,3,0.038646538,0.19344182,0.5287109,0.23920071
241,/mnt/c/Users/puneet/Downloads/DAiSEE/DataSet/Test/500067/5000672076/5000672076.avi,2,3,0.038646538,0.19344182,0.5287109,0.23920071
242,/mnt/c/Users/puneet/Downloads/DAiSEE/DataSet/Test/500067/5000672077/5000672077.avi,2,2,0.038646538,0.19344182,0.5287109,0.23920071
243,/mnt/c/Users/puneet/Downloads/DAiSEE/DataSet/Test/500067/5000672081/5000672081.avi,2,2,0.038646538,0.19344182,0.5287109,0.23920071
244,/mnt/c/Users/puneet/Downloads/DAiSEE/DataSet/Test/500067/5000672082/5000672082.avi,2,2,0.038646538,0.19344182,0.5287109,0.23920071
245,/mnt/c/Users/puneet/Downloads/DAiSEE/DataSet/Test/500095/5000951001/5000951001.avi,2,2,0.038646538,0.19344182,0.5287109,0.23920071
246,/mnt/c/Users/puneet/Downloads/DAiSEE/DataSet/Test/500095/5000951002/5000951002.avi,2,2,0.038646538,0.19344182,0.5287109,0.23920071
247,/mnt/c/Users/puneet/Downloads/DAiSEE/DataSet/Test/500095/5000951003/5000951003.avi,2,3,0.038646538,0.19344182,0.5287109,0.23920071
248,/mnt/c/Users/puneet/Downloads/DAiSEE/DataSet/Test/500095/5000951004/5000951004.avi,2,2,0.038646538,0.19344182,0.5287109,0.23920071
249,/mnt/c/Users/puneet/Downloads/DAiSEE/DataSet/Test/500095/5000951005/5000951005.avi,2,2,0.038646538,0.19344182,0.5287109,0.23920071
250,/mnt/c/Users/puneet/Downloads/DAiSEE/DataSet/Test/500095/5000951006/5000951006.avi,2,2,0.038646538,0.19344182,0.5287109,0.23920071
251,/mnt/c/Users/puneet/Downloads/DAiSEE/DataSet/Test/500095/5000951007/5000951007.avi,2,3,0.038646538,0.19344182,0.5287109,0.23920071
252,/mnt/c/Users/puneet/Downloads/DAiSEE/DataSet/Test/500095/5000951008/5000951008.avi,2,2,0.038646538,0.19344182,0.5287109,0.23920071
253,/mnt/c/Users/puneet/Downloads/DAiSEE/DataSet/Test/500095/5000951009/5000951009.avi,2,3,0.038646538,0.19344182,0.5287109,0.23920071
254,/mnt/c/Users/puneet/Downloads/DAiSEE/DataSet/Test/500095/5000951010/5000951010.avi,2,2,0.038646538,0.19344182,0.5287109,0.23920071
255,/mnt/c/Users/puneet/Downloads/DAiSEE/DataSet/Test/500095/5000951011/5000951011.avi,2,3,0.038646538,0.19344182,0.5287109,0.23920071
256,/mnt/c/Users/puneet/Downloads/DAiSEE/DataSet/Test/500095/5000951012/5000951012.avi,2,2,0.038646538,0.19344182,0.5287109,0.23920071
257,/mnt/c/Users/puneet/Downloads/DAiSEE/DataSet/Test/500095/5000951013/5000951013.avi,2,2,0.038646538,0.19344182,0.5287109,0.23920071
258,/mnt/c/Users/puneet/Downloads/DAiSEE/DataSet/Test/500095/5000951015/5000951015.avi,2,3,0.038646538,0.19344182,0.5287109,0.23920071
259,/mnt/c/Users/puneet/Downloads/DAiSEE/DataSet/Test/500095/5000951016/5000951016.avi,2,2,0.038646538,0.19344182,0.5287109,0.23920071
260,/mnt/c/Users/puneet/Downloads/DAiSEE/DataSet/Test/500095/5000951017/5000951017.avi,2,2,0.038646538,0.19344182,0.5287109,0.23920071
261,/mnt/c/Users/puneet/Downloads/DAiSEE/DataSet/Test/500095/5000951018/5000951018.avi,2,2,0.038646538,0.19344182,0.5287109,0.23920071
262,/mnt/c/Users/puneet/Downloads/DAiSEE/DataSet/Test/500095/5000951019/5000951019.avi,2,1,0.038646538,0.19344182,0.5287109,0.23920071
263,/mnt/c/Users/puneet/Downloads/DAiSEE/DataSet/Test/500095/5000951021/5000951021.avi,2,2,0.038646538,0.19344182,0.5287109,0.23920071
264,/mnt/c/Users/puneet/Downloads/DAiSEE/DataSet/Test/500095/5000951023/5000951023.avi,2,1,0.038646538,0.19344182,0.5287109,0.23920071
265,/mnt/c/Users/puneet/Downloads/DAiSEE/DataSet/Test/500095/5000951024/5000951024.avi,2,1,0.038646538,0.19344182,0.5287109,0.23920071
266,/mnt/c/Users/puneet/Downloads/DAiSEE/DataSet/Test/500095/5000951025/5000951025.avi,2,2,0.038646538,0.19344182,0.5287109,0.23920071
267,/mnt/c/Users/puneet/Downloads/DAiSEE/DataSet/Test/500095/5000951027/5000951027.avi,2,1,0.038646538,0.19344182,0.5287109,0.23920071
268,/mnt/c/Users/puneet/Downloads/DAiSEE/DataSet/Test/500095/5000951028/5000951028.avi,2,3,0.038646538,0.19344182,0.5287109,0.23920071
269,/mnt/c/Users/puneet/Downloads/DAiSEE/DataSet/Test/500095/5000951033/5000951033.avi,2,2,0.038646538,0.19344182,0.5287109,0.23920071
270,/mnt/c/Users/puneet/Downloads/DAiSEE/DataSet/Test/500095/5000951034/5000951034.avi,2,2,0.038646538,0.19344182,0.5287109,0.23920071
271,/mnt/c/Users/puneet/Downloads/DAiSEE/DataSet/Test/500095/5000951035/5000951035.avi,2,2,0.038646538,0.19344182,0.5287109,0.23920071
272,/mnt/c/Users/puneet/Downloads/DAiSEE/DataSet/Test/500095/5000951037/5000951037.avi,2,2,0.038646538,0.19344182,0.5287109,0.23920071
273,/mnt/c/Users/puneet/Downloads/DAiSEE/DataSet/Test/500095/5000951039/5000951039.avi,2,2,0.038646538,0.19344182,0.5287109,0.23920071
274,/mnt/c/Users/puneet/Downloads/DAiSEE/DataSet/Test/500095/5000951040/5000951040.avi,2,3,0.038646538,0.19344182,0.5287109,0.23920071
275,/mnt/c/Users/puneet/Downloads/DAiSEE/DataSet/Test/500095/5000951042/5000951042.avi,2,2,0.038646538,0.19344182,0.5287109,0.23920071
276,/mnt/c/Users/puneet/Downloads/DAiSEE/DataSet/Test/500095/5000951043/5000951043.avi,2,3,0.038646538,0.19344182,0.5287109,0.23920071
277,/mnt/c/Users/puneet/Downloads/DAiSEE/DataSet/Test/500095/5000951044/5000951044.avi,2,2,0.038646538,0.19344182,0.5287109,0.23920071
278,/mnt/c/Users/puneet/Downloads/DAiSEE/DataSet/Test/500095/5000951045/5000951045.avi,2,2,0.038646538,0.19344182,0.5287109,0.23920071
279,/mnt/c/Users/puneet/Downloads/DAiSEE/DataSet/Test/500095/5000951047/5000951047.avi,2,2,0.038646538,0.19344182,0.5287109,0.23920071
280,/mnt/c/Users/puneet/Downloads/DAiSEE/DataSet/Test/500095/5000951049/5000951049.avi,2,3,0.038646538,0.19344182,0.5287109,0.23920071
281,/mnt/c/Users/puneet/Downloads/DAiSEE/DataSet/Test/500095/5000951051/5000951051.avi,2,3,0.038646538,0.19344182,0.5287109,0.23920071
282,/mnt/c/Users/puneet/Downloads/DAiSEE/DataSet/Test/500095/5000951052/5000951052.avi,2,2,0.038646538,0.19344182,0.5287109,0.23920071
283,/mnt/c/Users/puneet/Downloads/DAiSEE/DataSet/Test/500095/5000951053/5000951053.avi,2,2,0.038646538,0.19344182,0.5287109,0.23920071
284,/mnt/c/Users/puneet/Downloads/DAiSEE/DataSet/Test/500095/5000951054/5000951054.avi,2,3,0.038646538,0.19344182,0.5287109,0.23920071
285,/mnt/c/Users/puneet/Downloads/DAiSEE/DataSet/Test/500095/5000951055/5000951055.avi,2,2,0.038646538,0.19344182,0.5287109,0.23920071
286,/mnt/c/Users/puneet/Downloads/DAiSEE/DataSet/Test/500095/5000951056/5000951056.avi,2,3,0.038646538,0.19344182,0.5287109,0.23920071
287,/mnt/c/Users/puneet/Downloads/DAiSEE/DataSet/Test/500095/5000951057/5000951057.avi,2,3,0.038646538,0.19344182,0.5287109,0.23920071
288,/mnt/c/Users/puneet/Downloads/DAiSEE/DataSet/Test/500095/5000951058/5000951058.avi,2,3,0.038646538,0.19344182,0.5287109,0.23920071
289,/mnt/c/Users/puneet/Downloads/DAiSEE/DataSet/Test/500095/5000951060/5000951060.avi,2,3,0.038646538,0.19344182,0.5287109,0.23920071
290,/mnt/c/Users/puneet/Downloads/DAiSEE/DataSet/Test/500095/5000951061/5000951061.avi,2,2,0.038646538,0.19344182,0.5287109,0.23920071
291,/mnt/c/Users/puneet/Downloads/DAiSEE/DataSet/Test/500095/5000951062/5000951062.avi,2,2,0.038646538,0.19344182,0.5287109,0.23920071
292,/mnt/c/Users/puneet/Downloads/DAiSEE/DataSet/Test/500095/5000951063/5000951063.avi,2,2,0.038646538,0.19344182,0.5287109,0.23920071
293,/mnt/c/Users/puneet/Downloads/DAiSEE/DataSet/Test/500095/5000951065/5000951065.avi,2,3,0.038646538,0.19344182,0.5287109,0.23920071
294,/mnt/c/Users/puneet/Downloads/DAiSEE/DataSet/Test/500095/5000951066/5000951066.avi,2,2,0.038646538,0.19344182,0.5287109,0.23920071
295,/mnt/c/Users/puneet/Downloads/DAiSEE/DataSet/Test/500095/5000951067/5000951067.avi,2,2,0.038646538,0.19344182,0.5287109,0.23920071
296,/mnt/c/Users/puneet/Downloads/DAiSEE/DataSet/Test/500095/5000952002/5000952002.avi,2,2,0.038646538,0.19344182,0.5287109,0.23920071
297,/mnt/c/Users/puneet/Downloads/DAiSEE/DataSet/Test/500095/5000952003/5000952003.avi,2,2,0.038646538,0.19344182,0.5287109,0.23920071
298,/mnt/c/Users/puneet/Downloads/DAiSEE/DataSet/Test/500095/5000952004/5000952004.avi,2,2,0.038646538,0.19344182,0.5287109,0.23920071
299,/mnt/c/Users/puneet/Downloads/DAiSEE/DataSet/Test/500095/5000952005/5000952005.avi,2,3,0.038646538,0.19344182,0.5287109,0.23920071
300,/mnt/c/Users/puneet/Downloads/DAiSEE/DataSet/Test/500095/5000952007/5000952007.avi,2,3,0.038646538,0.19344182,0.5287109,0.23920071
301,/mnt/c/Users/puneet/Downloads/DAiSEE/DataSet/Test/500095/5000952008/5000952008.avi,2,3,0.038646538,0.19344182,0.5287109,0.23920071
302,/mnt/c/Users/puneet/Downloads/DAiSEE/DataSet/Test/500095/5000952011/5000952011.avi,2,2,0.038646538,0.19344182,0.5287109,0.23920071
303,/mnt/c/Users/puneet/Downloads/DAiSEE/DataSet/Test/500095/5000952013/5000952013.avi,2,2,0.038646538,0.19344182,0.5287109,0.23920071
304,/mnt/c/Users/puneet/Downloads/DAiSEE/DataSet/Test/500095/5000952014/5000952014.avi,2,2,0.038646538,0.19344182,0.5287109,0.23920071
305,/mnt/c/Users/puneet/Downloads/DAiSEE/DataSet/Test/500095/5000952015/5000952015.avi,2,3,0.038646538,0.19344182,0.5287109,0.23920071
306,/mnt/c/Users/puneet/Downloads/DAiSEE/DataSet/Test/500095/5000952016/5000952016.avi,2,2,0.038646538,0.19344182,0.5287109,0.23920071
307,/mnt/c/Users/puneet/Downloads/DAiSEE/DataSet/Test/500095/5000952017/5000952017.avi,2,2,0.038646538,0.19344182,0.5287109,0.23920071
308,/mnt/c/Users/puneet/Downloads/DAiSEE/DataSet/Test/500095/5000952018/5000952018.avi,2,2,0.038646538,0.19344182,0.5287109,0.23920071
309,/mnt/c/Users/puneet/Downloads/DAiSEE/DataSet/Test/500095/5000952020/5000952020.avi,2,2,0.038646538,0.19344182,0.5287109,0.23920071
310,/mnt/c/Users/puneet/Downloads/DAiSEE/DataSet/Test/500095/5000952021/5000952021.avi,2,2,0.038646538,0.19344182,0.5287109,0.23920071
311,/mnt/c/Users/puneet/Downloads/DAiSEE/DataSet/Test/500095/5000952022/5000952022.avi,2,2,0.038646538,0.19344182,0.5287109,0.23920071
312,/mnt/c/Users/puneet/Downloads/DAiSEE/DataSet/Test/500095/5000952023/5000952023.avi,2,3,0.038646538,0.19344182,0.5287109,0.23920071
313,/mnt/c/Users/puneet/Downloads/DAiSEE/DataSet/Test/500095/5000952024/5000952024.avi,2,2,0.038646538,0.19344182,0.5287109,0.23920071
314,/mnt/c/Users/puneet/Downloads/DAiSEE/DataSet/Test/500095/5000952025/5000952025.avi,2,3,0.038646538,0.19344182,0.5287109,0.23920071
315,/mnt/c/Users/puneet/Downloads/DAiSEE/DataSet/Test/500095/5000952026/5000952026.avi,2,3,0.038646538,0.19344182,0.5287109,0.23920071
316,/mnt/c/Users/puneet/Downloads/DAiSEE/DataSet/Test/500095/5000952027/5000952027.avi,2,2,0.038646538,0.19344182,0.5287109,0.23920071
317,/mnt/c/Users/puneet/Downloads/DAiSEE/DataSet/Test/500095/5000952028/5000952028.avi,2,2,0.038646538,0.19344182,0.5287109,0.23920071
318,/mnt/c/Users/puneet/Downloads/DAiSEE/DataSet/Test/500095/5000952029/5000952029.avi,2,2,0.038646538,0.19344182,0.5287109,0.23920071
319,/mnt/c/Users/puneet/Downloads/DAiSEE/DataSet/Test/500095/5000952031/5000952031.avi,2,2,0.038646538,0.19344182,0.5287109,0.23920071
320,/mnt/c/Users/puneet/Downloads/DAiSEE/DataSet/Test/500095/5000952032/5000952032.avi,2,2,0.038646538,0.19344182,0.5287109,0.23920071
321,/mnt/c/Users/puneet/Downloads/DAiSEE/DataSet/Test/500095/5000952033/5000952033.avi,2,2,0.038646538,0.19344182,0.5287109,0.23920071
322,/mnt/c/Users/puneet/Downloads/DAiSEE/DataSet/Test/500095/5000952034/5000952034.avi,2,1,0.038646538,0.19344182,0.5287109,0.23920071
323,/mnt/c/Users/puneet/Downloads/DAiSEE/DataSet/Test/500095/5000952035/5000952035.avi,2,2,0.038646538,0.19344182,0.5287109,0.23920071
324,/mnt/c/Users/puneet/Downloads/DAiSEE/DataSet/Test/500095/5000952036/5000952036.avi,2,2,0.038646538,0.19344182,0.5287109,0.23920071
325,/mnt/c/Users/puneet/Downloads/DAiSEE/DataSet/Test/500095/5000952038/5000952038.avi,2,3,0.038646538,0.19344182,0.5287109,0.23920071
326,/mnt/c/Users/puneet/Downloads/DAiSEE/DataSet/Test/500095/5000952040/5000952040.avi,2,3,0.038646538,0.19344182,0.5287109,0.23920071
327,/mnt/c/Users/puneet/Downloads/DAiSEE/DataSet/Test/500095/5000952041/5000952041.avi,2,2,0.038646538,0.19344182,0.5287109,0.23920071
328,/mnt/c/Users/puneet/Downloads/DAiSEE/DataSet/Test/500095/5000952042/5000952042.avi,2,2,0.038646538,0.19344182,0.5287109,0.23920071
329,/mnt/c/Users/puneet/Downloads/DAiSEE/DataSet/Test/500095/5000952044/5000952044.avi,2,2,0.038646538,0.19344182,0.5287109,0.23920071
330,/mnt/c/Users/puneet/Downloads/DAiSEE/DataSet/Test/500095/5000952045/5000952045.avi,2,2,0.038646538,0.19344182,0.5287109,0.23920071
331,/mnt/c/Users/puneet/Downloads/DAiSEE/DataSet/Test/500095/5000952046/5000952046.avi,2,3,0.038646538,0.19344182,0.5287109,0.23920071
332,/mnt/c/Users/puneet/Downloads/DAiSEE/DataSet/Test/500095/5000952048/5000952048.avi,2,2,0.038646538,0.19344182,0.5287109,0.23920071
333,/mnt/c/Users/puneet/Downloads/DAiSEE/DataSet/Test/500095/5000952050/5000952050.avi,2,3,0.038646538,0.19344182,0.5287109,0.23920071
334,/mnt/c/Users/puneet/Downloads/DAiSEE/DataSet/Test/500095/5000952052/5000952052.avi,2,2,0.038646538,0.19344182,0.5287109,0.23920071
335,/mnt/c/Users/puneet/Downloads/DAiSEE/DataSet/Test/500095/5000952053/5000952053.avi,2,3,0.038646538,0.19344182,0.5287109,0.23920071
336,/mnt/c/Users/puneet/Downloads/DAiSEE/DataSet/Test/500095/5000952054/5000952054.avi,2,2,0.038646538,0.19344182,0.5287109,0.23920071
337,/mnt/c/Users/puneet/Downloads/DAiSEE/DataSet/Test/500095/5000952055/5000952055.avi,2,2,0.038646538,0.19344182,0.5287109,0.23920071
338,/mnt/c/Users/puneet/Downloads/DAiSEE/DataSet/Test/500095/5000952060/5000952060.avi,2,2,0.038646538,0.19344182,0.5287109,0.23920071
339,/mnt/c/Users/puneet/Downloads/DAiSEE/DataSet/Test/500095/5000952061/5000952061.avi,2,2,0.038646538,0.19344182,0.5287109,0.23920071
340,/mnt/c/Users/puneet/Downloads/DAiSEE/DataSet/Test/500095/5000952062/5000952062.avi,2,1,0.038646538,0.19344182,0.5287109,0.23920071
341,/mnt/c/Users/puneet/Downloads/DAiSEE/DataSet/Test/500095/5000952063/5000952063.avi,2,2,0.038646538,0.19344182,0.5287109,0.23920071
342,/mnt/c/Users/puneet/Downloads/DAiSEE/DataSet/Test/500095/5000952064/5000952064.avi,2,3,0.038646538,0.19344182,0.5287109,0.23920071
343,/mnt/c/Users/puneet/Downloads/DAiSEE/DataSet/Test/500095/5000952065/5000952065.avi,2,2,0.038646538,0.19344182,0.5287109,0.23920071
344,/mnt/c/Users/puneet/Downloads/DAiSEE/DataSet/Test/500095/5000952066/5000952066.avi,2,2,0.038646538,0.19344182,0.5287109,0.23920071
345,/mnt/c/Users/puneet/Downloads/DAiSEE/DataSet/Test/500095/5000952068/5000952068.avi,2,3,0.038646538,0.19344182,0.5287109,0.23920071
346,/mnt/c/Users/puneet/Downloads/DAiSEE/DataSet/Test/500095/5000952069/5000952069.avi,2,2,0.038646538,0.19344182,0.5287109,0.23920071
347,/mnt/c/Users/puneet/Downloads/DAiSEE/DataSet/Test/500095/5000952070/5000952070.avi,2,3,0.038646538,0.19344182,0.5287109,0.23920071
348,/mnt/c/Users/puneet/Downloads/DAiSEE/DataSet/Test/500095/5000952071/5000952071.avi,2,2,0.038646538,0.19344182,0.5287109,0.23920071
349,/mnt/c/Users/puneet/Downloads/DAiSEE/DataSet/Test/500095/5000952072/5000952072.avi,2,3,0.038646538,0.19344182,0.5287109,0.23920071
350,/mnt/c/Users/puneet/Downloads/DAiSEE/DataSet/Test/500095/5000952073/5000952073.avi,2,2,0.038646538,0.19344182,0.5287109,0.23920071
351,/mnt/c/Users/puneet/Downloads/DAiSEE/DataSet/Test/500095/5000952075/5000952075.avi,2,2,0.038646538,0.19344182,0.5287109,0.23920071
352,/mnt/c/Users/puneet/Downloads/DAiSEE/DataSet/Test/500095/5000952076/5000952076.avi,2,3,0.038646538,0.19344182,0.5287109,0.23920071
353,/mnt/c/Users/puneet/Downloads/DAiSEE/DataSet/Test/500095/5000952077/5000952077.avi,2,2,0.038646538,0.19344182,0.5287109,0.23920071
354,/mnt/c/Users/puneet/Downloads/DAiSEE/DataSet/Test/500095/5000952078/5000952078.avi,2,2,0.038646538,0.19344182,0.5287109,0.23920071
355,/mnt/c/Users/puneet/Downloads/DAiSEE/DataSet/Test/500095/5000952080/5000952080.avi,2,3,0.038646538,0.19344182,0.5287109,0.23920071
356,/mnt/c/Users/puneet/Downloads/DAiSEE/DataSet/Test/500095/5000952083/5000952083.avi,2,1,0.038646538,0.19344182,0.5287109,0.23920071
357,/mnt/c/Users/puneet/Downloads/DAiSEE/DataSet/Test/510009/5100091001/5100091001.avi,2,2,0.038646538,0.19344182,0.5287109,0.23920071
358,/mnt/c/Users/puneet/Downloads/DAiSEE/DataSet/Test/510009/5100091003/5100091003.avi,2,3,0.038646538,0.19344182,0.5287109,0.23920071
359,/mnt/c/Users/puneet/Downloads/DAiSEE/DataSet/Test/510009/5100091004/5100091004.avi,2,3,0.038646538,0.19344182,0.5287109,0.23920071
360,/mnt/c/Users/puneet/Downloads/DAiSEE/DataSet/Test/510009/5100091005/5100091005.avi,2,2,0.038646538,0.19344182,0.5287109,0.23920071
361,/mnt/c/Users/puneet/Downloads/DAiSEE/DataSet/Test/510009/5100091006/5100091006.avi,2,2,0.038646538,0.19344182,0.5287109,0.23920071
362,/mnt/c/Users/puneet/Downloads/DAiSEE/DataSet/Test/510009/5100091007/5100091007.avi,2,3,0.038646538,0.19344182,0.5287109,0.23920071
363,/mnt/c/Users/puneet/Downloads/DAiSEE/DataSet/Test/510009/5100091008/5100091008.avi,2,3,0.038646538,0.19344182,0.5287109,0.23920071
364,/mnt/c/Users/puneet/Downloads/DAiSEE/DataSet/Test/510009/5100091009/5100091009.avi,2,2,0.038646538,0.19344182,0.5287109,0.23920071
365,/mnt/c/Users/puneet/Downloads/DAiSEE/DataSet/Test/510009/5100091010/5100091010.avi,2,3,0.038646538,0.19344182,0.5287109,0.23920071
366,/mnt/c/Users/puneet/Downloads/DAiSEE/DataSet/Test/510009/5100091012/5100091012.avi,2,2,0.038646538,0.19344182,0.5287109,0.23920071
367,/mnt/c/Users/puneet/Downloads/DAiSEE/DataSet/Test/510009/5100091017/5100091017.avi,2,2,0.038646538,0.19344182,0.5287109,0.23920071
368,/mnt/c/Users/puneet/Downloads/DAiSEE/DataSet/Test/510009/5100091019/5100091019.avi,2,2,0.038646538,0.19344182,0.5287109,0.23920071
369,/mnt/c/Users/puneet/Downloads/DAiSEE/DataSet/Test/510009/5100091020/5100091020.avi,2,3,0.038646538,0.19344182,0.5287109,0.23920071
370,/mnt/c/Users/puneet/Downloads/DAiSEE/DataSet/Test/510009/5100091025/5100091025.avi,2,2,0.038646538,0.19344182,0.5287109,0.23920071
371,/mnt/c/Users/puneet/Downloads/DAiSEE/DataSet/Test/510009/5100091026/5100091026.avi,2,3,0.038646538,0.19344182,0.5287109,0.23920071
372,/mnt/c/Users/puneet/Downloads/DAiSEE/DataSet/Test/510009/5100091027/5100091027.avi,2,2,0.038646538,0.19344182,0.5287109,0.23920071
373,/mnt/c/Users/puneet/Downloads/DAiSEE/DataSet/Test/510009/5100091028/5100091028.avi,2,2,0.038646538,0.19344182,0.5287109,0.23920071
374,/mnt/c/Users/puneet/Downloads/DAiSEE/DataSet/Test/510009/5100091032/5100091032.avi,2,3,0.038646538,0.19344182,0.5287109,0.23920071
375,/mnt/c/Users/puneet/Downloads/DAiSEE/DataSet/Test/510009/5100091033/5100091033.avi,2,2,0.038646538,0.19344182,0.5287109,0.23920071
376,/mnt/c/Users/puneet/Downloads/DAiSEE/DataSet/Test/510009/5100091034/5100091034.avi,2,3,0.038646538,0.19344182,0.5287109,0.23920071
377,/mnt/c/Users/puneet/Downloads/DAiSEE/DataSet/Test/510009/5100091035/5100091035.avi,2,3,0.038646538,0.19344182,0.5287109,0.23920071
378,/mnt/c/Users/puneet/Downloads/DAiSEE/DataSet/Test/510009/5100091036/5100091036.avi,2,3,0.038646538,0.19344182,0.5287109,0.23920071
379,/mnt/c/Users/puneet/Downloads/DAiSEE/DataSet/Test/510009/5100091038/5100091038.avi,2,3,0.038646538,0.19344182,0.5287109,0.23920071
380,/mnt/c/Users/puneet/Downloads/DAiSEE/DataSet/Test/510009/5100091039/5100091039.avi,2,3,0.038646538,0.19344182,0.5287109,0.23920071
381,/mnt/c/Users/puneet/Downloads/DAiSEE/DataSet/Test/510009/5100091042/5100091042.avi,2,3,0.038646538,0.19344182,0.5287109,0.23920071
382,/mnt/c/Users/puneet/Downloads/DAiSEE/DataSet/Test/510009/5100091046/5100091046.avi,2,3,0.038646538,0.19344182,0.5287109,0.23920071
383,/mnt/c/Users/puneet/Downloads/DAiSEE/DataSet/Test/510009/5100091049/5100091049.avi,2,1,0.038646538,0.19344182,0.5287109,0.23920071
384,/mnt/c/Users/puneet/Downloads/DAiSEE/DataSet/Test/510009/5100091050/5100091050.avi,2,2,0.038646538,0.19344182,0.5287109,0.23920071
385,/mnt/c/Users/puneet/Downloads/DAiSEE/DataSet/Test/510009/5100091051/5100091051.avi,2,2,0.038646538,0.19344182,0.5287109,0.23920071
386,/mnt/c/Users/puneet/Downloads/DAiSEE/DataSet/Test/510009/5100091053/5100091053.avi,2,2,0.038646538,0.19344182,0.5287109,0.23920071
387,/mnt/c/Users/puneet/Downloads/DAiSEE/DataSet/Test/510009/5100091055/5100091055.avi,2,3,0.038646538,0.19344182,0.5287109,0.23920071
388,/mnt/c/Users/puneet/Downloads/DAiSEE/DataSet/Test/510009/5100091056/5100091056.avi,2,2,0.038646538,0.19344182,0.5287109,0.23920071
389,/mnt/c/Users/puneet/Downloads/DAiSEE/DataSet/Test/510009/5100091057/5100091057.avi,2,2,0.038646538,0.19344182,0.5287109,0.23920071
390,/mnt/c/Users/puneet/Downloads/DAiSEE/DataSet/Test/510009/5100091058/5100091058.avi,2,2,0.038646538,0.19344182,0.5287109,0.23920071
391,/mnt/c/Users/puneet/Downloads/DAiSEE/DataSet/Test/510009/5100091059/5100091059.avi,2,2,0.038646538,0.19344182,0.5287109,0.23920071
392,/mnt/c/Users/puneet/Downloads/DAiSEE/DataSet/Test/510009/5100091062/5100091062.avi,2,2,0.038646538,0.19344182,0.5287109,0.23920071
393,/mnt/c/Users/puneet/Downloads/DAiSEE/DataSet/Test/510009/5100091064/5100091064.avi,2,2,0.038646538,0.19344182,0.5287109,0.23920071
394,/mnt/c/Users/puneet/Downloads/DAiSEE/DataSet/Test/510009/5100091065/5100091065.avi,2,3,0.038646538,0.19344182,0.5287109,0.23920071
395,/mnt/c/Users/puneet/Downloads/DAiSEE/DataSet/Test/510009/5100091066/5100091066.avi,2,2,0.038646538,0.19344182,0.5287109,0.23920071
396,/mnt/c/Users/puneet/Downloads/DAiSEE/DataSet/Test/510009/5100091067/5100091067.avi,2,3,0.038646538,0.19344182,0.5287109,0.23920071
397,/mnt/c/Users/puneet/Downloads/DAiSEE/DataSet/Test/510009/5100091068/5100091068.avi,2,2,0.038646538,0.19344182,0.5287109,0.23920071
398,/mnt/c/Users/puneet/Downloads/DAiSEE/DataSet/Test/510009/5100091069/5100091069.avi,2,3,0.038646538,0.19344182,0.5287109,0.23920071
399,/mnt/c/Users/puneet/Downloads/DAiSEE/DataSet/Test/510009/5100092002/5100092002.avi,2,3,0.038646538,0.19344182,0.5287109,0.23920071
400,/mnt/c/Users/puneet/Downloads/DAiSEE/DataSet/Test/510009/5100092003/5100092003.avi,2,3,0.038646538,0.19344182,0.5287109,0.23920071
401,/mnt/c/Users/puneet/Downloads/DAiSEE/DataSet/Test/510009/5100092005/5100092005.avi,2,3,0.038646538,0.19344182,0.5287109,0.23920071
402,/mnt/c/Users/puneet/Downloads/DAiSEE/DataSet/Test/510009/5100092006/5100092006.avi,2,3,0.038646538,0.19344182,0.5287109,0.23920071
403,/mnt/c/Users/puneet/Downloads/DAiSEE/DataSet/Test/510009/5100092008/5100092008.avi,2,3,0.038646538,0.19344182,0.5287109,0.23920071
404,/mnt/c/Users/puneet/Downloads/DAiSEE/DataSet/Test/510009/5100092010/5100092010.avi,2,3,0.038646538,0.19344182,0.5287109,0.23920071
405,/mnt/c/Users/puneet/Downloads/DAiSEE/DataSet/Test/510009/5100092011/5100092011.avi,2,2,0.038646538,0.19344182,0.5287109,0.23920071
406,/mnt/c/Users/puneet/Downloads/DAiSEE/DataSet/Test/510009/5100092013/5100092013.avi,2,3,0.038646538,0.19344182,0.5287109,0.23920071
407,/mnt/c/Users/puneet/Downloads/DAiSEE/DataSet/Test/510009/5100092017/5100092017.avi,2,2,0.038646538,0.19344182,0.5287109,0.23920071
408,/mnt/c/Users/puneet/Downloads/DAiSEE/DataSet/Test/510009/5100092019/5100092019.avi,2,3,0.038646538,0.19344182,0.5287109,0.23920071
409,/mnt/c/Users/puneet/Downloads/DAiSEE/DataSet/Test/510009/5100092021/5100092021.avi,2,2,0.038646538,0.19344182,0.5287109,0.23920071
410,/mnt/c/Users/puneet/Downloads/DAiSEE/DataSet/Test/510009/5100092022/5100092022.avi,2,3,0.038646538,0.19344182,0.5287109,0.23920071
411,/mnt/c/Users/puneet/Downloads/DAiSEE/DataSet/Test/510009/5100092023/5100092023.avi,2,3,0.038646538,0.19344182,0.5287109,0.23920071
412,/mnt/c/Users/puneet/Downloads/DAiSEE/DataSet/Test/510009/5100092026/5100092026.avi,2,3,0.038646538,0.19344182,0.5287109,0.23920071
413,/mnt/c/Users/puneet/Downloads/DAiSEE/DataSet/Test/510009/5100092027/5100092027.avi,2,3,0.038646538,0.19344182,0.5287109,0.23920071
414,/mnt/c/Users/puneet/Downloads/DAiSEE/DataSet/Test/510009/5100092032/5100092032.avi,2,2,0.038646538,0.19344182,0.5287109,0.23920071
415,/mnt/c/Users/puneet/Downloads/DAiSEE/DataSet/Test/510009/5100092033/5100092033.avi,2,3,0.038646538,0.19344182,0.5287109,0.23920071
416,/mnt/c/Users/puneet/Downloads/DAiSEE/DataSet/Test/510009/5100092034/5100092034.avi,2,2,0.038646538,0.19344182,0.5287109,0.23920071
417,/mnt/c/Users/puneet/Downloads/DAiSEE/DataSet/Test/510009/5100092035/5100092035.avi,2,2,0.038646538,0.19344182,0.5287109,0.23920071
418,/mnt/c/Users/puneet/Downloads/DAiSEE/DataSet/Test/510009/5100092037/5100092037.avi,2,2,0.038646538,0.19344182,0.5287109,0.23920071
419,/mnt/c/Users/puneet/Downloads/DAiSEE/DataSet/Test/510009/5100092038/5100092038.avi,2,2,0.038646538,0.19344182,0.5287109,0.23920071
420,/mnt/c/Users/puneet/Downloads/DAiSEE/DataSet/Test/510009/5100092039/5100092039.avi,2,3,0.038646538,0.19344182,0.5287109,0.23920071
421,/mnt/c/Users/puneet/Downloads/DAiSEE/DataSet/Test/510009/5100092040/5100092040.avi,2,3,0.038646538,0.19344182,0.5287109,0.23920071
422,/mnt/c/Users/puneet/Downloads/DAiSEE/DataSet/Test/510009/5100092041/5100092041.avi,2,2,0.038646538,0.19344182,0.5287109,0.23920071
423,/mnt/c/Users/puneet/Downloads/DAiSEE/DataSet/Test/510009/5100092042/5100092042.avi,2,3,0.038646538,0.19344182,0.5287109,0.23920071
424,/mnt/c/Users/puneet/Downloads/DAiSEE/DataSet/Test/510009/5100092043/5100092043.avi,2,2,0.038646538,0.19344182,0.5287109,0.23920071
425,/mnt/c/Users/puneet/Downloads/DAiSEE/DataSet/Test/510009/5100092044/5100092044.avi,2,3,0.038646538,0.19344182,0.5287109,0.23920071
426,/mnt/c/Users/puneet/Downloads/DAiSEE/DataSet/Test/510009/5100092045/5100092045.avi,2,3,0.038646538,0.19344182,0.5287109,0.23920071
427,/mnt/c/Users/puneet/Downloads/DAiSEE/DataSet/Test/510009/5100092053/5100092053.avi,2,2,0.038646538,0.19344182,0.5287109,0.23920071
428,/mnt/c/Users/puneet/Downloads/DAiSEE/DataSet/Test/510009/5100092056/5100092056.avi,2,2,0.038646538,0.19344182,0.5287109,0.23920071
429,/mnt/c/Users/puneet/Downloads/DAiSEE/DataSet/Test/510009/5100092057/5100092057.avi,2,2,0.038646538,0.19344182,0.5287109,0.23920071
430,/mnt/c/Users/puneet/Downloads/DAiSEE/DataSet/Test/510009/5100092060/5100092060.avi,2,3,0.038646538,0.19344182,0.5287109,0.23920071
431,/mnt/c/Users/puneet/Downloads/DAiSEE/DataSet/Test/510009/5100092061/5100092061.avi,2,3,0.038646538,0.19344182,0.5287109,0.23920071
432,/mnt/c/Users/puneet/Downloads/DAiSEE/DataSet/Test/510009/5100092062/5100092062.avi,2,2,0.038646538,0.19344182,0.5287109,0.23920071
433,/mnt/c/Users/puneet/Downloads/DAiSEE/DataSet/Test/510009/5100092063/5100092063.avi,2,2,0.038646538,0.19344182,0.5287109,0.23920071
434,/mnt/c/Users/puneet/Downloads/DAiSEE/DataSet/Test/510009/5100092064/5100092064.avi,2,3,0.038646538,0.19344182,0.5287109,0.23920071
435,/mnt/c/Users/puneet/Downloads/DAiSEE/DataSet/Test/510009/5100092065/5100092065.avi,2,2,0.038646538,0.19344182,0.5287109,0.23920071
436,/mnt/c/Users/puneet/Downloads/DAiSEE/DataSet/Test/510009/5100092067/5100092067.avi,2,3,0.038646538,0.19344182,0.5287109,0.23920071
437,/mnt/c/Users/puneet/Downloads/DAiSEE/DataSet/Test/510009/5100092068/5100092068.avi,2,2,0.038646538,0.19344182,0.5287109,0.23920071
438,/mnt/c/Users/puneet/Downloads/DAiSEE/DataSet/Test/510009/5100092069/5100092069.avi,2,3,0.038646538,0.19344182,0.5287109,0.23920071
439,/mnt/c/Users/puneet/Downloads/DAiSEE/DataSet/Test/510009/5100092071/5100092071.avi,2,3,0.038646538,0.19344182,0.5287109,0.23920071
440,/mnt/c/Users/puneet/Downloads/DAiSEE/DataSet/Test/510009/5100092072/5100092072.avi,2,3,0.038646538,0.19344182,0.5287109,0.23920071
441,/mnt/c/Users/puneet/Downloads/DAiSEE/DataSet/Test/510034/5100341002/5100341002.avi,2,2,0.038646538,0.19344182,0.5287109,0.23920071
442,/mnt/c/Users/puneet/Downloads/DAiSEE/DataSet/Test/510034/5100341003/5100341003.avi,2,2,0.038646538,0.19344182,0.5287109,0.23920071
443,/mnt/c/Users/puneet/Downloads/DAiSEE/DataSet/Test/510034/5100341004/5100341004.avi,2,3,0.038646538,0.19344182,0.5287109,0.23920071
444,/mnt/c/Users/puneet/Downloads/DAiSEE/DataSet/Test/510034/5100341005/5100341005.avi,2,2,0.038646538,0.19344182,0.5287109,0.23920071
445,/mnt/c/Users/puneet/Downloads/DAiSEE/DataSet/Test/510034/5100341006/5100341006.avi,2,2,0.038646538,0.19344182,0.5287109,0.23920071
446,/mnt/c/Users/puneet/Downloads/DAiSEE/DataSet/Test/510034/5100341008/5100341008.avi,2,2,0.038646538,0.19344182,0.5287109,0.23920071
447,/mnt/c/Users/puneet/Downloads/DAiSEE/DataSet/Test/510034/5100341009/5100341009.avi,2,2,0.038646538,0.19344182,0.5287109,0.23920071
448,/mnt/c/Users/puneet/Downloads/DAiSEE/DataSet/Test/510034/5100341010/5100341010.avi,2,2,0.038646538,0.19344182,0.5287109,0.23920071
449,/mnt/c/Users/puneet/Downloads/DAiSEE/DataSet/Test/510034/5100341012/5100341012.avi,2,3,0.038646538,0.19344182,0.5287109,0.23920071
450,/mnt/c/Users/puneet/Downloads/DAiSEE/DataSet/Test/510034/5100341013/5100341013.avi,2,2,0.038646538,0.19344182,0.5287109,0.23920071
451,/mnt/c/Users/puneet/Downloads/DAiSEE/DataSet/Test/510034/5100341014/5100341014.avi,2,3,0.038646538,0.19344182,0.5287109,0.23920071
452,/mnt/c/Users/puneet/Downloads/DAiSEE/DataSet/Test/510034/5100341015/5100341015.avi,2,2,0.038646538,0.19344182,0.5287109,0.23920071
453,/mnt/c/Users/puneet/Downloads/DAiSEE/DataSet/Test/510034/5100341016/5100341016.avi,2,2,0.038646538,0.19344182,0.5287109,0.23920071
454,/mnt/c/Users/puneet/Downloads/DAiSEE/DataSet/Test/510034/5100341017/5100341017.avi,2,2,0.038646538,0.19344182,0.5287109,0.23920071
455,/mnt/c/Users/puneet/Downloads/DAiSEE/DataSet/Test/510034/5100341019/5100341019.avi,2,2,0.038646538,0.19344182,0.5287109,0.23920071
456,/mnt/c/Users/puneet/Downloads/DAiSEE/DataSet/Test/510034/5100341020/5100341020.avi,2,3,0.038646538,0.19344182,0.5287109,0.23920071
457,/mnt/c/Users/puneet/Downloads/DAiSEE/DataSet/Test/510034/5100341021/5100341021.avi,2,3,0.038646538,0.19344182,0.5287109,0.23920071
458,/mnt/c/Users/puneet/Downloads/DAiSEE/DataSet/Test/510034/5100341022/5100341022.avi,2,2,0.038646538,0.19344182,0.5287109,0.23920071
459,/mnt/c/Users/puneet/Downloads/DAiSEE/DataSet/Test/510034/5100341023/5100341023.avi,2,2,0.038646538,0.19344182,0.5287109,0.23920071
460,/mnt/c/Users/puneet/Downloads/DAiSEE/DataSet/Test/510034/5100341024/5100341024.avi,2,3,0.038646538,0.19344182,0.5287109,0.23920071
461,/mnt/c/Users/puneet/Downloads/DAiSEE/DataSet/Test/510034/5100341025/5100341025.avi,2,2,0.038646538,0.19344182,0.5287109,0.23920071
462,/mnt/c/Users/puneet/Downloads/DAiSEE/DataSet/Test/510034/5100341026/5100341026.avi,2,3,0.038646538,0.19344182,0.5287109,0.23920071
463,/mnt/c/Users/puneet/Downloads/DAiSEE/DataSet/Test/510034/5100341027/5100341027.avi,2,3,0.038646538,0.19344182,0.5287109,0.23920071
464,/mnt/c/Users/puneet/Downloads/DAiSEE/DataSet/Test/510034/5100341028/5100341028.avi,2,2,0.038646538,0.19344182,0.5287109,0.23920071
465,/mnt/c/Users/puneet/Downloads/DAiSEE/DataSet/Test/510034/5100341030/5100341030.avi,2,2,0.038646538,0.19344182,0.5287109,0.23920071
466,/mnt/c/Users/puneet/Downloads/DAiSEE/DataSet/Test/510034/5100341031/5100341031.avi,2,3,0.038646538,0.19344182,0.5287109,0.23920071
467,/mnt/c/Users/puneet/Downloads/DAiSEE/DataSet/Test/510034/5100341032/5100341032.avi,2,2,0.038646538,0.19344182,0.5287109,0.23920071
468,/mnt/c/Users/puneet/Downloads/DAiSEE/DataSet/Test/510034/5100341033/5100341033.avi,2,2,0.038646538,0.19344182,0.5287109,0.23920071
469,/mnt/c/Users/puneet/Downloads/DAiSEE/DataSet/Test/510034/5100341034/5100341034.avi,2,3,0.038646538,0.19344182,0.5287109,0.23920071
470,/mnt/c/Users/puneet/Downloads/DAiSEE/DataSet/Test/510034/5100341035/5100341035.avi,2,2,0.038646538,0.19344182,0.5287109,0.23920071
471,/mnt/c/Users/puneet/Downloads/DAiSEE/DataSet/Test/510034/5100341037/5100341037.avi,2,2,0.038646538,0.19344182,0.5287109,0.23920071
472,/mnt/c/Users/puneet/Downloads/DAiSEE/DataSet/Test/510034/5100341038/5100341038.avi,2,2,0.038646538,0.19344182,0.5287109,0.23920071
473,/mnt/c/Users/puneet/Downloads/DAiSEE/DataSet/Test/510034/5100341039/5100341039.avi,2,3,0.038646538,0.19344182,0.5287109,0.23920071
474,/mnt/c/Users/puneet/Downloads/DAiSEE/DataSet/Test/510034/5100341042/5100341042.avi,2,2,0.038646538,0.19344182,0.5287109,0.23920071
475,/mnt/c/Users/puneet/Downloads/DAiSEE/DataSet/Test/510034/5100341043/5100341043.avi,2,1,0.038646538,0.19344182,0.5287109,0.23920071
476,/mnt/c/Users/puneet/Downloads/DAiSEE/DataSet/Test/510034/5100341046/5100341046.avi,2,2,0.038646538,0.19344182,0.5287109,0.23920071
477,/mnt/c/Users/puneet/Downloads/DAiSEE/DataSet/Test/510034/5100341048/5100341048.avi,2,3,0.038646538,0.19344182,0.5287109,0.23920071
478,/mnt/c/Users/puneet/Downloads/DAiSEE/DataSet/Test/510034/5100341050/5100341050.avi,2,3,0.038646538,0.19344182,0.5287109,0.23920071
479,/mnt/c/Users/puneet/Downloads/DAiSEE/DataSet/Test/510034/5100341052/5100341052.avi,2,3,0.038646538,0.19344182,0.5287109,0.23920071
480,/mnt/c/Users/puneet/Downloads/DAiSEE/DataSet/Test/510034/5100341054/5100341054.avi,2,3,0.038646538,0.19344182,0.5287109,0.23920071
481,/mnt/c/Users/puneet/Downloads/DAiSEE/DataSet/Test/510034/5100341055/5100341055.avi,2,3,0.038646538,0.19344182,0.5287109,0.23920071
482,/mnt/c/Users/puneet/Downloads/DAiSEE/DataSet/Test/510034/5100341056/5100341056.avi,2,2,0.038646538,0.19344182,0.5287109,0.23920071
483,/mnt/c/Users/puneet/Downloads/DAiSEE/DataSet/Test/510034/5100341057/5100341057.avi,2,2,0.038646538,0.19344182,0.5287109,0.23920071
484,/mnt/c/Users/puneet/Downloads/DAiSEE/DataSet/Test/510034/5100341058/5100341058.avi,2,3,0.038646538,0.19344182,0.5287109,0.23920071
485,/mnt/c/Users/puneet/Downloads/DAiSEE/DataSet/Test/510034/5100341061/5100341061.avi,2,2,0.038646538,0.19344182,0.5287109,0.23920071
486,/mnt/c/Users/puneet/Downloads/DAiSEE/DataSet/Test/510034/5100341062/5100341062.avi,2,3,0.038646538,0.19344182,0.5287109,0.23920071
487,/mnt/c/Users/puneet/Downloads/DAiSEE/DataSet/Test/510034/5100341065/5100341065.avi,2,3,0.038646538,0.19344182,0.5287109,0.23920071
488,/mnt/c/Users/puneet/Downloads/DAiSEE/DataSet/Test/510034/5100341067/5100341067.avi,2,3,0.038646538,0.19344182,0.5287109,0.23920071
489,/mnt/c/Users/puneet/Downloads/DAiSEE/DataSet/Test/510034/5100341068/5100341068.avi,2,3,0.038646538,0.19344182,0.5287109,0.23920071
490,/mnt/c/Users/puneet/Downloads/DAiSEE/DataSet/Test/510034/5100341070/5100341070.avi,2,3,0.038646538,0.19344182,0.5287109,0.23920071
491,/mnt/c/Users/puneet/Downloads/DAiSEE/DataSet/Test/510034/5100341071/5100341071.avi,2,3,0.038646538,0.19344182,0.5287109,0.23920071
492,/mnt/c/Users/puneet/Downloads/DAiSEE/DataSet/Test/510034/5100341072/5100341072.avi,2,3,0.038646538,0.19344182,0.5287109,0.23920071
493,/mnt/c/Users/puneet/Downloads/DAiSEE/DataSet/Test/510034/5100341074/5100341074.avi,2,1,0.038646538,0.19344182,0.5287109,0.23920071
494,/mnt/c/Users/puneet/Downloads/DAiSEE/DataSet/Test/510034/5100341075/5100341075.avi,2,3,0.038646538,0.19344182,0.5287109,0.23920071
495,/mnt/c/Users/puneet/Downloads/DAiSEE/DataSet/Test/510034/5100341076/5100341076.avi,2,3,0.038646538,0.19344182,0.5287109,0.23920071
496,/mnt/c/Users/puneet/Downloads/DAiSEE/DataSet/Test/510034/5100341077/5100341077.avi,2,2,0.038646538,0.19344182,0.5287109,0.23920071
497,/mnt/c/Users/puneet/Downloads/DAiSEE/DataSet/Test/510034/5100341078/5100341078.avi,2,3,0.038646538,0.19344182,0.5287109,0.23920071
498,/mnt/c/Users/puneet/Downloads/DAiSEE/DataSet/Test/510034/5100341079/5100341079.avi,2,3,0.038646538,0.19344182,0.5287109,0.23920071
499,/mnt/c/Users/puneet/Downloads/DAiSEE/DataSet/Test/510034/5100342002/5100342002.avi,2,3,0.038646538,0.19344182,0.5287109,0.23920071
500,/mnt/c/Users/puneet/Downloads/DAiSEE/DataSet/Test/510034/5100342003/5100342003.avi,2,2,0.038646538,0.19344182,0.5287109,0.23920071
501,/mnt/c/Users/puneet/Downloads/DAiSEE/DataSet/Test/510034/5100342007/5100342007.avi,2,3,0.038646538,0.19344182,0.5287109,0.23920071
502,/mnt/c/Users/puneet/Downloads/DAiSEE/DataSet/Test/510034/5100342008/5100342008.avi,2,2,0.038646538,0.19344182,0.5287109,0.23920071
503,/mnt/c/Users/puneet/Downloads/DAiSEE/DataSet/Test/510034/5100342009/5100342009.avi,2,2,0.038646538,0.19344182,0.5287109,0.23920071
504,/mnt/c/Users/puneet/Downloads/DAiSEE/DataSet/Test/510034/5100342012/5100342012.avi,2,2,0.038646538,0.19344182,0.5287109,0.23920071
505,/mnt/c/Users/puneet/Downloads/DAiSEE/DataSet/Test/510034/5100342016/5100342016.avi,2,2,0.038646538,0.19344182,0.5287109,0.23920071
506,/mnt/c/Users/puneet/Downloads/DAiSEE/DataSet/Test/510034/5100342017/5100342017.avi,2,3,0.038646538,0.19344182,0.5287109,0.23920071
507,/mnt/c/Users/puneet/Downloads/DAiSEE/DataSet/Test/510034/5100342018/5100342018.avi,2,2,0.038646538,0.19344182,0.5287109,0.23920071
508,/mnt/c/Users/puneet/Downloads/DAiSEE/DataSet/Test/510034/5100342020/5100342020.avi,2,3,0.038646538,0.19344182,0.5287109,0.23920071
509,/mnt/c/Users/puneet/Downloads/DAiSEE/DataSet/Test/510034/5100342022/5100342022.avi,2,0,0.038646538,0.19344182,0.5287109,0.23920071
510,/mnt/c/Users/puneet/Downloads/DAiSEE/DataSet/Test/510034/5100342023/5100342023.avi,2,1,0.038646538,0.19344182,0.5287109,0.23920071
511,/mnt/c/Users/puneet/Downloads/DAiSEE/DataSet/Test/510034/5100342024/5100342024.avi,2,1,0.038646538,0.19344182,0.5287109,0.23920071
512,/mnt/c/Users/puneet/Downloads/DAiSEE/DataSet/Test/510034/5100342025/5100342025.avi,2,2,0.038646538,0.19344182,0.5287109,0.23920071
513,/mnt/c/Users/puneet/Downloads/DAiSEE/DataSet/Test/510034/5100342028/5100342028.avi,2,1,0.038646538,0.19344182,0.5287109,0.23920071
514,/mnt/c/Users/puneet/Downloads/DAiSEE/DataSet/Test/510034/5100342030/5100342030.avi,2,2,0.038646538,0.19344182,0.5287109,0.23920071
515,/mnt/c/Users/puneet/Downloads/DAiSEE/DataSet/Test/510034/5100342031/5100342031.avi,2,2,0.038646538,0.19344182,0.5287109,0.23920071
516,/mnt/c/Users/puneet/Downloads/DAiSEE/DataSet/Test/510034/5100342034/5100342034.avi,2,2,0.038646538,0.19344182,0.5287109,0.23920071
517,/mnt/c/Users/puneet/Downloads/DAiSEE/DataSet/Test/510034/5100342036/5100342036.avi,2,1,0.038646538,0.19344182,0.5287109,0.23920071
518,/mnt/c/Users/puneet/Downloads/DAiSEE/DataSet/Test/510034/5100342042/5100342042.avi,2,2,0.038646538,0.19344182,0.5287109,0.23920071
519,/mnt/c/Users/puneet/Downloads/DAiSEE/DataSet/Test/510034/5100342043/5100342043.avi,2,2,0.038646538,0.19344182,0.5287109,0.23920071
520,/mnt/c/Users/puneet/Downloads/DAiSEE/DataSet/Test/510034/5100342045/5100342045.avi,2,2,0.038646538,0.19344182,0.5287109,0.23920071
521,/mnt/c/Users/puneet/Downloads/DAiSEE/DataSet/Test/510034/5100342048/5100342048.avi,2,1,0.038646538,0.19344182,0.5287109,0.23920071
522,/mnt/c/Users/puneet/Downloads/DAiSEE/DataSet/Test/510035/5100351001/5100351001.avi,2,1,0.038646538,0.19344182,0.5287109,0.23920071
523,/mnt/c/Users/puneet/Downloads/DAiSEE/DataSet/Test/510035/5100351002/5100351002.avi,2,1,0.038646538,0.19344182,0.5287109,0.23920071
524,/mnt/c/Users/puneet/Downloads/DAiSEE/DataSet/Test/510035/5100351004/5100351004.avi,2,2,0.038646538,0.19344182,0.5287109,0.23920071
525,/mnt/c/Users/puneet/Downloads/DAiSEE/DataSet/Test/510035/5100351005/5100351005.avi,2,2,0.038646538,0.19344182,0.5287109,0.23920071
526,/mnt/c/Users/puneet/Downloads/DAiSEE/DataSet/Test/510035/5100351007/5100351007.avi,2,2,0.038646538,0.19344182,0.5287109,0.23920071
527,/mnt/c/Users/puneet/Downloads/DAiSEE/DataSet/Test/510035/5100351009/5100351009.avi,2,2,0.038646538,0.19344182,0.5287109,0.23920071
528,/mnt/c/Users/puneet/Downloads/DAiSEE/DataSet/Test/510035/5100351010/5100351010.avi,2,2,0.038646538,0.19344182,0.5287109,0.23920071
529,/mnt/c/Users/puneet/Downloads/DAiSEE/DataSet/Test/510035/5100351012/5100351012.avi,2,3,0.038646538,0.19344182,0.5287109,0.23920071
530,/mnt/c/Users/puneet/Downloads/DAiSEE/DataSet/Test/510035/5100351013/5100351013.avi,2,1,0.038646538,0.19344182,0.5287109,0.23920071
531,/mnt/c/Users/puneet/Downloads/DAiSEE/DataSet/Test/510035/5100351015/5100351015.avi,2,2,0.038646538,0.19344182,0.5287109,0.23920071
532,/mnt/c/Users/puneet/Downloads/DAiSEE/DataSet/Test/510035/5100351016/5100351016.avi,2,2,0.038646538,0.19344182,0.5287109,0.23920071
533,/mnt/c/Users/puneet/Downloads/DAiSEE/DataSet/Test/510035/5100351019/5100351019.avi,2,2,0.038646538,0.19344182,0.5287109,0.23920071
534,/mnt/c/Users/puneet/Downloads/DAiSEE/DataSet/Test/510035/5100351020/5100351020.avi,2,2,0.038646538,0.19344182,0.5287109,0.23920071
535,/mnt/c/Users/puneet/Downloads/DAiSEE/DataSet/Test/510035/5100351021/5100351021.avi,2,2,0.038646538,0.19344182,0.5287109,0.23920071
536,/mnt/c/Users/puneet/Downloads/DAiSEE/DataSet/Test/510035/5100351022/5100351022.avi,2,0,0.038646538,0.19344182,0.5287109,0.23920071
537,/mnt/c/Users/puneet/Downloads/DAiSEE/DataSet/Test/510035/5100351023/5100351023.avi,2,2,0.038646538,0.19344182,0.5287109,0.23920071
538,/mnt/c/Users/puneet/Downloads/DAiSEE/DataSet/Test/510035/5100351024/5100351024.avi,2,2,0.038646538,0.19344182,0.5287109,0.23920071
539,/mnt/c/Users/puneet/Downloads/DAiSEE/DataSet/Test/510035/5100351025/5100351025.avi,2,2,0.038646538,0.19344182,0.5287109,0.23920071
540,/mnt/c/Users/puneet/Downloads/DAiSEE/DataSet/Test/510035/5100351026/5100351026.avi,2,3,0.038646538,0.19344182,0.5287109,0.23920071
541,/mnt/c/Users/puneet/Downloads/DAiSEE/DataSet/Test/510035/5100351032/5100351032.avi,2,3,0.038646538,0.19344182,0.5287109,0.23920071
542,/mnt/c/Users/puneet/Downloads/DAiSEE/DataSet/Test/510035/5100351034/5100351034.avi,2,3,0.038646538,0.19344182,0.5287109,0.23920071
543,/mnt/c/Users/puneet/Downloads/DAiSEE/DataSet/Test/510035/5100351035/5100351035.avi,2,2,0.038646538,0.19344182,0.5287109,0.23920071
544,/mnt/c/Users/puneet/Downloads/DAiSEE/DataSet/Test/510035/5100351036/5100351036.avi,2,2,0.038646538,0.19344182,0.5287109,0.23920071
545,/mnt/c/Users/puneet/Downloads/DAiSEE/DataSet/Test/510035/5100351038/5100351038.avi,2,2,0.038646538,0.19344182,0.5287109,0.23920071
546,/mnt/c/Users/puneet/Downloads/DAiSEE/DataSet/Test/510035/5100351039/5100351039.avi,2,3,0.038646538,0.19344182,0.5287109,0.23920071
547,/mnt/c/Users/puneet/Downloads/DAiSEE/DataSet/Test/510035/5100351040/5100351040.avi,2,2,0.038646538,0.19344182,0.5287109,0.23920071
548,/mnt/c/Users/puneet/Downloads/DAiSEE/DataSet/Test/510035/5100351042/5100351042.avi,2,1,0.038646538,0.19344182,0.5287109,0.23920071
549,/mnt/c/Users/puneet/Downloads/DAiSEE/DataSet/Test/510035/5100351043/5100351043.avi,2,3,0.038646538,0.19344182,0.5287109,0.23920071
550,/mnt/c/Users/puneet/Downloads/DAiSEE/DataSet/Test/510035/5100351044/5100351044.avi,2,2,0.038646538,0.19344182,0.5287109,0.23920071
551,/mnt/c/Users/puneet/Downloads/DAiSEE/DataSet/Test/510035/5100351045/5100351045.avi,2,2,0.038646538,0.19344182,0.5287109,0.23920071
552,/mnt/c/Users/puneet/Downloads/DAiSEE/DataSet/Test/510035/5100351046/5100351046.avi,2,3,0.038646538,0.19344182,0.5287109,0.23920071
553,/mnt/c/Users/puneet/Downloads/DAiSEE/DataSet/Test/510035/5100351049/5100351049.avi,2,3,0.038646538,0.19344182,0.5287109,0.23920071
554,/mnt/c/Users/puneet/Downloads/DAiSEE/DataSet/Test/510035/5100351051/5100351051.avi,2,3,0.038646538,0.19344182,0.5287109,0.23920071
555,/mnt/c/Users/puneet/Downloads/DAiSEE/DataSet/Test/510035/5100351054/5100351054.avi,2,2,0.038646538,0.19344182,0.5287109,0.23920071
556,/mnt/c/Users/puneet/Downloads/DAiSEE/DataSet/Test/510035/5100351058/5100351058.avi,2,2,0.038646538,0.19344182,0.5287109,0.23920071
557,/mnt/c/Users/puneet/Downloads/DAiSEE/DataSet/Test/510035/5100352001/5100352001.avi,2,2,0.038646538,0.19344182,0.5287109,0.23920071
558,/mnt/c/Users/puneet/Downloads/DAiSEE/DataSet/Test/510035/5100352002/5100352002.avi,2,2,0.038646538,0.19344182,0.5287109,0.23920071
559,/mnt/c/Users/puneet/Downloads/DAiSEE/DataSet/Test/510035/5100352003/5100352003.avi,2,2,0.038646538,0.19344182,0.5287109,0.23920071
560,/mnt/c/Users/puneet/Downloads/DAiSEE/DataSet/Test/510035/5100352004/5100352004.avi,2,3,0.038646538,0.19344182,0.5287109,0.23920071
561,/mnt/c/Users/puneet/Downloads/DAiSEE/DataSet/Test/510035/5100352005/5100352005.avi,2,2,0.038646538,0.19344182,0.5287109,0.23920071
562,/mnt/c/Users/puneet/Downloads/DAiSEE/DataSet/Test/510035/5100352006/5100352006.avi,2,2,0.038646538,0.19344182,0.5287109,0.23920071
563,/mnt/c/Users/puneet/Downloads/DAiSEE/DataSet/Test/510035/5100352007/5100352007.avi,2,3,0.038646538,0.19344182,0.5287109,0.23920071
564,/mnt/c/Users/puneet/Downloads/DAiSEE/DataSet/Test/510035/5100352008/5100352008.avi,2,2,0.038646538,0.19344182,0.5287109,0.23920071
565,/mnt/c/Users/puneet/Downloads/DAiSEE/DataSet/Test/510035/5100352009/5100352009.avi,2,3,0.038646538,0.19344182,0.5287109,0.23920071
566,/mnt/c/Users/puneet/Downloads/DAiSEE/DataSet/Test/510035/5100352011/5100352011.avi,2,2,0.038646538,0.19344182,0.5287109,0.23920071
567,/mnt/c/Users/puneet/Downloads/DAiSEE/DataSet/Test/510035/5100352012/5100352012.avi,2,2,0.038646538,0.19344182,0.5287109,0.23920071
568,/mnt/c/Users/puneet/Downloads/DAiSEE/DataSet/Test/510035/5100352013/5100352013.avi,2,3,0.038646538,0.19344182,0.5287109,0.23920071
569,/mnt/c/Users/puneet/Downloads/DAiSEE/DataSet/Test/510035/5100352014/5100352014.avi,2,2,0.038646538,0.19344182,0.5287109,0.23920071
570,/mnt/c/Users/puneet/Downloads/DAiSEE/DataSet/Test/510035/5100352015/5100352015.avi,2,2,0.038646538,0.19344182,0.5287109,0.23920071
571,/mnt/c/Users/puneet/Downloads/DAiSEE/DataSet/Test/510035/5100352016/5100352016.avi,2,2,0.038646538,0.19344182,0.5287109,0.23920071
572,/mnt/c/Users/puneet/Downloads/DAiSEE/DataSet/Test/510035/5100352017/5100352017.avi,2,3,0.038646538,0.19344182,0.5287109,0.23920071
573,/mnt/c/Users/puneet/Downloads/DAiSEE/DataSet/Test/510035/5100352018/5100352018.avi,2,2,0.038646538,0.19344182,0.5287109,0.23920071
574,/mnt/c/Users/puneet/Downloads/DAiSEE/DataSet/Test/510035/5100352020/5100352020.avi,2,3,0.038646538,0.19344182,0.5287109,0.23920071
575,/mnt/c/Users/puneet/Downloads/DAiSEE/DataSet/Test/510035/5100352021/5100352021.avi,2,2,0.038646538,0.19344182,0.5287109,0.23920071
576,/mnt/c/Users/puneet/Downloads/DAiSEE/DataSet/Test/510035/5100352022/5100352022.avi,2,1,0.038646538,0.19344182,0.5287109,0.23920071
577,/mnt/c/Users/puneet/Downloads/DAiSEE/DataSet/Test/510035/5100352026/5100352026.avi,2,3,0.038646538,0.19344182,0.5287109,0.23920071
578,/mnt/c/Users/puneet/Downloads/DAiSEE/DataSet/Test/510035/5100352027/5100352027.avi,2,3,0.038646538,0.19344182,0.5287109,0.23920071
579,/mnt/c/Users/puneet/Downloads/DAiSEE/DataSet/Test/510035/5100352028/5100352028.avi,2,2,0.038646538,0.19344182,0.5287109,0.23920071
580,/mnt/c/Users/puneet/Downloads/DAiSEE/DataSet/Test/510035/5100352030/5100352030.avi,2,3,0.038646538,0.19344182,0.5287109,0.23920071
581,/mnt/c/Users/puneet/Downloads/DAiSEE/DataSet/Test/510035/5100352031/5100352031.avi,2,3,0.038646538,0.19344182,0.5287109,0.23920071
582,/mnt/c/Users/puneet/Downloads/DAiSEE/DataSet/Test/510035/5100352032/5100352032.avi,2,2,0.038646538,0.19344182,0.5287109,0.23920071
583,/mnt/c/Users/puneet/Downloads/DAiSEE/DataSet/Test/510035/5100352033/5100352033.avi,2,2,0.038646538,0.19344182,0.5287109,0.23920071
584,/mnt/c/Users/puneet/Downloads/DAiSEE/DataSet/Test/510035/5100352034/5100352034.avi,2,2,0.038646538,0.19344182,0.5287109,0.23920071
585,/mnt/c/Users/puneet/Downloads/DAiSEE/DataSet/Test/510035/5100352035/5100352035.avi,2,2,0.038646538,0.19344182,0.5287109,0.23920071
586,/mnt/c/Users/puneet/Downloads/DAiSEE/DataSet/Test/510035/5100352037/5100352037.avi,2,2,0.038646538,0.19344182,0.5287109,0.23920071
587,/mnt/c/Users/puneet/Downloads/DAiSEE/DataSet/Test/510035/5100352038/5100352038.avi,2,3,0.038646538,0.19344182,0.5287109,0.23920071
588,/mnt/c/Users/puneet/Downloads/DAiSEE/DataSet/Test/510035/5100352039/5100352039.avi,2,3,0.038646538,0.19344182,0.5287109,0.23920071
589,/mnt/c/Users/puneet/Downloads/DAiSEE/DataSet/Test/510035/5100352041/5100352041.avi,2,2,0.038646538,0.19344182,0.5287109,0.23920071
590,/mnt/c/Users/puneet/Downloads/DAiSEE/DataSet/Test/510035/5100352042/5100352042.avi,2,2,0.038646538,0.19344182,0.5287109,0.23920071
591,/mnt/c/Users/puneet/Downloads/DAiSEE/DataSet/Test/510035/5100352043/5100352043.avi,2,1,0.038646538,0.19344182,0.5287109,0.23920071
592,/mnt/c/Users/puneet/Downloads/DAiSEE/DataSet/Test/510035/5100352044/5100352044.avi,2,2,0.038646538,0.19344182,0.5287109,0.23920071
593,/mnt/c/Users/puneet/Downloads/DAiSEE/DataSet/Test/510035/5100352045/5100352045.avi,2,3,0.038646538,0.19344182,0.5287109,0.23920071
594,/mnt/c/Users/puneet/Downloads/DAiSEE/DataSet/Test/510035/5100352046/5100352046.avi,2,3,0.038646538,0.19344182,0.5287109,0.23920071
595,/mnt/c/Users/puneet/Downloads/DAiSEE/DataSet/Test/510035/5100352049/5100352049.avi,2,2,0.038646538,0.19344182,0.5287109,0.23920071
596,/mnt/c/Users/puneet/Downloads/DAiSEE/DataSet/Test/510035/5100352050/5100352050.avi,2,2,0.038646538,0.19344182,0.5287109,0.23920071
597,/mnt/c/Users/puneet/Downloads/DAiSEE/DataSet/Test/510035/5100352051/5100352051.avi,2,2,0.038646538,0.19344182,0.5287109,0.23920071
598,/mnt/c/Users/puneet/Downloads/DAiSEE/DataSet/Test/510035/5100352052/5100352052.avi,2,3,0.038646538,0.19344182,0.5287109,0.23920071
599,/mnt/c/Users/puneet/Downloads/DAiSEE/DataSet/Test/510035/5100352054/5100352054.avi,2,1,0.038646538,0.19344182,0.5287109,0.23920071
600,/mnt/c/Users/puneet/Downloads/DAiSEE/DataSet/Test/510035/5100352055/5100352055.avi,2,3,0.038646538,0.19344182,0.5287109,0.23920071
601,/mnt/c/Users/puneet/Downloads/DAiSEE/DataSet/Test/510035/5100352056/5100352056.avi,2,2,0.038646538,0.19344182,0.5287109,0.23920071
602,/mnt/c/Users/puneet/Downloads/DAiSEE/DataSet/Test/510035/5100352057/5100352057.avi,2,2,0.038646538,0.19344182,0.5287109,0.23920071
603,/mnt/c/Users/puneet/Downloads/DAiSEE/DataSet/Test/510035/5100352060/5100352060.avi,2,2,0.038646538,0.19344182,0.5287109,0.23920071
604,/mnt/c/Users/puneet/Downloads/DAiSEE/DataSet/Test/510035/5100352061/5100352061.avi,2,2,0.038646538,0.19344182,0.5287109,0.23920071
605,/mnt/c/Users/puneet/Downloads/DAiSEE/DataSet/Test/510035/5100352063/5100352063.avi,2,2,0.038646538,0.19344182,0.5287109,0.23920071
606,/mnt/c/Users/puneet/Downloads/DAiSEE/DataSet/Test/510036/5100361009/5100361009.avi,2,2,0.038646538,0.19344182,0.5287109,0.23920071
607,/mnt/c/Users/puneet/Downloads/DAiSEE/DataSet/Test/510036/5100361056/5100361056.avi,2,2,0.038646538,0.19344182,0.5287109,0.23920071
608,/mnt/c/Users/puneet/Downloads/DAiSEE/DataSet/Test/510036/5100362028/5100362028.avi,2,3,0.038646538,0.19344182,0.5287109,0.23920071
609,/mnt/c/Users/puneet/Downloads/DAiSEE/DataSet/Test/510036/5100362029/5100362029.avi,2,2,0.038646538,0.19344182,0.5287109,0.23920071
610,/mnt/c/Users/puneet/Downloads/DAiSEE/DataSet/Test/510036/5100362030/5100362030.avi,2,3,0.038646538,0.19344182,0.5287109,0.23920071
611,/mnt/c/Users/puneet/Downloads/DAiSEE/DataSet/Test/510036/5100362052/5100362052.avi,2,2,0.038646538,0.19344182,0.5287109,0.23920071
612,/mnt/c/Users/puneet/Downloads/DAiSEE/DataSet/Test/510037/5100371022/5100371022.avi,2,2,0.038646538,0.19344182,0.5287109,0.23920071
613,/mnt/c/Users/puneet/Downloads/DAiSEE/DataSet/Test/510037/5100371023/5100371023.avi,2,3,0.038646538,0.19344182,0.5287109,0.23920071
614,/mnt/c/Users/puneet/Downloads/DAiSEE/DataSet/Test/510037/5100371024/5100371024.avi,2,2,0.038646538,0.19344182,0.5287109,0.23920071
615,/mnt/c/Users/puneet/Downloads/DAiSEE/DataSet/Test/510037/5100371026/5100371026.avi,2,3,0.038646538,0.19344182,0.5287109,0.23920071
616,/mnt/c/Users/puneet/Downloads/DAiSEE/DataSet/Test/510037/5100371027/5100371027.avi,2,3,0.038646538,0.19344182,0.5287109,0.23920071
617,/mnt/c/Users/puneet/Downloads/DAiSEE/DataSet/Test/510037/5100371042/5100371042.avi,2,3,0.038646538,0.19344182,0.5287109,0.23920071
618,/mnt/c/Users/puneet/Downloads/DAiSEE/DataSet/Test/510037/5100371055/5100371055.avi,2,2,0.038646538,0.19344182,0.5287109,0.23920071
619,/mnt/c/Users/puneet/Downloads/DAiSEE/DataSet/Test/510037/5100371056/5100371056.avi,2,2,0.038646538,0.19344182,0.5287109,0.23920071
620,/mnt/c/Users/puneet/Downloads/DAiSEE/DataSet/Test/510037/5100371067/5100371067.avi,2,2,0.038646538,0.19344182,0.5287109,0.23920071
621,/mnt/c/Users/puneet/Downloads/DAiSEE/DataSet/Test/510037/5100371079/5100371079.avi,2,2,0.038646538,0.19344182,0.5287109,0.23920071
622,/mnt/c/Users/puneet/Downloads/DAiSEE/DataSet/Test/510037/5100372001/5100372001.avi,2,3,0.038646538,0.19344182,0.5287109,0.23920071
623,/mnt/c/Users/puneet/Downloads/DAiSEE/DataSet/Test/510037/5100372002/5100372002.avi,2,2,0.038646538,0.19344182,0.5287109,0.23920071
624,/mnt/c/Users/puneet/Downloads/DAiSEE/DataSet/Test/510037/5100372003/5100372003.avi,2,2,0.038646538,0.19344182,0.5287109,0.23920071
625,/mnt/c/Users/puneet/Downloads/DAiSEE/DataSet/Test/510037/5100372005/5100372005.avi,2,2,0.038646538,0.19344182,0.5287109,0.23920071
626,/mnt/c/Users/puneet/Downloads/DAiSEE/DataSet/Test/510037/5100372006/5100372006.avi,2,3,0.038646538,0.19344182,0.5287109,0.23920071
627,/mnt/c/Users/puneet/Downloads/DAiSEE/DataSet/Test/510037/5100372007/5100372007.avi,2,3,0.038646538,0.19344182,0.5287109,0.23920071
628,/mnt/c/Users/puneet/Downloads/DAiSEE/DataSet/Test/510037/5100372009/5100372009.avi,2,3,0.038646538,0.19344182,0.5287109,0.23920071
629,/mnt/c/Users/puneet/Downloads/DAiSEE/DataSet/Test/510037/5100372011/5100372011.avi,2,3,0.038646538,0.19344182,0.5287109,0.23920071
630,/mnt/c/Users/puneet/Downloads/DAiSEE/DataSet/Test/510037/5100372015/5100372015.avi,2,3,0.038646538,0.19344182,0.5287109,0.23920071
631,/mnt/c/Users/puneet/Downloads/DAiSEE/DataSet/Test/510037/5100372016/5100372016.avi,2,3,0.038646538,0.19344182,0.5287109,0.23920071
632,/mnt/c/Users/puneet/Downloads/DAiSEE/DataSet/Test/510037/5100372017/5100372017.avi,2,3,0.038646538,0.19344182,0.5287109,0.23920071
633,/mnt/c/Users/puneet/Downloads/DAiSEE/DataSet/Test/510037/5100372018/5100372018.avi,2,3,0.038646538,0.19344182,0.5287109,0.23920071
634,/mnt/c/Users/puneet/Downloads/DAiSEE/DataSet/Test/510037/5100372019/5100372019.avi,2,2,0.038646538,0.19344182,0.5287109,0.23920071
635,/mnt/c/Users/puneet/Downloads/DAiSEE/DataSet/Test/510037/5100372020/5100372020.avi,2,3,0.038646538,0.19344182,0.5287109,0.23920071
636,/mnt/c/Users/puneet/Downloads/DAiSEE/DataSet/Test/510037/5100372021/5100372021.avi,2,2,0.038646538,0.19344182,0.5287109,0.23920071
637,/mnt/c/Users/puneet/Downloads/DAiSEE/DataSet/Test/510037/5100372022/5100372022.avi,2,3,0.038646538,0.19344182,0.5287109,0.23920071
638,/mnt/c/Users/puneet/Downloads/DAiSEE/DataSet/Test/510037/5100372023/5100372023.avi,2,3,0.038646538,0.19344182,0.5287109,0.23920071
639,/mnt/c/Users/puneet/Downloads/DAiSEE/DataSet/Test/510037/5100372026/5100372026.avi,2,3,0.038646538,0.19344182,0.5287109,0.23920071
640,/mnt/c/Users/puneet/Downloads/DAiSEE/DataSet/Test/510037/5100372027/5100372027.avi,2,3,0.038646538,0.19344182,0.5287109,0.23920071
641,/mnt/c/Users/puneet/Downloads/DAiSEE/DataSet/Test/510037/5100372028/5100372028.avi,2,2,0.038646538,0.19344182,0.5287109,0.23920071
642,/mnt/c/Users/puneet/Downloads/DAiSEE/DataSet/Test/510037/5100372069/5100372069.avi,2,3,0.038646538,0.19344182,0.5287109,0.23920071
643,/mnt/c/Users/puneet/Downloads/DAiSEE/DataSet/Test/510038/5100381002/5100381002.avi,2,3,0.038646538,0.19344182,0.5287109,0.23920071
644,/mnt/c/Users/puneet/Downloads/DAiSEE/DataSet/Test/510038/5100381003/5100381003.avi,2,3,0.038646538,0.19344182,0.5287109,0.23920071
645,/mnt/c/Users/puneet/Downloads/DAiSEE/DataSet/Test/510038/5100381004/5100381004.avi,2,2,0.038646538,0.19344182,0.5287109,0.23920071
646,/mnt/c/Users/puneet/Downloads/DAiSEE/DataSet/Test/510038/5100381005/5100381005.avi,2,2,0.038646538,0.19344182,0.5287109,0.23920071
647,/mnt/c/Users/puneet/Downloads/DAiSEE/DataSet/Test/510038/5100381006/5100381006.avi,2,2,0.038646538,0.19344182,0.5287109,0.23920071
648,/mnt/c/Users/puneet/Downloads/DAiSEE/DataSet/Test/510038/5100381007/5100381007.avi,2,2,0.038646538,0.19344182,0.5287109,0.23920071
649,/mnt/c/Users/puneet/Downloads/DAiSEE/DataSet/Test/510038/5100381008/5100381008.avi,2,2,0.038646538,0.19344182,0.5287109,0.23920071
650,/mnt/c/Users/puneet/Downloads/DAiSEE/DataSet/Test/510038/5100381009/5100381009.avi,2,2,0.038646538,0.19344182,0.5287109,0.23920071
651,/mnt/c/Users/puneet/Downloads/DAiSEE/DataSet/Test/510038/5100381010/5100381010.avi,2,2,0.038646538,0.19344182,0.5287109,0.23920071
652,/mnt/c/Users/puneet/Downloads/DAiSEE/DataSet/Test/510038/5100381011/5100381011.avi,2,3,0.038646538,0.19344182,0.5287109,0.23920071
653,/mnt/c/Users/puneet/Downloads/DAiSEE/DataSet/Test/510038/5100381012/5100381012.avi,2,3,0.038646538,0.19344182,0.5287109,0.23920071
654,/mnt/c/Users/puneet/Downloads/DAiSEE/DataSet/Test/510038/5100381015/5100381015.avi,2,3,0.038646538,0.19344182,0.5287109,0.23920071
655,/mnt/c/Users/puneet/Downloads/DAiSEE/DataSet/Test/510038/5100381016/5100381016.avi,2,3,0.038646538,0.19344182,0.5287109,0.23920071
656,/mnt/c/Users/puneet/Downloads/DAiSEE/DataSet/Test/510038/5100381017/5100381017.avi,2,2,0.038646538,0.19344182,0.5287109,0.23920071
657,/mnt/c/Users/puneet/Downloads/DAiSEE/DataSet/Test/510038/5100381018/5100381018.avi,2,2,0.038646538,0.19344182,0.5287109,0.23920071
658,/mnt/c/Users/puneet/Downloads/DAiSEE/DataSet/Test/510038/5100381019/5100381019.avi,2,3,0.038646538,0.19344182,0.5287109,0.23920071
659,/mnt/c/Users/puneet/Downloads/DAiSEE/DataSet/Test/510038/5100381020/5100381020.avi,2,2,0.038646538,0.19344182,0.5287109,0.23920071
660,/mnt/c/Users/puneet/Downloads/DAiSEE/DataSet/Test/510038/5100381021/5100381021.avi,2,2,0.038646538,0.19344182,0.5287109,0.23920071
661,/mnt/c/Users/puneet/Downloads/DAiSEE/DataSet/Test/510038/5100381022/5100381022.avi,2,2,0.038646538,0.19344182,0.5287109,0.23920071
662,/mnt/c/Users/puneet/Downloads/DAiSEE/DataSet/Test/510038/5100381023/5100381023.avi,2,3,0.038646538,0.19344182,0.5287109,0.23920071
663,/mnt/c/Users/puneet/Downloads/DAiSEE/DataSet/Test/510038/5100381024/5100381024.avi,2,3,0.038646538,0.19344182,0.5287109,0.23920071
664,/mnt/c/Users/puneet/Downloads/DAiSEE/DataSet/Test/510038/5100381026/5100381026.avi,2,2,0.038646538,0.19344182,0.5287109,0.23920071
665,/mnt/c/Users/puneet/Downloads/DAiSEE/DataSet/Test/510038/5100381027/5100381027.avi,2,3,0.038646538,0.19344182,0.5287109,0.23920071
666,/mnt/c/Users/puneet/Downloads/DAiSEE/DataSet/Test/510038/5100381028/5100381028.avi,2,3,0.038646538,0.19344182,0.5287109,0.23920071
667,/mnt/c/Users/puneet/Downloads/DAiSEE/DataSet/Test/510038/5100381029/5100381029.avi,2,3,0.038646538,0.19344182,0.5287109,0.23920071
668,/mnt/c/Users/puneet/Downloads/DAiSEE/DataSet/Test/510038/5100381031/5100381031.avi,2,2,0.038646538,0.19344182,0.5287109,0.23920071
669,/mnt/c/Users/puneet/Downloads/DAiSEE/DataSet/Test/510038/5100381032/5100381032.avi,2,2,0.038646538,0.19344182,0.5287109,0.23920071
670,/mnt/c/Users/puneet/Downloads/DAiSEE/DataSet/Test/510038/5100381034/5100381034.avi,2,3,0.038646538,0.19344182,0.5287109,0.23920071
671,/mnt/c/Users/puneet/Downloads/DAiSEE/DataSet/Test/510038/5100381035/5100381035.avi,2,2,0.038646538,0.19344182,0.5287109,0.23920071
672,/mnt/c/Users/puneet/Downloads/DAiSEE/DataSet/Test/510038/5100381037/5100381037.avi,2,2,0.038646538,0.19344182,0.5287109,0.23920071
673,/mnt/c/Users/puneet/Downloads/DAiSEE/DataSet/Test/510038/5100381038/5100381038.avi,2,2,0.038646538,0.19344182,0.5287109,0.23920071
674,/mnt/c/Users/puneet/Downloads/DAiSEE/DataSet/Test/510038/5100381039/5100381039.avi,2,2,0.038646538,0.19344182,0.5287109,0.23920071
675,/mnt/c/Users/puneet/Downloads/DAiSEE/DataSet/Test/510038/5100381040/5100381040.avi,2,3,0.038646538,0.19344182,0.5287109,0.23920071
676,/mnt/c/Users/puneet/Downloads/DAiSEE/DataSet/Test/510038/5100381041/5100381041.avi,2,3,0.038646538,0.19344182,0.5287109,0.23920071
677,/mnt/c/Users/puneet/Downloads/DAiSEE/DataSet/Test/510038/5100381042/5100381042.avi,2,2,0.038646538,0.19344182,0.5287109,0.23920071
678,/mnt/c/Users/puneet/Downloads/DAiSEE/DataSet/Test/510038/5100381043/5100381043.avi,2,2,0.038646538,0.19344182,0.5287109,0.23920071
679,/mnt/c/Users/puneet/Downloads/DAiSEE/DataSet/Test/510038/5100381044/5100381044.avi,2,2,0.038646538,0.19344182,0.5287109,0.23920071
680,/mnt/c/Users/puneet/Downloads/DAiSEE/DataSet/Test/510038/5100381045/5100381045.avi,2,3,0.038646538,0.19344182,0.5287109,0.23920071
681,/mnt/c/Users/puneet/Downloads/DAiSEE/DataSet/Test/510038/5100381046/5100381046.avi,2,3,0.038646538,0.19344182,0.5287109,0.23920071
682,/mnt/c/Users/puneet/Downloads/DAiSEE/DataSet/Test/510038/5100381047/5100381047.avi,2,3,0.038646538,0.19344182,0.5287109,0.23920071
683,/mnt/c/Users/puneet/Downloads/DAiSEE/DataSet/Test/510038/5100381048/5100381048.avi,2,3,0.038646538,0.19344182,0.5287109,0.23920071
684,/mnt/c/Users/puneet/Downloads/DAiSEE/DataSet/Test/510038/5100381049/5100381049.avi,2,2,0.038646538,0.19344182,0.5287109,0.23920071
685,/mnt/c/Users/puneet/Downloads/DAiSEE/DataSet/Test/510038/5100381050/5100381050.avi,2,3,0.038646538,0.19344182,0.5287109,0.23920071
686,/mnt/c/Users/puneet/Downloads/DAiSEE/DataSet/Test/510038/5100381051/5100381051.avi,2,2,0.038646538,0.19344182,0.5287109,0.23920071
687,/mnt/c/Users/puneet/Downloads/DAiSEE/DataSet/Test/510038/5100381052/5100381052.avi,2,3,0.038646538,0.19344182,0.5287109,0.23920071
688,/mnt/c/Users/puneet/Downloads/DAiSEE/DataSet/Test/510038/5100381053/5100381053.avi,2,3,0.038646538,0.19344182,0.5287109,0.23920071
689,/mnt/c/Users/puneet/Downloads/DAiSEE/DataSet/Test/510038/5100381054/5100381054.avi,2,2,0.038646538,0.19344182,0.5287109,0.23920071
690,/mnt/c/Users/puneet/Downloads/DAiSEE/DataSet/Test/510038/5100381055/5100381055.avi,2,2,0.038646538,0.19344182,0.5287109,0.23920071
691,/mnt/c/Users/puneet/Downloads/DAiSEE/DataSet/Test/510038/5100381056/5100381056.avi,2,3,0.038646538,0.19344182,0.5287109,0.23920071
692,/mnt/c/Users/puneet/Downloads/DAiSEE/DataSet/Test/510038/5100381058/5100381058.avi,2,2,0.038646538,0.19344182,0.5287109,0.23920071
693,/mnt/c/Users/puneet/Downloads/DAiSEE/DataSet/Test/510038/5100381059/5100381059.avi,2,3,0.038646538,0.19344182,0.5287109,0.23920071
694,/mnt/c/Users/puneet/Downloads/DAiSEE/DataSet/Test/510038/5100381060/5100381060.avi,2,2,0.038646538,0.19344182,0.5287109,0.23920071
695,/mnt/c/Users/puneet/Downloads/DAiSEE/DataSet/Test/510038/5100381061/5100381061.avi,2,2,0.038646538,0.19344182,0.5287109,0.23920071
696,/mnt/c/Users/puneet/Downloads/DAiSEE/DataSet/Test/510038/5100381063/5100381063.avi,2,2,0.038646538,0.19344182,0.5287109,0.23920071
697,/mnt/c/Users/puneet/Downloads/DAiSEE/DataSet/Test/510038/5100381065/5100381065.avi,2,2,0.038646538,0.19344182,0.5287109,0.23920071
698,/mnt/c/Users/puneet/Downloads/DAiSEE/DataSet/Test/510038/5100381066/5100381066.avi,2,2,0.038646538,0.19344182,0.5287109,0.23920071
699,/mnt/c/Users/puneet/Downloads/DAiSEE/DataSet/Test/510038/5100381067/5100381067.avi,2,2,0.038646538,0.19344182,0.5287109,0.23920071
700,/mnt/c/Users/puneet/Downloads/DAiSEE/DataSet/Test/510038/5100381069/5100381069.avi,2,2,0.038646538,0.19344182,0.5287109,0.23920071
701,/mnt/c/Users/puneet/Downloads/DAiSEE/DataSet/Test/510038/5100382001/5100382001.avi,2,2,0.038646538,0.19344182,0.5287109,0.23920071
702,/mnt/c/Users/puneet/Downloads/DAiSEE/DataSet/Test/510038/5100382003/5100382003.avi,2,3,0.038646538,0.19344182,0.5287109,0.23920071
703,/mnt/c/Users/puneet/Downloads/DAiSEE/DataSet/Test/510038/5100382007/5100382007.avi,2,2,0.038646538,0.19344182,0.5287109,0.23920071
704,/mnt/c/Users/puneet/Downloads/DAiSEE/DataSet/Test/510038/5100382008/5100382008.avi,2,2,0.038646538,0.19344182,0.5287109,0.23920071
705,/mnt/c/Users/puneet/Downloads/DAiSEE/DataSet/Test/510038/5100382010/5100382010.avi,2,3,0.038646538,0.19344182,0.5287109,0.23920071
706,/mnt/c/Users/puneet/Downloads/DAiSEE/DataSet/Test/510038/5100382011/5100382011.avi,2,3,0.038646538,0.19344182,0.5287109,0.23920071
707,/mnt/c/Users/puneet/Downloads/DAiSEE/DataSet/Test/510038/5100382012/5100382012.avi,2,3,0.038646538,0.19344182,0.5287109,0.23920071
708,/mnt/c/Users/puneet/Downloads/DAiSEE/DataSet/Test/510038/5100382013/5100382013.avi,2,3,0.038646538,0.19344182,0.5287109,0.23920071
709,/mnt/c/Users/puneet/Downloads/DAiSEE/DataSet/Test/510038/5100382014/5100382014.avi,2,3,0.038646538,0.19344182,0.5287109,0.23920071
710,/mnt/c/Users/puneet/Downloads/DAiSEE/DataSet/Test/510038/5100382015/5100382015.avi,2,2,0.038646538,0.19344182,0.5287109,0.23920071
711,/mnt/c/Users/puneet/Downloads/DAiSEE/DataSet/Test/510038/5100382016/5100382016.avi,2,3,0.038646538,0.19344182,0.5287109,0.23920071
712,/mnt/c/Users/puneet/Downloads/DAiSEE/DataSet/Test/510038/5100382018/5100382018.avi,2,3,0.038646538,0.19344182,0.5287109,0.23920071
713,/mnt/c/Users/puneet/Downloads/DAiSEE/DataSet/Test/510038/5100382019/5100382019.avi,2,3,0.038646538,0.19344182,0.5287109,0.23920071
714,/mnt/c/Users/puneet/Downloads/DAiSEE/DataSet/Test/510038/5100382020/5100382020.avi,2,2,0.038646538,0.19344182,0.5287109,0.23920071
715,/mnt/c/Users/puneet/Downloads/DAiSEE/DataSet/Test/510038/5100382021/5100382021.avi,2,3,0.038646538,0.19344182,0.5287109,0.23920071
716,/mnt/c/Users/puneet/Downloads/DAiSEE/DataSet/Test/510038/5100382022/5100382022.avi,2,3,0.038646538,0.19344182,0.5287109,0.23920071
717,/mnt/c/Users/puneet/Downloads/DAiSEE/DataSet/Test/510038/5100382023/5100382023.avi,2,3,0.038646538,0.19344182,0.5287109,0.23920071
718,/mnt/c/Users/puneet/Downloads/DAiSEE/DataSet/Test/510038/5100382025/5100382025.avi,2,3,0.038646538,0.19344182,0.5287109,0.23920071
719,/mnt/c/Users/puneet/Downloads/DAiSEE/DataSet/Test/510038/5100382026/5100382026.avi,2,3,0.038646538,0.19344182,0.5287109,0.23920071
720,/mnt/c/Users/puneet/Downloads/DAiSEE/DataSet/Test/510038/5100382027/5100382027.avi,2,3,0.038646538,0.19344182,0.5287109,0.23920071
721,/mnt/c/Users/puneet/Downloads/DAiSEE/DataSet/Test/510038/5100382028/5100382028.avi,2,2,0.038646538,0.19344182,0.5287109,0.23920071
722,/mnt/c/Users/puneet/Downloads/DAiSEE/DataSet/Test/510038/5100382029/5100382029.avi,2,3,0.038646538,0.19344182,0.5287109,0.23920071
723,/mnt/c/Users/puneet/Downloads/DAiSEE/DataSet/Test/510038/5100382030/5100382030.avi,2,3,0.038646538,0.19344182,0.5287109,0.23920071
724,/mnt/c/Users/puneet/Downloads/DAiSEE/DataSet/Test/510038/5100382031/5100382031.avi,2,2,0.038646538,0.19344182,0.5287109,0.23920071
725,/mnt/c/Users/puneet/Downloads/DAiSEE/DataSet/Test/510038/5100382032/5100382032.avi,2,2,0.038646538,0.19344182,0.5287109,0.23920071
726,/mnt/c/Users/puneet/Downloads/DAiSEE/DataSet/Test/510038/5100382033/5100382033.avi,2,3,0.038646538,0.19344182,0.5287109,0.23920071
727,/mnt/c/Users/puneet/Downloads/DAiSEE/DataSet/Test/510038/5100382034/5100382034.avi,2,2,0.038646538,0.19344182,0.5287109,0.23920071
728,/mnt/c/Users/puneet/Downloads/DAiSEE/DataSet/Test/510038/5100382035/5100382035.avi,2,2,0.038646538,0.19344182,0.5287109,0.23920071
729,/mnt/c/Users/puneet/Downloads/DAiSEE/DataSet/Test/510038/5100382036/5100382036.avi,2,3,0.038646538,0.19344182,0.5287109,0.23920071
730,/mnt/c/Users/puneet/Downloads/DAiSEE/DataSet/Test/510038/5100382037/5100382037.avi,2,2,0.038646538,0.19344182,0.5287109,0.23920071
731,/mnt/c/Users/puneet/Downloads/DAiSEE/DataSet/Test/510038/5100382038/5100382038.avi,2,3,0.038646538,0.19344182,0.5287109,0.23920071
732,/mnt/c/Users/puneet/Downloads/DAiSEE/DataSet/Test/510038/5100382039/5100382039.avi,2,3,0.038646538,0.19344182,0.5287109,0.23920071
733,/mnt/c/Users/puneet/Downloads/DAiSEE/DataSet/Test/510038/5100382040/5100382040.avi,2,2,0.038646538,0.19344182,0.5287109,0.23920071
734,/mnt/c/Users/puneet/Downloads/DAiSEE/DataSet/Test/510038/5100382042/5100382042.avi,2,3,0.038646538,0.19344182,0.5287109,0.23920071
735,/mnt/c/Users/puneet/Downloads/DAiSEE/DataSet/Test/510038/5100382045/5100382045.avi,2,3,0.038646538,0.19344182,0.5287109,0.23920071
736,/mnt/c/Users/puneet/Downloads/DAiSEE/DataSet/Test/510038/5100382046/5100382046.avi,2,2,0.038646538,0.19344182,0.5287109,0.23920071
737,/mnt/c/Users/puneet/Downloads/DAiSEE/DataSet/Test/510038/5100382048/5100382048.avi,2,2,0.038646538,0.19344182,0.5287109,0.23920071
738,/mnt/c/Users/puneet/Downloads/DAiSEE/DataSet/Test/510038/5100382050/5100382050.avi,2,3,0.038646538,0.19344182,0.5287109,0.23920071
739,/mnt/c/Users/puneet/Downloads/DAiSEE/DataSet/Test/510038/5100382051/5100382051.avi,2,2,0.038646538,0.19344182,0.5287109,0.23920071
740,/mnt/c/Users/puneet/Downloads/DAiSEE/DataSet/Test/510038/5100382052/5100382052.avi,2,3,0.038646538,0.19344182,0.5287109,0.23920071
741,/mnt/c/Users/puneet/Downloads/DAiSEE/DataSet/Test/510038/5100382053/5100382053.avi,2,3,0.038646538,0.19344182,0.5287109,0.23920071
742,/mnt/c/Users/puneet/Downloads/DAiSEE/DataSet/Test/510038/5100382054/5100382054.avi,2,2,0.038646538,0.19344182,0.5287109,0.23920071
743,/mnt/c/Users/puneet/Downloads/DAiSEE/DataSet/Test/510038/5100382055/5100382055.avi,2,3,0.038646538,0.19344182,0.5287109,0.23920071
744,/mnt/c/Users/puneet/Downloads/DAiSEE/DataSet/Test/510038/5100382056/5100382056.avi,2,3,0.038646538,0.19344182,0.5287109,0.23920071
745,/mnt/c/Users/puneet/Downloads/DAiSEE/DataSet/Test/510038/5100382057/5100382057.avi,2,3,0.038646538,0.19344182,0.5287109,0.23920071
746,/mnt/c/Users/puneet/Downloads/DAiSEE/DataSet/Test/510038/5100382058/5100382058.avi,2,2,0.038646538,0.19344182,0.5287109,0.23920071
747,/mnt/c/Users/puneet/Downloads/DAiSEE/DataSet/Test/510038/5100382059/5100382059.avi,2,2,0.038646538,0.19344182,0.5287109,0.23920071
748,/mnt/c/Users/puneet/Downloads/DAiSEE/DataSet/Test/510038/5100382060/5100382060.avi,2,3,0.038646538,0.19344182,0.5287109,0.23920071
749,/mnt/c/Users/puneet/Downloads/DAiSEE/DataSet/Test/510038/5100382061/5100382061.avi,2,3,0.038646538,0.19344182,0.5287109,0.23920071
750,/mnt/c/Users/puneet/Downloads/DAiSEE/DataSet/Test/510038/5100382062/5100382062.avi,2,3,0.038646538,0.19344182,0.5287109,0.23920071
751,/mnt/c/Users/puneet/Downloads/DAiSEE/DataSet/Test/510038/5100382063/5100382063.avi,2,3,0.038646538,0.19344182,0.5287109,0.23920071
752,/mnt/c/Users/puneet/Downloads/DAiSEE/DataSet/Test/510038/5100382064/5100382064.avi,2,3,0.038646538,0.19344182,0.5287109,0.23920071
753,/mnt/c/Users/puneet/Downloads/DAiSEE/DataSet/Test/510038/5100382065/5100382065.avi,2,3,0.038646538,0.19344182,0.5287109,0.23920071
754,/mnt/c/Users/puneet/Downloads/DAiSEE/DataSet/Test/510038/5100382066/5100382066.avi,2,2,0.038646538,0.19344182,0.5287109,0.23920071
755,/mnt/c/Users/puneet/Downloads/DAiSEE/DataSet/Test/510038/5100382067/5100382067.avi,2,2,0.038646538,0.19344182,0.5287109,0.23920071
756,/mnt/c/Users/puneet/Downloads/DAiSEE/DataSet/Test/510038/5100382068/5100382068.avi,2,3,0.038646538,0.19344182,0.5287109,0.23920071
757,/mnt/c/Users/puneet/Downloads/DAiSEE/DataSet/Test/510038/5100382069/5100382069.avi,2,2,0.038646538,0.19344182,0.5287109,0.23920071
758,/mnt/c/Users/puneet/Downloads/DAiSEE/DataSet/Test/510038/5100382070/5100382070.avi,2,3,0.038646538,0.19344182,0.5287109,0.23920071
759,/mnt/c/Users/puneet/Downloads/DAiSEE/DataSet/Test/510038/5100382071/5100382071.avi,2,3,0.038646538,0.19344182,0.5287109,0.23920071
760,/mnt/c/Users/puneet/Downloads/DAiSEE/DataSet/Test/510038/5100382072/5100382072.avi,2,3,0.038646538,0.19344182,0.5287109,0.23920071
761,/mnt/c/Users/puneet/Downloads/DAiSEE/DataSet/Test/510038/5100382073/5100382073.avi,2,2,0.038646538,0.19344182,0.5287109,0.23920071
762,/mnt/c/Users/puneet/Downloads/DAiSEE/DataSet/Test/510038/5100382075/5100382075.avi,2,2,0.038646538,0.19344182,0.5287109,0.23920071
763,/mnt/c/Users/puneet/Downloads/DAiSEE/DataSet/Test/510038/5100382076/5100382076.avi,2,2,0.038646538,0.19344182,0.5287109,0.23920071
764,/mnt/c/Users/puneet/Downloads/DAiSEE/DataSet/Test/510038/5100382077/5100382077.avi,2,2,0.038646538,0.19344182,0.5287109,0.23920071
765,/mnt/c/Users/puneet/Downloads/DAiSEE/DataSet/Test/510038/5100382078/5100382078.avi,2,2,0.038646538,0.19344182,0.5287109,0.23920071
766,/mnt/c/Users/puneet/Downloads/DAiSEE/DataSet/Test/510038/5100382079/5100382079.avi,2,2,0.038646538,0.19344182,0.5287109,0.23920071
767,/mnt/c/Users/puneet/Downloads/DAiSEE/DataSet/Test/510040/5100401001/5100401001.avi,2,2,0.038646538,0.19344182,0.5287109,0.23920071
768,/mnt/c/Users/puneet/Downloads/DAiSEE/DataSet/Test/510040/5100401003/5100401003.avi,2,2,0.038646538,0.19344182,0.5287109,0.23920071
769,/mnt/c/Users/puneet/Downloads/DAiSEE/DataSet/Test/510040/5100401005/5100401005.avi,2,2,0.038646538,0.19344182,0.5287109,0.23920071
770,/mnt/c/Users/puneet/Downloads/DAiSEE/DataSet/Test/510040/5100401006/5100401006.avi,2,2,0.038646538,0.19344182,0.5287109,0.23920071
771,/mnt/c/Users/puneet/Downloads/DAiSEE/DataSet/Test/510040/5100401007/5100401007.avi,2,3,0.038646538,0.19344182,0.5287109,0.23920071
772,/mnt/c/Users/puneet/Downloads/DAiSEE/DataSet/Test/510040/5100401008/5100401008.avi,2,3,0.038646538,0.19344182,0.5287109,0.23920071
773,/mnt/c/Users/puneet/Downloads/DAiSEE/DataSet/Test/510040/5100401010/5100401010.avi,2,2,0.038646538,0.19344182,0.5287109,0.23920071
774,/mnt/c/Users/puneet/Downloads/DAiSEE/DataSet/Test/510040/5100401011/5100401011.avi,2,2,0.038646538,0.19344182,0.5287109,0.23920071
775,/mnt/c/Users/puneet/Downloads/DAiSEE/DataSet/Test/510040/5100401012/5100401012.avi,2,2,0.038646538,0.19344182,0.5287109,0.23920071
776,/mnt/c/Users/puneet/Downloads/DAiSEE/DataSet/Test/510040/5100401014/5100401014.avi,2,3,0.038646538,0.19344182,0.5287109,0.23920071
777,/mnt/c/Users/puneet/Downloads/DAiSEE/DataSet/Test/510040/5100401015/5100401015.avi,2,2,0.038646538,0.19344182,0.5287109,0.23920071
778,/mnt/c/Users/puneet/Downloads/DAiSEE/DataSet/Test/510040/5100401016/5100401016.avi,2,2,0.038646538,0.19344182,0.5287109,0.23920071
779,/mnt/c/Users/puneet/Downloads/DAiSEE/DataSet/Test/510040/5100401018/5100401018.avi,2,2,0.038646538,0.19344182,0.5287109,0.23920071
780,/mnt/c/Users/puneet/Downloads/DAiSEE/DataSet/Test/510040/5100401021/5100401021.avi,2,3,0.038646538,0.19344182,0.5287109,0.23920071
781,/mnt/c/Users/puneet/Downloads/DAiSEE/DataSet/Test/510040/5100401022/5100401022.avi,2,3,0.038646538,0.19344182,0.5287109,0.23920071
782,/mnt/c/Users/puneet/Downloads/DAiSEE/DataSet/Test/510040/5100401023/5100401023.avi,2,1,0.038646538,0.19344182,0.5287109,0.23920071
783,/mnt/c/Users/puneet/Downloads/DAiSEE/DataSet/Test/510040/5100401025/5100401025.avi,2,3,0.038646538,0.19344182,0.5287109,0.23920071
784,/mnt/c/Users/puneet/Downloads/DAiSEE/DataSet/Test/510040/5100401026/5100401026.avi,2,3,0.038646538,0.19344182,0.5287109,0.23920071
785,/mnt/c/Users/puneet/Downloads/DAiSEE/DataSet/Test/510040/5100401028/5100401028.avi,2,2,0.038646538,0.19344182,0.5287109,0.23920071
786,/mnt/c/Users/puneet/Downloads/DAiSEE/DataSet/Test/510040/5100401029/5100401029.avi,2,2,0.038646538,0.19344182,0.5287109,0.23920071
787,/mnt/c/Users/puneet/Downloads/DAiSEE/DataSet/Test/510040/5100401030/5100401030.avi,2,3,0.038646538,0.19344182,0.5287109,0.23920071
788,/mnt/c/Users/puneet/Downloads/DAiSEE/DataSet/Test/510040/5100401031/5100401031.avi,2,2,0.038646538,0.19344182,0.5287109,0.23920071
789,/mnt/c/Users/puneet/Downloads/DAiSEE/DataSet/Test/510040/5100401032/5100401032.avi,2,2,0.038646538,0.19344182,0.5287109,0.23920071
790,/mnt/c/Users/puneet/Downloads/DAiSEE/DataSet/Test/510040/5100401033/5100401033.avi,2,2,0.038646538,0.19344182,0.5287109,0.23920071
791,/mnt/c/Users/puneet/Downloads/DAiSEE/DataSet/Test/510040/5100401034/5100401034.avi,2,1,0.038646538,0.19344182,0.5287109,0.23920071
792,/mnt/c/Users/puneet/Downloads/DAiSEE/DataSet/Test/510040/5100401035/5100401035.avi,2,2,0.038646538,0.19344182,0.5287109,0.23920071
793,/mnt/c/Users/puneet/Downloads/DAiSEE/DataSet/Test/510040/5100401036/5100401036.avi,2,2,0.038646538,0.19344182,0.5287109,0.23920071
794,/mnt/c/Users/puneet/Downloads/DAiSEE/DataSet/Test/510040/5100401038/5100401038.avi,2,3,0.038646538,0.19344182,0.5287109,0.23920071
795,/mnt/c/Users/puneet/Downloads/DAiSEE/DataSet/Test/510040/5100401039/5100401039.avi,2,2,0.038646538,0.19344182,0.5287109,0.23920071
796,/mnt/c/Users/puneet/Downloads/DAiSEE/DataSet/Test/510040/5100401040/5100401040.avi,2,2,0.038646538,0.19344182,0.5287109,0.23920071
797,/mnt/c/Users/puneet/Downloads/DAiSEE/DataSet/Test/510040/5100401042/5100401042.avi,2,2,0.038646538,0.19344182,0.5287109,0.23920071
798,/mnt/c/Users/puneet/Downloads/DAiSEE/DataSet/Test/510040/5100401043/5100401043.avi,2,1,0.038646538,0.19344182,0.5287109,0.23920071
799,/mnt/c/Users/puneet/Downloads/DAiSEE/DataSet/Test/510040/5100401044/5100401044.avi,2,3,0.038646538,0.19344182,0.5287109,0.23920071
800,/mnt/c/Users/puneet/Downloads/DAiSEE/DataSet/Test/510040/5100401045/5100401045.avi,2,3,0.038646538,0.19344182,0.5287109,0.23920071
801,/mnt/c/Users/puneet/Downloads/DAiSEE/DataSet/Test/510040/5100401046/5100401046.avi,2,2,0.038646538,0.19344182,0.5287109,0.23920071
802,/mnt/c/Users/puneet/Downloads/DAiSEE/DataSet/Test/510040/5100401047/5100401047.avi,2,2,0.038646538,0.19344182,0.5287109,0.23920071
803,/mnt/c/Users/puneet/Downloads/DAiSEE/DataSet/Test/510040/5100401048/5100401048.avi,2,2,0.038646538,0.19344182,0.5287109,0.23920071
804,/mnt/c/Users/puneet/Downloads/DAiSEE/DataSet/Test/510040/5100401049/5100401049.avi,2,2,0.038646538,0.19344182,0.5287109,0.23920071
805,/mnt/c/Users/puneet/Downloads/DAiSEE/DataSet/Test/510040/5100401050/5100401050.avi,2,2,0.038646538,0.19344182,0.5287109,0.23920071
806,/mnt/c/Users/puneet/Downloads/DAiSEE/DataSet/Test/510040/5100401051/5100401051.avi,2,2,0.038646538,0.19344182,0.5287109,0.23920071
807,/mnt/c/Users/puneet/Downloads/DAiSEE/DataSet/Test/510040/5100401053/5100401053.avi,2,3,0.038646538,0.19344182,0.5287109,0.23920071
808,/mnt/c/Users/puneet/Downloads/DAiSEE/DataSet/Test/510040/5100401054/5100401054.avi,2,2,0.038646538,0.19344182,0.5287109,0.23920071
809,/mnt/c/Users/puneet/Downloads/DAiSEE/DataSet/Test/510040/5100401055/5100401055.avi,2,2,0.038646538,0.19344182,0.5287109,0.23920071
810,/mnt/c/Users/puneet/Downloads/DAiSEE/DataSet/Test/510040/5100401056/5100401056.avi,2,3,0.038646538,0.19344182,0.5287109,0.23920071
811,/mnt/c/Users/puneet/Downloads/DAiSEE/DataSet/Test/510040/5100401057/5100401057.avi,2,3,0.038646538,0.19344182,0.5287109,0.23920071
812,/mnt/c/Users/puneet/Downloads/DAiSEE/DataSet/Test/510040/5100401059/5100401059.avi,2,2,0.038646538,0.19344182,0.5287109,0.23920071
813,/mnt/c/Users/puneet/Downloads/DAiSEE/DataSet/Test/510040/5100401060/5100401060.avi,2,2,0.038646538,0.19344182,0.5287109,0.23920071
814,/mnt/c/Users/puneet/Downloads/DAiSEE/DataSet/Test/510040/5100401061/5100401061.avi,2,2,0.038646538,0.19344182,0.5287109,0.23920071
815,/mnt/c/Users/puneet/Downloads/DAiSEE/DataSet/Test/510040/5100401062/5100401062.avi,2,3,0.038646538,0.19344182,0.5287109,0.23920071
816,/mnt/c/Users/puneet/Downloads/DAiSEE/DataSet/Test/510040/5100401063/5100401063.avi,2,2,0.038646538,0.19344182,0.5287109,0.23920071
817,/mnt/c/Users/puneet/Downloads/DAiSEE/DataSet/Test/510040/5100401064/5100401064.avi,2,2,0.038646538,0.19344182,0.5287109,0.23920071
818,/mnt/c/Users/puneet/Downloads/DAiSEE/DataSet/Test/510040/5100401065/5100401065.avi,2,1,0.038646538,0.19344182,0.5287109,0.23920071
819,/mnt/c/Users/puneet/Downloads/DAiSEE/DataSet/Test/510040/5100401066/5100401066.avi,2,3,0.038646538,0.19344182,0.5287109,0.23920071
820,/mnt/c/Users/puneet/Downloads/DAiSEE/DataSet/Test/510040/5100401067/5100401067.avi,2,2,0.038646538,0.19344182,0.5287109,0.23920071
821,/mnt/c/Users/puneet/Downloads/DAiSEE/DataSet/Test/510040/5100401069/5100401069.avi,2,3,0.038646538,0.19344182,0.5287109,0.23920071
822,/mnt/c/Users/puneet/Downloads/DAiSEE/DataSet/Test/510040/5100401070/5100401070.avi,2,2,0.038646538,0.19344182,0.5287109,0.23920071
823,/mnt/c/Users/puneet/Downloads/DAiSEE/DataSet/Test/510040/5100401071/5100401071.avi,2,2,0.038646538,0.19344182,0.5287109,0.23920071
824,/mnt/c/Users/puneet/Downloads/DAiSEE/DataSet/Test/510040/5100401072/5100401072.avi,2,3,0.038646538,0.19344182,0.5287109,0.23920071
825,/mnt/c/Users/puneet/Downloads/DAiSEE/DataSet/Test/510040/5100401073/5100401073.avi,2,2,0.038646538,0.19344182,0.5287109,0.23920071
826,/mnt/c/Users/puneet/Downloads/DAiSEE/DataSet/Test/510040/5100401074/5100401074.avi,2,3,0.038646538,0.19344182,0.5287109,0.23920071
827,/mnt/c/Users/puneet/Downloads/DAiSEE/DataSet/Test/510040/5100401075/5100401075.avi,2,2,0.038646538,0.19344182,0.5287109,0.23920071
828,/mnt/c/Users/puneet/Downloads/DAiSEE/DataSet/Test/510040/5100401076/5100401076.avi,2,2,0.038646538,0.19344182,0.5287109,0.23920071
829,/mnt/c/Users/puneet/Downloads/DAiSEE/DataSet/Test/510040/5100401077/5100401077.avi,2,2,0.038646538,0.19344182,0.5287109,0.23920071
830,/mnt/c/Users/puneet/Downloads/DAiSEE/DataSet/Test/510040/5100401078/5100401078.avi,2,2,0.038646538,0.19344182,0.5287109,0.23920071
831,/mnt/c/Users/puneet/Downloads/DAiSEE/DataSet/Test/510040/5100402001/5100402001.avi,2,1,0.038646538,0.19344182,0.5287109,0.23920071
832,/mnt/c/Users/puneet/Downloads/DAiSEE/DataSet/Test/510040/5100402002/5100402002.avi,2,2,0.038646538,0.19344182,0.5287109,0.23920071
833,/mnt/c/Users/puneet/Downloads/DAiSEE/DataSet/Test/510040/5100402004/5100402004.avi,2,3,0.038646538,0.19344182,0.5287109,0.23920071
834,/mnt/c/Users/puneet/Downloads/DAiSEE/DataSet/Test/510040/5100402005/5100402005.avi,2,3,0.038646538,0.19344182,0.5287109,0.23920071
835,/mnt/c/Users/puneet/Downloads/DAiSEE/DataSet/Test/510040/5100402007/5100402007.avi,2,2,0.038646538,0.19344182,0.5287109,0.23920071
836,/mnt/c/Users/puneet/Downloads/DAiSEE/DataSet/Test/510040/5100402008/5100402008.avi,2,3,0.038646538,0.19344182,0.5287109,0.23920071
837,/mnt/c/Users/puneet/Downloads/DAiSEE/DataSet/Test/510040/5100402009/5100402009.avi,2,2,0.038646538,0.19344182,0.5287109,0.23920071
838,/mnt/c/Users/puneet/Downloads/DAiSEE/DataSet/Test/510040/5100402011/5100402011.avi,2,2,0.038646538,0.19344182,0.5287109,0.23920071
839,/mnt/c/Users/puneet/Downloads/DAiSEE/DataSet/Test/510040/5100402012/5100402012.avi,2,2,0.038646538,0.19344182,0.5287109,0.23920071
840,/mnt/c/Users/puneet/Downloads/DAiSEE/DataSet/Test/510040/5100402015/5100402015.avi,2,2,0.038646538,0.19344182,0.5287109,0.23920071
841,/mnt/c/Users/puneet/Downloads/DAiSEE/DataSet/Test/510040/5100402016/5100402016.avi,2,2,0.038646538,0.19344182,0.5287109,0.23920071
842,/mnt/c/Users/puneet/Downloads/DAiSEE/DataSet/Test/510040/5100402017/5100402017.avi,2,2,0.038646538,0.19344182,0.5287109,0.23920071
843,/mnt/c/Users/puneet/Downloads/DAiSEE/DataSet/Test/510040/5100402019/5100402019.avi,2,3,0.038646538,0.19344182,0.5287109,0.23920071
844,/mnt/c/Users/puneet/Downloads/DAiSEE/DataSet/Test/510040/5100402020/5100402020.avi,2,2,0.038646538,0.19344182,0.5287109,0.23920071
845,/mnt/c/Users/puneet/Downloads/DAiSEE/DataSet/Test/510040/5100402023/5100402023.avi,2,3,0.038646538,0.19344182,0.5287109,0.23920071
846,/mnt/c/Users/puneet/Downloads/DAiSEE/DataSet/Test/510040/5100402024/5100402024.avi,2,3,0.038646538,0.19344182,0.5287109,0.23920071
847,/mnt/c/Users/puneet/Downloads/DAiSEE/DataSet/Test/510040/5100402028/5100402028.avi,2,2,0.038646538,0.19344182,0.5287109,0.23920071
848,/mnt/c/Users/puneet/Downloads/DAiSEE/DataSet/Test/510040/5100402029/5100402029.avi,2,2,0.038646538,0.19344182,0.5287109,0.23920071
849,/mnt/c/Users/puneet/Downloads/DAiSEE/DataSet/Test/510040/5100402031/5100402031.avi,2,2,0.038646538,0.19344182,0.5287109,0.23920071
850,/mnt/c/Users/puneet/Downloads/DAiSEE/DataSet/Test/510040/5100402032/5100402032.avi,2,3,0.038646538,0.19344182,0.5287109,0.23920071
851,/mnt/c/Users/puneet/Downloads/DAiSEE/DataSet/Test/510040/5100402033/5100402033.avi,2,2,0.038646538,0.19344182,0.5287109,0.23920071
852,/mnt/c/Users/puneet/Downloads/DAiSEE/DataSet/Test/510040/5100402034/5100402034.avi,2,2,0.038646538,0.19344182,0.5287109,0.23920071
853,/mnt/c/Users/puneet/Downloads/DAiSEE/DataSet/Test/510040/5100402035/5100402035.avi,2,3,0.038646538,0.19344182,0.5287109,0.23920071
854,/mnt/c/Users/puneet/Downloads/DAiSEE/DataSet/Test/510040/5100402036/5100402036.avi,2,2,0.038646538,0.19344182,0.5287109,0.23920071
855,/mnt/c/Users/puneet/Downloads/DAiSEE/DataSet/Test/510040/5100402037/5100402037.avi,2,2,0.038646538,0.19344182,0.5287109,0.23920071
856,/mnt/c/Users/puneet/Downloads/DAiSEE/DataSet/Test/510040/5100402038/5100402038.avi,2,3,0.038646538,0.19344182,0.5287109,0.23920071
857,/mnt/c/Users/puneet/Downloads/DAiSEE/DataSet/Test/510040/5100402039/5100402039.avi,2,2,0.038646538,0.19344182,0.5287109,0.23920071
858,/mnt/c/Users/puneet/Downloads/DAiSEE/DataSet/Test/510040/5100402040/5100402040.avi,2,3,0.038646538,0.19344182,0.5287109,0.23920071
859,/mnt/c/Users/puneet/Downloads/DAiSEE/DataSet/Test/510040/5100402046/5100402046.avi,2,2,0.038646538,0.19344182,0.5287109,0.23920071
860,/mnt/c/Users/puneet/Downloads/DAiSEE/DataSet/Test/510040/5100402047/5100402047.avi,2,2,0.038646538,0.19344182,0.5287109,0.23920071
861,/mnt/c/Users/puneet/Downloads/DAiSEE/DataSet/Test/510040/5100402048/5100402048.avi,2,2,0.038646538,0.19344182,0.5287109,0.23920071
862,/mnt/c/Users/puneet/Downloads/DAiSEE/DataSet/Test/510040/5100402049/5100402049.avi,2,3,0.038646538,0.19344182,0.5287109,0.23920071
863,/mnt/c/Users/puneet/Downloads/DAiSEE/DataSet/Test/510040/5100402050/5100402050.avi,2,2,0.038646538,0.19344182,0.5287109,0.23920071
864,/mnt/c/Users/puneet/Downloads/DAiSEE/DataSet/Test/510040/5100402051/5100402051.avi,2,2,0.038646538,0.19344182,0.5287109,0.23920071
865,/mnt/c/Users/puneet/Downloads/DAiSEE/DataSet/Test/510040/5100402052/5100402052.avi,2,2,0.038646538,0.19344182,0.5287109,0.23920071
866,/mnt/c/Users/puneet/Downloads/DAiSEE/DataSet/Test/510040/5100402053/5100402053.avi,2,2,0.038646538,0.19344182,0.5287109,0.23920071
867,/mnt/c/Users/puneet/Downloads/DAiSEE/DataSet/Test/510040/5100402054/5100402054.avi,2,2,0.038646538,0.19344182,0.5287109,0.23920071
868,/mnt/c/Users/puneet/Downloads/DAiSEE/DataSet/Test/510040/5100402055/5100402055.avi,2,2,0.038646538,0.19344182,0.5287109,0.23920071
869,/mnt/c/Users/puneet/Downloads/DAiSEE/DataSet/Test/510040/5100402057/5100402057.avi,2,2,0.038646538,0.19344182,0.5287109,0.23920071
870,/mnt/c/Users/puneet/Downloads/DAiSEE/DataSet/Test/510040/5100402058/5100402058.avi,2,2,0.038646538,0.19344182,0.5287109,0.23920071
871,/mnt/c/Users/puneet/Downloads/DAiSEE/DataSet/Test/510040/5100402059/5100402059.avi,2,2,0.038646538,0.19344182,0.5287109,0.23920071
872,/mnt/c/Users/puneet/Downloads/DAiSEE/DataSet/Test/510040/5100402062/5100402062.avi,2,1,0.038646538,0.19344182,0.5287109,0.23920071
873,/mnt/c/Users/puneet/Downloads/DAiSEE/DataSet/Test/510040/5100402063/5100402063.avi,2,1,0.038646538,0.19344182,0.5287109,0.23920071
874,/mnt/c/Users/puneet/Downloads/DAiSEE/DataSet/Test/510040/5100402065/5100402065.avi,2,3,0.038646538,0.19344182,0.5287109,0.23920071
875,/mnt/c/Users/puneet/Downloads/DAiSEE/DataSet/Test/510040/5100402066/5100402066.avi,2,2,0.038646538,0.19344182,0.5287109,0.23920071
876,/mnt/c/Users/puneet/Downloads/DAiSEE/DataSet/Test/510040/5100402067/5100402067.avi,2,2,0.038646538,0.19344182,0.5287109,0.23920071
877,/mnt/c/Users/puneet/Downloads/DAiSEE/DataSet/Test/510040/5100402068/5100402068.avi,2,2,0.038646538,0.19344182,0.5287109,0.23920071
878,/mnt/c/Users/puneet/Downloads/DAiSEE/DataSet/Test/510040/5100402069/5100402069.avi,2,2,0.038646538,0.19344182,0.5287109,0.23920071
879,/mnt/c/Users/puneet/Downloads/DAiSEE/DataSet/Test/510042/5100421001/5100421001.avi,2,3,0.038646538,0.19344182,0.5287109,0.23920071
880,/mnt/c/Users/puneet/Downloads/DAiSEE/DataSet/Test/510042/5100421002/5100421002.avi,2,2,0.038646538,0.19344182,0.5287109,0.23920071
881,/mnt/c/Users/puneet/Downloads/DAiSEE/DataSet/Test/510042/5100421003/5100421003.avi,2,3,0.038646538,0.19344182,0.5287109,0.23920071
882,/mnt/c/Users/puneet/Downloads/DAiSEE/DataSet/Test/510042/5100421005/5100421005.avi,2,3,0.038646538,0.19344182,0.5287109,0.23920071
883,/mnt/c/Users/puneet/Downloads/DAiSEE/DataSet/Test/510042/5100421007/5100421007.avi,2,2,0.038646538,0.19344182,0.5287109,0.23920071
884,/mnt/c/Users/puneet/Downloads/DAiSEE/DataSet/Test/510042/5100421009/5100421009.avi,2,2,0.038646538,0.19344182,0.5287109,0.23920071
885,/mnt/c/Users/puneet/Downloads/DAiSEE/DataSet/Test/510042/5100421011/5100421011.avi,2,2,0.038646538,0.19344182,0.5287109,0.23920071
886,/mnt/c/Users/puneet/Downloads/DAiSEE/DataSet/Test/510042/5100421012/5100421012.avi,2,3,0.038646538,0.19344182,0.5287109,0.23920071
887,/mnt/c/Users/puneet/Downloads/DAiSEE/DataSet/Test/510042/5100421013/5100421013.avi,2,2,0.038646538,0.19344182,0.5287109,0.23920071
888,/mnt/c/Users/puneet/Downloads/DAiSEE/DataSet/Test/510042/5100421015/5100421015.avi,2,3,0.038646538,0.19344182,0.5287109,0.23920071
889,/mnt/c/Users/puneet/Downloads/DAiSEE/DataSet/Test/510042/5100421016/5100421016.avi,2,3,0.038646538,0.19344182,0.5287109,0.23920071
890,/mnt/c/Users/puneet/Downloads/DAiSEE/DataSet/Test/510042/5100421017/5100421017.avi,2,2,0.038646538,0.19344182,0.5287109,0.23920071
891,/mnt/c/Users/puneet/Downloads/DAiSEE/DataSet/Test/510042/5100421018/5100421018.avi,2,2,0.038646538,0.19344182,0.5287109,0.23920071
892,/mnt/c/Users/puneet/Downloads/DAiSEE/DataSet/Test/510042/5100421019/5100421019.avi,2,3,0.038646538,0.19344182,0.5287109,0.23920071
893,/mnt/c/Users/puneet/Downloads/DAiSEE/DataSet/Test/510042/5100421020/5100421020.avi,2,2,0.038646538,0.19344182,0.5287109,0.23920071
894,/mnt/c/Users/puneet/Downloads/DAiSEE/DataSet/Test/510042/5100421021/5100421021.avi,2,3,0.038646538,0.19344182,0.5287109,0.23920071
895,/mnt/c/Users/puneet/Downloads/DAiSEE/DataSet/Test/510042/5100421024/5100421024.avi,2,3,0.038646538,0.19344182,0.5287109,0.23920071
896,/mnt/c/Users/puneet/Downloads/DAiSEE/DataSet/Test/510042/5100421025/5100421025.avi,2,2,0.038646538,0.19344182,0.5287109,0.23920071
897,/mnt/c/Users/puneet/Downloads/DAiSEE/DataSet/Test/510042/5100421026/5100421026.avi,2,3,0.038646538,0.19344182,0.5287109,0.23920071
898,/mnt/c/Users/puneet/Downloads/DAiSEE/DataSet/Test/510042/5100421027/5100421027.avi,2,2,0.038646538,0.19344182,0.5287109,0.23920071
899,/mnt/c/Users/puneet/Downloads/DAiSEE/DataSet/Test/510042/5100421029/5100421029.avi,2,3,0.038646538,0.19344182,0.5287109,0.23920071
900,/mnt/c/Users/puneet/Downloads/DAiSEE/DataSet/Test/510042/5100421032/5100421032.avi,2,3,0.038646538,0.19344182,0.5287109,0.23920071
901,/mnt/c/Users/puneet/Downloads/DAiSEE/DataSet/Test/510042/5100421033/5100421033.avi,2,3,0.038646538,0.19344182,0.5287109,0.23920071
902,/mnt/c/Users/puneet/Downloads/DAiSEE/DataSet/Test/510042/5100421034/5100421034.avi,2,3,0.038646538,0.19344182,0.5287109,0.23920071
903,/mnt/c/Users/puneet/Downloads/DAiSEE/DataSet/Test/510042/5100421038/5100421038.avi,2,2,0.038646538,0.19344182,0.5287109,0.23920071
904,/mnt/c/Users/puneet/Downloads/DAiSEE/DataSet/Test/510042/5100421039/5100421039.avi,2,3,0.038646538,0.19344182,0.5287109,0.23920071
905,/mnt/c/Users/puneet/Downloads/DAiSEE/DataSet/Test/510042/5100421040/5100421040.avi,2,2,0.038646538,0.19344182,0.5287109,0.23920071
906,/mnt/c/Users/puneet/Downloads/DAiSEE/DataSet/Test/510042/5100421041/5100421041.avi,2,2,0.038646538,0.19344182,0.5287109,0.23920071
907,/mnt/c/Users/puneet/Downloads/DAiSEE/DataSet/Test/510042/5100421043/5100421043.avi,2,2,0.038646538,0.19344182,0.5287109,0.23920071
908,/mnt/c/Users/puneet/Downloads/DAiSEE/DataSet/Test/510042/5100421045/5100421045.avi,2,2,0.038646538,0.19344182,0.5287109,0.23920071
909,/mnt/c/Users/puneet/Downloads/DAiSEE/DataSet/Test/510042/5100421047/5100421047.avi,2,2,0.038646538,0.19344182,0.5287109,0.23920071
910,/mnt/c/Users/puneet/Downloads/DAiSEE/DataSet/Test/510042/5100421048/5100421048.avi,2,3,0.038646538,0.19344182,0.5287109,0.23920071
911,/mnt/c/Users/puneet/Downloads/DAiSEE/DataSet/Test/510042/5100421049/5100421049.avi,2,3,0.038646538,0.19344182,0.5287109,0.23920071
912,/mnt/c/Users/puneet/Downloads/DAiSEE/DataSet/Test/510042/5100421050/5100421050.avi,2,2,0.038646538,0.19344182,0.5287109,0.23920071
913,/mnt/c/Users/puneet/Downloads/DAiSEE/DataSet/Test/510042/5100421051/5100421051.avi,2,2,0.038646538,0.19344182,0.5287109,0.23920071
914,/mnt/c/Users/puneet/Downloads/DAiSEE/DataSet/Test/510042/5100421052/5100421052.avi,2,2,0.038646538,0.19344182,0.5287109,0.23920071
915,/mnt/c/Users/puneet/Downloads/DAiSEE/DataSet/Test/510042/5100421053/5100421053.avi,2,3,0.038646538,0.19344182,0.5287109,0.23920071
916,/mnt/c/Users/puneet/Downloads/DAiSEE/DataSet/Test/510042/5100421054/5100421054.avi,2,2,0.038646538,0.19344182,0.5287109,0.23920071
917,/mnt/c/Users/puneet/Downloads/DAiSEE/DataSet/Test/510042/5100421056/5100421056.avi,2,3,0.038646538,0.19344182,0.5287109,0.23920071
918,/mnt/c/Users/puneet/Downloads/DAiSEE/DataSet/Test/510042/5100421057/5100421057.avi,2,3,0.038646538,0.19344182,0.5287109,0.23920071
919,/mnt/c/Users/puneet/Downloads/DAiSEE/DataSet/Test/510042/5100421058/5100421058.avi,2,2,0.038646538,0.19344182,0.5287109,0.23920071
920,/mnt/c/Users/puneet/Downloads/DAiSEE/DataSet/Test/510042/5100421059/5100421059.avi,2,2,0.038646538,0.19344182,0.5287109,0.23920071
921,/mnt/c/Users/puneet/Downloads/DAiSEE/DataSet/Test/510042/5100421060/5100421060.avi,2,2,0.038646538,0.19344182,0.5287109,0.23920071
922,/mnt/c/Users/puneet/Downloads/DAiSEE/DataSet/Test/510042/5100421061/5100421061.avi,2,2,0.038646538,0.19344182,0.5287109,0.23920071
923,/mnt/c/Users/puneet/Downloads/DAiSEE/DataSet/Test/510042/5100421062/5100421062.avi,2,3,0.038646538,0.19344182,0.5287109,0.23920071
924,/mnt/c/Users/puneet/Downloads/DAiSEE/DataSet/Test/510042/5100421063/5100421063.avi,2,2,0.038646538,0.19344182,0.5287109,0.23920071
925,/mnt/c/Users/puneet/Downloads/DAiSEE/DataSet/Test/510042/5100421064/5100421064.avi,2,3,0.038646538,0.19344182,0.5287109,0.23920071
926,/mnt/c/Users/puneet/Downloads/DAiSEE/DataSet/Test/510042/5100421065/5100421065.avi,2,3,0.038646538,0.19344182,0.5287109,0.23920071
927,/mnt/c/Users/puneet/Downloads/DAiSEE/DataSet/Test/510042/5100421067/5100421067.avi,2,2,0.038646538,0.19344182,0.5287109,0.23920071
928,/mnt/c/Users/puneet/Downloads/DAiSEE/DataSet/Test/510042/5100421068/5100421068.avi,2,3,0.038646538,0.19344182,0.5287109,0.23920071
929,/mnt/c/Users/puneet/Downloads/DAiSEE/DataSet/Test/510042/5100421069/5100421069.avi,2,2,0.038646538,0.19344182,0.5287109,0.23920071
930,/mnt/c/Users/puneet/Downloads/DAiSEE/DataSet/Test/510042/5100421070/5100421070.avi,2,3,0.038646538,0.19344182,0.5287109,0.23920071
931,/mnt/c/Users/puneet/Downloads/DAiSEE/DataSet/Test/510042/5100421071/5100421071.avi,2,2,0.038646538,0.19344182,0.5287109,0.23920071
932,/mnt/c/Users/puneet/Downloads/DAiSEE/DataSet/Test/510042/5100421072/5100421072.avi,2,2,0.038646538,0.19344182,0.5287109,0.23920071
933,/mnt/c/Users/puneet/Downloads/DAiSEE/DataSet/Test/510042/5100421073/5100421073.avi,2,3,0.038646538,0.19344182,0.5287109,0.23920071
934,/mnt/c/Users/puneet/Downloads/DAiSEE/DataSet/Test/510042/5100421074/5100421074.avi,2,2,0.038646538,0.19344182,0.5287109,0.23920071
935,/mnt/c/Users/puneet/Downloads/DAiSEE/DataSet/Test/510042/5100421076/5100421076.avi,2,3,0.038646538,0.19344182,0.5287109,0.23920071
936,/mnt/c/Users/puneet/Downloads/DAiSEE/DataSet/Test/510042/5100421078/5100421078.avi,2,3,0.038646538,0.19344182,0.5287109,0.23920071
937,/mnt/c/Users/puneet/Downloads/DAiSEE/DataSet/Test/510042/5100421079/5100421079.avi,2,3,0.038646538,0.19344182,0.5287109,0.23920071
938,/mnt/c/Users/puneet/Downloads/DAiSEE/DataSet/Test/510042/5100421080/5100421080.avi,2,3,0.038646538,0.19344182,0.5287109,0.23920071
939,/mnt/c/Users/puneet/Downloads/DAiSEE/DataSet/Test/510042/5100421081/5100421081.avi,2,3,0.038646538,0.19344182,0.5287109,0.23920071
940,/mnt/c/Users/puneet/Downloads/DAiSEE/DataSet/Test/510042/5100422002/5100422002.avi,2,2,0.038646538,0.19344182,0.5287109,0.23920071
941,/mnt/c/Users/puneet/Downloads/DAiSEE/DataSet/Test/510042/5100422003/5100422003.avi,2,2,0.038646538,0.19344182,0.5287109,0.23920071
942,/mnt/c/Users/puneet/Downloads/DAiSEE/DataSet/Test/510042/5100422004/5100422004.avi,2,3,0.038646538,0.19344182,0.5287109,0.23920071
943,/mnt/c/Users/puneet/Downloads/DAiSEE/DataSet/Test/510042/5100422005/5100422005.avi,2,2,0.038646538,0.19344182,0.5287109,0.23920071
944,/mnt/c/Users/puneet/Downloads/DAiSEE/DataSet/Test/510042/5100422006/5100422006.avi,2,3,0.038646538,0.19344182,0.5287109,0.23920071
945,/mnt/c/Users/puneet/Downloads/DAiSEE/DataSet/Test/510042/5100422007/5100422007.avi,2,2,0.038646538,0.19344182,0.5287109,0.23920071
946,/mnt/c/Users/puneet/Downloads/DAiSEE/DataSet/Test/510042/5100422008/5100422008.avi,2,2,0.038646538,0.19344182,0.5287109,0.23920071
947,/mnt/c/Users/puneet/Downloads/DAiSEE/DataSet/Test/510042/5100422009/5100422009.avi,2,2,0.038646538,0.19344182,0.5287109,0.23920071
948,/mnt/c/Users/puneet/Downloads/DAiSEE/DataSet/Test/510042/5100422011/5100422011.avi,2,2,0.038646538,0.19344182,0.5287109,0.23920071
949,/mnt/c/Users/puneet/Downloads/DAiSEE/DataSet/Test/510042/5100422012/5100422012.avi,2,3,0.038646538,0.19344182,0.5287109,0.23920071
950,/mnt/c/Users/puneet/Downloads/DAiSEE/DataSet/Test/510042/5100422013/5100422013.avi,2,2,0.038646538,0.19344182,0.5287109,0.23920071
951,/mnt/c/Users/puneet/Downloads/DAiSEE/DataSet/Test/510042/5100422014/5100422014.avi,2,2,0.038646538,0.19344182,0.5287109,0.23920071
952,/mnt/c/Users/puneet/Downloads/DAiSEE/DataSet/Test/510042/5100422016/5100422016.avi,2,2,0.038646538,0.19344182,0.5287109,0.23920071
953,/mnt/c/Users/puneet/Downloads/DAiSEE/DataSet/Test/510042/5100422017/5100422017.avi,2,3,0.038646538,0.19344182,0.5287109,0.23920071
954,/mnt/c/Users/puneet/Downloads/DAiSEE/DataSet/Test/510042/5100422018/5100422018.avi,2,2,0.038646538,0.19344182,0.5287109,0.23920071
955,/mnt/c/Users/puneet/Downloads/DAiSEE/DataSet/Test/510042/5100422019/5100422019.avi,2,3,0.038646538,0.19344182,0.5287109,0.23920071
956,/mnt/c/Users/puneet/Downloads/DAiSEE/DataSet/Test/510042/5100422022/5100422022.avi,2,2,0.038646538,0.19344182,0.5287109,0.23920071
957,/mnt/c/Users/puneet/Downloads/DAiSEE/DataSet/Test/510042/5100422023/5100422023.avi,2,2,0.038646538,0.19344182,0.5287109,0.23920071
958,/mnt/c/Users/puneet/Downloads/DAiSEE/DataSet/Test/510042/5100422024/5100422024.avi,2,2,0.038646538,0.19344182,0.5287109,0.23920071
959,/mnt/c/Users/puneet/Downloads/DAiSEE/DataSet/Test/510042/5100422025/5100422025.avi,2,3,0.038646538,0.19344182,0.5287109,0.23920071
960,/mnt/c/Users/puneet/Downloads/DAiSEE/DataSet/Test/510042/5100422026/5100422026.avi,2,3,0.038646538,0.19344182,0.5287109,0.23920071
961,/mnt/c/Users/puneet/Downloads/DAiSEE/DataSet/Test/510042/5100422027/5100422027.avi,2,2,0.038646538,0.19344182,0.5287109,0.23920071
962,/mnt/c/Users/puneet/Downloads/DAiSEE/DataSet/Test/510042/5100422028/5100422028.avi,2,3,0.038646538,0.19344182,0.5287109,0.23920071
963,/mnt/c/Users/puneet/Downloads/DAiSEE/DataSet/Test/510042/5100422029/5100422029.avi,2,2,0.038646538,0.19344182,0.5287109,0.23920071
964,/mnt/c/Users/puneet/Downloads/DAiSEE/DataSet/Test/510042/5100422030/5100422030.avi,2,2,0.038646538,0.19344182,0.5287109,0.23920071
965,/mnt/c/Users/puneet/Downloads/DAiSEE/DataSet/Test/510042/5100422033/5100422033.avi,2,2,0.038646538,0.19344182,0.5287109,0.23920071
966,/mnt/c/Users/puneet/Downloads/DAiSEE/DataSet/Test/510042/5100422034/5100422034.avi,2,2,0.038646538,0.19344182,0.5287109,0.23920071
967,/mnt/c/Users/puneet/Downloads/DAiSEE/DataSet/Test/510042/5100422035/5100422035.avi,2,2,0.038646538,0.19344182,0.5287109,0.23920071
968,/mnt/c/Users/puneet/Downloads/DAiSEE/DataSet/Test/510042/5100422036/5100422036.avi,2,3,0.038646538,0.19344182,0.5287109,0.23920071
969,/mnt/c/Users/puneet/Downloads/DAiSEE/DataSet/Test/510042/5100422037/5100422037.avi,2,2,0.038646538,0.19344182,0.5287109,0.23920071
970,/mnt/c/Users/puneet/Downloads/DAiSEE/DataSet/Test/510042/5100422038/5100422038.avi,2,3,0.038646538,0.19344182,0.5287109,0.23920071
971,/mnt/c/Users/puneet/Downloads/DAiSEE/DataSet/Test/510042/5100422039/5100422039.avi,2,3,0.038646538,0.19344182,0.5287109,0.23920071
972,/mnt/c/Users/puneet/Downloads/DAiSEE/DataSet/Test/510042/5100422041/5100422041.avi,2,2,0.038646538,0.19344182,0.5287109,0.23920071
973,/mnt/c/Users/puneet/Downloads/DAiSEE/DataSet/Test/510042/5100422042/5100422042.avi,2,3,0.038646538,0.19344182,0.5287109,0.23920071
974,/mnt/c/Users/puneet/Downloads/DAiSEE/DataSet/Test/510042/5100422044/5100422044.avi,2,2,0.038646538,0.19344182,0.5287109,0.23920071
975,/mnt/c/Users/puneet/Downloads/DAiSEE/DataSet/Test/510042/5100422045/5100422045.avi,2,2,0.038646538,0.19344182,0.5287109,0.23920071
976,/mnt/c/Users/puneet/Downloads/DAiSEE/DataSet/Test/510042/5100422046/5100422046.avi,2,3,0.038646538,0.19344182,0.5287109,0.23920071
977,/mnt/c/Users/puneet/Downloads/DAiSEE/DataSet/Test/510042/5100422047/5100422047.avi,2,2,0.038646538,0.19344182,0.5287109,0.23920071
978,/mnt/c/Users/puneet/Downloads/DAiSEE/DataSet/Test/510042/5100422049/5100422049.avi,2,2,0.038646538,0.19344182,0.5287109,0.23920071
979,/mnt/c/Users/puneet/Downloads/DAiSEE/DataSet/Test/510042/5100422050/5100422050.avi,2,3,0.038646538,0.19344182,0.5287109,0.23920071
980,/mnt/c/Users/puneet/Downloads/DAiSEE/DataSet/Test/510042/5100422051/5100422051.avi,2,2,0.038646538,0.19344182,0.5287109,0.23920071
981,/mnt/c/Users/puneet/Downloads/DAiSEE/DataSet/Test/510042/5100422052/5100422052.avi,2,2,0.038646538,0.19344182,0.5287109,0.23920071
982,/mnt/c/Users/puneet/Downloads/DAiSEE/DataSet/Test/510042/5100422055/5100422055.avi,2,3,0.038646538,0.19344182,0.5287109,0.23920071
983,/mnt/c/Users/puneet/Downloads/DAiSEE/DataSet/Test/510042/5100422056/5100422056.avi,2,3,0.038646538,0.19344182,0.5287109,0.23920071
984,/mnt/c/Users/puneet/Downloads/DAiSEE/DataSet/Test/510042/5100422057/5100422057.avi,2,2,0.038646538,0.19344182,0.5287109,0.23920071
985,/mnt/c/Users/puneet/Downloads/DAiSEE/DataSet/Test/510042/5100422058/5100422058.avi,2,2,0.038646538,0.19344182,0.5287109,0.23920071
986,/mnt/c/Users/puneet/Downloads/DAiSEE/DataSet/Test/510042/5100422059/5100422059.avi,2,3,0.038646538,0.19344182,0.5287109,0.23920071
987,/mnt/c/Users/puneet/Downloads/DAiSEE/DataSet/Test/510042/5100422060/5100422060.avi,2,2,0.038646538,0.19344182,0.5287109,0.23920071
988,/mnt/c/Users/puneet/Downloads/DAiSEE/DataSet/Test/510042/5100422061/5100422061.avi,2,3,0.038646538,0.19344182,0.5287109,0.23920071
989,/mnt/c/Users/puneet/Downloads/DAiSEE/DataSet/Test/510042/5100422062/5100422062.avi,2,2,0.038646538,0.19344182,0.5287109,0.23920071
990,/mnt/c/Users/puneet/Downloads/DAiSEE/DataSet/Test/510042/5100422063/5100422063.avi,2,3,0.038646538,0.19344182,0.5287109,0.23920071
991,/mnt/c/Users/puneet/Downloads/DAiSEE/DataSet/Test/510042/5100422065/5100422065.avi,2,3,0.038646538,0.19344182,0.5287109,0.23920071
992,/mnt/c/Users/puneet/Downloads/DAiSEE/DataSet/Test/510042/5100422066/5100422066.avi,2,2,0.038646538,0.19344182,0.5287109,0.23920071
993,/mnt/c/Users/puneet/Downloads/DAiSEE/DataSet/Test/510042/5100422067/5100422067.avi,2,2,0.038646538,0.19344182,0.5287109,0.23920071
994,/mnt/c/Users/puneet/Downloads/DAiSEE/DataSet/Test/510042/5100422068/5100422068.avi,2,2,0.038646538,0.19344182,0.5287109,0.23920071
995,/mnt/c/Users/puneet/Downloads/DAiSEE/DataSet/Test/510042/5100422069/5100422069.avi,2,2,0.038646538,0.19344182,0.5287109,0.23920071
996,/mnt/c/Users/puneet/Downloads/DAiSEE/DataSet/Test/510042/5100422071/5100422071.avi,2,3,0.038646538,0.19344182,0.5287109,0.23920071
997,/mnt/c/Users/puneet/Downloads/DAiSEE/DataSet/Test/510042/5100422072/5100422072.avi,2,2,0.038646538,0.19344182,0.5287109,0.23920071
998,/mnt/c/Users/puneet/Downloads/DAiSEE/DataSet/Test/510042/5100422073/5100422073.avi,2,2,0.038646538,0.19344182,0.5287109,0.23920071
999,/mnt/c/Users/puneet/Downloads/DAiSEE/DataSet/Test/510042/5100422074/5100422074.avi,2,2,0.038646538,0.19344182,0.5287109,0.23920071
1000,/mnt/c/Users/puneet/Downloads/DAiSEE/DataSet/Test/510042/5100422075/5100422075.avi,2,3,0.038646538,0.19344182,0.5287109,0.23920071
1001,/mnt/c/Users/puneet/Downloads/DAiSEE/DataSet/Test/510042/5100422077/5100422077.avi,2,2,0.038646538,0.19344182,0.5287109,0.23920071
1002,/mnt/c/Users/puneet/Downloads/DAiSEE/DataSet/Test/510042/5100422078/5100422078.avi,2,2,0.038646538,0.19344182,0.5287109,0.23920071
1003,/mnt/c/Users/puneet/Downloads/DAiSEE/DataSet/Test/510042/5100422079/5100422079.avi,2,3,0.038646538,0.19344182,0.5287109,0.23920071
1004,/mnt/c/Users/puneet/Downloads/DAiSEE/DataSet/Test/510042/5100422080/5100422080.avi,2,2,0.038646538,0.19344182,0.5287109,0.23920071
1005,/mnt/c/Users/puneet/Downloads/DAiSEE/DataSet/Test/510042/5100422081/5100422081.avi,2,2,0.038646538,0.19344182,0.5287109,0.23920071
1006,/mnt/c/Users/puneet/Downloads/DAiSEE/DataSet/Test/510042/5100422084/5100422084.avi,2,2,0.038646538,0.19344182,0.5287109,0.23920071
1007,/mnt/c/Users/puneet/Downloads/DAiSEE/DataSet/Test/510042/5100422085/5100422085.avi,2,2,0.038646538,0.19344182,0.5287109,0.23920071
1008,/mnt/c/Users/puneet/Downloads/DAiSEE/DataSet/Test/510045/5100451001/5100451001.avi,2,2,0.038646538,0.19344182,0.5287109,0.23920071
1009,/mnt/c/Users/puneet/Downloads/DAiSEE/DataSet/Test/510045/5100451003/5100451003.avi,2,3,0.038646538,0.19344182,0.5287109,0.23920071
1010,/mnt/c/Users/puneet/Downloads/DAiSEE/DataSet/Test/510045/5100451004/5100451004.avi,2,3,0.038646538,0.19344182,0.5287109,0.23920071
1011,/mnt/c/Users/puneet/Downloads/DAiSEE/DataSet/Test/510045/5100451006/5100451006.avi,2,3,0.038646538,0.19344182,0.5287109,0.23920071
1012,/mnt/c/Users/puneet/Downloads/DAiSEE/DataSet/Test/510045/5100451007/5100451007.avi,2,3,0.038646538,0.19344182,0.5287109,0.23920071
1013,/mnt/c/Users/puneet/Downloads/DAiSEE/DataSet/Test/510045/5100451012/5100451012.avi,2,3,0.038646538,0.19344182,0.5287109,0.23920071
1014,/mnt/c/Users/puneet/Downloads/DAiSEE/DataSet/Test/510045/5100451013/5100451013.avi,2,3,0.038646538,0.19344182,0.5287109,0.23920071
1015,/mnt/c/Users/puneet/Downloads/DAiSEE/DataSet/Test/510045/5100451015/5100451015.avi,2,3,0.038646538,0.19344182,0.5287109,0.23920071
1016,/mnt/c/Users/puneet/Downloads/DAiSEE/DataSet/Test/510045/5100451016/5100451016.avi,2,3,0.038646538,0.19344182,0.5287109,0.23920071
1017,/mnt/c/Users/puneet/Downloads/DAiSEE/DataSet/Test/510045/5100451017/5100451017.avi,2,2,0.038646538,0.19344182,0.5287109,0.23920071
1018,/mnt/c/Users/puneet/Downloads/DAiSEE/DataSet/Test/510045/5100451018/5100451018.avi,2,3,0.038646538,0.19344182,0.5287109,0.23920071
1019,/mnt/c/Users/puneet/Downloads/DAiSEE/DataSet/Test/510045/5100451019/5100451019.avi,2,3,0.038646538,0.19344182,0.5287109,0.23920071
1020,/mnt/c/Users/puneet/Downloads/DAiSEE/DataSet/Test/510045/5100451020/5100451020.avi,2,2,0.038646538,0.19344182,0.5287109,0.23920071
1021,/mnt/c/Users/puneet/Downloads/DAiSEE/DataSet/Test/510045/5100451024/5100451024.avi,2,3,0.038646538,0.19344182,0.5287109,0.23920071
1022,/mnt/c/Users/puneet/Downloads/DAiSEE/DataSet/Test/510045/5100451026/5100451026.avi,2,3,0.038646538,0.19344182,0.5287109,0.23920071
1023,/mnt/c/Users/puneet/Downloads/DAiSEE/DataSet/Test/510045/5100451027/5100451027.avi,2,3,0.038646538,0.19344182,0.5287109,0.23920071
1024,/mnt/c/Users/puneet/Downloads/DAiSEE/DataSet/Test/510045/5100451033/5100451033.avi,2,2,0.038646538,0.19344182,0.5287109,0.23920071
1025,/mnt/c/Users/puneet/Downloads/DAiSEE/DataSet/Test/510045/5100451034/5100451034.avi,2,3,0.038646538,0.19344182,0.5287109,0.23920071
1026,/mnt/c/Users/puneet/Downloads/DAiSEE/DataSet/Test/510045/5100451035/5100451035.avi,2,3,0.038646538,0.19344182,0.5287109,0.23920071
1027,/mnt/c/Users/puneet/Downloads/DAiSEE/DataSet/Test/510045/5100451036/5100451036.avi,2,2,0.038646538,0.19344182,0.5287109,0.23920071
1028,/mnt/c/Users/puneet/Downloads/DAiSEE/DataSet/Test/510045/5100451038/5100451038.avi,2,2,0.038646538,0.19344182,0.5287109,0.23920071
1029,/mnt/c/Users/puneet/Downloads/DAiSEE/DataSet/Test/510045/5100451041/5100451041.avi,2,3,0.038646538,0.19344182,0.5287109,0.23920071
1030,/mnt/c/Users/puneet/Downloads/DAiSEE/DataSet/Test/510045/5100451043/5100451043.avi,2,2,0.038646538,0.19344182,0.5287109,0.23920071
1031,/mnt/c/Users/puneet/Downloads/DAiSEE/DataSet/Test/510045/5100451044/5100451044.avi,2,3,0.038646538,0.19344182,0.5287109,0.23920071
1032,/mnt/c/Users/puneet/Downloads/DAiSEE/DataSet/Test/510045/5100451045/5100451045.avi,2,2,0.038646538,0.19344182,0.5287109,0.23920071
1033,/mnt/c/Users/puneet/Downloads/DAiSEE/DataSet/Test/510045/5100451049/5100451049.avi,2,3,0.038646538,0.19344182,0.5287109,0.23920071
1034,/mnt/c/Users/puneet/Downloads/DAiSEE/DataSet/Test/510045/5100451050/5100451050.avi,2,3,0.038646538,0.19344182,0.5287109,0.23920071
1035,/mnt/c/Users/puneet/Downloads/DAiSEE/DataSet/Test/510045/5100451051/5100451051.avi,2,2,0.038646538,0.19344182,0.5287109,0.23920071
1036,/mnt/c/Users/puneet/Downloads/DAiSEE/DataSet/Test/510045/5100451052/5100451052.avi,2,3,0.038646538,0.19344182,0.5287109,0.23920071
1037,/mnt/c/Users/puneet/Downloads/DAiSEE/DataSet/Test/510045/5100451055/5100451055.avi,2,2,0.038646538,0.19344182,0.5287109,0.23920071
1038,/mnt/c/Users/puneet/Downloads/DAiSEE/DataSet/Test/510045/5100451056/5100451056.avi,2,3,0.038646538,0.19344182,0.5287109,0.23920071
1039,/mnt/c/Users/puneet/Downloads/DAiSEE/DataSet/Test/510045/5100451059/5100451059.avi,2,3,0.038646538,0.19344182,0.5287109,0.23920071
1040,/mnt/c/Users/puneet/Downloads/DAiSEE/DataSet/Test/510045/5100451060/5100451060.avi,2,3,0.038646538,0.19344182,0.5287109,0.23920071
1041,/mnt/c/Users/puneet/Downloads/DAiSEE/DataSet/Test/510045/5100451061/5100451061.avi,2,3,0.038646538,0.19344182,0.5287109,0.23920071
1042,/mnt/c/Users/puneet/Downloads/DAiSEE/DataSet/Test/510045/5100451064/5100451064.avi,2,2,0.038646538,0.19344182,0.5287109,0.23920071
1043,/mnt/c/Users/puneet/Downloads/DAiSEE/DataSet/Test/510045/5100451065/5100451065.avi,2,3,0.038646538,0.19344182,0.5287109,0.23920071
1044,/mnt/c/Users/puneet/Downloads/DAiSEE/DataSet/Test/510045/5100451066/5100451066.avi,2,2,0.038646538,0.19344182,0.5287109,0.23920071
1045,/mnt/c/Users/puneet/Downloads/DAiSEE/DataSet/Test/510045/5100451067/5100451067.avi,2,3,0.038646538,0.19344182,0.5287109,0.23920071
1046,/mnt/c/Users/puneet/Downloads/DAiSEE/DataSet/Test/510045/5100451070/5100451070.avi,2,3,0.038646538,0.19344182,0.5287109,0.23920071
1047,/mnt/c/Users/puneet/Downloads/DAiSEE/DataSet/Test/510045/5100451071/5100451071.avi,2,3,0.038646538,0.19344182,0.5287109,0.23920071
1048,/mnt/c/Users/puneet/Downloads/DAiSEE/DataSet/Test/510045/5100452002/5100452002.avi,2,2,0.038646538,0.19344182,0.5287109,0.23920071
1049,/mnt/c/Users/puneet/Downloads/DAiSEE/DataSet/Test/510045/5100452004/5100452004.avi,2,3,0.038646538,0.19344182,0.5287109,0.23920071
1050,/mnt/c/Users/puneet/Downloads/DAiSEE/DataSet/Test/510045/5100452005/5100452005.avi,2,2,0.038646538,0.19344182,0.5287109,0.23920071
1051,/mnt/c/Users/puneet/Downloads/DAiSEE/DataSet/Test/510045/5100452006/5100452006.avi,2,3,0.038646538,0.19344182,0.5287109,0.23920071
1052,/mnt/c/Users/puneet/Downloads/DAiSEE/DataSet/Test/510045/5100452007/5100452007.avi,2,2,0.038646538,0.19344182,0.5287109,0.23920071
1053,/mnt/c/Users/puneet/Downloads/DAiSEE/DataSet/Test/510045/5100452008/5100452008.avi,2,3,0.038646538,0.19344182,0.5287109,0.23920071
1054,/mnt/c/Users/puneet/Downloads/DAiSEE/DataSet/Test/510045/5100452009/5100452009.avi,2,3,0.038646538,0.19344182,0.5287109,0.23920071
1055,/mnt/c/Users/puneet/Downloads/DAiSEE/DataSet/Test/510045/5100452010/5100452010.avi,2,2,0.038646538,0.19344182,0.5287109,0.23920071
1056,/mnt/c/Users/puneet/Downloads/DAiSEE/DataSet/Test/510045/5100452011/5100452011.avi,2,2,0.038646538,0.19344182,0.5287109,0.23920071
1057,/mnt/c/Users/puneet/Downloads/DAiSEE/DataSet/Test/510045/5100452012/5100452012.avi,2,3,0.038646538,0.19344182,0.5287109,0.23920071
1058,/mnt/c/Users/puneet/Downloads/DAiSEE/DataSet/Test/510045/5100452013/5100452013.avi,2,3,0.038646538,0.19344182,0.5287109,0.23920071
1059,/mnt/c/Users/puneet/Downloads/DAiSEE/DataSet/Test/510045/5100452014/5100452014.avi,2,3,0.038646538,0.19344182,0.5287109,0.23920071
1060,/mnt/c/Users/puneet/Downloads/DAiSEE/DataSet/Test/510045/5100452016/5100452016.avi,2,1,0.038646538,0.19344182,0.5287109,0.23920071
1061,/mnt/c/Users/puneet/Downloads/DAiSEE/DataSet/Test/510045/5100452017/5100452017.avi,2,3,0.038646538,0.19344182,0.5287109,0.23920071
1062,/mnt/c/Users/puneet/Downloads/DAiSEE/DataSet/Test/510045/5100452018/5100452018.avi,2,3,0.038646538,0.19344182,0.5287109,0.23920071
1063,/mnt/c/Users/puneet/Downloads/DAiSEE/DataSet/Test/510045/5100452021/5100452021.avi,2,2,0.038646538,0.19344182,0.5287109,0.23920071
1064,/mnt/c/Users/puneet/Downloads/DAiSEE/DataSet/Test/510045/5100452023/5100452023.avi,2,2,0.038646538,0.19344182,0.5287109,0.23920071
1065,/mnt/c/Users/puneet/Downloads/DAiSEE/DataSet/Test/510045/5100452025/5100452025.avi,2,2,0.038646538,0.19344182,0.5287109,0.23920071
1066,/mnt/c/Users/puneet/Downloads/DAiSEE/DataSet/Test/510045/5100452027/5100452027.avi,2,2,0.038646538,0.19344182,0.5287109,0.23920071
1067,/mnt/c/Users/puneet/Downloads/DAiSEE/DataSet/Test/510045/5100452028/5100452028.avi,2,3,0.038646538,0.19344182,0.5287109,0.23920071
1068,/mnt/c/Users/puneet/Downloads/DAiSEE/DataSet/Test/510045/5100452030/5100452030.avi,2,3,0.038646538,0.19344182,0.5287109,0.23920071
1069,/mnt/c/Users/puneet/Downloads/DAiSEE/DataSet/Test/510045/5100452031/5100452031.avi,2,3,0.038646538,0.19344182,0.5287109,0.23920071
1070,/mnt/c/Users/puneet/Downloads/DAiSEE/DataSet/Test/510045/5100452032/5100452032.avi,2,2,0.038646538,0.19344182,0.5287109,0.23920071
1071,/mnt/c/Users/puneet/Downloads/DAiSEE/DataSet/Test/510045/5100452033/5100452033.avi,2,2,0.038646538,0.19344182,0.5287109,0.23920071
1072,/mnt/c/Users/puneet/Downloads/DAiSEE/DataSet/Test/510045/5100452034/5100452034.avi,2,3,0.038646538,0.19344182,0.5287109,0.23920071
1073,/mnt/c/Users/puneet/Downloads/DAiSEE/DataSet/Test/510045/5100452035/5100452035.avi,2,2,0.038646538,0.19344182,0.5287109,0.23920071
1074,/mnt/c/Users/puneet/Downloads/DAiSEE/DataSet/Test/510045/5100452036/5100452036.avi,2,3,0.038646538,0.19344182,0.5287109,0.23920071
1075,/mnt/c/Users/puneet/Downloads/DAiSEE/DataSet/Test/510045/5100452037/5100452037.avi,2,3,0.038646538,0.19344182,0.5287109,0.23920071
1076,/mnt/c/Users/puneet/Downloads/DAiSEE/DataSet/Test/510045/5100452038/5100452038.avi,2,3,0.038646538,0.19344182,0.5287109,0.23920071
1077,/mnt/c/Users/puneet/Downloads/DAiSEE/DataSet/Test/510045/5100452039/5100452039.avi,2,2,0.038646538,0.19344182,0.5287109,0.23920071
1078,/mnt/c/Users/puneet/Downloads/DAiSEE/DataSet/Test/510045/5100452040/5100452040.avi,2,2,0.038646538,0.19344182,0.5287109,0.23920071
1079,/mnt/c/Users/puneet/Downloads/DAiSEE/DataSet/Test/510045/5100452047/5100452047.avi,2,3,0.038646538,0.19344182,0.5287109,0.23920071
1080,/mnt/c/Users/puneet/Downloads/DAiSEE/DataSet/Test/510045/5100452049/5100452049.avi,2,3,0.038646538,0.19344182,0.5287109,0.23920071
1081,/mnt/c/Users/puneet/Downloads/DAiSEE/DataSet/Test/510045/5100452050/5100452050.avi,2,3,0.038646538,0.19344182,0.5287109,0.23920071
1082,/mnt/c/Users/puneet/Downloads/DAiSEE/DataSet/Test/510045/5100452053/5100452053.avi,2,2,0.038646538,0.19344182,0.5287109,0.23920071
1083,/mnt/c/Users/puneet/Downloads/DAiSEE/DataSet/Test/510045/5100452054/5100452054.avi,2,3,0.038646538,0.19344182,0.5287109,0.23920071
1084,/mnt/c/Users/puneet/Downloads/DAiSEE/DataSet/Test/510045/5100452055/5100452055.avi,2,2,0.038646538,0.19344182,0.5287109,0.23920071
1085,/mnt/c/Users/puneet/Downloads/DAiSEE/DataSet/Test/510045/5100452059/5100452059.avi,2,3,0.038646538,0.19344182,0.5287109,0.23920071
1086,/mnt/c/Users/puneet/Downloads/DAiSEE/DataSet/Test/510045/5100452060/5100452060.avi,2,3,0.038646538,0.19344182,0.5287109,0.23920071
1087,/mnt/c/Users/puneet/Downloads/DAiSEE/DataSet/Test/510045/5100452061/5100452061.avi,2,2,0.038646538,0.19344182,0.5287109,0.23920071
1088,/mnt/c/Users/puneet/Downloads/DAiSEE/DataSet/Test/510045/5100452065/5100452065.avi,2,3,0.038646538,0.19344182,0.5287109,0.23920071
1089,/mnt/c/Users/puneet/Downloads/DAiSEE/DataSet/Test/510045/5100452066/5100452066.avi,2,3,0.038646538,0.19344182,0.5287109,0.23920071
1090,/mnt/c/Users/puneet/Downloads/DAiSEE/DataSet/Test/510045/5100452067/5100452067.avi,2,3,0.038646538,0.19344182,0.5287109,0.23920071
1091,/mnt/c/Users/puneet/Downloads/DAiSEE/DataSet/Test/510045/5100452076/5100452076.avi,2,3,0.038646538,0.19344182,0.5287109,0.23920071
1092,/mnt/c/Users/puneet/Downloads/DAiSEE/DataSet/Test/510045/5100452078/5100452078.avi,2,3,0.038646538,0.19344182,0.5287109,0.23920071
1093,/mnt/c/Users/puneet/Downloads/DAiSEE/DataSet/Test/510045/5100452079/5100452079.avi,2,3,0.038646538,0.19344182,0.5287109,0.23920071
1094,/mnt/c/Users/puneet/Downloads/DAiSEE/DataSet/Test/510045/5100452080/5100452080.avi,2,3,0.038646538,0.19344182,0.5287109,0.23920071
1095,/mnt/c/Users/puneet/Downloads/DAiSEE/DataSet/Test/510045/5100452081/5100452081.avi,2,2,0.038646538,0.19344182,0.5287109,0.23920071
1096,/mnt/c/Users/puneet/Downloads/DAiSEE/DataSet/Test/510046/5100461004/5100461004.avi,2,2,0.038646538,0.19344182,0.5287109,0.23920071
1097,/mnt/c/Users/puneet/Downloads/DAiSEE/DataSet/Test/510046/5100461005/5100461005.avi,2,2,0.038646538,0.19344182,0.5287109,0.23920071
1098,/mnt/c/Users/puneet/Downloads/DAiSEE/DataSet/Test/510046/5100461006/5100461006.avi,2,2,0.038646538,0.19344182,0.5287109,0.23920071
1099,/mnt/c/Users/puneet/Downloads/DAiSEE/DataSet/Test/510046/5100461007/5100461007.avi,2,1,0.038646538,0.19344182,0.5287109,0.23920071
1100,/mnt/c/Users/puneet/Downloads/DAiSEE/DataSet/Test/510046/5100461008/5100461008.avi,2,2,0.038646538,0.19344182,0.5287109,0.23920071
1101,/mnt/c/Users/puneet/Downloads/DAiSEE/DataSet/Test/510046/5100461009/5100461009.avi,2,3,0.038646538,0.19344182,0.5287109,0.23920071
1102,/mnt/c/Users/puneet/Downloads/DAiSEE/DataSet/Test/510046/5100461010/5100461010.avi,2,2,0.038646538,0.19344182,0.5287109,0.23920071
1103,/mnt/c/Users/puneet/Downloads/DAiSEE/DataSet/Test/510046/5100461011/5100461011.avi,2,2,0.038646538,0.19344182,0.5287109,0.23920071
1104,/mnt/c/Users/puneet/Downloads/DAiSEE/DataSet/Test/510046/5100461014/5100461014.avi,2,2,0.038646538,0.19344182,0.5287109,0.23920071
1105,/mnt/c/Users/puneet/Downloads/DAiSEE/DataSet/Test/510046/5100461015/5100461015.avi,2,3,0.038646538,0.19344182,0.5287109,0.23920071
1106,/mnt/c/Users/puneet/Downloads/DAiSEE/DataSet/Test/510046/5100461016/5100461016.avi,2,2,0.038646538,0.19344182,0.5287109,0.23920071
1107,/mnt/c/Users/puneet/Downloads/DAiSEE/DataSet/Test/510046/5100461017/5100461017.avi,2,3,0.038646538,0.19344182,0.5287109,0.23920071
1108,/mnt/c/Users/puneet/Downloads/DAiSEE/DataSet/Test/510046/5100461018/5100461018.avi,2,2,0.038646538,0.19344182,0.5287109,0.23920071
1109,/mnt/c/Users/puneet/Downloads/DAiSEE/DataSet/Test/510046/5100461020/5100461020.avi,2,2,0.038646538,0.19344182,0.5287109,0.23920071
1110,/mnt/c/Users/puneet/Downloads/DAiSEE/DataSet/Test/510046/5100461021/5100461021.avi,2,2,0.038646538,0.19344182,0.5287109,0.23920071
1111,/mnt/c/Users/puneet/Downloads/DAiSEE/DataSet/Test/510046/5100461022/5100461022.avi,2,3,0.038646538,0.19344182,0.5287109,0.23920071
1112,/mnt/c/Users/puneet/Downloads/DAiSEE/DataSet/Test/510046/5100461023/5100461023.avi,2,3,0.038646538,0.19344182,0.5287109,0.23920071
1113,/mnt/c/Users/puneet/Downloads/DAiSEE/DataSet/Test/510046/5100461025/5100461025.avi,2,2,0.038646538,0.19344182,0.5287109,0.23920071
1114,/mnt/c/Users/puneet/Downloads/DAiSEE/DataSet/Test/510046/5100461029/5100461029.avi,2,2,0.038646538,0.19344182,0.5287109,0.23920071
1115,/mnt/c/Users/puneet/Downloads/DAiSEE/DataSet/Test/510046/5100461030/5100461030.avi,2,3,0.038646538,0.19344182,0.5287109,0.23920071
1116,/mnt/c/Users/puneet/Downloads/DAiSEE/DataSet/Test/510046/5100461031/5100461031.avi,2,2,0.038646538,0.19344182,0.5287109,0.23920071
1117,/mnt/c/Users/puneet/Downloads/DAiSEE/DataSet/Test/510046/5100461032/5100461032.avi,2,2,0.038646538,0.19344182,0.5287109,0.23920071
1118,/mnt/c/Users/puneet/Downloads/DAiSEE/DataSet/Test/510046/5100461033/5100461033.avi,2,2,0.038646538,0.19344182,0.5287109,0.23920071
1119,/mnt/c/Users/puneet/Downloads/DAiSEE/DataSet/Test/510046/5100461034/5100461034.avi,2,2,0.038646538,0.19344182,0.5287109,0.23920071
1120,/mnt/c/Users/puneet/Downloads/DAiSEE/DataSet/Test/510046/5100461035/5100461035.avi,2,2,0.038646538,0.19344182,0.5287109,0.23920071
1121,/mnt/c/Users/puneet/Downloads/DAiSEE/DataSet/Test/510046/5100461036/5100461036.avi,2,2,0.038646538,0.19344182,0.5287109,0.23920071
1122,/mnt/c/Users/puneet/Downloads/DAiSEE/DataSet/Test/510046/5100461037/5100461037.avi,2,2,0.038646538,0.19344182,0.5287109,0.23920071
1123,/mnt/c/Users/puneet/Downloads/DAiSEE/DataSet/Test/510046/5100461038/5100461038.avi,2,2,0.038646538,0.19344182,0.5287109,0.23920071
1124,/mnt/c/Users/puneet/Downloads/DAiSEE/DataSet/Test/510046/5100461039/5100461039.avi,2,3,0.038646538,0.19344182,0.5287109,0.23920071
1125,/mnt/c/Users/puneet/Downloads/DAiSEE/DataSet/Test/510046/5100461040/5100461040.avi,2,2,0.038646538,0.19344182,0.5287109,0.23920071
1126,/mnt/c/Users/puneet/Downloads/DAiSEE/DataSet/Test/510046/5100461042/5100461042.avi,2,3,0.038646538,0.19344182,0.5287109,0.23920071
1127,/mnt/c/Users/puneet/Downloads/DAiSEE/DataSet/Test/510046/5100461043/5100461043.avi,2,2,0.038646538,0.19344182,0.5287109,0.23920071
1128,/mnt/c/Users/puneet/Downloads/DAiSEE/DataSet/Test/510046/5100461044/5100461044.avi,2,3,0.038646538,0.19344182,0.5287109,0.23920071
1129,/mnt/c/Users/puneet/Downloads/DAiSEE/DataSet/Test/510046/5100461046/5100461046.avi,2,2,0.038646538,0.19344182,0.5287109,0.23920071
1130,/mnt/c/Users/puneet/Downloads/DAiSEE/DataSet/Test/510046/5100461047/5100461047.avi,2,2,0.038646538,0.19344182,0.5287109,0.23920071
1131,/mnt/c/Users/puneet/Downloads/DAiSEE/DataSet/Test/510046/5100461048/5100461048.avi,2,2,0.038646538,0.19344182,0.5287109,0.23920071
1132,/mnt/c/Users/puneet/Downloads/DAiSEE/DataSet/Test/510046/5100461049/5100461049.avi,2,2,0.038646538,0.19344182,0.5287109,0.23920071
1133,/mnt/c/Users/puneet/Downloads/DAiSEE/DataSet/Test/510046/5100461050/5100461050.avi,2,2,0.038646538,0.19344182,0.5287109,0.23920071
1134,/mnt/c/Users/puneet/Downloads/DAiSEE/DataSet/Test/510046/5100461051/5100461051.avi,2,3,0.038646538,0.19344182,0.5287109,0.23920071
1135,/mnt/c/Users/puneet/Downloads/DAiSEE/DataSet/Test/510046/5100461052/5100461052.avi,2,2,0.038646538,0.19344182,0.5287109,0.23920071
1136,/mnt/c/Users/puneet/Downloads/DAiSEE/DataSet/Test/510046/5100461053/5100461053.avi,2,3,0.038646538,0.19344182,0.5287109,0.23920071
1137,/mnt/c/Users/puneet/Downloads/DAiSEE/DataSet/Test/510046/5100461054/5100461054.avi,2,2,0.038646538,0.19344182,0.5287109,0.23920071
1138,/mnt/c/Users/puneet/Downloads/DAiSEE/DataSet/Test/510046/5100461055/5100461055.avi,2,3,0.038646538,0.19344182,0.5287109,0.23920071
1139,/mnt/c/Users/puneet/Downloads/DAiSEE/DataSet/Test/510046/5100461056/5100461056.avi,2,3,0.038646538,0.19344182,0.5287109,0.23920071
1140,/mnt/c/Users/puneet/Downloads/DAiSEE/DataSet/Test/510046/5100461057/5100461057.avi,2,2,0.038646538,0.19344182,0.5287109,0.23920071
1141,/mnt/c/Users/puneet/Downloads/DAiSEE/DataSet/Test/510046/5100461058/5100461058.avi,2,2,0.038646538,0.19344182,0.5287109,0.23920071
1142,/mnt/c/Users/puneet/Downloads/DAiSEE/DataSet/Test/510046/5100461061/5100461061.avi,2,3,0.038646538,0.19344182,0.5287109,0.23920071
1143,/mnt/c/Users/puneet/Downloads/DAiSEE/DataSet/Test/510046/5100461062/5100461062.avi,2,2,0.038646538,0.19344182,0.5287109,0.23920071
1144,/mnt/c/Users/puneet/Downloads/DAiSEE/DataSet/Test/510046/5100461063/5100461063.avi,2,2,0.038646538,0.19344182,0.5287109,0.23920071
1145,/mnt/c/Users/puneet/Downloads/DAiSEE/DataSet/Test/510046/5100461064/5100461064.avi,2,3,0.038646538,0.19344182,0.5287109,0.23920071
1146,/mnt/c/Users/puneet/Downloads/DAiSEE/DataSet/Test/510046/5100461065/5100461065.avi,2,3,0.038646538,0.19344182,0.5287109,0.23920071
1147,/mnt/c/Users/puneet/Downloads/DAiSEE/DataSet/Test/510046/5100461066/5100461066.avi,2,3,0.038646538,0.19344182,0.5287109,0.23920071
1148,/mnt/c/Users/puneet/Downloads/DAiSEE/DataSet/Test/510046/5100461067/5100461067.avi,2,2,0.038646538,0.19344182,0.5287109,0.23920071
1149,/mnt/c/Users/puneet/Downloads/DAiSEE/DataSet/Test/510046/5100461068/5100461068.avi,2,2,0.038646538,0.19344182,0.5287109,0.23920071
1150,/mnt/c/Users/puneet/Downloads/DAiSEE/DataSet/Test/510046/5100461069/5100461069.avi,2,3,0.038646538,0.19344182,0.5287109,0.23920071
1151,/mnt/c/Users/puneet/Downloads/DAiSEE/DataSet/Test/510046/5100462001/5100462001.avi,2,2,0.038646538,0.19344182,0.5287109,0.23920071
1152,/mnt/c/Users/puneet/Downloads/DAiSEE/DataSet/Test/510046/5100462002/5100462002.avi,2,2,0.038646538,0.19344182,0.5287109,0.23920071
1153,/mnt/c/Users/puneet/Downloads/DAiSEE/DataSet/Test/510046/5100462003/5100462003.avi,2,1,0.038646538,0.19344182,0.5287109,0.23920071
1154,/mnt/c/Users/puneet/Downloads/DAiSEE/DataSet/Test/510046/5100462005/5100462005.avi,2,2,0.038646538,0.19344182,0.5287109,0.23920071
1155,/mnt/c/Users/puneet/Downloads/DAiSEE/DataSet/Test/510046/5100462009/5100462009.avi,2,2,0.038646538,0.19344182,0.5287109,0.23920071
1156,/mnt/c/Users/puneet/Downloads/DAiSEE/DataSet/Test/510046/5100462010/5100462010.avi,2,3,0.038646538,0.19344182,0.5287109,0.23920071
1157,/mnt/c/Users/puneet/Downloads/DAiSEE/DataSet/Test/510046/5100462011/5100462011.avi,2,3,0.038646538,0.19344182,0.5287109,0.23920071
1158,/mnt/c/Users/puneet/Downloads/DAiSEE/DataSet/Test/510046/5100462012/5100462012.avi,2,2,0.038646538,0.19344182,0.5287109,0.23920071
1159,/mnt/c/Users/puneet/Downloads/DAiSEE/DataSet/Test/510046/5100462014/5100462014.avi,2,3,0.038646538,0.19344182,0.5287109,0.23920071
1160,/mnt/c/Users/puneet/Downloads/DAiSEE/DataSet/Test/510046/5100462015/5100462015.avi,2,2,0.038646538,0.19344182,0.5287109,0.23920071
1161,/mnt/c/Users/puneet/Downloads/DAiSEE/DataSet/Test/510046/5100462016/5100462016.avi,2,2,0.038646538,0.19344182,0.5287109,0.23920071
1162,/mnt/c/Users/puneet/Downloads/DAiSEE/DataSet/Test/510046/5100462017/5100462017.avi,2,2,0.038646538,0.19344182,0.5287109,0.23920071
1163,/mnt/c/Users/puneet/Downloads/DAiSEE/DataSet/Test/510046/5100462018/5100462018.avi,2,2,0.038646538,0.19344182,0.5287109,0.23920071
1164,/mnt/c/Users/puneet/Downloads/DAiSEE/DataSet/Test/510046/5100462019/5100462019.avi,2,2,0.038646538,0.19344182,0.5287109,0.23920071
1165,/mnt/c/Users/puneet/Downloads/DAiSEE/DataSet/Test/510046/5100462021/5100462021.avi,2,3,0.038646538,0.19344182,0.5287109,0.23920071
1166,/mnt/c/Users/puneet/Downloads/DAiSEE/DataSet/Test/510046/5100462022/5100462022.avi,2,2,0.038646538,0.19344182,0.5287109,0.23920071
1167,/mnt/c/Users/puneet/Downloads/DAiSEE/DataSet/Test/510046/5100462023/5100462023.avi,2,2,0.038646538,0.19344182,0.5287109,0.23920071
1168,/mnt/c/Users/puneet/Downloads/DAiSEE/DataSet/Test/510046/5100462024/5100462024.avi,2,2,0.038646538,0.19344182,0.5287109,0.23920071
1169,/mnt/c/Users/puneet/Downloads/DAiSEE/DataSet/Test/510046/5100462025/5100462025.avi,2,2,0.038646538,0.19344182,0.5287109,0.23920071
1170,/mnt/c/Users/puneet/Downloads/DAiSEE/DataSet/Test/510046/5100462026/5100462026.avi,2,3,0.038646538,0.19344182,0.5287109,0.23920071
1171,/mnt/c/Users/puneet/Downloads/DAiSEE/DataSet/Test/510046/5100462027/5100462027.avi,2,2,0.038646538,0.19344182,0.5287109,0.23920071
1172,/mnt/c/Users/puneet/Downloads/DAiSEE/DataSet/Test/510046/5100462028/5100462028.avi,2,3,0.038646538,0.19344182,0.5287109,0.23920071
1173,/mnt/c/Users/puneet/Downloads/DAiSEE/DataSet/Test/510046/5100462029/5100462029.avi,2,3,0.038646538,0.19344182,0.5287109,0.23920071
1174,/mnt/c/Users/puneet/Downloads/DAiSEE/DataSet/Test/510046/5100462031/5100462031.avi,2,2,0.038646538,0.19344182,0.5287109,0.23920071
1175,/mnt/c/Users/puneet/Downloads/DAiSEE/DataSet/Test/510046/5100462032/5100462032.avi,2,2,0.038646538,0.19344182,0.5287109,0.23920071
1176,/mnt/c/Users/puneet/Downloads/DAiSEE/DataSet/Test/510046/5100462033/5100462033.avi,2,2,0.038646538,0.19344182,0.5287109,0.23920071
1177,/mnt/c/Users/puneet/Downloads/DAiSEE/DataSet/Test/510046/5100462035/5100462035.avi,2,3,0.038646538,0.19344182,0.5287109,0.23920071
1178,/mnt/c/Users/puneet/Downloads/DAiSEE/DataSet/Test/510046/5100462037/5100462037.avi,2,3,0.038646538,0.19344182,0.5287109,0.23920071
1179,/mnt/c/Users/puneet/Downloads/DAiSEE/DataSet/Test/510046/5100462038/5100462038.avi,2,2,0.038646538,0.19344182,0.5287109,0.23920071
1180,/mnt/c/Users/puneet/Downloads/DAiSEE/DataSet/Test/510046/5100462039/5100462039.avi,2,2,0.038646538,0.19344182,0.5287109,0.23920071
1181,/mnt/c/Users/puneet/Downloads/DAiSEE/DataSet/Test/510046/5100462040/5100462040.avi,2,2,0.038646538,0.19344182,0.5287109,0.23920071
1182,/mnt/c/Users/puneet/Downloads/DAiSEE/DataSet/Test/510046/5100462041/5100462041.avi,2,3,0.038646538,0.19344182,0.5287109,0.23920071
1183,/mnt/c/Users/puneet/Downloads/DAiSEE/DataSet/Test/510046/5100462042/5100462042.avi,2,2,0.038646538,0.19344182,0.5287109,0.23920071
1184,/mnt/c/Users/puneet/Downloads/DAiSEE/DataSet/Test/510046/5100462043/5100462043.avi,2,2,0.038646538,0.19344182,0.5287109,0.23920071
1185,/mnt/c/Users/puneet/Downloads/DAiSEE/DataSet/Test/510046/5100462044/5100462044.avi,2,2,0.038646538,0.19344182,0.5287109,0.23920071
1186,/mnt/c/Users/puneet/Downloads/DAiSEE/DataSet/Test/510046/5100462045/5100462045.avi,2,2,0.038646538,0.19344182,0.5287109,0.23920071
1187,/mnt/c/Users/puneet/Downloads/DAiSEE/DataSet/Test/510046/5100462046/5100462046.avi,2,2,0.038646538,0.19344182,0.5287109,0.23920071
1188,/mnt/c/Users/puneet/Downloads/DAiSEE/DataSet/Test/510046/5100462047/5100462047.avi,2,3,0.038646538,0.19344182,0.5287109,0.23920071
1189,/mnt/c/Users/puneet/Downloads/DAiSEE/DataSet/Test/510046/5100462048/5100462048.avi,2,2,0.038646538,0.19344182,0.5287109,0.23920071
1190,/mnt/c/Users/puneet/Downloads/DAiSEE/DataSet/Test/510046/5100462050/5100462050.avi,2,2,0.038646538,0.19344182,0.5287109,0.23920071
1191,/mnt/c/Users/puneet/Downloads/DAiSEE/DataSet/Test/510046/5100462051/5100462051.avi,2,2,0.038646538,0.19344182,0.5287109,0.23920071
1192,/mnt/c/Users/puneet/Downloads/DAiSEE/DataSet/Test/510046/5100462052/5100462052.avi,2,2,0.038646538,0.19344182,0.5287109,0.23920071
1193,/mnt/c/Users/puneet/Downloads/DAiSEE/DataSet/Test/510046/5100462053/5100462053.avi,2,3,0.038646538,0.19344182,0.5287109,0.23920071
1194,/mnt/c/Users/puneet/Downloads/DAiSEE/DataSet/Test/510046/5100462054/5100462054.avi,2,2,0.038646538,0.19344182,0.5287109,0.23920071
1195,/mnt/c/Users/puneet/Downloads/DAiSEE/DataSet/Test/510046/5100462055/5100462055.avi,2,3,0.038646538,0.19344182,0.5287109,0.23920071
1196,/mnt/c/Users/puneet/Downloads/DAiSEE/DataSet/Test/510046/5100462057/5100462057.avi,2,2,0.038646538,0.19344182,0.5287109,0.23920071
1197,/mnt/c/Users/puneet/Downloads/DAiSEE/DataSet/Test/510046/5100462058/5100462058.avi,2,3,0.038646538,0.19344182,0.5287109,0.23920071
1198,/mnt/c/Users/puneet/Downloads/DAiSEE/DataSet/Test/510046/5100462059/5100462059.avi,2,2,0.038646538,0.19344182,0.5287109,0.23920071
1199,/mnt/c/Users/puneet/Downloads/DAiSEE/DataSet/Test/510046/5100462061/5100462061.avi,2,2,0.038646538,0.19344182,0.5287109,0.23920071
1200,/mnt/c/Users/puneet/Downloads/DAiSEE/DataSet/Test/510046/5100462062/5100462062.avi,2,2,0.038646538,0.19344182,0.5287109,0.23920071
1201,/mnt/c/Users/puneet/Downloads/DAiSEE/DataSet/Test/510046/5100462063/5100462063.avi,2,3,0.038646538,0.19344182,0.5287109,0.23920071
1202,/mnt/c/Users/puneet/Downloads/DAiSEE/DataSet/Test/510046/5100462064/5100462064.avi,2,3,0.038646538,0.19344182,0.5287109,0.23920071
1203,/mnt/c/Users/puneet/Downloads/DAiSEE/DataSet/Test/510046/5100462066/5100462066.avi,2,2,0.038646538,0.19344182,0.5287109,0.23920071
1204,/mnt/c/Users/puneet/Downloads/DAiSEE/DataSet/Test/510046/5100462067/5100462067.avi,2,2,0.038646538,0.19344182,0.5287109,0.23920071
1205,/mnt/c/Users/puneet/Downloads/DAiSEE/DataSet/Test/510046/5100462068/5100462068.avi,2,2,0.038646538,0.19344182,0.5287109,0.23920071
1206,/mnt/c/Users/puneet/Downloads/DAiSEE/DataSet/Test/510046/5100462069/5100462069.avi,2,3,0.038646538,0.19344182,0.5287109,0.23920071
1207,/mnt/c/Users/puneet/Downloads/DAiSEE/DataSet/Test/510046/5100462070/5100462070.avi,2,3,0.038646538,0.19344182,0.5287109,0.23920071
1208,/mnt/c/Users/puneet/Downloads/DAiSEE/DataSet/Test/510046/5100462071/5100462071.avi,2,2,0.038646538,0.19344182,0.5287109,0.23920071
1209,/mnt/c/Users/puneet/Downloads/DAiSEE/DataSet/Test/510046/5100462072/5100462072.avi,2,3,0.038646538,0.19344182,0.5287109,0.23920071
1210,/mnt/c/Users/puneet/Downloads/DAiSEE/DataSet/Test/510046/5100462074/5100462074.avi,2,2,0.038646538,0.19344182,0.5287109,0.23920071
1211,/mnt/c/Users/puneet/Downloads/DAiSEE/DataSet/Test/510046/5100462075/5100462075.avi,2,3,0.038646538,0.19344182,0.5287109,0.23920071
1212,/mnt/c/Users/puneet/Downloads/DAiSEE/DataSet/Test/510046/5100462077/5100462077.avi,2,3,0.038646538,0.19344182,0.5287109,0.23920071
1213,/mnt/c/Users/puneet/Downloads/DAiSEE/DataSet/Test/510046/5100462078/5100462078.avi,2,2,0.038646538,0.19344182,0.5287109,0.23920071
1214,/mnt/c/Users/puneet/Downloads/DAiSEE/DataSet/Test/510046/5100462079/5100462079.avi,2,2,0.038646538,0.19344182,0.5287109,0.23920071
1215,/mnt/c/Users/puneet/Downloads/DAiSEE/DataSet/Test/510046/5100462080/5100462080.avi,2,2,0.038646538,0.19344182,0.5287109,0.23920071
1216,/mnt/c/Users/puneet/Downloads/DAiSEE/DataSet/Test/510046/5100462081/5100462081.avi,2,2,0.038646538,0.19344182,0.5287109,0.23920071
1217,/mnt/c/Users/puneet/Downloads/DAiSEE/DataSet/Test/510046/5100462082/5100462082.avi,2,2,0.038646538,0.19344182,0.5287109,0.23920071
1218,/mnt/c/Users/puneet/Downloads/DAiSEE/DataSet/Test/510047/5100471001/5100471001.avi,2,2,0.038646538,0.19344182,0.5287109,0.23920071
1219,/mnt/c/Users/puneet/Downloads/DAiSEE/DataSet/Test/510047/5100471002/5100471002.avi,2,3,0.038646538,0.19344182,0.5287109,0.23920071
1220,/mnt/c/Users/puneet/Downloads/DAiSEE/DataSet/Test/510047/5100471003/5100471003.avi,2,3,0.038646538,0.19344182,0.5287109,0.23920071
1221,/mnt/c/Users/puneet/Downloads/DAiSEE/DataSet/Test/510047/5100471011/5100471011.avi,2,2,0.038646538,0.19344182,0.5287109,0.23920071
1222,/mnt/c/Users/puneet/Downloads/DAiSEE/DataSet/Test/510047/5100471012/5100471012.avi,2,2,0.038646538,0.19344182,0.5287109,0.23920071
1223,/mnt/c/Users/puneet/Downloads/DAiSEE/DataSet/Test/510047/5100471013/5100471013.avi,2,2,0.038646538,0.19344182,0.5287109,0.23920071
1224,/mnt/c/Users/puneet/Downloads/DAiSEE/DataSet/Test/510047/5100471015/5100471015.avi,2,2,0.038646538,0.19344182,0.5287109,0.23920071
1225,/mnt/c/Users/puneet/Downloads/DAiSEE/DataSet/Test/510047/5100471016/5100471016.avi,2,3,0.038646538,0.19344182,0.5287109,0.23920071
1226,/mnt/c/Users/puneet/Downloads/DAiSEE/DataSet/Test/510047/5100471018/5100471018.avi,2,2,0.038646538,0.19344182,0.5287109,0.23920071
1227,/mnt/c/Users/puneet/Downloads/DAiSEE/DataSet/Test/510047/5100471019/5100471019.avi,2,3,0.038646538,0.19344182,0.5287109,0.23920071
1228,/mnt/c/Users/puneet/Downloads/DAiSEE/DataSet/Test/510047/5100471020/5100471020.avi,2,2,0.038646538,0.19344182,0.5287109,0.23920071
1229,/mnt/c/Users/puneet/Downloads/DAiSEE/DataSet/Test/510047/5100471021/5100471021.avi,2,2,0.038646538,0.19344182,0.5287109,0.23920071
1230,/mnt/c/Users/puneet/Downloads/DAiSEE/DataSet/Test/510047/5100471023/5100471023.avi,2,2,0.038646538,0.19344182,0.5287109,0.23920071
1231,/mnt/c/Users/puneet/Downloads/DAiSEE/DataSet/Test/510047/5100471026/5100471026.avi,2,3,0.038646538,0.19344182,0.5287109,0.23920071
1232,/mnt/c/Users/puneet/Downloads/DAiSEE/DataSet/Test/510047/5100471027/5100471027.avi,2,2,0.038646538,0.19344182,0.5287109,0.23920071
1233,/mnt/c/Users/puneet/Downloads/DAiSEE/DataSet/Test/510047/5100471028/5100471028.avi,2,3,0.038646538,0.19344182,0.5287109,0.23920071
1234,/mnt/c/Users/puneet/Downloads/DAiSEE/DataSet/Test/510047/5100471029/5100471029.avi,2,2,0.038646538,0.19344182,0.5287109,0.23920071
1235,/mnt/c/Users/puneet/Downloads/DAiSEE/DataSet/Test/510047/5100471030/5100471030.avi,2,3,0.038646538,0.19344182,0.5287109,0.23920071
1236,/mnt/c/Users/puneet/Downloads/DAiSEE/DataSet/Test/510047/5100471031/5100471031.avi,2,2,0.038646538,0.19344182,0.5287109,0.23920071
1237,/mnt/c/Users/puneet/Downloads/DAiSEE/DataSet/Test/510047/5100471034/5100471034.avi,2,2,0.038646538,0.19344182,0.5287109,0.23920071
1238,/mnt/c/Users/puneet/Downloads/DAiSEE/DataSet/Test/510047/5100471037/5100471037.avi,2,3,0.038646538,0.19344182,0.5287109,0.23920071
1239,/mnt/c/Users/puneet/Downloads/DAiSEE/DataSet/Test/510047/5100471038/5100471038.avi,2,3,0.038646538,0.19344182,0.5287109,0.23920071
1240,/mnt/c/Users/puneet/Downloads/DAiSEE/DataSet/Test/510047/5100471039/5100471039.avi,2,3,0.038646538,0.19344182,0.5287109,0.23920071
1241,/mnt/c/Users/puneet/Downloads/DAiSEE/DataSet/Test/510047/5100471041/5100471041.avi,2,3,0.038646538,0.19344182,0.5287109,0.23920071
1242,/mnt/c/Users/puneet/Downloads/DAiSEE/DataSet/Test/510047/5100471042/5100471042.avi,2,2,0.038646538,0.19344182,0.5287109,0.23920071
1243,/mnt/c/Users/puneet/Downloads/DAiSEE/DataSet/Test/510047/5100471044/5100471044.avi,2,2,0.038646538,0.19344182,0.5287109,0.23920071
1244,/mnt/c/Users/puneet/Downloads/DAiSEE/DataSet/Test/510047/5100471045/5100471045.avi,2,2,0.038646538,0.19344182,0.5287109,0.23920071
1245,/mnt/c/Users/puneet/Downloads/DAiSEE/DataSet/Test/510047/5100471047/5100471047.avi,2,3,0.038646538,0.19344182,0.5287109,0.23920071
1246,/mnt/c/Users/puneet/Downloads/DAiSEE/DataSet/Test/510047/5100471049/5100471049.avi,2,2,0.038646538,0.19344182,0.5287109,0.23920071
1247,/mnt/c/Users/puneet/Downloads/DAiSEE/DataSet/Test/510047/5100471050/5100471050.avi,2,3,0.038646538,0.19344182,0.5287109,0.23920071
1248,/mnt/c/Users/puneet/Downloads/DAiSEE/DataSet/Test/510047/5100471051/5100471051.avi,2,2,0.038646538,0.19344182,0.5287109,0.23920071
1249,/mnt/c/Users/puneet/Downloads/DAiSEE/DataSet/Test/510047/5100471052/5100471052.avi,2,2,0.038646538,0.19344182,0.5287109,0.23920071
1250,/mnt/c/Users/puneet/Downloads/DAiSEE/DataSet/Test/510047/5100471054/5100471054.avi,2,2,0.038646538,0.19344182,0.5287109,0.23920071
1251,/mnt/c/Users/puneet/Downloads/DAiSEE/DataSet/Test/510047/5100471056/5100471056.avi,2,2,0.038646538,0.19344182,0.5287109,0.23920071
1252,/mnt/c/Users/puneet/Downloads/DAiSEE/DataSet/Test/510047/5100471057/5100471057.avi,2,3,0.038646538,0.19344182,0.5287109,0.23920071
1253,/mnt/c/Users/puneet/Downloads/DAiSEE/DataSet/Test/510047/5100471058/5100471058.avi,2,2,0.038646538,0.19344182,0.5287109,0.23920071
1254,/mnt/c/Users/puneet/Downloads/DAiSEE/DataSet/Test/510047/5100471059/5100471059.avi,2,2,0.038646538,0.19344182,0.5287109,0.23920071
1255,/mnt/c/Users/puneet/Downloads/DAiSEE/DataSet/Test/510047/5100471060/5100471060.avi,2,2,0.038646538,0.19344182,0.5287109,0.23920071
1256,/mnt/c/Users/puneet/Downloads/DAiSEE/DataSet/Test/510047/5100471062/5100471062.avi,2,3,0.038646538,0.19344182,0.5287109,0.23920071
1257,/mnt/c/Users/puneet/Downloads/DAiSEE/DataSet/Test/510047/5100471063/5100471063.avi,2,3,0.038646538,0.19344182,0.5287109,0.23920071
1258,/mnt/c/Users/puneet/Downloads/DAiSEE/DataSet/Test/510047/5100471065/5100471065.avi,2,2,0.038646538,0.19344182,0.5287109,0.23920071
1259,/mnt/c/Users/puneet/Downloads/DAiSEE/DataSet/Test/510047/5100471068/5100471068.avi,2,2,0.038646538,0.19344182,0.5287109,0.23920071
1260,/mnt/c/Users/puneet/Downloads/DAiSEE/DataSet/Test/510047/5100471069/5100471069.avi,2,3,0.038646538,0.19344182,0.5287109,0.23920071
1261,/mnt/c/Users/puneet/Downloads/DAiSEE/DataSet/Test/510047/5100471070/5100471070.avi,2,2,0.038646538,0.19344182,0.5287109,0.23920071
1262,/mnt/c/Users/puneet/Downloads/DAiSEE/DataSet/Test/510047/5100471072/5100471072.avi,2,2,0.038646538,0.19344182,0.5287109,0.23920071
1263,/mnt/c/Users/puneet/Downloads/DAiSEE/DataSet/Test/510047/5100471074/5100471074.avi,2,2,0.038646538,0.19344182,0.5287109,0.23920071
1264,/mnt/c/Users/puneet/Downloads/DAiSEE/DataSet/Test/510047/5100471075/5100471075.avi,2,2,0.038646538,0.19344182,0.5287109,0.23920071
1265,/mnt/c/Users/puneet/Downloads/DAiSEE/DataSet/Test/510047/5100471080/5100471080.avi,2,2,0.038646538,0.19344182,0.5287109,0.23920071
1266,/mnt/c/Users/puneet/Downloads/DAiSEE/DataSet/Test/510047/5100471081/5100471081.avi,2,2,0.038646538,0.19344182,0.5287109,0.23920071
1267,/mnt/c/Users/puneet/Downloads/DAiSEE/DataSet/Test/510047/5100472001/5100472001.avi,2,1,0.038646538,0.19344182,0.5287109,0.23920071
1268,/mnt/c/Users/puneet/Downloads/DAiSEE/DataSet/Test/510047/5100472002/5100472002.avi,2,2,0.038646538,0.19344182,0.5287109,0.23920071
1269,/mnt/c/Users/puneet/Downloads/DAiSEE/DataSet/Test/510047/5100472003/5100472003.avi,2,2,0.038646538,0.19344182,0.5287109,0.23920071
1270,/mnt/c/Users/puneet/Downloads/DAiSEE/DataSet/Test/510047/5100472004/5100472004.avi,2,3,0.038646538,0.19344182,0.5287109,0.23920071
1271,/mnt/c/Users/puneet/Downloads/DAiSEE/DataSet/Test/510047/5100472005/5100472005.avi,2,2,0.038646538,0.19344182,0.5287109,0.23920071
1272,/mnt/c/Users/puneet/Downloads/DAiSEE/DataSet/Test/510047/5100472007/5100472007.avi,2,3,0.038646538,0.19344182,0.5287109,0.23920071
1273,/mnt/c/Users/puneet/Downloads/DAiSEE/DataSet/Test/510047/5100472009/5100472009.avi,2,3,0.038646538,0.19344182,0.5287109,0.23920071
1274,/mnt/c/Users/puneet/Downloads/DAiSEE/DataSet/Test/510047/5100472010/5100472010.avi,2,3,0.038646538,0.19344182,0.5287109,0.23920071
1275,/mnt/c/Users/puneet/Downloads/DAiSEE/DataSet/Test/510047/5100472011/5100472011.avi,2,2,0.038646538,0.19344182,0.5287109,0.23920071
1276,/mnt/c/Users/puneet/Downloads/DAiSEE/DataSet/Test/510047/5100472012/5100472012.avi,2,2,0.038646538,0.19344182,0.5287109,0.23920071
1277,/mnt/c/Users/puneet/Downloads/DAiSEE/DataSet/Test/510047/5100472014/5100472014.avi,2,2,0.038646538,0.19344182,0.5287109,0.23920071
1278,/mnt/c/Users/puneet/Downloads/DAiSEE/DataSet/Test/510047/5100472019/5100472019.avi,2,2,0.038646538,0.19344182,0.5287109,0.23920071
1279,/mnt/c/Users/puneet/Downloads/DAiSEE/DataSet/Test/510047/5100472020/5100472020.avi,2,3,0.038646538,0.19344182,0.5287109,0.23920071
1280,/mnt/c/Users/puneet/Downloads/DAiSEE/DataSet/Test/510047/5100472021/5100472021.avi,2,3,0.038646538,0.19344182,0.5287109,0.23920071
1281,/mnt/c/Users/puneet/Downloads/DAiSEE/DataSet/Test/510047/5100472027/5100472027.avi,2,3,0.038646538,0.19344182,0.5287109,0.23920071
1282,/mnt/c/Users/puneet/Downloads/DAiSEE/DataSet/Test/510047/5100472030/5100472030.avi,2,2,0.038646538,0.19344182,0.5287109,0.23920071
1283,/mnt/c/Users/puneet/Downloads/DAiSEE/DataSet/Test/510047/5100472031/5100472031.avi,2,2,0.038646538,0.19344182,0.5287109,0.23920071
1284,/mnt/c/Users/puneet/Downloads/DAiSEE/DataSet/Test/510047/5100472032/5100472032.avi,2,3,0.038646538,0.19344182,0.5287109,0.23920071
1285,/mnt/c/Users/puneet/Downloads/DAiSEE/DataSet/Test/510047/5100472035/5100472035.avi,2,2,0.038646538,0.19344182,0.5287109,0.23920071
1286,/mnt/c/Users/puneet/Downloads/DAiSEE/DataSet/Test/510047/5100472039/5100472039.avi,2,2,0.038646538,0.19344182,0.5287109,0.23920071
1287,/mnt/c/Users/puneet/Downloads/DAiSEE/DataSet/Test/510047/5100472040/5100472040.avi,2,2,0.038646538,0.19344182,0.5287109,0.23920071
1288,/mnt/c/Users/puneet/Downloads/DAiSEE/DataSet/Test/510047/5100472041/5100472041.avi,2,3,0.038646538,0.19344182,0.5287109,0.23920071
1289,/mnt/c/Users/puneet/Downloads/DAiSEE/DataSet/Test/510047/5100472042/5100472042.avi,2,2,0.038646538,0.19344182,0.5287109,0.23920071
1290,/mnt/c/Users/puneet/Downloads/DAiSEE/DataSet/Test/510047/5100472044/5100472044.avi,2,2,0.038646538,0.19344182,0.5287109,0.23920071
1291,/mnt/c/Users/puneet/Downloads/DAiSEE/DataSet/Test/510047/5100472045/5100472045.avi,2,3,0.038646538,0.19344182,0.5287109,0.23920071
1292,/mnt/c/Users/puneet/Downloads/DAiSEE/DataSet/Test/510047/5100472047/5100472047.avi,2,2,0.038646538,0.19344182,0.5287109,0.23920071
1293,/mnt/c/Users/puneet/Downloads/DAiSEE/DataSet/Test/510047/5100472050/5100472050.avi,2,2,0.038646538,0.19344182,0.5287109,0.23920071
1294,/mnt/c/Users/puneet/Downloads/DAiSEE/DataSet/Test/510047/5100472052/5100472052.avi,2,3,0.038646538,0.19344182,0.5287109,0.23920071
1295,/mnt/c/Users/puneet/Downloads/DAiSEE/DataSet/Test/510047/5100472053/5100472053.avi,2,2,0.038646538,0.19344182,0.5287109,0.23920071
1296,/mnt/c/Users/puneet/Downloads/DAiSEE/DataSet/Test/510047/5100472054/5100472054.avi,2,2,0.038646538,0.19344182,0.5287109,0.23920071
1297,/mnt/c/Users/puneet/Downloads/DAiSEE/DataSet/Test/510047/5100472058/5100472058.avi,2,1,0.038646538,0.19344182,0.5287109,0.23920071
1298,/mnt/c/Users/puneet/Downloads/DAiSEE/DataSet/Test/510047/5100472060/5100472060.avi,2,2,0.038646538,0.19344182,0.5287109,0.23920071
1299,/mnt/c/Users/puneet/Downloads/DAiSEE/DataSet/Test/510047/5100472063/5100472063.avi,2,2,0.038646538,0.19344182,0.5287109,0.23920071
1300,/mnt/c/Users/puneet/Downloads/DAiSEE/DataSet/Test/510047/5100472064/5100472064.avi,2,2,0.038646538,0.19344182,0.5287109,0.23920071
1301,/mnt/c/Users/puneet/Downloads/DAiSEE/DataSet/Test/826412/826412010/826412010.avi,2,3,0.038646538,0.19344182,0.5287109,0.23920071
1302,/mnt/c/Users/puneet/Downloads/DAiSEE/DataSet/Test/826412/8264120110/8264120110.avi,2,2,0.038646538,0.19344182,0.5287109,0.23920071
1303,/mnt/c/Users/puneet/Downloads/DAiSEE/DataSet/Test/826412/8264120111/8264120111.avi,2,2,0.038646538,0.19344182,0.5287109,0.23920071
1304,/mnt/c/Users/puneet/Downloads/DAiSEE/DataSet/Test/826412/8264120112/8264120112.avi,2,2,0.038646538,0.19344182,0.5287109,0.23920071
1305,/mnt/c/Users/puneet/Downloads/DAiSEE/DataSet/Test/826412/8264120113/8264120113.avi,2,3,0.038646538,0.19344182,0.5287109,0.23920071
1306,/mnt/c/Users/puneet/Downloads/DAiSEE/DataSet/Test/826412/8264120116/8264120116.avi,2,1,0.038646538,0.19344182,0.5287109,0.23920071
1307,/mnt/c/Users/puneet/Downloads/DAiSEE/DataSet/Test/826412/8264120117/8264120117.avi,2,3,0.038646538,0.19344182,0.5287109,0.23920071
1308,/mnt/c/Users/puneet/Downloads/DAiSEE/DataSet/Test/826412/8264120119/8264120119.avi,2,3,0.038646538,0.19344182,0.5287109,0.23920071
1309,/mnt/c/Users/puneet/Downloads/DAiSEE/DataSet/Test/826412/8264120120/8264120120.avi,2,1,0.038646538,0.19344182,0.5287109,0.23920071
1310,/mnt/c/Users/puneet/Downloads/DAiSEE/DataSet/Test/826412/8264120121/8264120121.avi,2,2,0.038646538,0.19344182,0.5287109,0.23920071
1311,/mnt/c/Users/puneet/Downloads/DAiSEE/DataSet/Test/826412/8264120122/8264120122.avi,2,2,0.038646538,0.19344182,0.5287109,0.23920071
1312,/mnt/c/Users/puneet/Downloads/DAiSEE/DataSet/Test/826412/8264120123/8264120123.avi,2,1,0.038646538,0.19344182,0.5287109,0.23920071
1313,/mnt/c/Users/puneet/Downloads/DAiSEE/DataSet/Test/826412/8264120124/8264120124.avi,2,2,0.038646538,0.19344182,0.5287109,0.23920071
1314,/mnt/c/Users/puneet/Downloads/DAiSEE/DataSet/Test/826412/8264120125/8264120125.avi,2,2,0.038646538,0.19344182,0.5287109,0.23920071
1315,/mnt/c/Users/puneet/Downloads/DAiSEE/DataSet/Test/826412/8264120126/8264120126.avi,2,2,0.038646538,0.19344182,0.5287109,0.23920071
1316,/mnt/c/Users/puneet/Downloads/DAiSEE/DataSet/Test/826412/8264120127/8264120127.avi,2,1,0.038646538,0.19344182,0.5287109,0.23920071
1317,/mnt/c/Users/puneet/Downloads/DAiSEE/DataSet/Test/826412/826412013/826412013.avi,2,1,0.038646538,0.19344182,0.5287109,0.23920071
1318,/mnt/c/Users/puneet/Downloads/DAiSEE/DataSet/Test/826412/8264120131/8264120131.avi,2,2,0.038646538,0.19344182,0.5287109,0.23920071
1319,/mnt/c/Users/puneet/Downloads/DAiSEE/DataSet/Test/826412/8264120132/8264120132.avi,2,2,0.038646538,0.19344182,0.5287109,0.23920071
1320,/mnt/c/Users/puneet/Downloads/DAiSEE/DataSet/Test/826412/8264120136/8264120136.avi,2,2,0.038646538,0.19344182,0.5287109,0.23920071
1321,/mnt/c/Users/puneet/Downloads/DAiSEE/DataSet/Test/826412/8264120139/8264120139.avi,2,3,0.038646538,0.19344182,0.5287109,0.23920071
1322,/mnt/c/Users/puneet/Downloads/DAiSEE/DataSet/Test/826412/8264120141/8264120141.avi,2,2,0.038646538,0.19344182,0.5287109,0.23920071
1323,/mnt/c/Users/puneet/Downloads/DAiSEE/DataSet/Test/826412/8264120144/8264120144.avi,2,3,0.038646538,0.19344182,0.5287109,0.23920071
1324,/mnt/c/Users/puneet/Downloads/DAiSEE/DataSet/Test/826412/8264120145/8264120145.avi,2,3,0.038646538,0.19344182,0.5287109,0.23920071
1325,/mnt/c/Users/puneet/Downloads/DAiSEE/DataSet/Test/826412/8264120146/8264120146.avi,2,3,0.038646538,0.19344182,0.5287109,0.23920071
1326,/mnt/c/Users/puneet/Downloads/DAiSEE/DataSet/Test/826412/8264120149/8264120149.avi,2,2,0.038646538,0.19344182,0.5287109,0.23920071
1327,/mnt/c/Users/puneet/Downloads/DAiSEE/DataSet/Test/826412/8264120150/8264120150.avi,2,1,0.038646538,0.19344182,0.5287109,0.23920071
1328,/mnt/c/Users/puneet/Downloads/DAiSEE/DataSet/Test/826412/8264120156/8264120156.avi,2,1,0.038646538,0.19344182,0.5287109,0.23920071
1329,/mnt/c/Users/puneet/Downloads/DAiSEE/DataSet/Test/826412/8264120157/8264120157.avi,2,2,0.038646538,0.19344182,0.5287109,0.23920071
1330,/mnt/c/Users/puneet/Downloads/DAiSEE/DataSet/Test/826412/8264120159/8264120159.avi,2,2,0.038646538,0.19344182,0.5287109,0.23920071
1331,/mnt/c/Users/puneet/Downloads/DAiSEE/DataSet/Test/826412/8264120165/8264120165.avi,2,3,0.038646538,0.19344182,0.5287109,0.23920071
1332,/mnt/c/Users/puneet/Downloads/DAiSEE/DataSet/Test/826412/8264120166/8264120166.avi,2,3,0.038646538,0.19344182,0.5287109,0.23920071
1333,/mnt/c/Users/puneet/Downloads/DAiSEE/DataSet/Test/826412/8264120169/8264120169.avi,2,1,0.038646538,0.19344182,0.5287109,0.23920071
1334,/mnt/c/Users/puneet/Downloads/DAiSEE/DataSet/Test/826412/826412017/826412017.avi,2,2,0.038646538,0.19344182,0.5287109,0.23920071
1335,/mnt/c/Users/puneet/Downloads/DAiSEE/DataSet/Test/826412/826412018/826412018.avi,2,2,0.038646538,0.19344182,0.5287109,0.23920071
1336,/mnt/c/Users/puneet/Downloads/DAiSEE/DataSet/Test/826412/826412019/826412019.avi,2,2,0.038646538,0.19344182,0.5287109,0.23920071
1337,/mnt/c/Users/puneet/Downloads/DAiSEE/DataSet/Test/826412/8264120210/8264120210.avi,2,2,0.038646538,0.19344182,0.5287109,0.23920071
1338,/mnt/c/Users/puneet/Downloads/DAiSEE/DataSet/Test/826412/8264120211/8264120211.avi,2,1,0.038646538,0.19344182,0.5287109,0.23920071
1339,/mnt/c/Users/puneet/Downloads/DAiSEE/DataSet/Test/826412/8264120213/8264120213.avi,2,3,0.038646538,0.19344182,0.5287109,0.23920071
1340,/mnt/c/Users/puneet/Downloads/DAiSEE/DataSet/Test/826412/8264120215/8264120215.avi,2,3,0.038646538,0.19344182,0.5287109,0.23920071
1341,/mnt/c/Users/puneet/Downloads/DAiSEE/DataSet/Test/826412/8264120216/8264120216.avi,2,3,0.038646538,0.19344182,0.5287109,0.23920071
1342,/mnt/c/Users/puneet/Downloads/DAiSEE/DataSet/Test/826412/8264120218/8264120218.avi,2,3,0.038646538,0.19344182,0.5287109,0.23920071
1343,/mnt/c/Users/puneet/Downloads/DAiSEE/DataSet/Test/826412/8264120219/8264120219.avi,2,3,0.038646538,0.19344182,0.5287109,0.23920071
1344,/mnt/c/Users/puneet/Downloads/DAiSEE/DataSet/Test/826412/8264120220/8264120220.avi,2,2,0.038646538,0.19344182,0.5287109,0.23920071
1345,/mnt/c/Users/puneet/Downloads/DAiSEE/DataSet/Test/826412/8264120221/8264120221.avi,2,3,0.038646538,0.19344182,0.5287109,0.23920071
1346,/mnt/c/Users/puneet/Downloads/DAiSEE/DataSet/Test/826412/8264120223/8264120223.avi,2,2,0.038646538,0.19344182,0.5287109,0.23920071
1347,/mnt/c/Users/puneet/Downloads/DAiSEE/DataSet/Test/826412/8264120224/8264120224.avi,2,3,0.038646538,0.19344182,0.5287109,0.23920071
1348,/mnt/c/Users/puneet/Downloads/DAiSEE/DataSet/Test/826412/8264120227/8264120227.avi,2,3,0.038646538,0.19344182,0.5287109,0.23920071
1349,/mnt/c/Users/puneet/Downloads/DAiSEE/DataSet/Test/826412/8264120228/8264120228.avi,2,3,0.038646538,0.19344182,0.5287109,0.23920071
1350,/mnt/c/Users/puneet/Downloads/DAiSEE/DataSet/Test/826412/8264120229/8264120229.avi,2,2,0.038646538,0.19344182,0.5287109,0.23920071
1351,/mnt/c/Users/puneet/Downloads/DAiSEE/DataSet/Test/826412/826412023/826412023.avi,2,3,0.038646538,0.19344182,0.5287109,0.23920071
1352,/mnt/c/Users/puneet/Downloads/DAiSEE/DataSet/Test/826412/8264120231/8264120231.avi,2,1,0.038646538,0.19344182,0.5287109,0.23920071
1353,/mnt/c/Users/puneet/Downloads/DAiSEE/DataSet/Test/826412/8264120232/8264120232.avi,2,2,0.038646538,0.19344182,0.5287109,0.23920071
1354,/mnt/c/Users/puneet/Downloads/DAiSEE/DataSet/Test/826412/8264120233/8264120233.avi,2,3,0.038646538,0.19344182,0.5287109,0.23920071
1355,/mnt/c/Users/puneet/Downloads/DAiSEE/DataSet/Test/826412/8264120234/8264120234.avi,2,2,0.038646538,0.19344182,0.5287109,0.23920071
1356,/mnt/c/Users/puneet/Downloads/DAiSEE/DataSet/Test/826412/8264120239/8264120239.avi,2,1,0.038646538,0.19344182,0.5287109,0.23920071
1357,/mnt/c/Users/puneet/Downloads/DAiSEE/DataSet/Test/826412/826412024/826412024.avi,2,3,0.038646538,0.19344182,0.5287109,0.23920071
1358,/mnt/c/Users/puneet/Downloads/DAiSEE/DataSet/Test/826412/8264120240/8264120240.avi,2,0,0.038646538,0.19344182,0.5287109,0.23920071
1359,/mnt/c/Users/puneet/Downloads/DAiSEE/DataSet/Test/826412/8264120241/8264120241.avi,2,2,0.038646538,0.19344182,0.5287109,0.23920071
1360,/mnt/c/Users/puneet/Downloads/DAiSEE/DataSet/Test/826412/8264120242/8264120242.avi,2,2,0.038646538,0.19344182,0.5287109,0.23920071
1361,/mnt/c/Users/puneet/Downloads/DAiSEE/DataSet/Test/826412/8264120243/8264120243.avi,2,1,0.038646538,0.19344182,0.5287109,0.23920071
1362,/mnt/c/Users/puneet/Downloads/DAiSEE/DataSet/Test/826412/8264120245/8264120245.avi,2,2,0.038646538,0.19344182,0.5287109,0.23920071
1363,/mnt/c/Users/puneet/Downloads/DAiSEE/DataSet/Test/826412/8264120247/8264120247.avi,2,3,0.038646538,0.19344182,0.5287109,0.23920071
1364,/mnt/c/Users/puneet/Downloads/DAiSEE/DataSet/Test/826412/8264120248/8264120248.avi,2,2,0.038646538,0.19344182,0.5287109,0.23920071
1365,/mnt/c/Users/puneet/Downloads/DAiSEE/DataSet/Test/826412/8264120249/8264120249.avi,2,1,0.038646538,0.19344182,0.5287109,0.23920071
1366,/mnt/c/Users/puneet/Downloads/DAiSEE/DataSet/Test/826412/826412025/826412025.avi,2,2,0.038646538,0.19344182,0.5287109,0.23920071
1367,/mnt/c/Users/puneet/Downloads/DAiSEE/DataSet/Test/826412/8264120254/8264120254.avi,2,1,0.038646538,0.19344182,0.5287109,0.23920071
1368,/mnt/c/Users/puneet/Downloads/DAiSEE/DataSet/Test/826412/8264120256/8264120256.avi,2,1,0.038646538,0.19344182,0.5287109,0.23920071
1369,/mnt/c/Users/puneet/Downloads/DAiSEE/DataSet/Test/826412/8264120257/8264120257.avi,2,3,0.038646538,0.19344182,0.5287109,0.23920071
1370,/mnt/c/Users/puneet/Downloads/DAiSEE/DataSet/Test/826412/8264120258/8264120258.avi,2,2,0.038646538,0.19344182,0.5287109,0.23920071
1371,/mnt/c/Users/puneet/Downloads/DAiSEE/DataSet/Test/826412/8264120261/8264120261.avi,2,1,0.038646538,0.19344182,0.5287109,0.23920071
1372,/mnt/c/Users/puneet/Downloads/DAiSEE/DataSet/Test/826412/8264120262/8264120262.avi,2,1,0.038646538,0.19344182,0.5287109,0.23920071
1373,/mnt/c/Users/puneet/Downloads/DAiSEE/DataSet/Test/826412/8264120263/8264120263.avi,2,1,0.038646538,0.19344182,0.5287109,0.23920071
1374,/mnt/c/Users/puneet/Downloads/DAiSEE/DataSet/Test/826412/8264120265/8264120265.avi,2,1,0.038646538,0.19344182,0.5287109,0.23920071
1375,/mnt/c/Users/puneet/Downloads/DAiSEE/DataSet/Test/826412/8264120266/8264120266.avi,2,1,0.038646538,0.19344182,0.5287109,0.23920071
1376,/mnt/c/Users/puneet/Downloads/DAiSEE/DataSet/Test/826412/8264120268/8264120268.avi,2,3,0.038646538,0.19344182,0.5287109,0.23920071
1377,/mnt/c/Users/puneet/Downloads/DAiSEE/DataSet/Test/826412/8264120269/8264120269.avi,2,1,0.038646538,0.19344182,0.5287109,0.23920071
1378,/mnt/c/Users/puneet/Downloads/DAiSEE/DataSet/Test/826412/826412027/826412027.avi,2,2,0.038646538,0.19344182,0.5287109,0.23920071
1379,/mnt/c/Users/puneet/Downloads/DAiSEE/DataSet/Test/826412/8264120274/8264120274.avi,2,3,0.038646538,0.19344182,0.5287109,0.23920071
1380,/mnt/c/Users/puneet/Downloads/DAiSEE/DataSet/Test/826412/8264120275/8264120275.avi,2,3,0.038646538,0.19344182,0.5287109,0.23920071
1381,/mnt/c/Users/puneet/Downloads/DAiSEE/DataSet/Test/826412/8264120279/8264120279.avi,2,1,0.038646538,0.19344182,0.5287109,0.23920071
1382,/mnt/c/Users/puneet/Downloads/DAiSEE/DataSet/Test/826412/8264120280/8264120280.avi,2,2,0.038646538,0.19344182,0.5287109,0.23920071
1383,/mnt/c/Users/puneet/Downloads/DAiSEE/DataSet/Test/826412/8264120282/8264120282.avi,2,1,0.038646538,0.19344182,0.5287109,0.23920071
1384,/mnt/c/Users/puneet/Downloads/DAiSEE/DataSet/Test/826412/8264120284/8264120284.avi,2,1,0.038646538,0.19344182,0.5287109,0.23920071
1385,/mnt/c/Users/puneet/Downloads/DAiSEE/DataSet/Test/882654/88265401100/88265401100.mp4,2,3,0.038646538,0.19344182,0.5287109,0.23920071
1386,/mnt/c/Users/puneet/Downloads/DAiSEE/DataSet/Test/882654/88265401130/88265401130.mp4,2,3,0.038646538,0.19344182,0.5287109,0.23920071
1387,/mnt/c/Users/puneet/Downloads/DAiSEE/DataSet/Test/882654/88265401140/88265401140.mp4,2,3,0.038646538,0.19344182,0.5287109,0.23920071
1388,/mnt/c/Users/puneet/Downloads/DAiSEE/DataSet/Test/882654/88265401150/88265401150.mp4,2,3,0.038646538,0.19344182,0.5287109,0.23920071
1389,/mnt/c/Users/puneet/Downloads/DAiSEE/DataSet/Test/882654/88265401160/88265401160.mp4,2,3,0.038646538,0.19344182,0.5287109,0.23920071
1390,/mnt/c/Users/puneet/Downloads/DAiSEE/DataSet/Test/882654/88265401170/88265401170.mp4,2,2,0.038646538,0.19344182,0.5287109,0.23920071
1391,/mnt/c/Users/puneet/Downloads/DAiSEE/DataSet/Test/882654/88265401190/88265401190.mp4,2,3,0.038646538,0.19344182,0.5287109,0.23920071
1392,/mnt/c/Users/puneet/Downloads/DAiSEE/DataSet/Test/882654/8826540120/8826540120.mp4,2,3,0.038646538,0.19344182,0.5287109,0.23920071
1393,/mnt/c/Users/puneet/Downloads/DAiSEE/DataSet/Test/882654/88265401200/88265401200.mp4,2,2,0.038646538,0.19344182,0.5287109,0.23920071
1394,/mnt/c/Users/puneet/Downloads/DAiSEE/DataSet/Test/882654/88265401240/88265401240.mp4,2,3,0.038646538,0.19344182,0.5287109,0.23920071
1395,/mnt/c/Users/puneet/Downloads/DAiSEE/DataSet/Test/882654/88265401260/88265401260.mp4,2,3,0.038646538,0.19344182,0.5287109,0.23920071
1396,/mnt/c/Users/puneet/Downloads/DAiSEE/DataSet/Test/882654/88265401270/88265401270.mp4,2,3,0.038646538,0.19344182,0.5287109,0.23920071
1397,/mnt/c/Users/puneet/Downloads/DAiSEE/DataSet/Test/882654/88265401280/88265401280.mp4,2,3,0.038646538,0.19344182,0.5287109,0.23920071
1398,/mnt/c/Users/puneet/Downloads/DAiSEE/DataSet/Test/882654/88265401300/88265401300.mp4,2,3,0.038646538,0.19344182,0.5287109,0.23920071
1399,/mnt/c/Users/puneet/Downloads/DAiSEE/DataSet/Test/882654/88265401320/88265401320.mp4,2,3,0.038646538,0.19344182,0.5287109,0.23920071
1400,/mnt/c/Users/puneet/Downloads/DAiSEE/DataSet/Test/882654/88265401350/88265401350.mp4,2,3,0.038646538,0.19344182,0.5287109,0.23920071
1401,/mnt/c/Users/puneet/Downloads/DAiSEE/DataSet/Test/882654/88265401360/88265401360.mp4,2,3,0.038646538,0.19344182,0.5287109,0.23920071
1402,/mnt/c/Users/puneet/Downloads/DAiSEE/DataSet/Test/882654/88265401380/88265401380.mp4,2,3,0.038646538,0.19344182,0.5287109,0.23920071
1403,/mnt/c/Users/puneet/Downloads/DAiSEE/DataSet/Test/882654/88265401390/88265401390.mp4,2,3,0.038646538,0.19344182,0.5287109,0.23920071
1404,/mnt/c/Users/puneet/Downloads/DAiSEE/DataSet/Test/882654/88265401400/88265401400.mp4,2,3,0.038646538,0.19344182,0.5287109,0.23920071
1405,/mnt/c/Users/puneet/Downloads/DAiSEE/DataSet/Test/882654/88265401410/88265401410.mp4,2,3,0.038646538,0.19344182,0.5287109,0.23920071
1406,/mnt/c/Users/puneet/Downloads/DAiSEE/DataSet/Test/882654/88265401420/88265401420.mp4,2,2,0.038646538,0.19344182,0.5287109,0.23920071
1407,/mnt/c/Users/puneet/Downloads/DAiSEE/DataSet/Test/882654/88265401430/88265401430.mp4,2,3,0.038646538,0.19344182,0.5287109,0.23920071
1408,/mnt/c/Users/puneet/Downloads/DAiSEE/DataSet/Test/882654/88265401450/88265401450.mp4,2,3,0.038646538,0.19344182,0.5287109,0.23920071
1409,/mnt/c/Users/puneet/Downloads/DAiSEE/DataSet/Test/882654/88265401470/88265401470.mp4,2,2,0.038646538,0.19344182,0.5287109,0.23920071
1410,/mnt/c/Users/puneet/Downloads/DAiSEE/DataSet/Test/882654/88265401480/88265401480.mp4,2,3,0.038646538,0.19344182,0.5287109,0.23920071
1411,/mnt/c/Users/puneet/Downloads/DAiSEE/DataSet/Test/882654/88265401490/88265401490.mp4,2,3,0.038646538,0.19344182,0.5287109,0.23920071
1412,/mnt/c/Users/puneet/Downloads/DAiSEE/DataSet/Test/882654/8826540150/8826540150.mp4,2,3,0.038646538,0.19344182,0.5287109,0.23920071
1413,/mnt/c/Users/puneet/Downloads/DAiSEE/DataSet/Test/882654/88265401520/88265401520.mp4,2,3,0.038646538,0.19344182,0.5287109,0.23920071
1414,/mnt/c/Users/puneet/Downloads/DAiSEE/DataSet/Test/882654/88265401550/88265401550.mp4,2,3,0.038646538,0.19344182,0.5287109,0.23920071
1415,/mnt/c/Users/puneet/Downloads/DAiSEE/DataSet/Test/882654/88265401630/88265401630.mp4,2,2,0.038646538,0.19344182,0.5287109,0.23920071
1416,/mnt/c/Users/puneet/Downloads/DAiSEE/DataSet/Test/882654/88265401640/88265401640.mp4,2,2,0.038646538,0.19344182,0.5287109,0.23920071
1417,/mnt/c/Users/puneet/Downloads/DAiSEE/DataSet/Test/882654/88265401660/88265401660.mp4,2,3,0.038646538,0.19344182,0.5287109,0.23920071
1418,/mnt/c/Users/puneet/Downloads/DAiSEE/DataSet/Test/882654/88265401690/88265401690.mp4,2,3,0.038646538,0.19344182,0.5287109,0.23920071
1419,/mnt/c/Users/puneet/Downloads/DAiSEE/DataSet/Test/882654/8826540170/8826540170.mp4,2,3,0.038646538,0.19344182,0.5287109,0.23920071
1420,/mnt/c/Users/puneet/Downloads/DAiSEE/DataSet/Test/882654/88265401730/88265401730.mp4,2,3,0.038646538,0.19344182,0.5287109,0.23920071
1421,/mnt/c/Users/puneet/Downloads/DAiSEE/DataSet/Test/882654/88265401740/88265401740.mp4,2,3,0.038646538,0.19344182,0.5287109,0.23920071
1422,/mnt/c/Users/puneet/Downloads/DAiSEE/DataSet/Test/882654/88265401750/88265401750.mp4,2,1,0.038646538,0.19344182,0.5287109,0.23920071
1423,/mnt/c/Users/puneet/Downloads/DAiSEE/DataSet/Test/882654/8826540180/8826540180.mp4,2,3,0.038646538,0.19344182,0.5287109,0.23920071
1424,/mnt/c/Users/puneet/Downloads/DAiSEE/DataSet/Test/882654/88265402120/88265402120.mp4,2,3,0.038646538,0.19344182,0.5287109,0.23920071
1425,/mnt/c/Users/puneet/Downloads/DAiSEE/DataSet/Test/882654/88265402150/88265402150.mp4,2,3,0.038646538,0.19344182,0.5287109,0.23920071
1426,/mnt/c/Users/puneet/Downloads/DAiSEE/DataSet/Test/882654/88265402160/88265402160.mp4,2,2,0.038646538,0.19344182,0.5287109,0.23920071
1427,/mnt/c/Users/puneet/Downloads/DAiSEE/DataSet/Test/882654/88265402170/88265402170.mp4,2,3,0.038646538,0.19344182,0.5287109,0.23920071
1428,/mnt/c/Users/puneet/Downloads/DAiSEE/DataSet/Test/882654/88265402180/88265402180.mp4,2,2,0.038646538,0.19344182,0.5287109,0.23920071
1429,/mnt/c/Users/puneet/Downloads/DAiSEE/DataSet/Test/882654/88265402190/88265402190.mp4,2,3,0.038646538,0.19344182,0.5287109,0.23920071
1430,/mnt/c/Users/puneet/Downloads/DAiSEE/DataSet/Test/882654/88265402200/88265402200.mp4,2,3,0.038646538,0.19344182,0.5287109,0.23920071
1431,/mnt/c/Users/puneet/Downloads/DAiSEE/DataSet/Test/882654/88265402230/88265402230.mp4,2,2,0.038646538,0.19344182,0.5287109,0.23920071
1432,/mnt/c/Users/puneet/Downloads/DAiSEE/DataSet/Test/882654/88265402240/88265402240.mp4,2,2,0.038646538,0.19344182,0.5287109,0.23920071
1433,/mnt/c/Users/puneet/Downloads/DAiSEE/DataSet/Test/882654/88265402270/88265402270.mp4,2,2,0.038646538,0.19344182,0.5287109,0.23920071
1434,/mnt/c/Users/puneet/Downloads/DAiSEE/DataSet/Test/882654/8826540230/8826540230.mp4,2,3,0.038646538,0.19344182,0.5287109,0.23920071
1435,/mnt/c/Users/puneet/Downloads/DAiSEE/DataSet/Test/882654/88265402300/88265402300.mp4,2,3,0.038646538,0.19344182,0.5287109,0.23920071
1436,/mnt/c/Users/puneet/Downloads/DAiSEE/DataSet/Test/882654/88265402310/88265402310.mp4,2,3,0.038646538,0.19344182,0.5287109,0.23920071
1437,/mnt/c/Users/puneet/Downloads/DAiSEE/DataSet/Test/882654/88265402320/88265402320.mp4,2,2,0.038646538,0.19344182,0.5287109,0.23920071
1438,/mnt/c/Users/puneet/Downloads/DAiSEE/DataSet/Test/882654/88265402330/88265402330.mp4,2,3,0.038646538,0.19344182,0.5287109,0.23920071
1439,/mnt/c/Users/puneet/Downloads/DAiSEE/DataSet/Test/882654/88265402340/88265402340.mp4,2,2,0.038646538,0.19344182,0.5287109,0.23920071
1440,/mnt/c/Users/puneet/Downloads/DAiSEE/DataSet/Test/882654/88265402350/88265402350.mp4,2,3,0.038646538,0.19344182,0.5287109,0.23920071
1441,/mnt/c/Users/puneet/Downloads/DAiSEE/DataSet/Test/882654/88265402370/88265402370.mp4,2,3,0.038646538,0.19344182,0.5287109,0.23920071
1442,/mnt/c/Users/puneet/Downloads/DAiSEE/DataSet/Test/882654/88265402380/88265402380.mp4,2,3,0.038646538,0.19344182,0.5287109,0.23920071
1443,/mnt/c/Users/puneet/Downloads/DAiSEE/DataSet/Test/882654/8826540240/8826540240.mp4,2,3,0.038646538,0.19344182,0.5287109,0.23920071
1444,/mnt/c/Users/puneet/Downloads/DAiSEE/DataSet/Test/882654/88265402400/88265402400.mp4,2,2,0.038646538,0.19344182,0.5287109,0.23920071
1445,/mnt/c/Users/puneet/Downloads/DAiSEE/DataSet/Test/882654/88265402420/88265402420.mp4,2,3,0.038646538,0.19344182,0.5287109,0.23920071
1446,/mnt/c/Users/puneet/Downloads/DAiSEE/DataSet/Test/882654/88265402440/88265402440.mp4,2,2,0.038646538,0.19344182,0.5287109,0.23920071
1447,/mnt/c/Users/puneet/Downloads/DAiSEE/DataSet/Test/882654/88265402450/88265402450.mp4,2,3,0.038646538,0.19344182,0.5287109,0.23920071
1448,/mnt/c/Users/puneet/Downloads/DAiSEE/DataSet/Test/882654/88265402480/88265402480.mp4,2,2,0.038646538,0.19344182,0.5287109,0.23920071
1449,/mnt/c/Users/puneet/Downloads/DAiSEE/DataSet/Test/882654/88265402490/88265402490.mp4,2,3,0.038646538,0.19344182,0.5287109,0.23920071
1450,/mnt/c/Users/puneet/Downloads/DAiSEE/DataSet/Test/882654/88265402500/88265402500.mp4,2,3,0.038646538,0.19344182,0.5287109,0.23920071
1451,/mnt/c/Users/puneet/Downloads/DAiSEE/DataSet/Test/882654/88265402520/88265402520.mp4,2,3,0.038646538,0.19344182,0.5287109,0.23920071
1452,/mnt/c/Users/puneet/Downloads/DAiSEE/DataSet/Test/882654/88265402540/88265402540.mp4,2,2,0.038646538,0.19344182,0.5287109,0.23920071
1453,/mnt/c/Users/puneet/Downloads/DAiSEE/DataSet/Test/882654/88265402570/88265402570.mp4,2,2,0.038646538,0.19344182,0.5287109,0.23920071
1454,/mnt/c/Users/puneet/Downloads/DAiSEE/DataSet/Test/882654/88265402580/88265402580.mp4,2,3,0.038646538,0.19344182,0.5287109,0.23920071
1455,/mnt/c/Users/puneet/Downloads/DAiSEE/DataSet/Test/882654/88265402590/88265402590.mp4,2,3,0.038646538,0.19344182,0.5287109,0.23920071
1456,/mnt/c/Users/puneet/Downloads/DAiSEE/DataSet/Test/882654/8826540260/8826540260.mp4,2,2,0.038646538,0.19344182,0.5287109,0.23920071
1457,/mnt/c/Users/puneet/Downloads/DAiSEE/DataSet/Test/882654/88265402600/88265402600.mp4,2,2,0.038646538,0.19344182,0.5287109,0.23920071
1458,/mnt/c/Users/puneet/Downloads/DAiSEE/DataSet/Test/882654/88265402630/88265402630.mp4,2,3,0.038646538,0.19344182,0.5287109,0.23920071
1459,/mnt/c/Users/puneet/Downloads/DAiSEE/DataSet/Test/882654/88265402660/88265402660.mp4,2,3,0.038646538,0.19344182,0.5287109,0.23920071
1460,/mnt/c/Users/puneet/Downloads/DAiSEE/DataSet/Test/882654/88265402690/88265402690.mp4,2,3,0.038646538,0.19344182,0.5287109,0.23920071
1461,/mnt/c/Users/puneet/Downloads/DAiSEE/DataSet/Test/882654/8826540270/8826540270.mp4,2,3,0.038646538,0.19344182,0.5287109,0.23920071
1462,/mnt/c/Users/puneet/Downloads/DAiSEE/DataSet/Test/882654/88265402700/88265402700.mp4,2,3,0.038646538,0.19344182,0.5287109,0.23920071
1463,/mnt/c/Users/puneet/Downloads/DAiSEE/DataSet/Test/882654/88265402770/88265402770.mp4,2,3,0.038646538,0.19344182,0.5287109,0.23920071
1464,/mnt/c/Users/puneet/Downloads/DAiSEE/DataSet/Test/882654/88265402780/88265402780.mp4,2,3,0.038646538,0.19344182,0.5287109,0.23920071
1465,/mnt/c/Users/puneet/Downloads/DAiSEE/DataSet/Test/882654/88265402790/88265402790.mp4,2,2,0.038646538,0.19344182,0.5287109,0.23920071
1466,/mnt/c/Users/puneet/Downloads/DAiSEE/DataSet/Test/882654/8826540280/8826540280.mp4,2,2,0.038646538,0.19344182,0.5287109,0.23920071
1467,/mnt/c/Users/puneet/Downloads/DAiSEE/DataSet/Test/882654/88265402800/88265402800.mp4,2,3,0.038646538,0.19344182,0.5287109,0.23920071
1468,/mnt/c/Users/puneet/Downloads/DAiSEE/DataSet/Test/882654/88265402810/88265402810.mp4,2,3,0.038646538,0.19344182,0.5287109,0.23920071
1469,/mnt/c/Users/puneet/Downloads/DAiSEE/DataSet/Test/882654/88265402820/88265402820.mp4,2,3,0.038646538,0.19344182,0.5287109,0.23920071
1470,/mnt/c/Users/puneet/Downloads/DAiSEE/DataSet/Test/882654/88265402840/88265402840.mp4,2,3,0.038646538,0.19344182,0.5287109,0.23920071
1471,/mnt/c/Users/puneet/Downloads/DAiSEE/DataSet/Test/882654/88265402850/88265402850.mp4,2,3,0.038646538,0.19344182,0.5287109,0.23920071
1472,/mnt/c/Users/puneet/Downloads/DAiSEE/DataSet/Test/882654/88265402880/88265402880.mp4,2,2,0.038646538,0.19344182,0.5287109,0.23920071
1473,/mnt/c/Users/puneet/Downloads/DAiSEE/DataSet/Test/882654/88265402890/88265402890.mp4,2,3,0.038646538,0.19344182,0.5287109,0.23920071
1474,/mnt/c/Users/puneet/Downloads/DAiSEE/DataSet/Test/882654/8826540290/8826540290.mp4,2,3,0.038646538,0.19344182,0.5287109,0.23920071
1475,/mnt/c/Users/puneet/Downloads/DAiSEE/DataSet/Test/882654/88265402900/88265402900.mp4,2,3,0.038646538,0.19344182,0.5287109,0.23920071
1476,/mnt/c/Users/puneet/Downloads/DAiSEE/DataSet/Test/907001/907001100/907001100.mp4,2,3,0.038646538,0.19344182,0.5287109,0.23920071
1477,/mnt/c/Users/puneet/Downloads/DAiSEE/DataSet/Test/907001/9070011010/9070011010.mp4,2,2,0.038646538,0.19344182,0.5287109,0.23920071
1478,/mnt/c/Users/puneet/Downloads/DAiSEE/DataSet/Test/907001/9070011020/9070011020.mp4,2,3,0.038646538,0.19344182,0.5287109,0.23920071
1479,/mnt/c/Users/puneet/Downloads/DAiSEE/DataSet/Test/907001/9070011060/9070011060.mp4,2,3,0.038646538,0.19344182,0.5287109,0.23920071
1480,/mnt/c/Users/puneet/Downloads/DAiSEE/DataSet/Test/907001/9070011090/9070011090.mp4,2,2,0.038646538,0.19344182,0.5287109,0.23920071
1481,/mnt/c/Users/puneet/Downloads/DAiSEE/DataSet/Test/907001/907001110/907001110.mp4,2,3,0.038646538,0.19344182,0.5287109,0.23920071
1482,/mnt/c/Users/puneet/Downloads/DAiSEE/DataSet/Test/907001/9070011110/9070011110.mp4,2,3,0.038646538,0.19344182,0.5287109,0.23920071
1483,/mnt/c/Users/puneet/Downloads/DAiSEE/DataSet/Test/907001/907001120/907001120.mp4,2,2,0.038646538,0.19344182,0.5287109,0.23920071
1484,/mnt/c/Users/puneet/Downloads/DAiSEE/DataSet/Test/907001/907001150/907001150.mp4,2,3,0.038646538,0.19344182,0.5287109,0.23920071
1485,/mnt/c/Users/puneet/Downloads/DAiSEE/DataSet/Test/907001/907001160/907001160.mp4,2,2,0.038646538,0.19344182,0.5287109,0.23920071
1486,/mnt/c/Users/puneet/Downloads/DAiSEE/DataSet/Test/907001/907001170/907001170.mp4,2,3,0.038646538,0.19344182,0.5287109,0.23920071
1487,/mnt/c/Users/puneet/Downloads/DAiSEE/DataSet/Test/907001/907001180/907001180.mp4,2,3,0.038646538,0.19344182,0.5287109,0.23920071
1488,/mnt/c/Users/puneet/Downloads/DAiSEE/DataSet/Test/907001/907001210/907001210.mp4,2,3,0.038646538,0.19344182,0.5287109,0.23920071
1489,/mnt/c/Users/puneet/Downloads/DAiSEE/DataSet/Test/907001/907001220/907001220.mp4,2,3,0.038646538,0.19344182,0.5287109,0.23920071
1490,/mnt/c/Users/puneet/Downloads/DAiSEE/DataSet/Test/907001/907001240/907001240.mp4,2,3,0.038646538,0.19344182,0.5287109,0.23920071
1491,/mnt/c/Users/puneet/Downloads/DAiSEE/DataSet/Test/907001/907001270/907001270.mp4,2,2,0.038646538,0.19344182,0.5287109,0.23920071
1492,/mnt/c/Users/puneet/Downloads/DAiSEE/DataSet/Test/907001/907001280/907001280.mp4,2,3,0.038646538,0.19344182,0.5287109,0.23920071
1493,/mnt/c/Users/puneet/Downloads/DAiSEE/DataSet/Test/907001/907001310/907001310.mp4,2,3,0.038646538,0.19344182,0.5287109,0.23920071
1494,/mnt/c/Users/puneet/Downloads/DAiSEE/DataSet/Test/907001/907001340/907001340.mp4,2,3,0.038646538,0.19344182,0.5287109,0.23920071
1495,/mnt/c/Users/puneet/Downloads/DAiSEE/DataSet/Test/907001/907001350/907001350.mp4,2,3,0.038646538,0.19344182,0.5287109,0.23920071
1496,/mnt/c/Users/puneet/Downloads/DAiSEE/DataSet/Test/907001/907001360/907001360.mp4,2,3,0.038646538,0.19344182,0.5287109,0.23920071
1497,/mnt/c/Users/puneet/Downloads/DAiSEE/DataSet/Test/907001/907001370/907001370.mp4,2,3,0.038646538,0.19344182,0.5287109,0.23920071
1498,/mnt/c/Users/puneet/Downloads/DAiSEE/DataSet/Test/907001/907001400/907001400.mp4,2,3,0.038646538,0.19344182,0.5287109,0.23920071
1499,/mnt/c/Users/puneet/Downloads/DAiSEE/DataSet/Test/907001/907001430/907001430.mp4,2,2,0.038646538,0.19344182,0.5287109,0.23920071
1500,/mnt/c/Users/puneet/Downloads/DAiSEE/DataSet/Test/907001/907001450/907001450.mp4,2,3,0.038646538,0.19344182,0.5287109,0.23920071
1501,/mnt/c/Users/puneet/Downloads/DAiSEE/DataSet/Test/907001/907001480/907001480.mp4,2,1,0.038646538,0.19344182,0.5287109,0.23920071
1502,/mnt/c/Users/puneet/Downloads/DAiSEE/DataSet/Test/907001/907001490/907001490.mp4,2,3,0.038646538,0.19344182,0.5287109,0.23920071
1503,/mnt/c/Users/puneet/Downloads/DAiSEE/DataSet/Test/907001/90700150/90700150.mp4,2,3,0.038646538,0.19344182,0.5287109,0.23920071
1504,/mnt/c/Users/puneet/Downloads/DAiSEE/DataSet/Test/907001/907001500/907001500.mp4,2,3,0.038646538,0.19344182,0.5287109,0.23920071
1505,/mnt/c/Users/puneet/Downloads/DAiSEE/DataSet/Test/907001/907001520/907001520.mp4,2,3,0.038646538,0.19344182,0.5287109,0.23920071
1506,/mnt/c/Users/puneet/Downloads/DAiSEE/DataSet/Test/907001/907001550/907001550.mp4,2,3,0.038646538,0.19344182,0.5287109,0.23920071
1507,/mnt/c/Users/puneet/Downloads/DAiSEE/DataSet/Test/907001/907001560/907001560.mp4,2,2,0.038646538,0.19344182,0.5287109,0.23920071
1508,/mnt/c/Users/puneet/Downloads/DAiSEE/DataSet/Test/907001/907001570/907001570.mp4,2,3,0.038646538,0.19344182,0.5287109,0.23920071
1509,/mnt/c/Users/puneet/Downloads/DAiSEE/DataSet/Test/907001/907001580/907001580.mp4,2,3,0.038646538,0.19344182,0.5287109,0.23920071
1510,/mnt/c/Users/puneet/Downloads/DAiSEE/DataSet/Test/907001/90700160/90700160.mp4,2,3,0.038646538,0.19344182,0.5287109,0.23920071
1511,/mnt/c/Users/puneet/Downloads/DAiSEE/DataSet/Test/907001/907001600/907001600.mp4,2,3,0.038646538,0.19344182,0.5287109,0.23920071
1512,/mnt/c/Users/puneet/Downloads/DAiSEE/DataSet/Test/907001/907001620/907001620.mp4,2,3,0.038646538,0.19344182,0.5287109,0.23920071
1513,/mnt/c/Users/puneet/Downloads/DAiSEE/DataSet/Test/907001/907001650/907001650.mp4,2,2,0.038646538,0.19344182,0.5287109,0.23920071
1514,/mnt/c/Users/puneet/Downloads/DAiSEE/DataSet/Test/907001/907001670/907001670.mp4,2,3,0.038646538,0.19344182,0.5287109,0.23920071
1515,/mnt/c/Users/puneet/Downloads/DAiSEE/DataSet/Test/907001/907001680/907001680.mp4,2,3,0.038646538,0.19344182,0.5287109,0.23920071
1516,/mnt/c/Users/puneet/Downloads/DAiSEE/DataSet/Test/907001/90700170/90700170.mp4,2,3,0.038646538,0.19344182,0.5287109,0.23920071
1517,/mnt/c/Users/puneet/Downloads/DAiSEE/DataSet/Test/907001/907001730/907001730.mp4,2,3,0.038646538,0.19344182,0.5287109,0.23920071
1518,/mnt/c/Users/puneet/Downloads/DAiSEE/DataSet/Test/907001/907001740/907001740.mp4,2,2,0.038646538,0.19344182,0.5287109,0.23920071
1519,/mnt/c/Users/puneet/Downloads/DAiSEE/DataSet/Test/907001/907001780/907001780.mp4,2,3,0.038646538,0.19344182,0.5287109,0.23920071
1520,/mnt/c/Users/puneet/Downloads/DAiSEE/DataSet/Test/907001/907001790/907001790.mp4,2,3,0.038646538,0.19344182,0.5287109,0.23920071
1521,/mnt/c/Users/puneet/Downloads/DAiSEE/DataSet/Test/907001/90700180/90700180.mp4,2,3,0.038646538,0.19344182,0.5287109,0.23920071
1522,/mnt/c/Users/puneet/Downloads/DAiSEE/DataSet/Test/907001/907001820/907001820.mp4,2,3,0.038646538,0.19344182,0.5287109,0.23920071
1523,/mnt/c/Users/puneet/Downloads/DAiSEE/DataSet/Test/907001/907001840/907001840.mp4,2,3,0.038646538,0.19344182,0.5287109,0.23920071
1524,/mnt/c/Users/puneet/Downloads/DAiSEE/DataSet/Test/907001/907001850/907001850.mp4,2,3,0.038646538,0.19344182,0.5287109,0.23920071
1525,/mnt/c/Users/puneet/Downloads/DAiSEE/DataSet/Test/907001/907001860/907001860.mp4,2,3,0.038646538,0.19344182,0.5287109,0.23920071
1526,/mnt/c/Users/puneet/Downloads/DAiSEE/DataSet/Test/907001/90700190/90700190.mp4,2,3,0.038646538,0.19344182,0.5287109,0.23920071
1527,/mnt/c/Users/puneet/Downloads/DAiSEE/DataSet/Test/907001/907001910/907001910.mp4,2,2,0.038646538,0.19344182,0.5287109,0.23920071
1528,/mnt/c/Users/puneet/Downloads/DAiSEE/DataSet/Test/907001/907001940/907001940.mp4,2,3,0.038646538,0.19344182,0.5287109,0.23920071
1529,/mnt/c/Users/puneet/Downloads/DAiSEE/DataSet/Test/907001/907001950/907001950.mp4,2,1,0.038646538,0.19344182,0.5287109,0.23920071
1530,/mnt/c/Users/puneet/Downloads/DAiSEE/DataSet/Test/907001/907001970/907001970.mp4,2,3,0.038646538,0.19344182,0.5287109,0.23920071
1531,/mnt/c/Users/puneet/Downloads/DAiSEE/DataSet/Test/928901/9289010111/9289010111.avi,2,2,0.038646538,0.19344182,0.5287109,0.23920071
1532,/mnt/c/Users/puneet/Downloads/DAiSEE/DataSet/Test/928901/9289010112/9289010112.avi,2,2,0.038646538,0.19344182,0.5287109,0.23920071
1533,/mnt/c/Users/puneet/Downloads/DAiSEE/DataSet/Test/928901/9289010113/9289010113.avi,2,2,0.038646538,0.19344182,0.5287109,0.23920071
1534,/mnt/c/Users/puneet/Downloads/DAiSEE/DataSet/Test/928901/9289010114/9289010114.avi,2,1,0.038646538,0.19344182,0.5287109,0.23920071
1535,/mnt/c/Users/puneet/Downloads/DAiSEE/DataSet/Test/928901/9289010115/9289010115.avi,2,3,0.038646538,0.19344182,0.5287109,0.23920071
1536,/mnt/c/Users/puneet/Downloads/DAiSEE/DataSet/Test/928901/9289010117/9289010117.avi,2,3,0.038646538,0.19344182,0.5287109,0.23920071
1537,/mnt/c/Users/puneet/Downloads/DAiSEE/DataSet/Test/928901/9289010118/9289010118.avi,2,3,0.038646538,0.19344182,0.5287109,0.23920071
1538,/mnt/c/Users/puneet/Downloads/DAiSEE/DataSet/Test/928901/9289010119/9289010119.avi,2,3,0.038646538,0.19344182,0.5287109,0.23920071
1539,/mnt/c/Users/puneet/Downloads/DAiSEE/DataSet/Test/928901/9289010120/9289010120.avi,2,2,0.038646538,0.19344182,0.5287109,0.23920071
1540,/mnt/c/Users/puneet/Downloads/DAiSEE/DataSet/Test/928901/9289010121/9289010121.avi,2,2,0.038646538,0.19344182,0.5287109,0.23920071
1541,/mnt/c/Users/puneet/Downloads/DAiSEE/DataSet/Test/928901/9289010127/9289010127.avi,2,2,0.038646538,0.19344182,0.5287109,0.23920071
1542,/mnt/c/Users/puneet/Downloads/DAiSEE/DataSet/Test/928901/928901013/928901013.avi,2,3,0.038646538,0.19344182,0.5287109,0.23920071
1543,/mnt/c/Users/puneet/Downloads/DAiSEE/DataSet/Test/928901/9289010131/9289010131.avi,2,2,0.038646538,0.19344182,0.5287109,0.23920071
1544,/mnt/c/Users/puneet/Downloads/DAiSEE/DataSet/Test/928901/9289010132/9289010132.avi,2,2,0.038646538,0.19344182,0.5287109,0.23920071
1545,/mnt/c/Users/puneet/Downloads/DAiSEE/DataSet/Test/928901/9289010133/9289010133.avi,2,3,0.038646538,0.19344182,0.5287109,0.23920071
1546,/mnt/c/Users/puneet/Downloads/DAiSEE/DataSet/Test/928901/9289010134/9289010134.avi,2,3,0.038646538,0.19344182,0.5287109,0.23920071
1547,/mnt/c/Users/puneet/Downloads/DAiSEE/DataSet/Test/928901/9289010138/9289010138.avi,2,2,0.038646538,0.19344182,0.5287109,0.23920071
1548,/mnt/c/Users/puneet/Downloads/DAiSEE/DataSet/Test/928901/9289010139/9289010139.avi,2,2,0.038646538,0.19344182,0.5287109,0.23920071
1549,/mnt/c/Users/puneet/Downloads/DAiSEE/DataSet/Test/928901/928901014/928901014.avi,2,1,0.038646538,0.19344182,0.5287109,0.23920071
1550,/mnt/c/Users/puneet/Downloads/DAiSEE/DataSet/Test/928901/9289010143/9289010143.avi,2,2,0.038646538,0.19344182,0.5287109,0.23920071
1551,/mnt/c/Users/puneet/Downloads/DAiSEE/DataSet/Test/928901/9289010144/9289010144.avi,2,2,0.038646538,0.19344182,0.5287109,0.23920071
1552,/mnt/c/Users/puneet/Downloads/DAiSEE/DataSet/Test/928901/9289010145/9289010145.avi,2,1,0.038646538,0.19344182,0.5287109,0.23920071
1553,/mnt/c/Users/puneet/Downloads/DAiSEE/DataSet/Test/928901/9289010147/9289010147.avi,2,2,0.038646538,0.19344182,0.5287109,0.23920071
1554,/mnt/c/Users/puneet/Downloads/DAiSEE/DataSet/Test/928901/9289010149/9289010149.avi,2,3,0.038646538,0.19344182,0.5287109,0.23920071
1555,/mnt/c/Users/puneet/Downloads/DAiSEE/DataSet/Test/928901/9289010150/9289010150.avi,2,3,0.038646538,0.19344182,0.5287109,0.23920071
1556,/mnt/c/Users/puneet/Downloads/DAiSEE/DataSet/Test/928901/9289010151/9289010151.avi,2,3,0.038646538,0.19344182,0.5287109,0.23920071
1557,/mnt/c/Users/puneet/Downloads/DAiSEE/DataSet/Test/928901/9289010152/9289010152.avi,2,1,0.038646538,0.19344182,0.5287109,0.23920071
1558,/mnt/c/Users/puneet/Downloads/DAiSEE/DataSet/Test/928901/9289010153/9289010153.avi,2,2,0.038646538,0.19344182,0.5287109,0.23920071
1559,/mnt/c/Users/puneet/Downloads/DAiSEE/DataSet/Test/928901/9289010154/9289010154.avi,2,2,0.038646538,0.19344182,0.5287109,0.23920071
1560,/mnt/c/Users/puneet/Downloads/DAiSEE/DataSet/Test/928901/9289010155/9289010155.avi,2,3,0.038646538,0.19344182,0.5287109,0.23920071
1561,/mnt/c/Users/puneet/Downloads/DAiSEE/DataSet/Test/928901/9289010157/9289010157.avi,2,3,0.038646538,0.19344182,0.5287109,0.23920071
1562,/mnt/c/Users/puneet/Downloads/DAiSEE/DataSet/Test/928901/9289010158/9289010158.avi,2,3,0.038646538,0.19344182,0.5287109,0.23920071
1563,/mnt/c/Users/puneet/Downloads/DAiSEE/DataSet/Test/928901/928901016/928901016.avi,2,2,0.038646538,0.19344182,0.5287109,0.23920071
1564,/mnt/c/Users/puneet/Downloads/DAiSEE/DataSet/Test/928901/9289010160/9289010160.avi,2,3,0.038646538,0.19344182,0.5287109,0.23920071
1565,/mnt/c/Users/puneet/Downloads/DAiSEE/DataSet/Test/928901/9289010161/9289010161.avi,2,2,0.038646538,0.19344182,0.5287109,0.23920071
1566,/mnt/c/Users/puneet/Downloads/DAiSEE/DataSet/Test/928901/9289010163/9289010163.avi,2,3,0.038646538,0.19344182,0.5287109,0.23920071
1567,/mnt/c/Users/puneet/Downloads/DAiSEE/DataSet/Test/928901/9289010166/9289010166.avi,2,2,0.038646538,0.19344182,0.5287109,0.23920071
1568,/mnt/c/Users/puneet/Downloads/DAiSEE/DataSet/Test/928901/9289010167/9289010167.avi,2,3,0.038646538,0.19344182,0.5287109,0.23920071
1569,/mnt/c/Users/puneet/Downloads/DAiSEE/DataSet/Test/928901/928901018/928901018.avi,2,3,0.038646538,0.19344182,0.5287109,0.23920071
1570,/mnt/c/Users/puneet/Downloads/DAiSEE/DataSet/Test/928901/9289010210/9289010210.avi,2,3,0.038646538,0.19344182,0.5287109,0.23920071
1571,/mnt/c/Users/puneet/Downloads/DAiSEE/DataSet/Test/928901/9289010211/9289010211.avi,2,2,0.038646538,0.19344182,0.5287109,0.23920071
1572,/mnt/c/Users/puneet/Downloads/DAiSEE/DataSet/Test/928901/9289010216/9289010216.avi,2,3,0.038646538,0.19344182,0.5287109,0.23920071
1573,/mnt/c/Users/puneet/Downloads/DAiSEE/DataSet/Test/928901/9289010221/9289010221.avi,2,3,0.038646538,0.19344182,0.5287109,0.23920071
1574,/mnt/c/Users/puneet/Downloads/DAiSEE/DataSet/Test/928901/9289010222/9289010222.avi,2,3,0.038646538,0.19344182,0.5287109,0.23920071
1575,/mnt/c/Users/puneet/Downloads/DAiSEE/DataSet/Test/928901/9289010223/9289010223.avi,2,3,0.038646538,0.19344182,0.5287109,0.23920071
1576,/mnt/c/Users/puneet/Downloads/DAiSEE/DataSet/Test/928901/9289010227/9289010227.avi,2,3,0.038646538,0.19344182,0.5287109,0.23920071
1577,/mnt/c/Users/puneet/Downloads/DAiSEE/DataSet/Test/928901/9289010229/9289010229.avi,2,3,0.038646538,0.19344182,0.5287109,0.23920071
1578,/mnt/c/Users/puneet/Downloads/DAiSEE/DataSet/Test/928901/928901023/928901023.avi,2,3,0.038646538,0.19344182,0.5287109,0.23920071
1579,/mnt/c/Users/puneet/Downloads/DAiSEE/DataSet/Test/928901/9289010230/9289010230.avi,2,3,0.038646538,0.19344182,0.5287109,0.23920071
1580,/mnt/c/Users/puneet/Downloads/DAiSEE/DataSet/Test/928901/9289010231/9289010231.avi,2,2,0.038646538,0.19344182,0.5287109,0.23920071
1581,/mnt/c/Users/puneet/Downloads/DAiSEE/DataSet/Test/928901/9289010232/9289010232.avi,2,3,0.038646538,0.19344182,0.5287109,0.23920071
1582,/mnt/c/Users/puneet/Downloads/DAiSEE/DataSet/Test/928901/9289010233/9289010233.avi,2,3,0.038646538,0.19344182,0.5287109,0.23920071
1583,/mnt/c/Users/puneet/Downloads/DAiSEE/DataSet/Test/928901/9289010235/9289010235.avi,2,3,0.038646538,0.19344182,0.5287109,0.23920071
1584,/mnt/c/Users/puneet/Downloads/DAiSEE/DataSet/Test/928901/9289010242/9289010242.avi,2,3,0.038646538,0.19344182,0.5287109,0.23920071
1585,/mnt/c/Users/puneet/Downloads/DAiSEE/DataSet/Test/928901/9289010243/9289010243.avi,2,3,0.038646538,0.19344182,0.5287109,0.23920071
1586,/mnt/c/Users/puneet/Downloads/DAiSEE/DataSet/Test/928901/9289010244/9289010244.avi,2,3,0.038646538,0.19344182,0.5287109,0.23920071
1587,/mnt/c/Users/puneet/Downloads/DAiSEE/DataSet/Test/928901/9289010245/9289010245.avi,2,3,0.038646538,0.19344182,0.5287109,0.23920071
1588,/mnt/c/Users/puneet/Downloads/DAiSEE/DataSet/Test/928901/9289010248/9289010248.avi,2,3,0.038646538,0.19344182,0.5287109,0.23920071
1589,/mnt/c/Users/puneet/Downloads/DAiSEE/DataSet/Test/928901/9289010249/9289010249.avi,2,3,0.038646538,0.19344182,0.5287109,0.23920071
1590,/mnt/c/Users/puneet/Downloads/DAiSEE/DataSet/Test/928901/928901025/928901025.avi,2,3,0.038646538,0.19344182,0.5287109,0.23920071
1591,/mnt/c/Users/puneet/Downloads/DAiSEE/DataSet/Test/928901/9289010250/9289010250.avi,2,2,0.038646538,0.19344182,0.5287109,0.23920071
1592,/mnt/c/Users/puneet/Downloads/DAiSEE/DataSet/Test/928901/9289010251/9289010251.avi,2,3,0.038646538,0.19344182,0.5287109,0.23920071
1593,/mnt/c/Users/puneet/Downloads/DAiSEE/DataSet/Test/928901/9289010253/9289010253.avi,2,3,0.038646538,0.19344182,0.5287109,0.23920071
1594,/mnt/c/Users/puneet/Downloads/DAiSEE/DataSet/Test/928901/9289010254/9289010254.avi,2,2,0.038646538,0.19344182,0.5287109,0.23920071
1595,/mnt/c/Users/puneet/Downloads/DAiSEE/DataSet/Test/928901/9289010257/9289010257.avi,2,3,0.038646538,0.19344182,0.5287109,0.23920071
1596,/mnt/c/Users/puneet/Downloads/DAiSEE/DataSet/Test/928901/9289010259/9289010259.avi,2,3,0.038646538,0.19344182,0.5287109,0.23920071
1597,/mnt/c/Users/puneet/Downloads/DAiSEE/DataSet/Test/928901/928901026/928901026.avi,2,3,0.038646538,0.19344182,0.5287109,0.23920071
1598,/mnt/c/Users/puneet/Downloads/DAiSEE/DataSet/Test/928901/9289010261/9289010261.avi,2,3,0.038646538,0.19344182,0.5287109,0.23920071
1599,/mnt/c/Users/puneet/Downloads/DAiSEE/DataSet/Test/928901/9289010262/9289010262.avi,2,3,0.038646538,0.19344182,0.5287109,0.23920071
1600,/mnt/c/Users/puneet/Downloads/DAiSEE/DataSet/Test/928901/9289010263/9289010263.avi,2,2,0.038646538,0.19344182,0.5287109,0.23920071
1601,/mnt/c/Users/puneet/Downloads/DAiSEE/DataSet/Test/928901/9289010265/9289010265.avi,2,3,0.038646538,0.19344182,0.5287109,0.23920071
1602,/mnt/c/Users/puneet/Downloads/DAiSEE/DataSet/Test/928901/9289010266/9289010266.avi,2,3,0.038646538,0.19344182,0.5287109,0.23920071
1603,/mnt/c/Users/puneet/Downloads/DAiSEE/DataSet/Test/928901/9289010267/9289010267.avi,2,3,0.038646538,0.19344182,0.5287109,0.23920071
1604,/mnt/c/Users/puneet/Downloads/DAiSEE/DataSet/Test/928901/9289010268/9289010268.avi,2,3,0.038646538,0.19344182,0.5287109,0.23920071
1605,/mnt/c/Users/puneet/Downloads/DAiSEE/DataSet/Test/928901/9289010269/9289010269.avi,2,3,0.038646538,0.19344182,0.5287109,0.23920071
1606,/mnt/c/Users/puneet/Downloads/DAiSEE/DataSet/Test/928901/9289010270/9289010270.avi,2,3,0.038646538,0.19344182,0.5287109,0.23920071
1607,/mnt/c/Users/puneet/Downloads/DAiSEE/DataSet/Test/928901/9289010271/9289010271.avi,2,2,0.038646538,0.19344182,0.5287109,0.23920071
1608,/mnt/c/Users/puneet/Downloads/DAiSEE/DataSet/Test/928901/9289010273/9289010273.avi,2,3,0.038646538,0.19344182,0.5287109,0.23920071
1609,/mnt/c/Users/puneet/Downloads/DAiSEE/DataSet/Test/928901/9289010274/9289010274.avi,2,3,0.038646538,0.19344182,0.5287109,0.23920071
1610,/mnt/c/Users/puneet/Downloads/DAiSEE/DataSet/Test/928901/9289010275/9289010275.avi,2,3,0.038646538,0.19344182,0.5287109,0.23920071
1611,/mnt/c/Users/puneet/Downloads/DAiSEE/DataSet/Test/928901/9289010276/9289010276.avi,2,1,0.038646538,0.19344182,0.5287109,0.23920071
1612,/mnt/c/Users/puneet/Downloads/DAiSEE/DataSet/Test/928901/9289010278/9289010278.avi,2,3,0.038646538,0.19344182,0.5287109,0.23920071
1613,/mnt/c/Users/puneet/Downloads/DAiSEE/DataSet/Test/928901/928901028/928901028.avi,2,3,0.038646538,0.19344182,0.5287109,0.23920071
1614,/mnt/c/Users/puneet/Downloads/DAiSEE/DataSet/Test/928901/928901029/928901029.avi,2,3,0.038646538,0.19344182,0.5287109,0.23920071
1615,/mnt/c/Users/puneet/Downloads/DAiSEE/DataSet/Test/940328/940328011/940328011.avi,2,3,0.038646538,0.19344182,0.5287109,0.23920071
1616,/mnt/c/Users/puneet/Downloads/DAiSEE/DataSet/Test/940328/9403280110/9403280110.avi,2,3,0.038646538,0.19344182,0.5287109,0.23920071
1617,/mnt/c/Users/puneet/Downloads/DAiSEE/DataSet/Test/940328/9403280112/9403280112.avi,2,3,0.038646538,0.19344182,0.5287109,0.23920071
1618,/mnt/c/Users/puneet/Downloads/DAiSEE/DataSet/Test/940328/9403280114/9403280114.avi,2,3,0.038646538,0.19344182,0.5287109,0.23920071
1619,/mnt/c/Users/puneet/Downloads/DAiSEE/DataSet/Test/940328/9403280115/9403280115.avi,2,2,0.038646538,0.19344182,0.5287109,0.23920071
1620,/mnt/c/Users/puneet/Downloads/DAiSEE/DataSet/Test/940328/9403280116/9403280116.avi,2,3,0.038646538,0.19344182,0.5287109,0.23920071
1621,/mnt/c/Users/puneet/Downloads/DAiSEE/DataSet/Test/940328/9403280117/9403280117.avi,2,3,0.038646538,0.19344182,0.5287109,0.23920071
1622,/mnt/c/Users/puneet/Downloads/DAiSEE/DataSet/Test/940328/940328012/940328012.avi,2,3,0.038646538,0.19344182,0.5287109,0.23920071
1623,/mnt/c/Users/puneet/Downloads/DAiSEE/DataSet/Test/940328/9403280126/9403280126.avi,2,3,0.038646538,0.19344182,0.5287109,0.23920071
1624,/mnt/c/Users/puneet/Downloads/DAiSEE/DataSet/Test/940328/9403280129/9403280129.avi,2,3,0.038646538,0.19344182,0.5287109,0.23920071
1625,/mnt/c/Users/puneet/Downloads/DAiSEE/DataSet/Test/940328/9403280132/9403280132.avi,2,3,0.038646538,0.19344182,0.5287109,0.23920071
1626,/mnt/c/Users/puneet/Downloads/DAiSEE/DataSet/Test/940328/9403280134/9403280134.avi,2,2,0.038646538,0.19344182,0.5287109,0.23920071
1627,/mnt/c/Users/puneet/Downloads/DAiSEE/DataSet/Test/940328/9403280136/9403280136.avi,2,3,0.038646538,0.19344182,0.5287109,0.23920071
1628,/mnt/c/Users/puneet/Downloads/DAiSEE/DataSet/Test/940328/9403280138/9403280138.avi,2,2,0.038646538,0.19344182,0.5287109,0.23920071
1629,/mnt/c/Users/puneet/Downloads/DAiSEE/DataSet/Test/940328/940328014/940328014.avi,2,3,0.038646538,0.19344182,0.5287109,0.23920071
1630,/mnt/c/Users/puneet/Downloads/DAiSEE/DataSet/Test/940328/9403280140/9403280140.avi,2,2,0.038646538,0.19344182,0.5287109,0.23920071
1631,/mnt/c/Users/puneet/Downloads/DAiSEE/DataSet/Test/940328/9403280143/9403280143.avi,2,2,0.038646538,0.19344182,0.5287109,0.23920071
1632,/mnt/c/Users/puneet/Downloads/DAiSEE/DataSet/Test/940328/9403280145/9403280145.avi,2,2,0.038646538,0.19344182,0.5287109,0.23920071
1633,/mnt/c/Users/puneet/Downloads/DAiSEE/DataSet/Test/940328/9403280146/9403280146.avi,2,2,0.038646538,0.19344182,0.5287109,0.23920071
1634,/mnt/c/Users/puneet/Downloads/DAiSEE/DataSet/Test/940328/9403280147/9403280147.avi,2,3,0.038646538,0.19344182,0.5287109,0.23920071
1635,/mnt/c/Users/puneet/Downloads/DAiSEE/DataSet/Test/940328/9403280149/9403280149.avi,2,3,0.038646538,0.19344182,0.5287109,0.23920071
1636,/mnt/c/Users/puneet/Downloads/DAiSEE/DataSet/Test/940328/9403280150/9403280150.avi,2,3,0.038646538,0.19344182,0.5287109,0.23920071
1637,/mnt/c/Users/puneet/Downloads/DAiSEE/DataSet/Test/940328/9403280151/9403280151.avi,2,2,0.038646538,0.19344182,0.5287109,0.23920071
1638,/mnt/c/Users/puneet/Downloads/DAiSEE/DataSet/Test/940328/9403280152/9403280152.avi,2,2,0.038646538,0.19344182,0.5287109,0.23920071
1639,/mnt/c/Users/puneet/Downloads/DAiSEE/DataSet/Test/940328/9403280155/9403280155.avi,2,3,0.038646538,0.19344182,0.5287109,0.23920071
1640,/mnt/c/Users/puneet/Downloads/DAiSEE/DataSet/Test/940328/9403280156/9403280156.avi,2,3,0.038646538,0.19344182,0.5287109,0.23920071
1641,/mnt/c/Users/puneet/Downloads/DAiSEE/DataSet/Test/940328/9403280157/9403280157.avi,2,2,0.038646538,0.19344182,0.5287109,0.23920071
1642,/mnt/c/Users/puneet/Downloads/DAiSEE/DataSet/Test/940328/9403280159/9403280159.avi,2,3,0.038646538,0.19344182,0.5287109,0.23920071
1643,/mnt/c/Users/puneet/Downloads/DAiSEE/DataSet/Test/940328/940328016/940328016.avi,2,3,0.038646538,0.19344182,0.5287109,0.23920071
1644,/mnt/c/Users/puneet/Downloads/DAiSEE/DataSet/Test/940328/9403280164/9403280164.avi,2,3,0.038646538,0.19344182,0.5287109,0.23920071
1645,/mnt/c/Users/puneet/Downloads/DAiSEE/DataSet/Test/940328/9403280165/9403280165.avi,2,2,0.038646538,0.19344182,0.5287109,0.23920071
1646,/mnt/c/Users/puneet/Downloads/DAiSEE/DataSet/Test/940328/9403280167/9403280167.avi,2,3,0.038646538,0.19344182,0.5287109,0.23920071
1647,/mnt/c/Users/puneet/Downloads/DAiSEE/DataSet/Test/940328/940328017/940328017.avi,2,3,0.038646538,0.19344182,0.5287109,0.23920071
1648,/mnt/c/Users/puneet/Downloads/DAiSEE/DataSet/Test/940328/940328018/940328018.avi,2,3,0.038646538,0.19344182,0.5287109,0.23920071
1649,/mnt/c/Users/puneet/Downloads/DAiSEE/DataSet/Test/940328/9403280212/9403280212.avi,2,3,0.038646538,0.19344182,0.5287109,0.23920071
1650,/mnt/c/Users/puneet/Downloads/DAiSEE/DataSet/Test/940328/9403280213/9403280213.avi,2,2,0.038646538,0.19344182,0.5287109,0.23920071
1651,/mnt/c/Users/puneet/Downloads/DAiSEE/DataSet/Test/940328/9403280217/9403280217.avi,2,2,0.038646538,0.19344182,0.5287109,0.23920071
1652,/mnt/c/Users/puneet/Downloads/DAiSEE/DataSet/Test/940328/9403280218/9403280218.avi,2,2,0.038646538,0.19344182,0.5287109,0.23920071
1653,/mnt/c/Users/puneet/Downloads/DAiSEE/DataSet/Test/940328/9403280219/9403280219.avi,2,2,0.038646538,0.19344182,0.5287109,0.23920071
1654,/mnt/c/Users/puneet/Downloads/DAiSEE/DataSet/Test/940328/940328022/940328022.avi,2,3,0.038646538,0.19344182,0.5287109,0.23920071
1655,/mnt/c/Users/puneet/Downloads/DAiSEE/DataSet/Test/940328/9403280227/9403280227.avi,2,2,0.038646538,0.19344182,0.5287109,0.23920071
1656,/mnt/c/Users/puneet/Downloads/DAiSEE/DataSet/Test/940328/9403280229/9403280229.avi,2,3,0.038646538,0.19344182,0.5287109,0.23920071
1657,/mnt/c/Users/puneet/Downloads/DAiSEE/DataSet/Test/940328/9403280234/9403280234.avi,2,3,0.038646538,0.19344182,0.5287109,0.23920071
1658,/mnt/c/Users/puneet/Downloads/DAiSEE/DataSet/Test/940328/9403280235/9403280235.avi,2,2,0.038646538,0.19344182,0.5287109,0.23920071
1659,/mnt/c/Users/puneet/Downloads/DAiSEE/DataSet/Test/940328/9403280236/9403280236.avi,2,2,0.038646538,0.19344182,0.5287109,0.23920071
1660,/mnt/c/Users/puneet/Downloads/DAiSEE/DataSet/Test/940328/9403280238/9403280238.avi,2,2,0.038646538,0.19344182,0.5287109,0.23920071
1661,/mnt/c/Users/puneet/Downloads/DAiSEE/DataSet/Test/940328/9403280241/9403280241.avi,2,3,0.038646538,0.19344182,0.5287109,0.23920071
1662,/mnt/c/Users/puneet/Downloads/DAiSEE/DataSet/Test/940328/9403280243/9403280243.avi,2,3,0.038646538,0.19344182,0.5287109,0.23920071
1663,/mnt/c/Users/puneet/Downloads/DAiSEE/DataSet/Test/940328/9403280245/9403280245.avi,2,3,0.038646538,0.19344182,0.5287109,0.23920071
1664,/mnt/c/Users/puneet/Downloads/DAiSEE/DataSet/Test/940328/9403280246/9403280246.avi,2,3,0.038646538,0.19344182,0.5287109,0.23920071
1665,/mnt/c/Users/puneet/Downloads/DAiSEE/DataSet/Test/940328/9403280247/9403280247.avi,2,2,0.038646538,0.19344182,0.5287109,0.23920071
1666,/mnt/c/Users/puneet/Downloads/DAiSEE/DataSet/Test/940328/9403280249/9403280249.avi,2,3,0.038646538,0.19344182,0.5287109,0.23920071
1667,/mnt/c/Users/puneet/Downloads/DAiSEE/DataSet/Test/940328/9403280250/9403280250.avi,2,2,0.038646538,0.19344182,0.5287109,0.23920071
1668,/mnt/c/Users/puneet/Downloads/DAiSEE/DataSet/Test/940328/9403280251/9403280251.avi,2,2,0.038646538,0.19344182,0.5287109,0.23920071
1669,/mnt/c/Users/puneet/Downloads/DAiSEE/DataSet/Test/940328/9403280254/9403280254.avi,2,3,0.038646538,0.19344182,0.5287109,0.23920071
1670,/mnt/c/Users/puneet/Downloads/DAiSEE/DataSet/Test/940328/9403280255/9403280255.avi,2,3,0.038646538,0.19344182,0.5287109,0.23920071
1671,/mnt/c/Users/puneet/Downloads/DAiSEE/DataSet/Test/940328/9403280256/9403280256.avi,2,3,0.038646538,0.19344182,0.5287109,0.23920071
1672,/mnt/c/Users/puneet/Downloads/DAiSEE/DataSet/Test/940328/9403280259/9403280259.avi,2,3,0.038646538,0.19344182,0.5287109,0.23920071
1673,/mnt/c/Users/puneet/Downloads/DAiSEE/DataSet/Test/940328/9403280260/9403280260.avi,2,3,0.038646538,0.19344182,0.5287109,0.23920071
1674,/mnt/c/Users/puneet/Downloads/DAiSEE/DataSet/Test/940328/9403280262/9403280262.avi,2,3,0.038646538,0.19344182,0.5287109,0.23920071
1675,/mnt/c/Users/puneet/Downloads/DAiSEE/DataSet/Test/940328/9403280265/9403280265.avi,2,3,0.038646538,0.19344182,0.5287109,0.23920071
1676,/mnt/c/Users/puneet/Downloads/DAiSEE/DataSet/Test/940328/9403280266/9403280266.avi,2,3,0.038646538,0.19344182,0.5287109,0.23920071
1677,/mnt/c/Users/puneet/Downloads/DAiSEE/DataSet/Test/940328/9403280271/9403280271.avi,2,1,0.038646538,0.19344182,0.5287109,0.23920071
1678,/mnt/c/Users/puneet/Downloads/DAiSEE/DataSet/Test/940328/9403280272/9403280272.avi,2,3,0.038646538,0.19344182,0.5287109,0.23920071
1679,/mnt/c/Users/puneet/Downloads/DAiSEE/DataSet/Test/940328/9403280273/9403280273.avi,2,2,0.038646538,0.19344182,0.5287109,0.23920071
1680,/mnt/c/Users/puneet/Downloads/DAiSEE/DataSet/Test/940328/9403280277/9403280277.avi,2,3,0.038646538,0.19344182,0.5287109,0.23920071
1681,/mnt/c/Users/puneet/Downloads/DAiSEE/DataSet/Test/940328/9403280279/9403280279.avi,2,3,0.038646538,0.19344182,0.5287109,0.23920071
1682,/mnt/c/Users/puneet/Downloads/DAiSEE/DataSet/Test/987736/9877360111/9877360111.avi,2,3,0.038646538,0.19344182,0.5287109,0.23920071
1683,/mnt/c/Users/puneet/Downloads/DAiSEE/DataSet/Test/987736/9877360113/9877360113.avi,2,2,0.038646538,0.19344182,0.5287109,0.23920071
1684,/mnt/c/Users/puneet/Downloads/DAiSEE/DataSet/Test/987736/9877360114/9877360114.avi,2,3,0.038646538,0.19344182,0.5287109,0.23920071
1685,/mnt/c/Users/puneet/Downloads/DAiSEE/DataSet/Test/987736/9877360115/9877360115.avi,2,3,0.038646538,0.19344182,0.5287109,0.23920071
1686,/mnt/c/Users/puneet/Downloads/DAiSEE/DataSet/Test/987736/9877360116/9877360116.avi,2,2,0.038646538,0.19344182,0.5287109,0.23920071
1687,/mnt/c/Users/puneet/Downloads/DAiSEE/DataSet/Test/987736/9877360117/9877360117.avi,2,2,0.038646538,0.19344182,0.5287109,0.23920071
1688,/mnt/c/Users/puneet/Downloads/DAiSEE/DataSet/Test/987736/9877360120/9877360120.avi,2,1,0.038646538,0.19344182,0.5287109,0.23920071
1689,/mnt/c/Users/puneet/Downloads/DAiSEE/DataSet/Test/987736/9877360121/9877360121.avi,2,2,0.038646538,0.19344182,0.5287109,0.23920071
1690,/mnt/c/Users/puneet/Downloads/DAiSEE/DataSet/Test/987736/9877360124/9877360124.avi,2,3,0.038646538,0.19344182,0.5287109,0.23920071
1691,/mnt/c/Users/puneet/Downloads/DAiSEE/DataSet/Test/987736/9877360125/9877360125.avi,2,3,0.038646538,0.19344182,0.5287109,0.23920071
1692,/mnt/c/Users/puneet/Downloads/DAiSEE/DataSet/Test/987736/9877360126/9877360126.avi,2,3,0.038646538,0.19344182,0.5287109,0.23920071
1693,/mnt/c/Users/puneet/Downloads/DAiSEE/DataSet/Test/987736/9877360127/9877360127.avi,2,2,0.038646538,0.19344182,0.5287109,0.23920071
1694,/mnt/c/Users/puneet/Downloads/DAiSEE/DataSet/Test/987736/9877360128/9877360128.avi,2,3,0.038646538,0.19344182,0.5287109,0.23920071
1695,/mnt/c/Users/puneet/Downloads/DAiSEE/DataSet/Test/987736/9877360130/9877360130.avi,2,2,0.038646538,0.19344182,0.5287109,0.23920071
1696,/mnt/c/Users/puneet/Downloads/DAiSEE/DataSet/Test/987736/9877360131/9877360131.avi,2,3,0.038646538,0.19344182,0.5287109,0.23920071
1697,/mnt/c/Users/puneet/Downloads/DAiSEE/DataSet/Test/987736/9877360132/9877360132.avi,2,2,0.038646538,0.19344182,0.5287109,0.23920071
1698,/mnt/c/Users/puneet/Downloads/DAiSEE/DataSet/Test/987736/9877360133/9877360133.avi,2,0,0.038646538,0.19344182,0.5287109,0.23920071
1699,/mnt/c/Users/puneet/Downloads/DAiSEE/DataSet/Test/987736/9877360134/9877360134.avi,2,3,0.038646538,0.19344182,0.5287109,0.23920071
1700,/mnt/c/Users/puneet/Downloads/DAiSEE/DataSet/Test/987736/9877360135/9877360135.avi,2,2,0.038646538,0.19344182,0.5287109,0.23920071
1701,/mnt/c/Users/puneet/Downloads/DAiSEE/DataSet/Test/987736/9877360138/9877360138.avi,2,2,0.038646538,0.19344182,0.5287109,0.23920071
1702,/mnt/c/Users/puneet/Downloads/DAiSEE/DataSet/Test/987736/987736014/987736014.avi,2,3,0.038646538,0.19344182,0.5287109,0.23920071
1703,/mnt/c/Users/puneet/Downloads/DAiSEE/DataSet/Test/987736/9877360140/9877360140.avi,2,3,0.038646538,0.19344182,0.5287109,0.23920071
1704,/mnt/c/Users/puneet/Downloads/DAiSEE/DataSet/Test/987736/9877360141/9877360141.avi,2,3,0.038646538,0.19344182,0.5287109,0.23920071
1705,/mnt/c/Users/puneet/Downloads/DAiSEE/DataSet/Test/987736/9877360143/9877360143.avi,2,3,0.038646538,0.19344182,0.5287109,0.23920071
1706,/mnt/c/Users/puneet/Downloads/DAiSEE/DataSet/Test/987736/9877360147/9877360147.avi,2,3,0.038646538,0.19344182,0.5287109,0.23920071
1707,/mnt/c/Users/puneet/Downloads/DAiSEE/DataSet/Test/987736/9877360149/9877360149.avi,2,3,0.038646538,0.19344182,0.5287109,0.23920071
1708,/mnt/c/Users/puneet/Downloads/DAiSEE/DataSet/Test/987736/987736015/987736015.avi,2,2,0.038646538,0.19344182,0.5287109,0.23920071
1709,/mnt/c/Users/puneet/Downloads/DAiSEE/DataSet/Test/987736/9877360151/9877360151.avi,2,3,0.038646538,0.19344182,0.5287109,0.23920071
1710,/mnt/c/Users/puneet/Downloads/DAiSEE/DataSet/Test/987736/9877360152/9877360152.avi,2,3,0.038646538,0.19344182,0.5287109,0.23920071
1711,/mnt/c/Users/puneet/Downloads/DAiSEE/DataSet/Test/987736/9877360154/9877360154.avi,2,2,0.038646538,0.19344182,0.5287109,0.23920071
1712,/mnt/c/Users/puneet/Downloads/DAiSEE/DataSet/Test/987736/9877360156/9877360156.avi,2,3,0.038646538,0.19344182,0.5287109,0.23920071
1713,/mnt/c/Users/puneet/Downloads/DAiSEE/DataSet/Test/987736/9877360157/9877360157.avi,2,1,0.038646538,0.19344182,0.5287109,0.23920071
1714,/mnt/c/Users/puneet/Downloads/DAiSEE/DataSet/Test/987736/9877360158/9877360158.avi,2,3,0.038646538,0.19344182,0.5287109,0.23920071
1715,/mnt/c/Users/puneet/Downloads/DAiSEE/DataSet/Test/987736/9877360159/9877360159.avi,2,3,0.038646538,0.19344182,0.5287109,0.23920071
1716,/mnt/c/Users/puneet/Downloads/DAiSEE/DataSet/Test/987736/987736016/987736016.avi,2,3,0.038646538,0.19344182,0.5287109,0.23920071
1717,/mnt/c/Users/puneet/Downloads/DAiSEE/DataSet/Test/987736/9877360163/9877360163.avi,2,2,0.038646538,0.19344182,0.5287109,0.23920071
1718,/mnt/c/Users/puneet/Downloads/DAiSEE/DataSet/Test/987736/9877360164/9877360164.avi,2,3,0.038646538,0.19344182,0.5287109,0.23920071
1719,/mnt/c/Users/puneet/Downloads/DAiSEE/DataSet/Test/987736/9877360165/9877360165.avi,2,3,0.038646538,0.19344182,0.5287109,0.23920071
1720,/mnt/c/Users/puneet/Downloads/DAiSEE/DataSet/Test/987736/9877360166/9877360166.avi,2,3,0.038646538,0.19344182,0.5287109,0.23920071
1721,/mnt/c/Users/puneet/Downloads/DAiSEE/DataSet/Test/987736/9877360168/9877360168.avi,2,3,0.038646538,0.19344182,0.5287109,0.23920071
1722,/mnt/c/Users/puneet/Downloads/DAiSEE/DataSet/Test/987736/9877360169/9877360169.avi,2,1,0.038646538,0.19344182,0.5287109,0.23920071
1723,/mnt/c/Users/puneet/Downloads/DAiSEE/DataSet/Test/987736/987736017/987736017.avi,2,2,0.038646538,0.19344182,0.5287109,0.23920071
1724,/mnt/c/Users/puneet/Downloads/DAiSEE/DataSet/Test/987736/9877360170/9877360170.avi,2,3,0.038646538,0.19344182,0.5287109,0.23920071
1725,/mnt/c/Users/puneet/Downloads/DAiSEE/DataSet/Test/987736/9877360172/9877360172.avi,2,1,0.038646538,0.19344182,0.5287109,0.23920071
1726,/mnt/c/Users/puneet/Downloads/DAiSEE/DataSet/Test/987736/9877360173/9877360173.avi,2,2,0.038646538,0.19344182,0.5287109,0.23920071
1727,/mnt/c/Users/puneet/Downloads/DAiSEE/DataSet/Test/987736/9877360174/9877360174.avi,2,3,0.038646538,0.19344182,0.5287109,0.23920071
1728,/mnt/c/Users/puneet/Downloads/DAiSEE/DataSet/Test/987736/9877360175/9877360175.avi,2,2,0.038646538,0.19344182,0.5287109,0.23920071
1729,/mnt/c/Users/puneet/Downloads/DAiSEE/DataSet/Test/987736/9877360177/9877360177.avi,2,3,0.038646538,0.19344182,0.5287109,0.23920071
1730,/mnt/c/Users/puneet/Downloads/DAiSEE/DataSet/Test/987736/987736018/987736018.avi,2,2,0.038646538,0.19344182,0.5287109,0.23920071
1731,/mnt/c/Users/puneet/Downloads/DAiSEE/DataSet/Test/987736/9877360180/9877360180.avi,2,3,0.038646538,0.19344182,0.5287109,0.23920071
1732,/mnt/c/Users/puneet/Downloads/DAiSEE/DataSet/Test/987736/9877360181/9877360181.avi,2,3,0.038646538,0.19344182,0.5287109,0.23920071
1733,/mnt/c/Users/puneet/Downloads/DAiSEE/DataSet/Test/987736/9877360182/9877360182.avi,2,2,0.038646538,0.19344182,0.5287109,0.23920071
1734,/mnt/c/Users/puneet/Downloads/DAiSEE/DataSet/Test/987736/9877360183/9877360183.avi,2,3,0.038646538,0.19344182,0.5287109,0.23920071
1735,/mnt/c/Users/puneet/Downloads/DAiSEE/DataSet/Test/987736/9877360184/9877360184.avi,2,3,0.038646538,0.19344182,0.5287109,0.23920071
1736,/mnt/c/Users/puneet/Downloads/DAiSEE/DataSet/Test/987736/9877360185/9877360185.avi,2,2,0.038646538,0.19344182,0.5287109,0.23920071
1737,/mnt/c/Users/puneet/Downloads/DAiSEE/DataSet/Test/987736/9877360210/9877360210.avi,2,3,0.038646538,0.19344182,0.5287109,0.23920071
1738,/mnt/c/Users/puneet/Downloads/DAiSEE/DataSet/Test/987736/9877360212/9877360212.avi,2,3,0.038646538,0.19344182,0.5287109,0.23920071
1739,/mnt/c/Users/puneet/Downloads/DAiSEE/DataSet/Test/987736/9877360213/9877360213.avi,2,2,0.038646538,0.19344182,0.5287109,0.23920071
1740,/mnt/c/Users/puneet/Downloads/DAiSEE/DataSet/Test/987736/9877360215/9877360215.avi,2,3,0.038646538,0.19344182,0.5287109,0.23920071
1741,/mnt/c/Users/puneet/Downloads/DAiSEE/DataSet/Test/987736/9877360217/9877360217.avi,2,2,0.038646538,0.19344182,0.5287109,0.23920071
1742,/mnt/c/Users/puneet/Downloads/DAiSEE/DataSet/Test/987736/987736022/987736022.avi,2,2,0.038646538,0.19344182,0.5287109,0.23920071
1743,/mnt/c/Users/puneet/Downloads/DAiSEE/DataSet/Test/987736/9877360221/9877360221.avi,2,3,0.038646538,0.19344182,0.5287109,0.23920071
1744,/mnt/c/Users/puneet/Downloads/DAiSEE/DataSet/Test/987736/9877360223/9877360223.avi,2,3,0.038646538,0.19344182,0.5287109,0.23920071
1745,/mnt/c/Users/puneet/Downloads/DAiSEE/DataSet/Test/987736/9877360225/9877360225.avi,2,3,0.038646538,0.19344182,0.5287109,0.23920071
1746,/mnt/c/Users/puneet/Downloads/DAiSEE/DataSet/Test/987736/9877360226/9877360226.avi,2,3,0.038646538,0.19344182,0.5287109,0.23920071
1747,/mnt/c/Users/puneet/Downloads/DAiSEE/DataSet/Test/987736/9877360227/9877360227.avi,2,3,0.038646538,0.19344182,0.5287109,0.23920071
1748,/mnt/c/Users/puneet/Downloads/DAiSEE/DataSet/Test/987736/9877360228/9877360228.avi,2,2,0.038646538,0.19344182,0.5287109,0.23920071
1749,/mnt/c/Users/puneet/Downloads/DAiSEE/DataSet/Test/987736/9877360229/9877360229.avi,2,2,0.038646538,0.19344182,0.5287109,0.23920071
1750,/mnt/c/Users/puneet/Downloads/DAiSEE/DataSet/Test/987736/9877360231/9877360231.avi,2,3,0.038646538,0.19344182,0.5287109,0.23920071
1751,/mnt/c/Users/puneet/Downloads/DAiSEE/DataSet/Test/987736/9877360232/9877360232.avi,2,3,0.038646538,0.19344182,0.5287109,0.23920071
1752,/mnt/c/Users/puneet/Downloads/DAiSEE/DataSet/Test/987736/9877360234/9877360234.avi,2,3,0.038646538,0.19344182,0.5287109,0.23920071
1753,/mnt/c/Users/puneet/Downloads/DAiSEE/DataSet/Test/987736/9877360238/9877360238.avi,2,3,0.038646538,0.19344182,0.5287109,0.23920071
1754,/mnt/c/Users/puneet/Downloads/DAiSEE/DataSet/Test/987736/9877360239/9877360239.avi,2,3,0.038646538,0.19344182,0.5287109,0.23920071
1755,/mnt/c/Users/puneet/Downloads/DAiSEE/DataSet/Test/987736/987736024/987736024.avi,2,2,0.038646538,0.19344182,0.5287109,0.23920071
1756,/mnt/c/Users/puneet/Downloads/DAiSEE/DataSet/Test/987736/9877360240/9877360240.avi,2,3,0.038646538,0.19344182,0.5287109,0.23920071
1757,/mnt/c/Users/puneet/Downloads/DAiSEE/DataSet/Test/987736/9877360241/9877360241.avi,2,3,0.038646538,0.19344182,0.5287109,0.23920071
1758,/mnt/c/Users/puneet/Downloads/DAiSEE/DataSet/Test/987736/9877360242/9877360242.avi,2,2,0.038646538,0.19344182,0.5287109,0.23920071
1759,/mnt/c/Users/puneet/Downloads/DAiSEE/DataSet/Test/987736/9877360247/9877360247.avi,2,3,0.038646538,0.19344182,0.5287109,0.23920071
1760,/mnt/c/Users/puneet/Downloads/DAiSEE/DataSet/Test/987736/9877360248/9877360248.avi,2,3,0.038646538,0.19344182,0.5287109,0.23920071
1761,/mnt/c/Users/puneet/Downloads/DAiSEE/DataSet/Test/987736/987736025/987736025.avi,2,3,0.038646538,0.19344182,0.5287109,0.23920071
1762,/mnt/c/Users/puneet/Downloads/DAiSEE/DataSet/Test/987736/9877360250/9877360250.avi,2,2,0.038646538,0.19344182,0.5287109,0.23920071
1763,/mnt/c/Users/puneet/Downloads/DAiSEE/DataSet/Test/987736/9877360252/9877360252.avi,2,2,0.038646538,0.19344182,0.5287109,0.23920071
1764,/mnt/c/Users/puneet/Downloads/DAiSEE/DataSet/Test/987736/9877360253/9877360253.avi,2,3,0.038646538,0.19344182,0.5287109,0.23920071
1765,/mnt/c/Users/puneet/Downloads/DAiSEE/DataSet/Test/987736/9877360254/9877360254.avi,2,3,0.038646538,0.19344182,0.5287109,0.23920071
1766,/mnt/c/Users/puneet/Downloads/DAiSEE/DataSet/Test/987736/9877360256/9877360256.avi,2,1,0.038646538,0.19344182,0.5287109,0.23920071
1767,/mnt/c/Users/puneet/Downloads/DAiSEE/DataSet/Test/987736/9877360258/9877360258.avi,2,2,0.038646538,0.19344182,0.5287109,0.23920071
1768,/mnt/c/Users/puneet/Downloads/DAiSEE/DataSet/Test/987736/9877360259/9877360259.avi,2,2,0.038646538,0.19344182,0.5287109,0.23920071
1769,/mnt/c/Users/puneet/Downloads/DAiSEE/DataSet/Test/987736/9877360261/9877360261.avi,2,3,0.038646538,0.19344182,0.5287109,0.23920071
1770,/mnt/c/Users/puneet/Downloads/DAiSEE/DataSet/Test/987736/9877360262/9877360262.avi,2,3,0.038646538,0.19344182,0.5287109,0.23920071
1771,/mnt/c/Users/puneet/Downloads/DAiSEE/DataSet/Test/987736/9877360264/9877360264.avi,2,3,0.038646538,0.19344182,0.5287109,0.23920071
1772,/mnt/c/Users/puneet/Downloads/DAiSEE/DataSet/Test/987736/987736027/987736027.avi,2,3,0.038646538,0.19344182,0.5287109,0.23920071
1773,/mnt/c/Users/puneet/Downloads/DAiSEE/DataSet/Test/987736/9877360270/9877360270.avi,2,1,0.038646538,0.19344182,0.5287109,0.23920071
1774,/mnt/c/Users/puneet/Downloads/DAiSEE/DataSet/Test/987736/9877360271/9877360271.avi,2,2,0.038646538,0.19344182,0.5287109,0.23920071
1775,/mnt/c/Users/puneet/Downloads/DAiSEE/DataSet/Test/987736/9877360273/9877360273.avi,2,3,0.038646538,0.19344182,0.5287109,0.23920071
1776,/mnt/c/Users/puneet/Downloads/DAiSEE/DataSet/Test/987736/9877360279/9877360279.avi,2,2,0.038646538,0.19344182,0.5287109,0.23920071
1777,/mnt/c/Users/puneet/Downloads/DAiSEE/DataSet/Test/987736/987736028/987736028.avi,2,2,0.038646538,0.19344182,0.5287109,0.23920071
1778,/mnt/c/Users/puneet/Downloads/DAiSEE/DataSet/Test/987736/9877360281/9877360281.avi,2,3,0.038646538,0.19344182,0.5287109,0.23920071
1779,/mnt/c/Users/puneet/Downloads/DAiSEE/DataSet/Test/987736/987736029/987736029.avi,2,3,0.038646538,0.19344182,0.5287109,0.23920071
1780,/mnt/c/Users/puneet/Downloads/DAiSEE/DataSet/Test/998826/998826011/998826011.avi,2,3,0.038646538,0.19344182,0.5287109,0.23920071
1781,/mnt/c/Users/puneet/Downloads/DAiSEE/DataSet/Test/998826/9988260112/9988260112.avi,2,3,0.038646538,0.19344182,0.5287109,0.23920071
1782,/mnt/c/Users/puneet/Downloads/DAiSEE/DataSet/Test/998826/9988260115/9988260115.avi,2,3,0.038646538,0.19344182,0.5287109,0.23920071
1783,/mnt/c/Users/puneet/Downloads/DAiSEE/DataSet/Test/998826/9988260119/9988260119.avi,2,2,0.038646538,0.19344182,0.5287109,0.23920071
