2026-10-05 19:14:30,582 INFO First result for clip 4 (modality macro) – window opened.
2026-10-05 19:14:30,582 INFO Result for clip 4, modality macro failed with status: File not found: /Users/jeetashwar/Downloads/Baseline_3/DataSet/Test/500044/5000441006/5000441006.avi. Ignored.
2026-10-05 19:14:30,582 INFO Result for clip 4, modality rppg failed with status: File not found: /Users/jeetashwar/Downloads/Baseline_3/DataSet/Test/500044/5000441006/5000441006.avi. Ignored.
2026-10-05 19:14:30,582 INFO Result for clip 4, modality mer failed with status: File not found: /Users/jeetashwar/Downloads/Baseline_3/DataSet/Test/500044/5000441006/5000441006.avi. Ignored.
2026-10-05 19:14:30,582 INFO First result for clip 2 (modality macro) – window opened.
2026-10-05 19:14:30,582 INFO Result for clip 2, modality macro failed with status: File not found: /Users/jeetashwar/Downloads/Baseline_3/DataSet/Test/500044/5000441003/5000441003.avi. Ignored.
2026-10-05 19:14:30,582 INFO Result for clip 2, modality rppg failed with status: File not found: /Users/jeetashwar/Downloads/Baseline_3/DataSet/Test/500044/5000441003/5000441003.avi. Ignored.
2026-10-05 19:14:30,583 INFO Result for clip 2, modality mer failed with status: File not found: /Users/jeetashwar/Downloads/Baseline_3/DataSet/Test/500044/5000441003/5000441003.avi. Ignored.
2026-10-05 19:14:30,583 INFO First result for clip 5 (modality macro) – window opened.
2026-10-05 19:14:30,583 INFO Result for clip 5, modality macro failed with status: File not found: /Users/jeetashwar/Downloads/Baseline_3/DataSet/Test/500044/5000441007/5000441007.avi. Ignored.
2026-10-05 19:14:30,583 INFO Result for clip 5, modality rppg failed with status: File not found: /Users/jeetashwar/Downloads/Baseline_3/DataSet/Test/500044/5000441007/5000441007.avi. Ignored.
2026-10-05 19:14:30,583 INFO Result for clip 5, modality mer failed with status: File not found: /Users/jeetashwar/Downloads/Baseline_3/DataSet/Test/500044/5000441007/5000441007.avi. Ignored.
2026-10-05 19:14:30,583 INFO First result for clip 3 (modality macro) – window opened.
2026-10-05 19:14:30,583 INFO Result for clip 3, modality macro failed with status: File not found: /Users/jeetashwar/Downloads/Baseline_3/DataSet/Test/500044/5000441005/5000441005.avi. Ignored.
2026-10-05 19:14:30,583 INFO Result for clip 3, modality rppg failed with status: File not found: /Users/jeetashwar/Downloads/Baseline_3/DataSet/Test/500044/5000441005/5000441005.avi. Ignored.
2026-10-05 19:14:30,583 INFO Result for clip 3, modality mer failed with status: File not found: /Users/jeetashwar/Downloads/Baseline_3/DataSet/Test/500044/5000441005/5000441005.avi. Ignored.
2026-10-05 19:14:30,583 INFO First result for clip 0 (modality macro) – window opened.
2026-10-05 19:14:30,583 INFO Result for clip 0, modality macro failed with status: File not found: /Users/jeetashwar/Downloads/Baseline_3/DataSet/Test/500044/5000441001/5000441001.avi. Ignored.
2026-10-05 19:14:30,583 INFO Result for clip 0, modality rppg failed with status: File not found: /Users/jeetashwar/Downloads/Baseline_3/DataSet/Test/500044/5000441001/5000441001.avi. Ignored.
2026-10-05 19:14:30,583 INFO Result for clip 0, modality mer failed with status: File not found: /Users/jeetashwar/Downloads/Baseline_3/DataSet/Test/500044/5000441001/5000441001.avi. Ignored.
2026-10-05 19:14:30,583 INFO First result for clip 7 (modality macro) – window opened.
2026-10-05 19:14:30,583 INFO Result for clip 7, modality macro failed with status: File not found: /Users/jeetashwar/Downloads/Baseline_3/DataSet/Test/500044/5000441009/5000441009.avi. Ignored.
2026-10-05 19:14:30,583 INFO Result for clip 7, modality rppg failed with status: File not found: /Users/jeetashwar/Downloads/Baseline_3/DataSet/Test/500044/5000441009/5000441009.avi. Ignored.
2026-10-05 19:14:30,583 INFO Result for clip 7, modality mer failed with status: File not found: /Users/jeetashwar/Downloads/Baseline_3/DataSet/Test/500044/5000441009/5000441009.avi. Ignored.
2026-10-05 19:14:30,583 INFO First result for clip 6 (modality macro) – window opened.
2026-10-05 19:14:30,583 INFO Result for clip 6, modality macro failed with status: File not found: /Users/jeetashwar/Downloads/Baseline_3/DataSet/Test/500044/5000441008/5000441008.avi. Ignored.
2026-10-05 19:14:30,583 INFO Result for clip 6, modality rppg failed with status: File not found: /Users/jeetashwar/Downloads/Baseline_3/DataSet/Test/500044/5000441008/5000441008.avi. Ignored.
2026-10-05 19:14:30,583 INFO Result for clip 6, modality mer failed with status: File not found: /Users/jeetashwar/Downloads/Baseline_3/DataSet/Test/500044/5000441008/5000441008.avi. Ignored.
2026-10-05 19:14:30,583 INFO First result for clip 1 (modality macro) – window opened.
2026-10-05 19:14:30,583 INFO Result for clip 1, modality macro failed with status: File not found: /Users/jeetashwar/Downloads/Baseline_3/DataSet/Test/500044/5000441002/5000441002.avi. Ignored.
2026-10-05 19:14:30,583 INFO Result for clip 1, modality rppg failed with status: File not found: /Users/jeetashwar/Downloads/Baseline_3/DataSet/Test/500044/5000441002/5000441002.avi. Ignored.
2026-10-05 19:14:30,583 INFO Result for clip 1, modality mer failed with status: File not found: /Users/jeetashwar/Downloads/Baseline_3/DataSet/Test/500044/5000441002/5000441002.avi. Ignored.
2026-10-05 19:14:30,583 INFO First result for clip 8 (modality macro) – window opened.
2026-10-05 19:14:30,583 INFO Result for clip 8, modality macro failed with status: File not found: /Users/jeetashwar/Downloads/Baseline_3/DataSet/Test/500044/5000441010/5000441010.avi. Ignored.
2026-10-05 19:14:30,583 INFO Result for clip 8, modality rppg failed with status: File not found: /Users/jeetashwar/Downloads/Baseline_3/DataSet/Test/500044/5000441010/5000441010.avi. Ignored.
2026-10-05 19:14:30,583 INFO Result for clip 8, modality mer failed with status: File not found: /Users/jeetashwar/Downloads/Baseline_3/DataSet/Test/500044/5000441010/5000441010.avi. Ignored.
2026-10-05 19:14:30,583 INFO First result for clip 9 (modality macro) – window opened.
2026-10-05 19:14:30,583 INFO Result for clip 9, modality macro failed with status: File not found: /Users/jeetashwar/Downloads/Baseline_3/DataSet/Test/500044/5000441012/5000441012.avi. Ignored.
2026-10-05 19:14:30,583 INFO Result for clip 9, modality rppg failed with status: File not found: /Users/jeetashwar/Downloads/Baseline_3/DataSet/Test/500044/5000441012/5000441012.avi. Ignored.
2026-10-05 19:14:30,583 INFO Result for clip 9, modality mer failed with status: File not found: /Users/jeetashwar/Downloads/Baseline_3/DataSet/Test/500044/5000441012/5000441012.avi. Ignored.
2026-10-05 19:14:30,583 INFO Bundle emitted for clip 4: modalities ['macro', 'rppg', 'mer']
2026-10-05 19:14:30,583 INFO Bundle emitted for clip 2: modalities ['macro', 'rppg', 'mer']
2026-10-05 19:14:30,583 INFO Bundle emitted for clip 5: modalities ['macro', 'rppg', 'mer']
2026-10-05 19:14:30,583 INFO Bundle emitted for clip 3: modalities ['macro', 'rppg', 'mer']
2026-10-05 19:14:30,583 INFO Bundle emitted for clip 0: modalities ['macro', 'rppg', 'mer']
2026-10-05 19:14:30,583 INFO Bundle emitted for clip 7: modalities ['macro', 'rppg', 'mer']
2026-10-05 19:14:30,583 INFO Bundle emitted for clip 6: modalities ['macro', 'rppg', 'mer']
2026-10-05 19:14:30,583 INFO Bundle emitted for clip 1: modalities ['macro', 'rppg', 'mer']
2026-10-05 19:14:30,583 INFO Bundle emitted for clip 8: modalities ['macro', 'rppg', 'mer']
2026-10-05 19:14:30,583 INFO Bundle emitted for clip 9: modalities ['macro', 'rppg', 'mer']
2026-10-05 19:24:17,538 INFO First result for clip 3 (modality macro) – window opened.
2026-10-05 19:24:17,538 INFO Bundle emitted for clip 3: modalities ['macro', 'rppg', 'mer']
2026-10-05 19:24:17,694 INFO First result for clip 2 (modality macro) – window opened.
2026-10-05 19:24:17,694 INFO Bundle emitted for clip 2: modalities ['macro', 'rppg', 'mer']
2026-10-05 19:24:17,968 INFO First result for clip 1 (modality macro) – window opened.
2026-10-05 19:24:17,968 INFO Bundle emitted for clip 1: modalities ['macro', 'rppg', 'mer']
2026-10-05 19:24:18,024 INFO First result for clip 0 (modality macro) – window opened.
2026-10-05 19:24:18,024 INFO Bundle emitted for clip 0: modalities ['macro', 'rppg', 'mer']
2026-10-05 19:25:38,187 INFO First result for clip 4 (modality macro) – window opened.
2026-10-05 19:25:38,189 INFO Bundle emitted for clip 4: modalities ['macro', 'rppg', 'mer']
2026-10-05 19:25:38,218 INFO First result for clip 5 (modality macro) – window opened.
2026-10-05 19:25:38,218 INFO Bundle emitted for clip 5: modalities ['macro', 'rppg', 'mer']
2026-10-05 19:25:38,904 INFO First result for clip 6 (modality macro) – window opened.
2026-10-05 19:25:38,904 INFO Bundle emitted for clip 6: modalities ['macro', 'rppg', 'mer']
2026-10-05 19:25:39,373 INFO First result for clip 7 (modality macro) – window opened.
2026-10-05 19:25:39,373 INFO Bundle emitted for clip 7: modalities ['macro', 'rppg', 'mer']
2026-10-05 19:26:32,786 INFO First result for clip 9 (modality macro) – window opened.
2026-10-05 19:26:32,787 INFO Bundle emitted for clip 9: modalities ['macro', 'rppg', 'mer']
2026-10-05 19:26:32,820 INFO First result for clip 8 (modality macro) – window opened.
2026-10-05 19:26:32,820 INFO Bundle emitted for clip 8: modalities ['macro', 'rppg', 'mer']
2026-10-05 16:47:18,920 INFO First result for clip 3 (modality macro) – window opened.
2026-10-05 16:47:18,926 INFO Result for clip 3, modality macro failed with status: Expected all tensors to be on the same device, but found at least two devices, cpu and cuda:0! (when checking argument for argument tensors in method wrapper_CUDA_cat). Ignored.
2026-10-05 16:47:23,711 INFO First result for clip 2 (modality macro) – window opened.
2026-10-05 16:47:23,716 INFO Result for clip 2, modality macro failed with status: Expected all tensors to be on the same device, but found at least two devices, cpu and cuda:0! (when checking argument for argument tensors in method wrapper_CUDA_cat). Ignored.
2026-10-05 16:47:30,836 INFO First result for clip 0 (modality macro) – window opened.
2026-10-05 16:47:30,841 INFO Result for clip 0, modality macro failed with status: Expected all tensors to be on the same device, but found at least two devices, cpu and cuda:0! (when checking argument for argument tensors in method wrapper_CUDA_cat). Ignored.
2026-10-05 16:47:34,079 INFO First result for clip 1 (modality macro) – window opened.
2026-10-05 16:47:34,082 INFO Result for clip 1, modality macro failed with status: Expected all tensors to be on the same device, but found at least two devices, cpu and cuda:0! (when checking argument for argument tensors in method wrapper_CUDA_cat). Ignored.
2026-10-05 16:50:18,512 INFO First result for clip 4 (modality macro) – window opened.
2026-10-05 16:50:18,527 INFO Result for clip 4, modality macro failed with status: Expected all tensors to be on the same device, but found at least two devices, cpu and cuda:0! (when checking argument for argument tensors in method wrapper_CUDA_cat). Ignored.
2026-10-05 16:50:33,820 INFO First result for clip 5 (modality macro) – window opened.
2026-10-05 16:50:33,827 INFO Result for clip 5, modality macro failed with status: Expected all tensors to be on the same device, but found at least two devices, cpu and cuda:0! (when checking argument for argument tensors in method wrapper_CUDA_cat). Ignored.
2026-10-05 16:50:46,630 INFO First result for clip 6 (modality macro) – window opened.
2026-10-05 16:50:46,637 INFO Result for clip 6, modality macro failed with status: Expected all tensors to be on the same device, but found at least two devices, cpu and cuda:0! (when checking argument for argument tensors in method wrapper_CUDA_cat). Ignored.
2026-10-05 16:50:50,741 INFO First result for clip 7 (modality macro) – window opened.
2026-10-05 16:50:50,747 INFO Result for clip 7, modality macro failed with status: Expected all tensors to be on the same device, but found at least two devices, cpu and cuda:0! (when checking argument for argument tensors in method wrapper_CUDA_cat). Ignored.
2026-10-05 16:52:40,401 INFO First result for clip 8 (modality macro) – window opened.
2026-10-05 16:52:40,437 INFO Result for clip 8, modality macro failed with status: Expected all tensors to be on the same device, but found at least two devices, cpu and cuda:0! (when checking argument for argument tensors in method wrapper_CUDA_cat). Ignored.
2026-10-05 16:53:28,173 INFO First result for clip 9 (modality macro) – window opened.
2026-10-05 16:53:28,185 INFO Result for clip 9, modality macro failed with status: Expected all tensors to be on the same device, but found at least two devices, cpu and cuda:0! (when checking argument for argument tensors in method wrapper_CUDA_cat). Ignored.
2026-10-05 16:53:53,314 INFO First result for clip 11 (modality macro) – window opened.
2026-10-05 16:53:53,318 INFO Result for clip 11, modality macro failed with status: Expected all tensors to be on the same device, but found at least two devices, cpu and cuda:0! (when checking argument for argument tensors in method wrapper_CUDA_cat). Ignored.
2026-10-05 16:53:57,054 INFO First result for clip 10 (modality macro) – window opened.
2026-10-05 16:53:57,057 INFO Result for clip 10, modality macro failed with status: Expected all tensors to be on the same device, but found at least two devices, cpu and cuda:0! (when checking argument for argument tensors in method wrapper_CUDA_cat). Ignored.
2026-10-05 16:55:09,746 INFO First result for clip 12 (modality macro) – window opened.
2026-10-05 16:55:09,749 INFO Result for clip 12, modality macro failed with status: Expected all tensors to be on the same device, but found at least two devices, cpu and cuda:0! (when checking argument for argument tensors in method wrapper_CUDA_cat). Ignored.
2026-10-05 16:55:53,590 INFO First result for clip 13 (modality macro) – window opened.
2026-10-05 16:55:53,600 INFO Result for clip 13, modality macro failed with status: Expected all tensors to be on the same device, but found at least two devices, cpu and cuda:0! (when checking argument for argument tensors in method wrapper_CUDA_cat). Ignored.
2026-10-05 16:56:41,284 INFO First result for clip 14 (modality macro) – window opened.
2026-10-05 16:56:41,289 INFO Result for clip 14, modality macro failed with status: Expected all tensors to be on the same device, but found at least two devices, cpu and cuda:0! (when checking argument for argument tensors in method wrapper_CUDA_cat). Ignored.
2026-10-05 16:56:42,976 INFO First result for clip 15 (modality macro) – window opened.
2026-10-05 16:56:42,982 INFO Result for clip 15, modality macro failed with status: Expected all tensors to be on the same device, but found at least two devices, cpu and cuda:0! (when checking argument for argument tensors in method wrapper_CUDA_cat). Ignored.
2026-10-05 16:57:43,563 INFO First result for clip 16 (modality macro) – window opened.
2026-10-05 16:57:43,567 INFO Result for clip 16, modality macro failed with status: Expected all tensors to be on the same device, but found at least two devices, cpu and cuda:0! (when checking argument for argument tensors in method wrapper_CUDA_cat). Ignored.
2026-10-05 16:58:33,111 INFO First result for clip 17 (modality macro) – window opened.
2026-10-05 16:58:33,115 INFO Result for clip 17, modality macro failed with status: Expected all tensors to be on the same device, but found at least two devices, cpu and cuda:0! (when checking argument for argument tensors in method wrapper_CUDA_cat). Ignored.
2026-10-05 16:59:31,893 INFO First result for clip 19 (modality macro) – window opened.
2026-10-05 16:59:31,898 INFO Result for clip 19, modality macro failed with status: Expected all tensors to be on the same device, but found at least two devices, cpu and cuda:0! (when checking argument for argument tensors in method wrapper_CUDA_cat). Ignored.
2026-10-05 16:59:32,425 INFO First result for clip 18 (modality macro) – window opened.
2026-10-05 16:59:32,430 INFO Result for clip 18, modality macro failed with status: Expected all tensors to be on the same device, but found at least two devices, cpu and cuda:0! (when checking argument for argument tensors in method wrapper_CUDA_cat). Ignored.
2026-10-05 17:00:12,897 INFO First result for clip 20 (modality macro) – window opened.
2026-10-05 17:00:12,900 INFO Result for clip 20, modality macro failed with status: Expected all tensors to be on the same device, but found at least two devices, cpu and cuda:0! (when checking argument for argument tensors in method wrapper_CUDA_cat). Ignored.
2026-10-05 17:00:56,083 INFO First result for clip 21 (modality macro) – window opened.
2026-10-05 17:00:56,088 INFO Result for clip 21, modality macro failed with status: Expected all tensors to be on the same device, but found at least two devices, cpu and cuda:0! (when checking argument for argument tensors in method wrapper_CUDA_cat). Ignored.
2026-10-05 17:02:18,949 INFO First result for clip 23 (modality macro) – window opened.
2026-10-05 17:02:18,954 INFO Result for clip 23, modality macro failed with status: Expected all tensors to be on the same device, but found at least two devices, cpu and cuda:0! (when checking argument for argument tensors in method wrapper_CUDA_cat). Ignored.
2026-10-05 17:02:23,477 INFO First result for clip 22 (modality macro) – window opened.
2026-10-05 17:02:23,485 INFO Result for clip 22, modality macro failed with status: Expected all tensors to be on the same device, but found at least two devices, cpu and cuda:0! (when checking argument for argument tensors in method wrapper_CUDA_cat). Ignored.
2026-10-05 17:02:40,585 INFO First result for clip 24 (modality macro) – window opened.
2026-10-05 17:02:40,589 INFO Result for clip 24, modality macro failed with status: Expected all tensors to be on the same device, but found at least two devices, cpu and cuda:0! (when checking argument for argument tensors in method wrapper_CUDA_cat). Ignored.
2026-10-05 17:03:23,918 INFO First result for clip 25 (modality macro) – window opened.
2026-10-05 17:03:23,924 INFO Result for clip 25, modality macro failed with status: Expected all tensors to be on the same device, but found at least two devices, cpu and cuda:0! (when checking argument for argument tensors in method wrapper_CUDA_cat). Ignored.
2026-10-05 17:05:16,779 INFO First result for clip 27 (modality macro) – window opened.
2026-10-05 17:05:16,785 INFO Result for clip 27, modality macro failed with status: Expected all tensors to be on the same device, but found at least two devices, cpu and cuda:0! (when checking argument for argument tensors in method wrapper_CUDA_cat). Ignored.
2026-10-05 17:05:17,116 INFO First result for clip 26 (modality macro) – window opened.
2026-10-05 17:05:17,158 INFO Result for clip 26, modality macro failed with status: Expected all tensors to be on the same device, but found at least two devices, cpu and cuda:0! (when checking argument for argument tensors in method wrapper_CUDA_cat). Ignored.
2026-10-05 17:05:30,047 INFO First result for clip 28 (modality macro) – window opened.
2026-10-05 17:05:30,051 INFO Result for clip 28, modality macro failed with status: Expected all tensors to be on the same device, but found at least two devices, cpu and cuda:0! (when checking argument for argument tensors in method wrapper_CUDA_cat). Ignored.
2026-10-05 17:05:45,772 INFO First result for clip 29 (modality macro) – window opened.
2026-10-05 17:05:45,775 INFO Result for clip 29, modality macro failed with status: Expected all tensors to be on the same device, but found at least two devices, cpu and cuda:0! (when checking argument for argument tensors in method wrapper_CUDA_cat). Ignored.
2026-10-05 17:08:19,635 INFO First result for clip 30 (modality macro) – window opened.
2026-10-05 17:08:19,639 INFO Result for clip 30, modality macro failed with status: Expected all tensors to be on the same device, but found at least two devices, cpu and cuda:0! (when checking argument for argument tensors in method wrapper_CUDA_cat). Ignored.
2026-10-05 17:08:23,503 INFO First result for clip 31 (modality macro) – window opened.
2026-10-05 17:08:23,511 INFO Result for clip 31, modality macro failed with status: Expected all tensors to be on the same device, but found at least two devices, cpu and cuda:0! (when checking argument for argument tensors in method wrapper_CUDA_cat). Ignored.
2026-10-05 17:08:42,776 INFO First result for clip 32 (modality macro) – window opened.
2026-10-05 17:08:42,780 INFO Result for clip 32, modality macro failed with status: Expected all tensors to be on the same device, but found at least two devices, cpu and cuda:0! (when checking argument for argument tensors in method wrapper_CUDA_cat). Ignored.
2026-10-05 17:08:46,501 INFO First result for clip 33 (modality macro) – window opened.
2026-10-05 17:08:46,504 INFO Result for clip 33, modality macro failed with status: Expected all tensors to be on the same device, but found at least two devices, cpu and cuda:0! (when checking argument for argument tensors in method wrapper_CUDA_cat). Ignored.
2026-10-05 17:11:10,740 INFO First result for clip 34 (modality macro) – window opened.
2026-10-05 17:11:10,743 INFO Result for clip 34, modality macro failed with status: Expected all tensors to be on the same device, but found at least two devices, cpu and cuda:0! (when checking argument for argument tensors in method wrapper_CUDA_cat). Ignored.
2026-10-05 17:11:23,933 INFO First result for clip 35 (modality macro) – window opened.
2026-10-05 17:11:23,936 INFO Result for clip 35, modality macro failed with status: Expected all tensors to be on the same device, but found at least two devices, cpu and cuda:0! (when checking argument for argument tensors in method wrapper_CUDA_cat). Ignored.
2026-10-05 17:11:45,874 INFO First result for clip 36 (modality macro) – window opened.
2026-10-05 17:11:45,883 INFO Result for clip 36, modality macro failed with status: Expected all tensors to be on the same device, but found at least two devices, cpu and cuda:0! (when checking argument for argument tensors in method wrapper_CUDA_cat). Ignored.
2026-10-05 17:11:48,127 INFO First result for clip 37 (modality macro) – window opened.
2026-10-05 17:11:48,138 INFO Result for clip 37, modality macro failed with status: Expected all tensors to be on the same device, but found at least two devices, cpu and cuda:0! (when checking argument for argument tensors in method wrapper_CUDA_cat). Ignored.
2026-10-05 17:13:36,785 INFO First result for clip 38 (modality macro) – window opened.
2026-10-05 17:13:36,788 INFO Result for clip 38, modality macro failed with status: Expected all tensors to be on the same device, but found at least two devices, cpu and cuda:0! (when checking argument for argument tensors in method wrapper_CUDA_cat). Ignored.
2026-10-05 17:13:56,476 INFO First result for clip 39 (modality macro) – window opened.
2026-10-05 17:13:56,487 INFO Result for clip 39, modality macro failed with status: Expected all tensors to be on the same device, but found at least two devices, cpu and cuda:0! (when checking argument for argument tensors in method wrapper_CUDA_cat). Ignored.
2026-10-05 17:14:34,746 INFO First result for clip 40 (modality macro) – window opened.
2026-10-05 17:14:34,762 INFO Result for clip 40, modality macro failed with status: Expected all tensors to be on the same device, but found at least two devices, cpu and cuda:0! (when checking argument for argument tensors in method wrapper_CUDA_cat). Ignored.
2026-10-05 17:14:43,379 INFO First result for clip 41 (modality macro) – window opened.
2026-10-05 17:14:43,382 INFO Result for clip 41, modality macro failed with status: Expected all tensors to be on the same device, but found at least two devices, cpu and cuda:0! (when checking argument for argument tensors in method wrapper_CUDA_cat). Ignored.
2026-10-05 17:15:58,977 INFO First result for clip 42 (modality macro) – window opened.
2026-10-05 17:15:58,980 INFO Result for clip 42, modality macro failed with status: Expected all tensors to be on the same device, but found at least two devices, cpu and cuda:0! (when checking argument for argument tensors in method wrapper_CUDA_cat). Ignored.
2026-10-05 17:16:27,800 INFO First result for clip 43 (modality macro) – window opened.
2026-10-05 17:16:27,805 INFO Result for clip 43, modality macro failed with status: Expected all tensors to be on the same device, but found at least two devices, cpu and cuda:0! (when checking argument for argument tensors in method wrapper_CUDA_cat). Ignored.
2026-10-05 17:17:09,919 INFO First result for clip 44 (modality macro) – window opened.
2026-10-05 17:17:09,922 INFO Result for clip 44, modality macro failed with status: Expected all tensors to be on the same device, but found at least two devices, cpu and cuda:0! (when checking argument for argument tensors in method wrapper_CUDA_cat). Ignored.
2026-10-05 17:17:14,757 INFO First result for clip 45 (modality macro) – window opened.
2026-10-05 17:17:14,760 INFO Result for clip 45, modality macro failed with status: Expected all tensors to be on the same device, but found at least two devices, cpu and cuda:0! (when checking argument for argument tensors in method wrapper_CUDA_cat). Ignored.
2026-10-05 17:18:24,730 INFO First result for clip 46 (modality macro) – window opened.
2026-10-05 17:18:24,742 INFO Result for clip 46, modality macro failed with status: Expected all tensors to be on the same device, but found at least two devices, cpu and cuda:0! (when checking argument for argument tensors in method wrapper_CUDA_cat). Ignored.
2026-10-05 17:18:55,955 INFO First result for clip 47 (modality macro) – window opened.
2026-10-05 17:18:55,961 INFO Result for clip 47, modality macro failed with status: Expected all tensors to be on the same device, but found at least two devices, cpu and cuda:0! (when checking argument for argument tensors in method wrapper_CUDA_cat). Ignored.
2026-10-05 17:19:57,782 INFO First result for clip 48 (modality macro) – window opened.
2026-10-05 17:19:57,791 INFO Result for clip 48, modality macro failed with status: Expected all tensors to be on the same device, but found at least two devices, cpu and cuda:0! (when checking argument for argument tensors in method wrapper_CUDA_cat). Ignored.
2026-10-05 17:20:09,743 INFO First result for clip 49 (modality macro) – window opened.
2026-10-05 17:20:09,747 INFO Result for clip 49, modality macro failed with status: Expected all tensors to be on the same device, but found at least two devices, cpu and cuda:0! (when checking argument for argument tensors in method wrapper_CUDA_cat). Ignored.
2026-10-05 17:21:01,792 INFO First result for clip 50 (modality macro) – window opened.
2026-10-05 17:21:01,801 INFO Result for clip 50, modality macro failed with status: Expected all tensors to be on the same device, but found at least two devices, cpu and cuda:0! (when checking argument for argument tensors in method wrapper_CUDA_cat). Ignored.
2026-10-05 17:21:30,595 INFO First result for clip 51 (modality macro) – window opened.
2026-10-05 17:21:30,599 INFO Result for clip 51, modality macro failed with status: Expected all tensors to be on the same device, but found at least two devices, cpu and cuda:0! (when checking argument for argument tensors in method wrapper_CUDA_cat). Ignored.
2026-10-05 17:22:33,218 INFO First result for clip 52 (modality macro) – window opened.
2026-10-05 17:22:33,225 INFO Result for clip 52, modality macro failed with status: Expected all tensors to be on the same device, but found at least two devices, cpu and cuda:0! (when checking argument for argument tensors in method wrapper_CUDA_cat). Ignored.
2026-10-05 17:23:00,190 INFO First result for clip 53 (modality macro) – window opened.
2026-10-05 17:23:00,195 INFO Result for clip 53, modality macro failed with status: Expected all tensors to be on the same device, but found at least two devices, cpu and cuda:0! (when checking argument for argument tensors in method wrapper_CUDA_cat). Ignored.
2026-10-05 17:23:28,495 INFO First result for clip 54 (modality macro) – window opened.
2026-10-05 17:23:28,500 INFO Result for clip 54, modality macro failed with status: Expected all tensors to be on the same device, but found at least two devices, cpu and cuda:0! (when checking argument for argument tensors in method wrapper_CUDA_cat). Ignored.
2026-10-05 17:24:03,460 INFO First result for clip 55 (modality macro) – window opened.
2026-10-05 17:24:03,477 INFO Result for clip 55, modality macro failed with status: Expected all tensors to be on the same device, but found at least two devices, cpu and cuda:0! (when checking argument for argument tensors in method wrapper_CUDA_cat). Ignored.
2026-10-05 17:25:02,178 INFO First result for clip 56 (modality macro) – window opened.
2026-10-05 17:25:02,181 INFO Result for clip 56, modality macro failed with status: Expected all tensors to be on the same device, but found at least two devices, cpu and cuda:0! (when checking argument for argument tensors in method wrapper_CUDA_cat). Ignored.
2026-10-05 17:25:29,293 INFO First result for clip 57 (modality macro) – window opened.
2026-10-05 17:25:29,295 INFO Result for clip 57, modality macro failed with status: Expected all tensors to be on the same device, but found at least two devices, cpu and cuda:0! (when checking argument for argument tensors in method wrapper_CUDA_cat). Ignored.
2026-10-05 17:26:05,973 INFO First result for clip 58 (modality macro) – window opened.
2026-10-05 17:26:05,985 INFO Result for clip 58, modality macro failed with status: Expected all tensors to be on the same device, but found at least two devices, cpu and cuda:0! (when checking argument for argument tensors in method wrapper_CUDA_cat). Ignored.
2026-10-05 17:26:37,572 INFO First result for clip 59 (modality macro) – window opened.
2026-10-05 17:26:37,575 INFO Result for clip 59, modality macro failed with status: Expected all tensors to be on the same device, but found at least two devices, cpu and cuda:0! (when checking argument for argument tensors in method wrapper_CUDA_cat). Ignored.
2026-10-05 17:27:34,340 INFO First result for clip 60 (modality macro) – window opened.
2026-10-05 17:27:34,344 INFO Result for clip 60, modality macro failed with status: Expected all tensors to be on the same device, but found at least two devices, cpu and cuda:0! (when checking argument for argument tensors in method wrapper_CUDA_cat). Ignored.
2026-10-05 17:28:12,365 INFO First result for clip 61 (modality macro) – window opened.
2026-10-05 17:28:12,369 INFO Result for clip 61, modality macro failed with status: Expected all tensors to be on the same device, but found at least two devices, cpu and cuda:0! (when checking argument for argument tensors in method wrapper_CUDA_cat). Ignored.
2026-10-05 17:28:29,207 INFO First result for clip 62 (modality macro) – window opened.
2026-10-05 17:28:29,216 INFO Result for clip 62, modality macro failed with status: Expected all tensors to be on the same device, but found at least two devices, cpu and cuda:0! (when checking argument for argument tensors in method wrapper_CUDA_cat). Ignored.
2026-10-05 17:29:00,453 INFO First result for clip 63 (modality macro) – window opened.
2026-10-05 17:29:00,482 INFO Result for clip 63, modality macro failed with status: Expected all tensors to be on the same device, but found at least two devices, cpu and cuda:0! (when checking argument for argument tensors in method wrapper_CUDA_cat). Ignored.
2026-10-05 17:30:02,302 INFO First result for clip 64 (modality macro) – window opened.
2026-10-05 17:30:02,309 INFO Result for clip 64, modality macro failed with status: Expected all tensors to be on the same device, but found at least two devices, cpu and cuda:0! (when checking argument for argument tensors in method wrapper_CUDA_cat). Ignored.
2026-10-05 17:30:37,890 INFO First result for clip 65 (modality macro) – window opened.
2026-10-05 17:30:37,893 INFO Result for clip 65, modality macro failed with status: Expected all tensors to be on the same device, but found at least two devices, cpu and cuda:0! (when checking argument for argument tensors in method wrapper_CUDA_cat). Ignored.
2026-10-05 17:31:10,435 INFO First result for clip 66 (modality macro) – window opened.
2026-10-05 17:31:10,439 INFO Result for clip 66, modality macro failed with status: Expected all tensors to be on the same device, but found at least two devices, cpu and cuda:0! (when checking argument for argument tensors in method wrapper_CUDA_cat). Ignored.
2026-10-05 17:31:29,228 INFO First result for clip 67 (modality macro) – window opened.
2026-10-05 17:31:29,234 INFO Result for clip 67, modality macro failed with status: Expected all tensors to be on the same device, but found at least two devices, cpu and cuda:0! (when checking argument for argument tensors in method wrapper_CUDA_cat). Ignored.
2026-10-05 17:32:34,348 INFO First result for clip 68 (modality macro) – window opened.
2026-10-05 17:32:34,352 INFO Result for clip 68, modality macro failed with status: Expected all tensors to be on the same device, but found at least two devices, cpu and cuda:0! (when checking argument for argument tensors in method wrapper_CUDA_cat). Ignored.
2026-10-05 17:33:09,629 INFO First result for clip 69 (modality macro) – window opened.
2026-10-05 17:33:09,637 INFO Result for clip 69, modality macro failed with status: Expected all tensors to be on the same device, but found at least two devices, cpu and cuda:0! (when checking argument for argument tensors in method wrapper_CUDA_cat). Ignored.
2026-10-05 17:33:42,165 INFO First result for clip 70 (modality macro) – window opened.
2026-10-05 17:33:42,171 INFO Result for clip 70, modality macro failed with status: Expected all tensors to be on the same device, but found at least two devices, cpu and cuda:0! (when checking argument for argument tensors in method wrapper_CUDA_cat). Ignored.
2026-10-05 17:34:03,143 INFO First result for clip 71 (modality macro) – window opened.
2026-10-05 17:34:03,146 INFO Result for clip 71, modality macro failed with status: Expected all tensors to be on the same device, but found at least two devices, cpu and cuda:0! (when checking argument for argument tensors in method wrapper_CUDA_cat). Ignored.
2026-10-05 17:35:07,259 INFO First result for clip 72 (modality macro) – window opened.
2026-10-05 17:35:07,267 INFO Result for clip 72, modality macro failed with status: Expected all tensors to be on the same device, but found at least two devices, cpu and cuda:0! (when checking argument for argument tensors in method wrapper_CUDA_cat). Ignored.
2026-10-05 17:35:36,796 INFO First result for clip 73 (modality macro) – window opened.
2026-10-05 17:35:36,803 INFO Result for clip 73, modality macro failed with status: Expected all tensors to be on the same device, but found at least two devices, cpu and cuda:0! (when checking argument for argument tensors in method wrapper_CUDA_cat). Ignored.
2026-10-05 17:36:15,434 INFO First result for clip 74 (modality macro) – window opened.
2026-10-05 17:36:15,439 INFO Result for clip 74, modality macro failed with status: Expected all tensors to be on the same device, but found at least two devices, cpu and cuda:0! (when checking argument for argument tensors in method wrapper_CUDA_cat). Ignored.
2026-10-05 17:36:31,286 INFO First result for clip 75 (modality macro) – window opened.
2026-10-05 17:36:31,291 INFO Result for clip 75, modality macro failed with status: Expected all tensors to be on the same device, but found at least two devices, cpu and cuda:0! (when checking argument for argument tensors in method wrapper_CUDA_cat). Ignored.
2026-10-05 17:37:34,492 INFO First result for clip 76 (modality macro) – window opened.
2026-10-05 17:37:34,495 INFO Result for clip 76, modality macro failed with status: Expected all tensors to be on the same device, but found at least two devices, cpu and cuda:0! (when checking argument for argument tensors in method wrapper_CUDA_cat). Ignored.
2026-10-05 17:37:58,917 INFO First result for clip 77 (modality macro) – window opened.
2026-10-05 17:37:58,920 INFO Result for clip 77, modality macro failed with status: Expected all tensors to be on the same device, but found at least two devices, cpu and cuda:0! (when checking argument for argument tensors in method wrapper_CUDA_cat). Ignored.
2026-10-05 17:38:44,062 INFO First result for clip 78 (modality macro) – window opened.
2026-10-05 17:38:44,067 INFO Result for clip 78, modality macro failed with status: Expected all tensors to be on the same device, but found at least two devices, cpu and cuda:0! (when checking argument for argument tensors in method wrapper_CUDA_cat). Ignored.
2026-10-05 17:39:04,917 INFO First result for clip 79 (modality macro) – window opened.
2026-10-05 17:39:04,923 INFO Result for clip 79, modality macro failed with status: Expected all tensors to be on the same device, but found at least two devices, cpu and cuda:0! (when checking argument for argument tensors in method wrapper_CUDA_cat). Ignored.
2026-10-05 17:39:58,639 INFO First result for clip 80 (modality macro) – window opened.
2026-10-05 17:39:58,648 INFO Result for clip 80, modality macro failed with status: Expected all tensors to be on the same device, but found at least two devices, cpu and cuda:0! (when checking argument for argument tensors in method wrapper_CUDA_cat). Ignored.
2026-10-05 17:40:27,811 INFO First result for clip 81 (modality macro) – window opened.
2026-10-05 17:40:27,818 INFO Result for clip 81, modality macro failed with status: Expected all tensors to be on the same device, but found at least two devices, cpu and cuda:0! (when checking argument for argument tensors in method wrapper_CUDA_cat). Ignored.
2026-10-05 17:41:16,809 INFO First result for clip 82 (modality macro) – window opened.
2026-10-05 17:41:16,814 INFO Result for clip 82, modality macro failed with status: Expected all tensors to be on the same device, but found at least two devices, cpu and cuda:0! (when checking argument for argument tensors in method wrapper_CUDA_cat). Ignored.
2026-10-05 17:41:33,284 INFO First result for clip 83 (modality macro) – window opened.
2026-10-05 17:41:33,293 INFO Result for clip 83, modality macro failed with status: Expected all tensors to be on the same device, but found at least two devices, cpu and cuda:0! (when checking argument for argument tensors in method wrapper_CUDA_cat). Ignored.
2026-10-05 17:42:26,978 INFO First result for clip 84 (modality macro) – window opened.
2026-10-05 17:42:26,983 INFO Result for clip 84, modality macro failed with status: Expected all tensors to be on the same device, but found at least two devices, cpu and cuda:0! (when checking argument for argument tensors in method wrapper_CUDA_cat). Ignored.
2026-10-05 17:42:55,647 INFO First result for clip 85 (modality macro) – window opened.
2026-10-05 17:42:55,651 INFO Result for clip 85, modality macro failed with status: Expected all tensors to be on the same device, but found at least two devices, cpu and cuda:0! (when checking argument for argument tensors in method wrapper_CUDA_cat). Ignored.
2026-10-05 17:43:39,982 INFO First result for clip 86 (modality macro) – window opened.
2026-10-05 17:43:39,985 INFO Result for clip 86, modality macro failed with status: Expected all tensors to be on the same device, but found at least two devices, cpu and cuda:0! (when checking argument for argument tensors in method wrapper_CUDA_cat). Ignored.
2026-10-05 17:44:01,390 INFO First result for clip 87 (modality macro) – window opened.
2026-10-05 17:44:01,394 INFO Result for clip 87, modality macro failed with status: Expected all tensors to be on the same device, but found at least two devices, cpu and cuda:0! (when checking argument for argument tensors in method wrapper_CUDA_cat). Ignored.
2026-10-05 17:44:49,169 INFO First result for clip 88 (modality macro) – window opened.
2026-10-05 17:44:49,175 INFO Result for clip 88, modality macro failed with status: Expected all tensors to be on the same device, but found at least two devices, cpu and cuda:0! (when checking argument for argument tensors in method wrapper_CUDA_cat). Ignored.
2026-10-05 17:45:19,269 INFO First result for clip 89 (modality macro) – window opened.
2026-10-05 17:45:19,274 INFO Result for clip 89, modality macro failed with status: Expected all tensors to be on the same device, but found at least two devices, cpu and cuda:0! (when checking argument for argument tensors in method wrapper_CUDA_cat). Ignored.
2026-10-05 17:46:03,019 INFO First result for clip 90 (modality macro) – window opened.
2026-10-05 17:46:03,022 INFO Result for clip 90, modality macro failed with status: Expected all tensors to be on the same device, but found at least two devices, cpu and cuda:0! (when checking argument for argument tensors in method wrapper_CUDA_cat). Ignored.
2026-10-05 17:46:22,030 INFO First result for clip 91 (modality macro) – window opened.
2026-10-05 17:46:22,039 INFO Result for clip 91, modality macro failed with status: Expected all tensors to be on the same device, but found at least two devices, cpu and cuda:0! (when checking argument for argument tensors in method wrapper_CUDA_cat). Ignored.
2026-10-05 17:47:11,658 INFO First result for clip 92 (modality macro) – window opened.
2026-10-05 17:47:11,664 INFO Result for clip 92, modality macro failed with status: Expected all tensors to be on the same device, but found at least two devices, cpu and cuda:0! (when checking argument for argument tensors in method wrapper_CUDA_cat). Ignored.
2026-10-05 17:47:42,987 INFO First result for clip 93 (modality macro) – window opened.
2026-10-05 17:47:42,992 INFO Result for clip 93, modality macro failed with status: Expected all tensors to be on the same device, but found at least two devices, cpu and cuda:0! (when checking argument for argument tensors in method wrapper_CUDA_cat). Ignored.
2026-10-05 17:48:27,613 INFO First result for clip 94 (modality macro) – window opened.
2026-10-05 17:48:27,616 INFO Result for clip 94, modality macro failed with status: Expected all tensors to be on the same device, but found at least two devices, cpu and cuda:0! (when checking argument for argument tensors in method wrapper_CUDA_cat). Ignored.
2026-10-05 17:48:43,345 INFO First result for clip 95 (modality macro) – window opened.
2026-10-05 17:48:43,350 INFO Result for clip 95, modality macro failed with status: Expected all tensors to be on the same device, but found at least two devices, cpu and cuda:0! (when checking argument for argument tensors in method wrapper_CUDA_cat). Ignored.
2026-10-05 17:49:37,469 INFO First result for clip 96 (modality macro) – window opened.
2026-10-05 17:49:37,473 INFO Result for clip 96, modality macro failed with status: Expected all tensors to be on the same device, but found at least two devices, cpu and cuda:0! (when checking argument for argument tensors in method wrapper_CUDA_cat). Ignored.
2026-10-05 17:50:05,459 INFO First result for clip 97 (modality macro) – window opened.
2026-10-05 17:50:05,470 INFO Result for clip 97, modality macro failed with status: Expected all tensors to be on the same device, but found at least two devices, cpu and cuda:0! (when checking argument for argument tensors in method wrapper_CUDA_cat). Ignored.
2026-10-05 17:50:57,960 INFO First result for clip 98 (modality macro) – window opened.
2026-10-05 17:50:57,968 INFO Result for clip 98, modality macro failed with status: Expected all tensors to be on the same device, but found at least two devices, cpu and cuda:0! (when checking argument for argument tensors in method wrapper_CUDA_cat). Ignored.
2026-10-05 17:51:10,506 INFO First result for clip 99 (modality macro) – window opened.
2026-10-05 17:51:10,510 INFO Result for clip 99, modality macro failed with status: Expected all tensors to be on the same device, but found at least two devices, cpu and cuda:0! (when checking argument for argument tensors in method wrapper_CUDA_cat). Ignored.
2026-10-05 17:51:58,997 INFO First result for clip 100 (modality macro) – window opened.
2026-10-05 17:51:59,001 INFO Result for clip 100, modality macro failed with status: Expected all tensors to be on the same device, but found at least two devices, cpu and cuda:0! (when checking argument for argument tensors in method wrapper_CUDA_cat). Ignored.
2026-10-05 17:52:26,874 INFO First result for clip 101 (modality macro) – window opened.
2026-10-05 17:52:26,877 INFO Result for clip 101, modality macro failed with status: Expected all tensors to be on the same device, but found at least two devices, cpu and cuda:0! (when checking argument for argument tensors in method wrapper_CUDA_cat). Ignored.
2026-10-05 17:53:29,138 INFO First result for clip 102 (modality macro) – window opened.
2026-10-05 17:53:29,143 INFO Result for clip 102, modality macro failed with status: Expected all tensors to be on the same device, but found at least two devices, cpu and cuda:0! (when checking argument for argument tensors in method wrapper_CUDA_cat). Ignored.
2026-10-05 17:53:39,397 INFO First result for clip 103 (modality macro) – window opened.
2026-10-05 17:53:39,404 INFO Result for clip 103, modality macro failed with status: Expected all tensors to be on the same device, but found at least two devices, cpu and cuda:0! (when checking argument for argument tensors in method wrapper_CUDA_cat). Ignored.
2026-10-05 17:54:16,553 INFO First result for clip 104 (modality macro) – window opened.
2026-10-05 17:54:16,562 INFO Result for clip 104, modality macro failed with status: Expected all tensors to be on the same device, but found at least two devices, cpu and cuda:0! (when checking argument for argument tensors in method wrapper_CUDA_cat). Ignored.
2026-10-05 17:54:49,475 INFO First result for clip 105 (modality macro) – window opened.
2026-10-05 17:54:49,479 INFO Result for clip 105, modality macro failed with status: Expected all tensors to be on the same device, but found at least two devices, cpu and cuda:0! (when checking argument for argument tensors in method wrapper_CUDA_cat). Ignored.
2026-10-05 17:56:01,887 INFO First result for clip 106 (modality macro) – window opened.
2026-10-05 17:56:01,896 INFO Result for clip 106, modality macro failed with status: Expected all tensors to be on the same device, but found at least two devices, cpu and cuda:0! (when checking argument for argument tensors in method wrapper_CUDA_cat). Ignored.
2026-10-05 17:56:15,804 INFO First result for clip 107 (modality macro) – window opened.
2026-10-05 17:56:15,810 INFO Result for clip 107, modality macro failed with status: Expected all tensors to be on the same device, but found at least two devices, cpu and cuda:0! (when checking argument for argument tensors in method wrapper_CUDA_cat). Ignored.
2026-10-05 17:56:41,779 INFO First result for clip 108 (modality macro) – window opened.
2026-10-05 17:56:41,795 INFO Result for clip 108, modality macro failed with status: Expected all tensors to be on the same device, but found at least two devices, cpu and cuda:0! (when checking argument for argument tensors in method wrapper_CUDA_cat). Ignored.
2026-10-05 17:57:13,981 INFO First result for clip 109 (modality macro) – window opened.
2026-10-05 17:57:13,992 INFO Result for clip 109, modality macro failed with status: Expected all tensors to be on the same device, but found at least two devices, cpu and cuda:0! (when checking argument for argument tensors in method wrapper_CUDA_cat). Ignored.
2026-10-05 17:58:27,664 INFO First result for clip 110 (modality macro) – window opened.
2026-10-05 17:58:27,668 INFO Result for clip 110, modality macro failed with status: Expected all tensors to be on the same device, but found at least two devices, cpu and cuda:0! (when checking argument for argument tensors in method wrapper_CUDA_cat). Ignored.
2026-10-05 17:58:42,069 INFO First result for clip 111 (modality macro) – window opened.
2026-10-05 17:58:42,074 INFO Result for clip 111, modality macro failed with status: Expected all tensors to be on the same device, but found at least two devices, cpu and cuda:0! (when checking argument for argument tensors in method wrapper_CUDA_cat). Ignored.
2026-10-05 17:59:08,684 INFO First result for clip 112 (modality macro) – window opened.
2026-10-05 17:59:08,689 INFO Result for clip 112, modality macro failed with status: Expected all tensors to be on the same device, but found at least two devices, cpu and cuda:0! (when checking argument for argument tensors in method wrapper_CUDA_cat). Ignored.
2026-10-05 17:59:39,340 INFO First result for clip 113 (modality macro) – window opened.
2026-10-05 17:59:39,344 INFO Result for clip 113, modality macro failed with status: Expected all tensors to be on the same device, but found at least two devices, cpu and cuda:0! (when checking argument for argument tensors in method wrapper_CUDA_cat). Ignored.
2026-10-05 18:00:57,062 INFO First result for clip 114 (modality macro) – window opened.
2026-10-05 18:00:57,065 INFO Result for clip 114, modality macro failed with status: Expected all tensors to be on the same device, but found at least two devices, cpu and cuda:0! (when checking argument for argument tensors in method wrapper_CUDA_cat). Ignored.
2026-10-05 18:01:15,736 INFO First result for clip 115 (modality macro) – window opened.
2026-10-05 18:01:15,744 INFO Result for clip 115, modality macro failed with status: Expected all tensors to be on the same device, but found at least two devices, cpu and cuda:0! (when checking argument for argument tensors in method wrapper_CUDA_cat). Ignored.
2026-10-05 18:01:34,083 INFO First result for clip 116 (modality macro) – window opened.
2026-10-05 18:01:34,087 INFO Result for clip 116, modality macro failed with status: Expected all tensors to be on the same device, but found at least two devices, cpu and cuda:0! (when checking argument for argument tensors in method wrapper_CUDA_cat). Ignored.
2026-10-05 18:02:07,138 INFO First result for clip 117 (modality macro) – window opened.
2026-10-05 18:02:07,144 INFO Result for clip 117, modality macro failed with status: Expected all tensors to be on the same device, but found at least two devices, cpu and cuda:0! (when checking argument for argument tensors in method wrapper_CUDA_cat). Ignored.
2026-10-05 18:03:23,992 INFO First result for clip 118 (modality macro) – window opened.
2026-10-05 18:03:23,999 INFO Result for clip 118, modality macro failed with status: Expected all tensors to be on the same device, but found at least two devices, cpu and cuda:0! (when checking argument for argument tensors in method wrapper_CUDA_cat). Ignored.
2026-10-05 18:03:32,642 INFO First result for clip 119 (modality macro) – window opened.
2026-10-05 18:03:32,649 INFO Result for clip 119, modality macro failed with status: Expected all tensors to be on the same device, but found at least two devices, cpu and cuda:0! (when checking argument for argument tensors in method wrapper_CUDA_cat). Ignored.
2026-10-05 18:03:50,427 INFO First result for clip 120 (modality macro) – window opened.
2026-10-05 18:03:50,444 INFO Result for clip 120, modality macro failed with status: Expected all tensors to be on the same device, but found at least two devices, cpu and cuda:0! (when checking argument for argument tensors in method wrapper_CUDA_cat). Ignored.
2026-10-05 18:04:37,271 INFO First result for clip 121 (modality macro) – window opened.
2026-10-05 18:04:37,281 INFO Result for clip 121, modality macro failed with status: Expected all tensors to be on the same device, but found at least two devices, cpu and cuda:0! (when checking argument for argument tensors in method wrapper_CUDA_cat). Ignored.
2026-10-05 18:05:50,296 INFO First result for clip 122 (modality macro) – window opened.
2026-10-05 18:05:50,300 INFO Result for clip 122, modality macro failed with status: Expected all tensors to be on the same device, but found at least two devices, cpu and cuda:0! (when checking argument for argument tensors in method wrapper_CUDA_cat). Ignored.
2026-10-05 18:06:16,636 INFO First result for clip 123 (modality macro) – window opened.
2026-10-05 18:06:16,641 INFO Result for clip 123, modality macro failed with status: Expected all tensors to be on the same device, but found at least two devices, cpu and cuda:0! (when checking argument for argument tensors in method wrapper_CUDA_cat). Ignored.
2026-10-05 18:06:22,601 INFO First result for clip 124 (modality macro) – window opened.
2026-10-05 18:06:22,616 INFO Result for clip 124, modality macro failed with status: Expected all tensors to be on the same device, but found at least two devices, cpu and cuda:0! (when checking argument for argument tensors in method wrapper_CUDA_cat). Ignored.
2026-10-05 18:06:46,959 INFO First result for clip 125 (modality macro) – window opened.
2026-10-05 18:06:46,964 INFO Result for clip 125, modality macro failed with status: Expected all tensors to be on the same device, but found at least two devices, cpu and cuda:0! (when checking argument for argument tensors in method wrapper_CUDA_cat). Ignored.
2026-10-05 18:08:03,875 INFO First result for clip 126 (modality macro) – window opened.
2026-10-05 18:08:03,880 INFO Result for clip 126, modality macro failed with status: Expected all tensors to be on the same device, but found at least two devices, cpu and cuda:0! (when checking argument for argument tensors in method wrapper_CUDA_cat). Ignored.
2026-10-05 18:08:40,855 INFO First result for clip 127 (modality macro) – window opened.
2026-10-05 18:08:40,858 INFO Result for clip 127, modality macro failed with status: Expected all tensors to be on the same device, but found at least two devices, cpu and cuda:0! (when checking argument for argument tensors in method wrapper_CUDA_cat). Ignored.
2026-10-05 18:09:05,368 INFO First result for clip 128 (modality macro) – window opened.
2026-10-05 18:09:05,372 INFO Result for clip 128, modality macro failed with status: Expected all tensors to be on the same device, but found at least two devices, cpu and cuda:0! (when checking argument for argument tensors in method wrapper_CUDA_cat). Ignored.
2026-10-05 18:09:07,168 INFO First result for clip 129 (modality macro) – window opened.
2026-10-05 18:09:07,173 INFO Result for clip 129, modality macro failed with status: Expected all tensors to be on the same device, but found at least two devices, cpu and cuda:0! (when checking argument for argument tensors in method wrapper_CUDA_cat). Ignored.
2026-10-05 18:10:14,704 INFO First result for clip 130 (modality macro) – window opened.
2026-10-05 18:10:14,707 INFO Result for clip 130, modality macro failed with status: Expected all tensors to be on the same device, but found at least two devices, cpu and cuda:0! (when checking argument for argument tensors in method wrapper_CUDA_cat). Ignored.
2026-10-05 18:10:57,344 INFO First result for clip 131 (modality macro) – window opened.
2026-10-05 18:10:57,363 INFO Result for clip 131, modality macro failed with status: Expected all tensors to be on the same device, but found at least two devices, cpu and cuda:0! (when checking argument for argument tensors in method wrapper_CUDA_cat). Ignored.
2026-10-05 18:11:38,053 INFO First result for clip 132 (modality macro) – window opened.
2026-10-05 18:11:38,066 INFO Result for clip 132, modality macro failed with status: Expected all tensors to be on the same device, but found at least two devices, cpu and cuda:0! (when checking argument for argument tensors in method wrapper_CUDA_cat). Ignored.
2026-10-05 18:11:53,563 INFO First result for clip 133 (modality macro) – window opened.
2026-10-05 18:11:53,567 INFO Result for clip 133, modality macro failed with status: Expected all tensors to be on the same device, but found at least two devices, cpu and cuda:0! (when checking argument for argument tensors in method wrapper_CUDA_cat). Ignored.
2026-10-05 18:12:42,299 INFO First result for clip 134 (modality macro) – window opened.
2026-10-05 18:12:42,303 INFO Result for clip 134, modality macro failed with status: Expected all tensors to be on the same device, but found at least two devices, cpu and cuda:0! (when checking argument for argument tensors in method wrapper_CUDA_cat). Ignored.
2026-10-05 18:13:27,930 INFO First result for clip 135 (modality macro) – window opened.
2026-10-05 18:13:27,936 INFO Result for clip 135, modality macro failed with status: Expected all tensors to be on the same device, but found at least two devices, cpu and cuda:0! (when checking argument for argument tensors in method wrapper_CUDA_cat). Ignored.
2026-10-05 18:14:13,880 INFO First result for clip 136 (modality macro) – window opened.
2026-10-05 18:14:13,884 INFO Result for clip 136, modality macro failed with status: Expected all tensors to be on the same device, but found at least two devices, cpu and cuda:0! (when checking argument for argument tensors in method wrapper_CUDA_cat). Ignored.
2026-10-05 18:14:20,616 INFO First result for clip 137 (modality macro) – window opened.
2026-10-05 18:14:20,621 INFO Result for clip 137, modality macro failed with status: Expected all tensors to be on the same device, but found at least two devices, cpu and cuda:0! (when checking argument for argument tensors in method wrapper_CUDA_cat). Ignored.
2026-10-05 18:15:03,401 INFO First result for clip 138 (modality macro) – window opened.
2026-10-05 18:15:03,405 INFO Result for clip 138, modality macro failed with status: Expected all tensors to be on the same device, but found at least two devices, cpu and cuda:0! (when checking argument for argument tensors in method wrapper_CUDA_cat). Ignored.
2026-10-05 18:15:42,115 INFO First result for clip 139 (modality macro) – window opened.
2026-10-05 18:15:42,120 INFO Result for clip 139, modality macro failed with status: Expected all tensors to be on the same device, but found at least two devices, cpu and cuda:0! (when checking argument for argument tensors in method wrapper_CUDA_cat). Ignored.
2026-10-05 18:16:41,150 INFO First result for clip 140 (modality macro) – window opened.
2026-10-05 18:16:41,155 INFO Result for clip 140, modality macro failed with status: Expected all tensors to be on the same device, but found at least two devices, cpu and cuda:0! (when checking argument for argument tensors in method wrapper_CUDA_cat). Ignored.
2026-10-05 18:16:48,338 INFO First result for clip 141 (modality macro) – window opened.
2026-10-05 18:16:48,341 INFO Result for clip 141, modality macro failed with status: Expected all tensors to be on the same device, but found at least two devices, cpu and cuda:0! (when checking argument for argument tensors in method wrapper_CUDA_cat). Ignored.
2026-10-05 18:17:12,386 INFO First result for clip 142 (modality macro) – window opened.
2026-10-05 18:17:12,390 INFO Result for clip 142, modality macro failed with status: Expected all tensors to be on the same device, but found at least two devices, cpu and cuda:0! (when checking argument for argument tensors in method wrapper_CUDA_cat). Ignored.
2026-10-05 18:18:20,066 INFO First result for clip 143 (modality macro) – window opened.
2026-10-05 18:18:20,074 INFO Result for clip 143, modality macro failed with status: Expected all tensors to be on the same device, but found at least two devices, cpu and cuda:0! (when checking argument for argument tensors in method wrapper_CUDA_cat). Ignored.
2026-10-05 18:19:04,732 INFO First result for clip 144 (modality macro) – window opened.
2026-10-05 18:19:04,740 INFO Result for clip 144, modality macro failed with status: Expected all tensors to be on the same device, but found at least two devices, cpu and cuda:0! (when checking argument for argument tensors in method wrapper_CUDA_cat). Ignored.
2026-10-05 18:19:34,525 INFO First result for clip 145 (modality macro) – window opened.
2026-10-05 18:19:34,548 INFO Result for clip 145, modality macro failed with status: Expected all tensors to be on the same device, but found at least two devices, cpu and cuda:0! (when checking argument for argument tensors in method wrapper_CUDA_cat). Ignored.
2026-10-05 18:19:38,986 INFO First result for clip 146 (modality macro) – window opened.
2026-10-05 18:19:38,991 INFO Result for clip 146, modality macro failed with status: Expected all tensors to be on the same device, but found at least two devices, cpu and cuda:0! (when checking argument for argument tensors in method wrapper_CUDA_cat). Ignored.
2026-10-05 18:20:38,076 INFO First result for clip 147 (modality macro) – window opened.
2026-10-05 18:20:38,082 INFO Result for clip 147, modality macro failed with status: Expected all tensors to be on the same device, but found at least two devices, cpu and cuda:0! (when checking argument for argument tensors in method wrapper_CUDA_cat). Ignored.
2026-10-05 18:21:24,629 INFO First result for clip 148 (modality macro) – window opened.
2026-10-05 18:21:24,633 INFO Result for clip 148, modality macro failed with status: Expected all tensors to be on the same device, but found at least two devices, cpu and cuda:0! (when checking argument for argument tensors in method wrapper_CUDA_cat). Ignored.
2026-10-05 18:22:09,108 INFO First result for clip 149 (modality macro) – window opened.
2026-10-05 18:22:09,112 INFO Result for clip 149, modality macro failed with status: Expected all tensors to be on the same device, but found at least two devices, cpu and cuda:0! (when checking argument for argument tensors in method wrapper_CUDA_cat). Ignored.
2026-10-05 18:22:18,605 INFO First result for clip 150 (modality macro) – window opened.
2026-10-05 18:22:18,619 INFO Result for clip 150, modality macro failed with status: Expected all tensors to be on the same device, but found at least two devices, cpu and cuda:0! (when checking argument for argument tensors in method wrapper_CUDA_cat). Ignored.
2026-10-05 18:22:52,446 INFO First result for clip 151 (modality macro) – window opened.
2026-10-05 18:22:52,450 INFO Result for clip 151, modality macro failed with status: Expected all tensors to be on the same device, but found at least two devices, cpu and cuda:0! (when checking argument for argument tensors in method wrapper_CUDA_cat). Ignored.
2026-10-05 18:23:51,968 INFO First result for clip 152 (modality macro) – window opened.
2026-10-05 18:23:51,978 INFO Result for clip 152, modality macro failed with status: Expected all tensors to be on the same device, but found at least two devices, cpu and cuda:0! (when checking argument for argument tensors in method wrapper_CUDA_cat). Ignored.
2026-10-05 18:24:50,689 INFO First result for clip 153 (modality macro) – window opened.
2026-10-05 18:24:50,709 INFO Result for clip 153, modality macro failed with status: Expected all tensors to be on the same device, but found at least two devices, cpu and cuda:0! (when checking argument for argument tensors in method wrapper_CUDA_cat). Ignored.
2026-10-05 18:25:00,339 INFO First result for clip 154 (modality macro) – window opened.
2026-10-05 18:25:00,352 INFO Result for clip 154, modality macro failed with status: Expected all tensors to be on the same device, but found at least two devices, cpu and cuda:0! (when checking argument for argument tensors in method wrapper_CUDA_cat). Ignored.
2026-10-05 18:25:41,359 INFO First result for clip 155 (modality macro) – window opened.
2026-10-05 18:25:41,370 INFO Result for clip 155, modality macro failed with status: Expected all tensors to be on the same device, but found at least two devices, cpu and cuda:0! (when checking argument for argument tensors in method wrapper_CUDA_cat). Ignored.
2026-10-05 18:26:17,125 INFO First result for clip 156 (modality macro) – window opened.
2026-10-05 18:26:17,129 INFO Result for clip 156, modality macro failed with status: Expected all tensors to be on the same device, but found at least two devices, cpu and cuda:0! (when checking argument for argument tensors in method wrapper_CUDA_cat). Ignored.
2026-10-05 18:27:39,900 INFO First result for clip 157 (modality macro) – window opened.
2026-10-05 18:27:39,903 INFO Result for clip 157, modality macro failed with status: Expected all tensors to be on the same device, but found at least two devices, cpu and cuda:0! (when checking argument for argument tensors in method wrapper_CUDA_cat). Ignored.
2026-10-05 18:27:39,944 INFO First result for clip 158 (modality macro) – window opened.
2026-10-05 18:27:39,955 INFO Result for clip 158, modality macro failed with status: Expected all tensors to be on the same device, but found at least two devices, cpu and cuda:0! (when checking argument for argument tensors in method wrapper_CUDA_cat). Ignored.
2026-10-05 18:28:17,343 INFO First result for clip 159 (modality macro) – window opened.
2026-10-05 18:28:17,356 INFO Result for clip 159, modality macro failed with status: Expected all tensors to be on the same device, but found at least two devices, cpu and cuda:0! (when checking argument for argument tensors in method wrapper_CUDA_cat). Ignored.
2026-10-05 18:28:45,231 INFO First result for clip 160 (modality macro) – window opened.
2026-10-05 18:28:45,236 INFO Result for clip 160, modality macro failed with status: Expected all tensors to be on the same device, but found at least two devices, cpu and cuda:0! (when checking argument for argument tensors in method wrapper_CUDA_cat). Ignored.
2026-10-05 18:30:19,955 INFO First result for clip 161 (modality macro) – window opened.
2026-10-05 18:30:19,958 INFO Result for clip 161, modality macro failed with status: Expected all tensors to be on the same device, but found at least two devices, cpu and cuda:0! (when checking argument for argument tensors in method wrapper_CUDA_cat). Ignored.
2026-10-05 18:30:30,357 INFO First result for clip 162 (modality macro) – window opened.
2026-10-05 18:30:30,361 INFO Result for clip 162, modality macro failed with status: Expected all tensors to be on the same device, but found at least two devices, cpu and cuda:0! (when checking argument for argument tensors in method wrapper_CUDA_cat). Ignored.
2026-10-05 18:30:55,833 INFO First result for clip 163 (modality macro) – window opened.
2026-10-05 18:30:55,836 INFO Result for clip 163, modality macro failed with status: Expected all tensors to be on the same device, but found at least two devices, cpu and cuda:0! (when checking argument for argument tensors in method wrapper_CUDA_cat). Ignored.
2026-10-05 18:31:10,411 INFO First result for clip 164 (modality macro) – window opened.
2026-10-05 18:31:10,421 INFO Result for clip 164, modality macro failed with status: Expected all tensors to be on the same device, but found at least two devices, cpu and cuda:0! (when checking argument for argument tensors in method wrapper_CUDA_cat). Ignored.
2026-10-05 18:33:01,795 INFO First result for clip 165 (modality macro) – window opened.
2026-10-05 18:33:01,801 INFO Result for clip 165, modality macro failed with status: Expected all tensors to be on the same device, but found at least two devices, cpu and cuda:0! (when checking argument for argument tensors in method wrapper_CUDA_cat). Ignored.
2026-10-05 18:33:06,914 INFO First result for clip 166 (modality macro) – window opened.
2026-10-05 18:33:06,916 INFO Result for clip 166, modality macro failed with status: Expected all tensors to be on the same device, but found at least two devices, cpu and cuda:0! (when checking argument for argument tensors in method wrapper_CUDA_cat). Ignored.
2026-10-05 18:33:27,470 INFO First result for clip 167 (modality macro) – window opened.
2026-10-05 18:33:27,474 INFO Result for clip 167, modality macro failed with status: Expected all tensors to be on the same device, but found at least two devices, cpu and cuda:0! (when checking argument for argument tensors in method wrapper_CUDA_cat). Ignored.
2026-10-05 18:33:43,674 INFO First result for clip 168 (modality macro) – window opened.
2026-10-05 18:33:43,680 INFO Result for clip 168, modality macro failed with status: Expected all tensors to be on the same device, but found at least two devices, cpu and cuda:0! (when checking argument for argument tensors in method wrapper_CUDA_cat). Ignored.
2026-10-05 18:36:00,857 INFO First result for clip 169 (modality macro) – window opened.
2026-10-05 18:36:00,872 INFO Result for clip 169, modality macro failed with status: Expected all tensors to be on the same device, but found at least two devices, cpu and cuda:0! (when checking argument for argument tensors in method wrapper_CUDA_cat). Ignored.
2026-10-05 18:36:19,014 INFO First result for clip 170 (modality macro) – window opened.
2026-10-05 18:36:19,020 INFO Result for clip 170, modality macro failed with status: Expected all tensors to be on the same device, but found at least two devices, cpu and cuda:0! (when checking argument for argument tensors in method wrapper_CUDA_cat). Ignored.
2026-10-05 18:36:38,258 INFO First result for clip 171 (modality macro) – window opened.
2026-10-05 18:36:38,273 INFO Result for clip 171, modality macro failed with status: Expected all tensors to be on the same device, but found at least two devices, cpu and cuda:0! (when checking argument for argument tensors in method wrapper_CUDA_cat). Ignored.
2026-10-05 18:36:40,396 INFO First result for clip 172 (modality macro) – window opened.
2026-10-05 18:36:40,403 INFO Result for clip 172, modality macro failed with status: Expected all tensors to be on the same device, but found at least two devices, cpu and cuda:0! (when checking argument for argument tensors in method wrapper_CUDA_cat). Ignored.
2026-10-05 18:38:26,788 INFO First result for clip 173 (modality macro) – window opened.
2026-10-05 18:38:26,800 INFO Result for clip 173, modality macro failed with status: Expected all tensors to be on the same device, but found at least two devices, cpu and cuda:0! (when checking argument for argument tensors in method wrapper_CUDA_cat). Ignored.
2026-10-05 18:38:45,524 INFO First result for clip 174 (modality macro) – window opened.
2026-10-05 18:38:45,528 INFO Result for clip 174, modality macro failed with status: Expected all tensors to be on the same device, but found at least two devices, cpu and cuda:0! (when checking argument for argument tensors in method wrapper_CUDA_cat). Ignored.
2026-10-05 18:39:13,549 INFO First result for clip 175 (modality macro) – window opened.
2026-10-05 18:39:13,553 INFO Result for clip 175, modality macro failed with status: Expected all tensors to be on the same device, but found at least two devices, cpu and cuda:0! (when checking argument for argument tensors in method wrapper_CUDA_cat). Ignored.
2026-10-05 18:39:14,801 INFO First result for clip 176 (modality macro) – window opened.
2026-10-05 18:39:14,813 INFO Result for clip 176, modality macro failed with status: Expected all tensors to be on the same device, but found at least two devices, cpu and cuda:0! (when checking argument for argument tensors in method wrapper_CUDA_cat). Ignored.
2026-10-05 18:40:37,451 INFO First result for clip 177 (modality macro) – window opened.
2026-10-05 18:40:37,455 INFO Result for clip 177, modality macro failed with status: Expected all tensors to be on the same device, but found at least two devices, cpu and cuda:0! (when checking argument for argument tensors in method wrapper_CUDA_cat). Ignored.
2026-10-05 18:40:58,151 INFO First result for clip 178 (modality macro) – window opened.
2026-10-05 18:40:58,160 INFO Result for clip 178, modality macro failed with status: Expected all tensors to be on the same device, but found at least two devices, cpu and cuda:0! (when checking argument for argument tensors in method wrapper_CUDA_cat). Ignored.
2026-10-05 18:41:45,897 INFO First result for clip 179 (modality macro) – window opened.
2026-10-05 18:41:45,904 INFO Result for clip 179, modality macro failed with status: Expected all tensors to be on the same device, but found at least two devices, cpu and cuda:0! (when checking argument for argument tensors in method wrapper_CUDA_cat). Ignored.
2026-10-05 18:41:55,763 INFO First result for clip 180 (modality macro) – window opened.
2026-10-05 18:41:55,766 INFO Result for clip 180, modality macro failed with status: Expected all tensors to be on the same device, but found at least two devices, cpu and cuda:0! (when checking argument for argument tensors in method wrapper_CUDA_cat). Ignored.
2026-10-05 18:42:57,453 INFO First result for clip 181 (modality macro) – window opened.
2026-10-05 18:42:57,457 INFO Result for clip 181, modality macro failed with status: Expected all tensors to be on the same device, but found at least two devices, cpu and cuda:0! (when checking argument for argument tensors in method wrapper_CUDA_cat). Ignored.
2026-10-05 18:43:31,384 INFO First result for clip 182 (modality macro) – window opened.
2026-10-05 18:43:31,391 INFO Result for clip 182, modality macro failed with status: Expected all tensors to be on the same device, but found at least two devices, cpu and cuda:0! (when checking argument for argument tensors in method wrapper_CUDA_cat). Ignored.
2026-10-05 18:44:07,715 INFO First result for clip 183 (modality macro) – window opened.
2026-10-05 18:44:07,719 INFO Result for clip 183, modality macro failed with status: Expected all tensors to be on the same device, but found at least two devices, cpu and cuda:0! (when checking argument for argument tensors in method wrapper_CUDA_cat). Ignored.
2026-10-05 18:44:22,809 INFO First result for clip 184 (modality macro) – window opened.
2026-10-05 18:44:22,813 INFO Result for clip 184, modality macro failed with status: Expected all tensors to be on the same device, but found at least two devices, cpu and cuda:0! (when checking argument for argument tensors in method wrapper_CUDA_cat). Ignored.
2026-10-05 18:45:16,522 INFO First result for clip 185 (modality macro) – window opened.
2026-10-05 18:45:16,527 INFO Result for clip 185, modality macro failed with status: Expected all tensors to be on the same device, but found at least two devices, cpu and cuda:0! (when checking argument for argument tensors in method wrapper_CUDA_cat). Ignored.
2026-10-05 18:45:54,945 INFO First result for clip 186 (modality macro) – window opened.
2026-10-05 18:45:54,949 INFO Result for clip 186, modality macro failed with status: Expected all tensors to be on the same device, but found at least two devices, cpu and cuda:0! (when checking argument for argument tensors in method wrapper_CUDA_cat). Ignored.
2026-10-05 18:46:23,343 INFO First result for clip 187 (modality macro) – window opened.
2026-10-05 18:46:23,346 INFO Result for clip 187, modality macro failed with status: Expected all tensors to be on the same device, but found at least two devices, cpu and cuda:0! (when checking argument for argument tensors in method wrapper_CUDA_cat). Ignored.
2026-10-05 18:46:37,042 INFO First result for clip 188 (modality macro) – window opened.
2026-10-05 18:46:37,046 INFO Result for clip 188, modality macro failed with status: Expected all tensors to be on the same device, but found at least two devices, cpu and cuda:0! (when checking argument for argument tensors in method wrapper_CUDA_cat). Ignored.
2026-10-05 18:47:25,716 INFO First result for clip 189 (modality macro) – window opened.
2026-10-05 18:47:25,723 INFO Result for clip 189, modality macro failed with status: Expected all tensors to be on the same device, but found at least two devices, cpu and cuda:0! (when checking argument for argument tensors in method wrapper_CUDA_cat). Ignored.
2026-10-05 18:48:03,195 INFO First result for clip 190 (modality macro) – window opened.
2026-10-05 18:48:03,200 INFO Result for clip 190, modality macro failed with status: Expected all tensors to be on the same device, but found at least two devices, cpu and cuda:0! (when checking argument for argument tensors in method wrapper_CUDA_cat). Ignored.
2026-10-05 18:48:37,285 INFO First result for clip 191 (modality macro) – window opened.
2026-10-05 18:48:37,295 INFO Result for clip 191, modality macro failed with status: Expected all tensors to be on the same device, but found at least two devices, cpu and cuda:0! (when checking argument for argument tensors in method wrapper_CUDA_cat). Ignored.
2026-10-05 18:48:56,631 INFO First result for clip 192 (modality macro) – window opened.
2026-10-05 18:48:56,636 INFO Result for clip 192, modality macro failed with status: Expected all tensors to be on the same device, but found at least two devices, cpu and cuda:0! (when checking argument for argument tensors in method wrapper_CUDA_cat). Ignored.
2026-10-05 18:49:37,455 INFO First result for clip 193 (modality macro) – window opened.
2026-10-05 18:49:37,458 INFO Result for clip 193, modality macro failed with status: Expected all tensors to be on the same device, but found at least two devices, cpu and cuda:0! (when checking argument for argument tensors in method wrapper_CUDA_cat). Ignored.
2026-10-05 18:50:16,130 INFO First result for clip 194 (modality macro) – window opened.
2026-10-05 18:50:16,133 INFO Result for clip 194, modality macro failed with status: Expected all tensors to be on the same device, but found at least two devices, cpu and cuda:0! (when checking argument for argument tensors in method wrapper_CUDA_cat). Ignored.
2026-10-05 18:50:46,253 INFO First result for clip 195 (modality macro) – window opened.
2026-10-05 18:50:46,263 INFO Result for clip 195, modality macro failed with status: Expected all tensors to be on the same device, but found at least two devices, cpu and cuda:0! (when checking argument for argument tensors in method wrapper_CUDA_cat). Ignored.
2026-10-05 18:51:08,583 INFO First result for clip 196 (modality macro) – window opened.
2026-10-05 18:51:08,590 INFO Result for clip 196, modality macro failed with status: Expected all tensors to be on the same device, but found at least two devices, cpu and cuda:0! (when checking argument for argument tensors in method wrapper_CUDA_cat). Ignored.
2026-10-05 18:51:54,570 INFO First result for clip 197 (modality macro) – window opened.
2026-10-05 18:51:54,581 INFO Result for clip 197, modality macro failed with status: Expected all tensors to be on the same device, but found at least two devices, cpu and cuda:0! (when checking argument for argument tensors in method wrapper_CUDA_cat). Ignored.
2026-10-05 18:52:37,522 INFO First result for clip 198 (modality macro) – window opened.
2026-10-05 18:52:37,525 INFO Result for clip 198, modality macro failed with status: Expected all tensors to be on the same device, but found at least two devices, cpu and cuda:0! (when checking argument for argument tensors in method wrapper_CUDA_cat). Ignored.
2026-10-05 18:53:19,892 INFO First result for clip 199 (modality macro) – window opened.
2026-10-05 18:53:19,895 INFO Result for clip 199, modality macro failed with status: Expected all tensors to be on the same device, but found at least two devices, cpu and cuda:0! (when checking argument for argument tensors in method wrapper_CUDA_cat). Ignored.
2026-10-05 18:53:41,023 INFO First result for clip 200 (modality macro) – window opened.
2026-10-05 18:53:41,029 INFO Result for clip 200, modality macro failed with status: Expected all tensors to be on the same device, but found at least two devices, cpu and cuda:0! (when checking argument for argument tensors in method wrapper_CUDA_cat). Ignored.
2026-10-05 18:54:17,315 INFO First result for clip 201 (modality macro) – window opened.
2026-10-05 18:54:17,318 INFO Result for clip 201, modality macro failed with status: Expected all tensors to be on the same device, but found at least two devices, cpu and cuda:0! (when checking argument for argument tensors in method wrapper_CUDA_cat). Ignored.
2026-10-05 18:54:56,816 INFO First result for clip 202 (modality macro) – window opened.
2026-10-05 18:54:56,820 INFO Result for clip 202, modality macro failed with status: Expected all tensors to be on the same device, but found at least two devices, cpu and cuda:0! (when checking argument for argument tensors in method wrapper_CUDA_cat). Ignored.
2026-10-05 18:55:41,537 INFO First result for clip 203 (modality macro) – window opened.
2026-10-05 18:55:41,540 INFO Result for clip 203, modality macro failed with status: Expected all tensors to be on the same device, but found at least two devices, cpu and cuda:0! (when checking argument for argument tensors in method wrapper_CUDA_cat). Ignored.
2026-10-05 18:56:03,802 INFO First result for clip 204 (modality macro) – window opened.
2026-10-05 18:56:03,805 INFO Result for clip 204, modality macro failed with status: Expected all tensors to be on the same device, but found at least two devices, cpu and cuda:0! (when checking argument for argument tensors in method wrapper_CUDA_cat). Ignored.
2026-10-05 18:56:37,526 INFO First result for clip 205 (modality macro) – window opened.
2026-10-05 18:56:37,532 INFO Result for clip 205, modality macro failed with status: Expected all tensors to be on the same device, but found at least two devices, cpu and cuda:0! (when checking argument for argument tensors in method wrapper_CUDA_cat). Ignored.
2026-10-05 18:57:14,416 INFO First result for clip 206 (modality macro) – window opened.
2026-10-05 18:57:14,420 INFO Result for clip 206, modality macro failed with status: Expected all tensors to be on the same device, but found at least two devices, cpu and cuda:0! (when checking argument for argument tensors in method wrapper_CUDA_cat). Ignored.
2026-10-05 18:58:04,141 INFO First result for clip 207 (modality macro) – window opened.
2026-10-05 18:58:04,149 INFO Result for clip 207, modality macro failed with status: Expected all tensors to be on the same device, but found at least two devices, cpu and cuda:0! (when checking argument for argument tensors in method wrapper_CUDA_cat). Ignored.
2026-10-05 18:58:27,265 INFO First result for clip 208 (modality macro) – window opened.
2026-10-05 18:58:27,270 INFO Result for clip 208, modality macro failed with status: Expected all tensors to be on the same device, but found at least two devices, cpu and cuda:0! (when checking argument for argument tensors in method wrapper_CUDA_cat). Ignored.
2026-10-05 18:58:57,840 INFO First result for clip 209 (modality macro) – window opened.
2026-10-05 18:58:57,845 INFO Result for clip 209, modality macro failed with status: Expected all tensors to be on the same device, but found at least two devices, cpu and cuda:0! (when checking argument for argument tensors in method wrapper_CUDA_cat). Ignored.
2026-10-05 18:59:41,090 INFO First result for clip 210 (modality macro) – window opened.
2026-10-05 18:59:41,093 INFO Result for clip 210, modality macro failed with status: Expected all tensors to be on the same device, but found at least two devices, cpu and cuda:0! (when checking argument for argument tensors in method wrapper_CUDA_cat). Ignored.
2026-10-05 19:00:26,589 INFO First result for clip 211 (modality macro) – window opened.
2026-10-05 19:00:26,596 INFO Result for clip 211, modality macro failed with status: Expected all tensors to be on the same device, but found at least two devices, cpu and cuda:0! (when checking argument for argument tensors in method wrapper_CUDA_cat). Ignored.
2026-10-05 19:00:44,192 INFO First result for clip 212 (modality macro) – window opened.
2026-10-05 19:00:44,202 INFO Result for clip 212, modality macro failed with status: Expected all tensors to be on the same device, but found at least two devices, cpu and cuda:0! (when checking argument for argument tensors in method wrapper_CUDA_cat). Ignored.
2026-10-05 19:01:23,300 INFO First result for clip 213 (modality macro) – window opened.
2026-10-05 19:01:23,306 INFO Result for clip 213, modality macro failed with status: Expected all tensors to be on the same device, but found at least two devices, cpu and cuda:0! (when checking argument for argument tensors in method wrapper_CUDA_cat). Ignored.
2026-10-05 19:02:02,345 INFO First result for clip 214 (modality macro) – window opened.
2026-10-05 19:02:02,349 INFO Result for clip 214, modality macro failed with status: Expected all tensors to be on the same device, but found at least two devices, cpu and cuda:0! (when checking argument for argument tensors in method wrapper_CUDA_cat). Ignored.
2026-10-05 19:02:45,897 INFO First result for clip 215 (modality macro) – window opened.
2026-10-05 19:02:45,902 INFO Result for clip 215, modality macro failed with status: Expected all tensors to be on the same device, but found at least two devices, cpu and cuda:0! (when checking argument for argument tensors in method wrapper_CUDA_cat). Ignored.
2026-10-05 19:03:05,008 INFO First result for clip 216 (modality macro) – window opened.
2026-10-05 19:03:05,014 INFO Result for clip 216, modality macro failed with status: Expected all tensors to be on the same device, but found at least two devices, cpu and cuda:0! (when checking argument for argument tensors in method wrapper_CUDA_cat). Ignored.
2026-10-05 19:03:43,612 INFO First result for clip 217 (modality macro) – window opened.
2026-10-05 19:03:43,627 INFO Result for clip 217, modality macro failed with status: Expected all tensors to be on the same device, but found at least two devices, cpu and cuda:0! (when checking argument for argument tensors in method wrapper_CUDA_cat). Ignored.
2026-10-05 19:04:20,541 INFO First result for clip 218 (modality macro) – window opened.
2026-10-05 19:04:20,547 INFO Result for clip 218, modality macro failed with status: Expected all tensors to be on the same device, but found at least two devices, cpu and cuda:0! (when checking argument for argument tensors in method wrapper_CUDA_cat). Ignored.
2026-10-05 19:05:09,584 INFO First result for clip 219 (modality macro) – window opened.
2026-10-05 19:05:09,591 INFO Result for clip 219, modality macro failed with status: Expected all tensors to be on the same device, but found at least two devices, cpu and cuda:0! (when checking argument for argument tensors in method wrapper_CUDA_cat). Ignored.
2026-10-05 19:05:29,981 INFO First result for clip 220 (modality macro) – window opened.
2026-10-05 19:05:29,989 INFO Result for clip 220, modality macro failed with status: Expected all tensors to be on the same device, but found at least two devices, cpu and cuda:0! (when checking argument for argument tensors in method wrapper_CUDA_cat). Ignored.
2026-10-05 19:06:09,263 INFO First result for clip 221 (modality macro) – window opened.
2026-10-05 19:06:09,273 INFO Result for clip 221, modality macro failed with status: Expected all tensors to be on the same device, but found at least two devices, cpu and cuda:0! (when checking argument for argument tensors in method wrapper_CUDA_cat). Ignored.
2026-10-05 19:06:39,980 INFO First result for clip 222 (modality macro) – window opened.
2026-10-05 19:06:39,989 INFO Result for clip 222, modality macro failed with status: Expected all tensors to be on the same device, but found at least two devices, cpu and cuda:0! (when checking argument for argument tensors in method wrapper_CUDA_cat). Ignored.
2026-10-05 19:07:29,440 INFO First result for clip 223 (modality macro) – window opened.
2026-10-05 19:07:29,444 INFO Result for clip 223, modality macro failed with status: Expected all tensors to be on the same device, but found at least two devices, cpu and cuda:0! (when checking argument for argument tensors in method wrapper_CUDA_cat). Ignored.
2026-10-05 19:07:48,560 INFO First result for clip 224 (modality macro) – window opened.
2026-10-05 19:07:48,565 INFO Result for clip 224, modality macro failed with status: Expected all tensors to be on the same device, but found at least two devices, cpu and cuda:0! (when checking argument for argument tensors in method wrapper_CUDA_cat). Ignored.
2026-10-05 19:08:28,990 INFO First result for clip 225 (modality macro) – window opened.
2026-10-05 19:08:29,005 INFO Result for clip 225, modality macro failed with status: Expected all tensors to be on the same device, but found at least two devices, cpu and cuda:0! (when checking argument for argument tensors in method wrapper_CUDA_cat). Ignored.
2026-10-05 19:08:59,502 INFO First result for clip 226 (modality macro) – window opened.
2026-10-05 19:08:59,508 INFO Result for clip 226, modality macro failed with status: Expected all tensors to be on the same device, but found at least two devices, cpu and cuda:0! (when checking argument for argument tensors in method wrapper_CUDA_cat). Ignored.
2026-10-05 19:09:47,069 INFO First result for clip 227 (modality macro) – window opened.
2026-10-05 19:09:47,072 INFO Result for clip 227, modality macro failed with status: Expected all tensors to be on the same device, but found at least two devices, cpu and cuda:0! (when checking argument for argument tensors in method wrapper_CUDA_cat). Ignored.
2026-10-05 19:10:04,434 INFO First result for clip 228 (modality macro) – window opened.
2026-10-05 19:10:04,445 INFO Result for clip 228, modality macro failed with status: Expected all tensors to be on the same device, but found at least two devices, cpu and cuda:0! (when checking argument for argument tensors in method wrapper_CUDA_cat). Ignored.
2026-10-05 19:10:47,605 INFO First result for clip 229 (modality macro) – window opened.
2026-10-05 19:10:47,608 INFO Result for clip 229, modality macro failed with status: Expected all tensors to be on the same device, but found at least two devices, cpu and cuda:0! (when checking argument for argument tensors in method wrapper_CUDA_cat). Ignored.
2026-10-05 19:11:19,319 INFO First result for clip 230 (modality macro) – window opened.
2026-10-05 19:11:19,325 INFO Result for clip 230, modality macro failed with status: Expected all tensors to be on the same device, but found at least two devices, cpu and cuda:0! (when checking argument for argument tensors in method wrapper_CUDA_cat). Ignored.
2026-10-05 19:12:04,794 INFO First result for clip 231 (modality macro) – window opened.
2026-10-05 19:12:04,799 INFO Result for clip 231, modality macro failed with status: Expected all tensors to be on the same device, but found at least two devices, cpu and cuda:0! (when checking argument for argument tensors in method wrapper_CUDA_cat). Ignored.
2026-10-05 19:12:22,454 INFO First result for clip 232 (modality macro) – window opened.
2026-10-05 19:12:22,459 INFO Result for clip 232, modality macro failed with status: Expected all tensors to be on the same device, but found at least two devices, cpu and cuda:0! (when checking argument for argument tensors in method wrapper_CUDA_cat). Ignored.
2026-10-05 19:13:06,683 INFO First result for clip 233 (modality macro) – window opened.
2026-10-05 19:13:06,689 INFO Result for clip 233, modality macro failed with status: Expected all tensors to be on the same device, but found at least two devices, cpu and cuda:0! (when checking argument for argument tensors in method wrapper_CUDA_cat). Ignored.
2026-10-05 19:13:36,450 INFO First result for clip 234 (modality macro) – window opened.
2026-10-05 19:13:36,457 INFO Result for clip 234, modality macro failed with status: Expected all tensors to be on the same device, but found at least two devices, cpu and cuda:0! (when checking argument for argument tensors in method wrapper_CUDA_cat). Ignored.
2026-10-05 19:14:28,313 INFO First result for clip 235 (modality macro) – window opened.
2026-10-05 19:14:28,325 INFO Result for clip 235, modality macro failed with status: Expected all tensors to be on the same device, but found at least two devices, cpu and cuda:0! (when checking argument for argument tensors in method wrapper_CUDA_cat). Ignored.
2026-10-05 19:14:59,775 INFO First result for clip 236 (modality macro) – window opened.
2026-10-05 19:14:59,784 INFO Result for clip 236, modality macro failed with status: Expected all tensors to be on the same device, but found at least two devices, cpu and cuda:0! (when checking argument for argument tensors in method wrapper_CUDA_cat). Ignored.
2026-10-05 19:15:41,841 INFO First result for clip 237 (modality macro) – window opened.
2026-10-05 19:15:41,848 INFO Result for clip 237, modality macro failed with status: Expected all tensors to be on the same device, but found at least two devices, cpu and cuda:0! (when checking argument for argument tensors in method wrapper_CUDA_cat). Ignored.
2026-10-05 19:17:04,790 INFO First result for clip 239 (modality macro) – window opened.
2026-10-05 19:17:04,796 INFO Result for clip 239, modality macro failed with status: Expected all tensors to be on the same device, but found at least two devices, cpu and cuda:0! (when checking argument for argument tensors in method wrapper_CUDA_cat). Ignored.
2026-10-05 19:17:06,981 INFO First result for clip 238 (modality macro) – window opened.
2026-10-05 19:17:06,985 INFO Result for clip 238, modality macro failed with status: Expected all tensors to be on the same device, but found at least two devices, cpu and cuda:0! (when checking argument for argument tensors in method wrapper_CUDA_cat). Ignored.
2026-10-05 19:17:25,489 INFO First result for clip 240 (modality macro) – window opened.
2026-10-05 19:17:25,497 INFO Result for clip 240, modality macro failed with status: Expected all tensors to be on the same device, but found at least two devices, cpu and cuda:0! (when checking argument for argument tensors in method wrapper_CUDA_cat). Ignored.
2026-10-05 19:17:52,516 INFO First result for clip 241 (modality macro) – window opened.
2026-10-05 19:17:52,520 INFO Result for clip 241, modality macro failed with status: Expected all tensors to be on the same device, but found at least two devices, cpu and cuda:0! (when checking argument for argument tensors in method wrapper_CUDA_cat). Ignored.
2026-10-05 19:19:47,962 INFO First result for clip 242 (modality macro) – window opened.
2026-10-05 19:19:47,967 INFO Result for clip 242, modality macro failed with status: Expected all tensors to be on the same device, but found at least two devices, cpu and cuda:0! (when checking argument for argument tensors in method wrapper_CUDA_cat). Ignored.
2026-10-05 19:20:01,900 INFO First result for clip 243 (modality macro) – window opened.
2026-10-05 19:20:01,909 INFO Result for clip 243, modality macro failed with status: Expected all tensors to be on the same device, but found at least two devices, cpu and cuda:0! (when checking argument for argument tensors in method wrapper_CUDA_cat). Ignored.
2026-10-05 19:20:26,889 INFO First result for clip 244 (modality macro) – window opened.
2026-10-05 19:20:26,903 INFO Result for clip 244, modality macro failed with status: Expected all tensors to be on the same device, but found at least two devices, cpu and cuda:0! (when checking argument for argument tensors in method wrapper_CUDA_cat). Ignored.
2026-10-05 19:20:31,730 INFO First result for clip 245 (modality macro) – window opened.
2026-10-05 19:20:31,742 INFO Result for clip 245, modality macro failed with status: Expected all tensors to be on the same device, but found at least two devices, cpu and cuda:0! (when checking argument for argument tensors in method wrapper_CUDA_cat). Ignored.
2026-10-05 19:22:12,580 INFO First result for clip 246 (modality macro) – window opened.
2026-10-05 19:22:12,591 INFO Result for clip 246, modality macro failed with status: Expected all tensors to be on the same device, but found at least two devices, cpu and cuda:0! (when checking argument for argument tensors in method wrapper_CUDA_cat). Ignored.
2026-10-05 19:22:26,800 INFO First result for clip 247 (modality macro) – window opened.
2026-10-05 19:22:26,809 INFO Result for clip 247, modality macro failed with status: Expected all tensors to be on the same device, but found at least two devices, cpu and cuda:0! (when checking argument for argument tensors in method wrapper_CUDA_cat). Ignored.
2026-10-05 19:23:05,780 INFO First result for clip 249 (modality macro) – window opened.
2026-10-05 19:23:05,783 INFO Result for clip 249, modality macro failed with status: Expected all tensors to be on the same device, but found at least two devices, cpu and cuda:0! (when checking argument for argument tensors in method wrapper_CUDA_cat). Ignored.
2026-10-05 19:23:10,225 INFO First result for clip 248 (modality macro) – window opened.
2026-10-05 19:23:10,237 INFO Result for clip 248, modality macro failed with status: Expected all tensors to be on the same device, but found at least two devices, cpu and cuda:0! (when checking argument for argument tensors in method wrapper_CUDA_cat). Ignored.
2026-10-05 19:24:33,786 INFO First result for clip 250 (modality macro) – window opened.
2026-10-05 19:24:33,793 INFO Result for clip 250, modality macro failed with status: Expected all tensors to be on the same device, but found at least two devices, cpu and cuda:0! (when checking argument for argument tensors in method wrapper_CUDA_cat). Ignored.
2026-10-05 19:24:48,045 INFO First result for clip 251 (modality macro) – window opened.
2026-10-05 19:24:48,049 INFO Result for clip 251, modality macro failed with status: Expected all tensors to be on the same device, but found at least two devices, cpu and cuda:0! (when checking argument for argument tensors in method wrapper_CUDA_cat). Ignored.
2026-10-05 19:25:44,711 INFO First result for clip 253 (modality macro) – window opened.
2026-10-05 19:25:44,723 INFO Result for clip 253, modality macro failed with status: Expected all tensors to be on the same device, but found at least two devices, cpu and cuda:0! (when checking argument for argument tensors in method wrapper_CUDA_cat). Ignored.
2026-10-05 19:25:45,383 INFO First result for clip 252 (modality macro) – window opened.
2026-10-05 19:25:45,390 INFO Result for clip 252, modality macro failed with status: Expected all tensors to be on the same device, but found at least two devices, cpu and cuda:0! (when checking argument for argument tensors in method wrapper_CUDA_cat). Ignored.
2026-10-05 19:27:08,560 INFO First result for clip 255 (modality macro) – window opened.
2026-10-05 19:27:08,562 INFO Result for clip 255, modality macro failed with status: Expected all tensors to be on the same device, but found at least two devices, cpu and cuda:0! (when checking argument for argument tensors in method wrapper_CUDA_cat). Ignored.
2026-10-05 19:27:10,770 INFO First result for clip 254 (modality macro) – window opened.
2026-10-05 19:27:10,808 INFO Result for clip 254, modality macro failed with status: Expected all tensors to be on the same device, but found at least two devices, cpu and cuda:0! (when checking argument for argument tensors in method wrapper_CUDA_cat). Ignored.
2026-10-05 19:28:16,822 INFO First result for clip 257 (modality macro) – window opened.
2026-10-05 19:28:16,826 INFO Result for clip 257, modality macro failed with status: Expected all tensors to be on the same device, but found at least two devices, cpu and cuda:0! (when checking argument for argument tensors in method wrapper_CUDA_cat). Ignored.
2026-10-05 19:28:17,600 INFO First result for clip 256 (modality macro) – window opened.
2026-10-05 19:28:17,606 INFO Result for clip 256, modality macro failed with status: Expected all tensors to be on the same device, but found at least two devices, cpu and cuda:0! (when checking argument for argument tensors in method wrapper_CUDA_cat). Ignored.
2026-10-05 19:29:41,502 INFO First result for clip 259 (modality macro) – window opened.
2026-10-05 19:29:41,507 INFO Result for clip 259, modality macro failed with status: Expected all tensors to be on the same device, but found at least two devices, cpu and cuda:0! (when checking argument for argument tensors in method wrapper_CUDA_cat). Ignored.
2026-10-05 19:29:42,854 INFO First result for clip 258 (modality macro) – window opened.
2026-10-05 19:29:42,858 INFO Result for clip 258, modality macro failed with status: Expected all tensors to be on the same device, but found at least two devices, cpu and cuda:0! (when checking argument for argument tensors in method wrapper_CUDA_cat). Ignored.
2026-10-05 19:30:56,267 INFO First result for clip 261 (modality macro) – window opened.
2026-10-05 19:30:56,271 INFO Result for clip 261, modality macro failed with status: Expected all tensors to be on the same device, but found at least two devices, cpu and cuda:0! (when checking argument for argument tensors in method wrapper_CUDA_cat). Ignored.
2026-10-05 19:31:08,955 INFO First result for clip 260 (modality macro) – window opened.
2026-10-05 19:31:08,972 INFO Result for clip 260, modality macro failed with status: Expected all tensors to be on the same device, but found at least two devices, cpu and cuda:0! (when checking argument for argument tensors in method wrapper_CUDA_cat). Ignored.
2026-10-05 19:32:33,294 INFO First result for clip 262 (modality macro) – window opened.
2026-10-05 19:32:33,311 INFO Result for clip 262, modality macro failed with status: Expected all tensors to be on the same device, but found at least two devices, cpu and cuda:0! (when checking argument for argument tensors in method wrapper_CUDA_cat). Ignored.
2026-10-05 19:32:41,088 INFO First result for clip 263 (modality macro) – window opened.
2026-10-05 19:32:41,102 INFO Result for clip 263, modality macro failed with status: Expected all tensors to be on the same device, but found at least two devices, cpu and cuda:0! (when checking argument for argument tensors in method wrapper_CUDA_cat). Ignored.
2026-10-05 19:34:01,436 INFO First result for clip 264 (modality macro) – window opened.
2026-10-05 19:34:01,445 INFO Result for clip 264, modality macro failed with status: Expected all tensors to be on the same device, but found at least two devices, cpu and cuda:0! (when checking argument for argument tensors in method wrapper_CUDA_cat). Ignored.
2026-10-05 19:34:08,340 INFO First result for clip 265 (modality macro) – window opened.
2026-10-05 19:34:08,354 INFO Result for clip 265, modality macro failed with status: Expected all tensors to be on the same device, but found at least two devices, cpu and cuda:0! (when checking argument for argument tensors in method wrapper_CUDA_cat). Ignored.
2026-10-05 19:35:27,001 INFO First result for clip 266 (modality macro) – window opened.
2026-10-05 19:35:27,005 INFO Result for clip 266, modality macro failed with status: Expected all tensors to be on the same device, but found at least two devices, cpu and cuda:0! (when checking argument for argument tensors in method wrapper_CUDA_cat). Ignored.
2026-10-05 19:35:55,585 INFO First result for clip 267 (modality macro) – window opened.
2026-10-05 19:35:55,592 INFO Result for clip 267, modality macro failed with status: Expected all tensors to be on the same device, but found at least two devices, cpu and cuda:0! (when checking argument for argument tensors in method wrapper_CUDA_cat). Ignored.
2026-10-05 19:36:40,742 INFO First result for clip 268 (modality macro) – window opened.
2026-10-05 19:36:40,750 INFO Result for clip 268, modality macro failed with status: Expected all tensors to be on the same device, but found at least two devices, cpu and cuda:0! (when checking argument for argument tensors in method wrapper_CUDA_cat). Ignored.
2026-10-05 19:36:47,681 INFO First result for clip 269 (modality macro) – window opened.
2026-10-05 19:36:47,685 INFO Result for clip 269, modality macro failed with status: Expected all tensors to be on the same device, but found at least two devices, cpu and cuda:0! (when checking argument for argument tensors in method wrapper_CUDA_cat). Ignored.
2026-10-05 19:37:55,009 INFO First result for clip 270 (modality macro) – window opened.
2026-10-05 19:37:55,012 INFO Result for clip 270, modality macro failed with status: Expected all tensors to be on the same device, but found at least two devices, cpu and cuda:0! (when checking argument for argument tensors in method wrapper_CUDA_cat). Ignored.
2026-10-05 19:38:23,860 INFO First result for clip 271 (modality macro) – window opened.
2026-10-05 19:38:23,864 INFO Result for clip 271, modality macro failed with status: Expected all tensors to be on the same device, but found at least two devices, cpu and cuda:0! (when checking argument for argument tensors in method wrapper_CUDA_cat). Ignored.
2026-10-05 19:39:13,807 INFO First result for clip 272 (modality macro) – window opened.
2026-10-05 19:39:13,810 INFO Result for clip 272, modality macro failed with status: Expected all tensors to be on the same device, but found at least two devices, cpu and cuda:0! (when checking argument for argument tensors in method wrapper_CUDA_cat). Ignored.
2026-10-05 19:39:20,991 INFO First result for clip 273 (modality macro) – window opened.
2026-10-05 19:39:20,994 INFO Result for clip 273, modality macro failed with status: Expected all tensors to be on the same device, but found at least two devices, cpu and cuda:0! (when checking argument for argument tensors in method wrapper_CUDA_cat). Ignored.
2026-10-05 19:40:07,963 INFO First result for clip 274 (modality macro) – window opened.
2026-10-05 19:40:07,967 INFO Result for clip 274, modality macro failed with status: Expected all tensors to be on the same device, but found at least two devices, cpu and cuda:0! (when checking argument for argument tensors in method wrapper_CUDA_cat). Ignored.
2026-10-05 19:40:32,069 INFO First result for clip 275 (modality macro) – window opened.
2026-10-05 19:40:32,074 INFO Result for clip 275, modality macro failed with status: Expected all tensors to be on the same device, but found at least two devices, cpu and cuda:0! (when checking argument for argument tensors in method wrapper_CUDA_cat). Ignored.
2026-10-05 19:41:48,470 INFO First result for clip 276 (modality macro) – window opened.
2026-10-05 19:41:48,474 INFO Result for clip 276, modality macro failed with status: Expected all tensors to be on the same device, but found at least two devices, cpu and cuda:0! (when checking argument for argument tensors in method wrapper_CUDA_cat). Ignored.
2026-10-05 19:41:49,435 INFO First result for clip 277 (modality macro) – window opened.
2026-10-05 19:41:49,440 INFO Result for clip 277, modality macro failed with status: Expected all tensors to be on the same device, but found at least two devices, cpu and cuda:0! (when checking argument for argument tensors in method wrapper_CUDA_cat). Ignored.
2026-10-05 19:42:27,577 INFO First result for clip 278 (modality macro) – window opened.
2026-10-05 19:42:27,580 INFO Result for clip 278, modality macro failed with status: Expected all tensors to be on the same device, but found at least two devices, cpu and cuda:0! (when checking argument for argument tensors in method wrapper_CUDA_cat). Ignored.
2026-10-05 19:42:53,560 INFO First result for clip 279 (modality macro) – window opened.
2026-10-05 19:42:53,570 INFO Result for clip 279, modality macro failed with status: Expected all tensors to be on the same device, but found at least two devices, cpu and cuda:0! (when checking argument for argument tensors in method wrapper_CUDA_cat). Ignored.
2026-10-05 19:44:25,088 INFO First result for clip 280 (modality macro) – window opened.
2026-10-05 19:44:25,092 INFO Result for clip 280, modality macro failed with status: Expected all tensors to be on the same device, but found at least two devices, cpu and cuda:0! (when checking argument for argument tensors in method wrapper_CUDA_cat). Ignored.
2026-10-05 19:44:37,492 INFO First result for clip 281 (modality macro) – window opened.
2026-10-05 19:44:37,508 INFO Result for clip 281, modality macro failed with status: Expected all tensors to be on the same device, but found at least two devices, cpu and cuda:0! (when checking argument for argument tensors in method wrapper_CUDA_cat). Ignored.
2026-10-05 19:44:54,354 INFO First result for clip 282 (modality macro) – window opened.
2026-10-05 19:44:54,360 INFO Result for clip 282, modality macro failed with status: Expected all tensors to be on the same device, but found at least two devices, cpu and cuda:0! (when checking argument for argument tensors in method wrapper_CUDA_cat). Ignored.
2026-10-05 19:45:14,896 INFO First result for clip 283 (modality macro) – window opened.
2026-10-05 19:45:14,900 INFO Result for clip 283, modality macro failed with status: Expected all tensors to be on the same device, but found at least two devices, cpu and cuda:0! (when checking argument for argument tensors in method wrapper_CUDA_cat). Ignored.
2026-10-05 19:46:46,765 INFO First result for clip 284 (modality macro) – window opened.
2026-10-05 19:46:46,768 INFO Result for clip 284, modality macro failed with status: Expected all tensors to be on the same device, but found at least two devices, cpu and cuda:0! (when checking argument for argument tensors in method wrapper_CUDA_cat). Ignored.
2026-10-05 19:47:10,742 INFO First result for clip 285 (modality macro) – window opened.
2026-10-05 19:47:10,746 INFO Result for clip 285, modality macro failed with status: Expected all tensors to be on the same device, but found at least two devices, cpu and cuda:0! (when checking argument for argument tensors in method wrapper_CUDA_cat). Ignored.
2026-10-05 19:47:30,042 INFO First result for clip 286 (modality macro) – window opened.
2026-10-05 19:47:30,047 INFO Result for clip 286, modality macro failed with status: Expected all tensors to be on the same device, but found at least two devices, cpu and cuda:0! (when checking argument for argument tensors in method wrapper_CUDA_cat). Ignored.
2026-10-05 19:47:42,485 INFO First result for clip 287 (modality macro) – window opened.
2026-10-05 19:47:42,491 INFO Result for clip 287, modality macro failed with status: Expected all tensors to be on the same device, but found at least two devices, cpu and cuda:0! (when checking argument for argument tensors in method wrapper_CUDA_cat). Ignored.
2026-10-05 19:49:10,403 INFO First result for clip 288 (modality macro) – window opened.
2026-10-05 19:49:10,410 INFO Result for clip 288, modality macro failed with status: Expected all tensors to be on the same device, but found at least two devices, cpu and cuda:0! (when checking argument for argument tensors in method wrapper_CUDA_cat). Ignored.
2026-10-05 19:49:25,469 INFO First result for clip 289 (modality macro) – window opened.
2026-10-05 19:49:25,473 INFO Result for clip 289, modality macro failed with status: Expected all tensors to be on the same device, but found at least two devices, cpu and cuda:0! (when checking argument for argument tensors in method wrapper_CUDA_cat). Ignored.
2026-10-05 19:49:54,843 INFO First result for clip 290 (modality macro) – window opened.
2026-10-05 19:49:54,846 INFO Result for clip 290, modality macro failed with status: Expected all tensors to be on the same device, but found at least two devices, cpu and cuda:0! (when checking argument for argument tensors in method wrapper_CUDA_cat). Ignored.
2026-10-05 19:50:09,264 INFO First result for clip 291 (modality macro) – window opened.
2026-10-05 19:50:09,268 INFO Result for clip 291, modality macro failed with status: Expected all tensors to be on the same device, but found at least two devices, cpu and cuda:0! (when checking argument for argument tensors in method wrapper_CUDA_cat). Ignored.
2026-10-05 19:51:30,772 INFO First result for clip 292 (modality macro) – window opened.
2026-10-05 19:51:30,781 INFO Result for clip 292, modality macro failed with status: Expected all tensors to be on the same device, but found at least two devices, cpu and cuda:0! (when checking argument for argument tensors in method wrapper_CUDA_cat). Ignored.
2026-10-05 19:51:51,391 INFO First result for clip 293 (modality macro) – window opened.
2026-10-05 19:51:51,407 INFO Result for clip 293, modality macro failed with status: Expected all tensors to be on the same device, but found at least two devices, cpu and cuda:0! (when checking argument for argument tensors in method wrapper_CUDA_cat). Ignored.
2026-10-05 19:52:31,361 INFO First result for clip 294 (modality macro) – window opened.
2026-10-05 19:52:31,365 INFO Result for clip 294, modality macro failed with status: Expected all tensors to be on the same device, but found at least two devices, cpu and cuda:0! (when checking argument for argument tensors in method wrapper_CUDA_cat). Ignored.
2026-10-05 19:52:49,593 INFO First result for clip 295 (modality macro) – window opened.
2026-10-05 19:52:49,602 INFO Result for clip 295, modality macro failed with status: Expected all tensors to be on the same device, but found at least two devices, cpu and cuda:0! (when checking argument for argument tensors in method wrapper_CUDA_cat). Ignored.
2026-10-05 19:54:08,820 INFO First result for clip 296 (modality macro) – window opened.
2026-10-05 19:54:08,824 INFO Result for clip 296, modality macro failed with status: Expected all tensors to be on the same device, but found at least two devices, cpu and cuda:0! (when checking argument for argument tensors in method wrapper_CUDA_cat). Ignored.
2026-10-05 19:54:21,514 INFO First result for clip 297 (modality macro) – window opened.
2026-10-05 19:54:21,527 INFO Result for clip 297, modality macro failed with status: Expected all tensors to be on the same device, but found at least two devices, cpu and cuda:0! (when checking argument for argument tensors in method wrapper_CUDA_cat). Ignored.
2026-10-05 19:55:01,175 INFO First result for clip 298 (modality macro) – window opened.
2026-10-05 19:55:01,178 INFO Result for clip 298, modality macro failed with status: Expected all tensors to be on the same device, but found at least two devices, cpu and cuda:0! (when checking argument for argument tensors in method wrapper_CUDA_cat). Ignored.
2026-10-05 19:55:21,374 INFO First result for clip 299 (modality macro) – window opened.
2026-10-05 19:55:21,378 INFO Result for clip 299, modality macro failed with status: Expected all tensors to be on the same device, but found at least two devices, cpu and cuda:0! (when checking argument for argument tensors in method wrapper_CUDA_cat). Ignored.
2026-10-05 19:56:37,687 INFO First result for clip 300 (modality macro) – window opened.
2026-10-05 19:56:37,694 INFO Result for clip 300, modality macro failed with status: Expected all tensors to be on the same device, but found at least two devices, cpu and cuda:0! (when checking argument for argument tensors in method wrapper_CUDA_cat). Ignored.
2026-10-05 19:56:52,338 INFO First result for clip 301 (modality macro) – window opened.
2026-10-05 19:56:52,341 INFO Result for clip 301, modality macro failed with status: Expected all tensors to be on the same device, but found at least two devices, cpu and cuda:0! (when checking argument for argument tensors in method wrapper_CUDA_cat). Ignored.
2026-10-05 19:57:24,999 INFO First result for clip 302 (modality macro) – window opened.
2026-10-05 19:57:25,004 INFO Result for clip 302, modality macro failed with status: Expected all tensors to be on the same device, but found at least two devices, cpu and cuda:0! (when checking argument for argument tensors in method wrapper_CUDA_cat). Ignored.
2026-10-05 19:57:50,956 INFO First result for clip 303 (modality macro) – window opened.
2026-10-05 19:57:50,961 INFO Result for clip 303, modality macro failed with status: Expected all tensors to be on the same device, but found at least two devices, cpu and cuda:0! (when checking argument for argument tensors in method wrapper_CUDA_cat). Ignored.
2026-10-05 19:59:10,020 INFO First result for clip 304 (modality macro) – window opened.
2026-10-05 19:59:10,024 INFO Result for clip 304, modality macro failed with status: Expected all tensors to be on the same device, but found at least two devices, cpu and cuda:0! (when checking argument for argument tensors in method wrapper_CUDA_cat). Ignored.
2026-10-05 19:59:24,640 INFO First result for clip 305 (modality macro) – window opened.
2026-10-05 19:59:24,647 INFO Result for clip 305, modality macro failed with status: Expected all tensors to be on the same device, but found at least two devices, cpu and cuda:0! (when checking argument for argument tensors in method wrapper_CUDA_cat). Ignored.
2026-10-05 19:59:58,836 INFO First result for clip 306 (modality macro) – window opened.
2026-10-05 19:59:58,847 INFO Result for clip 306, modality macro failed with status: Expected all tensors to be on the same device, but found at least two devices, cpu and cuda:0! (when checking argument for argument tensors in method wrapper_CUDA_cat). Ignored.
2026-10-05 20:00:36,504 INFO First result for clip 307 (modality macro) – window opened.
2026-10-05 20:00:36,508 INFO Result for clip 307, modality macro failed with status: Expected all tensors to be on the same device, but found at least two devices, cpu and cuda:0! (when checking argument for argument tensors in method wrapper_CUDA_cat). Ignored.
2026-10-05 20:01:42,305 INFO First result for clip 308 (modality macro) – window opened.
2026-10-05 20:01:42,313 INFO Result for clip 308, modality macro failed with status: Expected all tensors to be on the same device, but found at least two devices, cpu and cuda:0! (when checking argument for argument tensors in method wrapper_CUDA_cat). Ignored.
2026-10-05 20:01:55,807 INFO First result for clip 309 (modality macro) – window opened.
2026-10-05 20:01:55,810 INFO Result for clip 309, modality macro failed with status: Expected all tensors to be on the same device, but found at least two devices, cpu and cuda:0! (when checking argument for argument tensors in method wrapper_CUDA_cat). Ignored.
2026-10-05 20:02:18,475 INFO First result for clip 310 (modality macro) – window opened.
2026-10-05 20:02:18,480 INFO Result for clip 310, modality macro failed with status: Expected all tensors to be on the same device, but found at least two devices, cpu and cuda:0! (when checking argument for argument tensors in method wrapper_CUDA_cat). Ignored.
2026-10-05 20:03:00,932 INFO First result for clip 311 (modality macro) – window opened.
2026-10-05 20:03:00,940 INFO Result for clip 311, modality macro failed with status: Expected all tensors to be on the same device, but found at least two devices, cpu and cuda:0! (when checking argument for argument tensors in method wrapper_CUDA_cat). Ignored.
2026-10-05 20:04:07,482 INFO First result for clip 312 (modality macro) – window opened.
2026-10-05 20:04:07,485 INFO Result for clip 312, modality macro failed with status: Expected all tensors to be on the same device, but found at least two devices, cpu and cuda:0! (when checking argument for argument tensors in method wrapper_CUDA_cat). Ignored.
2026-10-05 20:04:34,390 INFO First result for clip 313 (modality macro) – window opened.
2026-10-05 20:04:34,393 INFO Result for clip 313, modality macro failed with status: Expected all tensors to be on the same device, but found at least two devices, cpu and cuda:0! (when checking argument for argument tensors in method wrapper_CUDA_cat). Ignored.
2026-10-05 20:04:45,276 INFO First result for clip 314 (modality macro) – window opened.
2026-10-05 20:04:45,280 INFO Result for clip 314, modality macro failed with status: Expected all tensors to be on the same device, but found at least two devices, cpu and cuda:0! (when checking argument for argument tensors in method wrapper_CUDA_cat). Ignored.
2026-10-05 20:05:30,958 INFO First result for clip 315 (modality macro) – window opened.
2026-10-05 20:05:30,966 INFO Result for clip 315, modality macro failed with status: Expected all tensors to be on the same device, but found at least two devices, cpu and cuda:0! (when checking argument for argument tensors in method wrapper_CUDA_cat). Ignored.
2026-10-05 20:06:33,501 INFO First result for clip 316 (modality macro) – window opened.
2026-10-05 20:06:33,508 INFO Result for clip 316, modality macro failed with status: Expected all tensors to be on the same device, but found at least two devices, cpu and cuda:0! (when checking argument for argument tensors in method wrapper_CUDA_cat). Ignored.
2026-10-05 20:07:02,778 INFO First result for clip 317 (modality macro) – window opened.
2026-10-05 20:07:02,783 INFO Result for clip 317, modality macro failed with status: Expected all tensors to be on the same device, but found at least two devices, cpu and cuda:0! (when checking argument for argument tensors in method wrapper_CUDA_cat). Ignored.
2026-10-05 20:07:22,321 INFO First result for clip 318 (modality macro) – window opened.
2026-10-05 20:07:22,331 INFO Result for clip 318, modality macro failed with status: Expected all tensors to be on the same device, but found at least two devices, cpu and cuda:0! (when checking argument for argument tensors in method wrapper_CUDA_cat). Ignored.
2026-10-05 20:08:04,332 INFO First result for clip 319 (modality macro) – window opened.
2026-10-05 20:08:04,339 INFO Result for clip 319, modality macro failed with status: Expected all tensors to be on the same device, but found at least two devices, cpu and cuda:0! (when checking argument for argument tensors in method wrapper_CUDA_cat). Ignored.
2026-10-05 20:09:02,378 INFO First result for clip 320 (modality macro) – window opened.
2026-10-05 20:09:02,385 INFO Result for clip 320, modality macro failed with status: Expected all tensors to be on the same device, but found at least two devices, cpu and cuda:0! (when checking argument for argument tensors in method wrapper_CUDA_cat). Ignored.
2026-10-05 20:09:29,798 INFO First result for clip 321 (modality macro) – window opened.
2026-10-05 20:09:29,808 INFO Result for clip 321, modality macro failed with status: Expected all tensors to be on the same device, but found at least two devices, cpu and cuda:0! (when checking argument for argument tensors in method wrapper_CUDA_cat). Ignored.
2026-10-05 20:09:48,352 INFO First result for clip 322 (modality macro) – window opened.
2026-10-05 20:09:48,356 INFO Result for clip 322, modality macro failed with status: Expected all tensors to be on the same device, but found at least two devices, cpu and cuda:0! (when checking argument for argument tensors in method wrapper_CUDA_cat). Ignored.
2026-10-05 20:10:44,411 INFO First result for clip 323 (modality macro) – window opened.
2026-10-05 20:10:44,416 INFO Result for clip 323, modality macro failed with status: Expected all tensors to be on the same device, but found at least two devices, cpu and cuda:0! (when checking argument for argument tensors in method wrapper_CUDA_cat). Ignored.
2026-10-05 20:11:43,970 INFO First result for clip 324 (modality macro) – window opened.
2026-10-05 20:11:43,974 INFO Result for clip 324, modality macro failed with status: Expected all tensors to be on the same device, but found at least two devices, cpu and cuda:0! (when checking argument for argument tensors in method wrapper_CUDA_cat). Ignored.
2026-10-05 20:12:14,370 INFO First result for clip 325 (modality macro) – window opened.
2026-10-05 20:12:14,378 INFO Result for clip 325, modality macro failed with status: Expected all tensors to be on the same device, but found at least two devices, cpu and cuda:0! (when checking argument for argument tensors in method wrapper_CUDA_cat). Ignored.
2026-10-05 20:12:26,201 INFO First result for clip 326 (modality macro) – window opened.
2026-10-05 20:12:26,206 INFO Result for clip 326, modality macro failed with status: Expected all tensors to be on the same device, but found at least two devices, cpu and cuda:0! (when checking argument for argument tensors in method wrapper_CUDA_cat). Ignored.
2026-10-05 20:13:23,849 INFO First result for clip 327 (modality macro) – window opened.
2026-10-05 20:13:23,852 INFO Result for clip 327, modality macro failed with status: Expected all tensors to be on the same device, but found at least two devices, cpu and cuda:0! (when checking argument for argument tensors in method wrapper_CUDA_cat). Ignored.
2026-10-05 20:14:20,223 INFO First result for clip 328 (modality macro) – window opened.
2026-10-05 20:14:20,233 INFO Result for clip 328, modality macro failed with status: Expected all tensors to be on the same device, but found at least two devices, cpu and cuda:0! (when checking argument for argument tensors in method wrapper_CUDA_cat). Ignored.
2026-10-05 20:14:58,335 INFO First result for clip 329 (modality macro) – window opened.
2026-10-05 20:14:58,339 INFO Result for clip 329, modality macro failed with status: Expected all tensors to be on the same device, but found at least two devices, cpu and cuda:0! (when checking argument for argument tensors in method wrapper_CUDA_cat). Ignored.
2026-10-05 20:15:15,146 INFO First result for clip 330 (modality macro) – window opened.
2026-10-05 20:15:15,148 INFO Result for clip 330, modality macro failed with status: Expected all tensors to be on the same device, but found at least two devices, cpu and cuda:0! (when checking argument for argument tensors in method wrapper_CUDA_cat). Ignored.
2026-10-05 20:16:02,281 INFO First result for clip 331 (modality macro) – window opened.
2026-10-05 20:16:02,289 INFO Result for clip 331, modality macro failed with status: Expected all tensors to be on the same device, but found at least two devices, cpu and cuda:0! (when checking argument for argument tensors in method wrapper_CUDA_cat). Ignored.
2026-10-05 20:17:00,361 INFO First result for clip 332 (modality macro) – window opened.
2026-10-05 20:17:00,376 INFO Result for clip 332, modality macro failed with status: Expected all tensors to be on the same device, but found at least two devices, cpu and cuda:0! (when checking argument for argument tensors in method wrapper_CUDA_cat). Ignored.
2026-10-05 20:17:33,897 INFO First result for clip 333 (modality macro) – window opened.
2026-10-05 20:17:33,909 INFO Result for clip 333, modality macro failed with status: Expected all tensors to be on the same device, but found at least two devices, cpu and cuda:0! (when checking argument for argument tensors in method wrapper_CUDA_cat). Ignored.
2026-10-05 20:17:55,805 INFO First result for clip 334 (modality macro) – window opened.
2026-10-05 20:17:55,816 INFO Result for clip 334, modality macro failed with status: Expected all tensors to be on the same device, but found at least two devices, cpu and cuda:0! (when checking argument for argument tensors in method wrapper_CUDA_cat). Ignored.
2026-10-05 20:18:40,198 INFO First result for clip 335 (modality macro) – window opened.
2026-10-05 20:18:40,203 INFO Result for clip 335, modality macro failed with status: Expected all tensors to be on the same device, but found at least two devices, cpu and cuda:0! (when checking argument for argument tensors in method wrapper_CUDA_cat). Ignored.
2026-10-05 20:19:38,320 INFO First result for clip 336 (modality macro) – window opened.
2026-10-05 20:19:38,327 INFO Result for clip 336, modality macro failed with status: Expected all tensors to be on the same device, but found at least two devices, cpu and cuda:0! (when checking argument for argument tensors in method wrapper_CUDA_cat). Ignored.
2026-10-05 20:20:10,943 INFO First result for clip 337 (modality macro) – window opened.
2026-10-05 20:20:10,946 INFO Result for clip 337, modality macro failed with status: Expected all tensors to be on the same device, but found at least two devices, cpu and cuda:0! (when checking argument for argument tensors in method wrapper_CUDA_cat). Ignored.
2026-10-05 20:20:33,100 INFO First result for clip 338 (modality macro) – window opened.
2026-10-05 20:20:33,110 INFO Result for clip 338, modality macro failed with status: Expected all tensors to be on the same device, but found at least two devices, cpu and cuda:0! (when checking argument for argument tensors in method wrapper_CUDA_cat). Ignored.
2026-10-05 20:21:20,101 INFO First result for clip 339 (modality macro) – window opened.
2026-10-05 20:21:20,110 INFO Result for clip 339, modality macro failed with status: Expected all tensors to be on the same device, but found at least two devices, cpu and cuda:0! (when checking argument for argument tensors in method wrapper_CUDA_cat). Ignored.
2026-10-05 20:22:13,123 INFO First result for clip 340 (modality macro) – window opened.
2026-10-05 20:22:13,126 INFO Result for clip 340, modality macro failed with status: Expected all tensors to be on the same device, but found at least two devices, cpu and cuda:0! (when checking argument for argument tensors in method wrapper_CUDA_cat). Ignored.
2026-10-05 20:22:54,517 INFO First result for clip 341 (modality macro) – window opened.
2026-10-05 20:22:54,528 INFO Result for clip 341, modality macro failed with status: Expected all tensors to be on the same device, but found at least two devices, cpu and cuda:0! (when checking argument for argument tensors in method wrapper_CUDA_cat). Ignored.
2026-10-05 20:23:13,558 INFO First result for clip 342 (modality macro) – window opened.
2026-10-05 20:23:13,562 INFO Result for clip 342, modality macro failed with status: Expected all tensors to be on the same device, but found at least two devices, cpu and cuda:0! (when checking argument for argument tensors in method wrapper_CUDA_cat). Ignored.
2026-10-05 20:23:57,358 INFO First result for clip 343 (modality macro) – window opened.
2026-10-05 20:23:57,363 INFO Result for clip 343, modality macro failed with status: Expected all tensors to be on the same device, but found at least two devices, cpu and cuda:0! (when checking argument for argument tensors in method wrapper_CUDA_cat). Ignored.
2026-10-05 20:24:50,931 INFO First result for clip 344 (modality macro) – window opened.
2026-10-05 20:24:50,934 INFO Result for clip 344, modality macro failed with status: Expected all tensors to be on the same device, but found at least two devices, cpu and cuda:0! (when checking argument for argument tensors in method wrapper_CUDA_cat). Ignored.
2026-10-05 20:25:29,008 INFO First result for clip 345 (modality macro) – window opened.
2026-10-05 20:25:29,011 INFO Result for clip 345, modality macro failed with status: Expected all tensors to be on the same device, but found at least two devices, cpu and cuda:0! (when checking argument for argument tensors in method wrapper_CUDA_cat). Ignored.
2026-10-05 20:25:58,160 INFO First result for clip 346 (modality macro) – window opened.
2026-10-05 20:25:58,167 INFO Result for clip 346, modality macro failed with status: Expected all tensors to be on the same device, but found at least two devices, cpu and cuda:0! (when checking argument for argument tensors in method wrapper_CUDA_cat). Ignored.
2026-10-05 20:26:32,341 INFO First result for clip 347 (modality macro) – window opened.
2026-10-05 20:26:32,349 INFO Result for clip 347, modality macro failed with status: Expected all tensors to be on the same device, but found at least two devices, cpu and cuda:0! (when checking argument for argument tensors in method wrapper_CUDA_cat). Ignored.
2026-10-05 20:27:30,253 INFO First result for clip 348 (modality macro) – window opened.
2026-10-05 20:27:30,257 INFO Result for clip 348, modality macro failed with status: Expected all tensors to be on the same device, but found at least two devices, cpu and cuda:0! (when checking argument for argument tensors in method wrapper_CUDA_cat). Ignored.
2026-10-05 20:28:08,024 INFO First result for clip 349 (modality macro) – window opened.
2026-10-05 20:28:08,027 INFO Result for clip 349, modality macro failed with status: Expected all tensors to be on the same device, but found at least two devices, cpu and cuda:0! (when checking argument for argument tensors in method wrapper_CUDA_cat). Ignored.
2026-10-05 20:28:37,252 INFO First result for clip 350 (modality macro) – window opened.
2026-10-05 20:28:37,257 INFO Result for clip 350, modality macro failed with status: Expected all tensors to be on the same device, but found at least two devices, cpu and cuda:0! (when checking argument for argument tensors in method wrapper_CUDA_cat). Ignored.
2026-10-05 20:29:10,717 INFO First result for clip 351 (modality macro) – window opened.
2026-10-05 20:29:10,721 INFO Result for clip 351, modality macro failed with status: Expected all tensors to be on the same device, but found at least two devices, cpu and cuda:0! (when checking argument for argument tensors in method wrapper_CUDA_cat). Ignored.
2026-10-05 20:30:10,629 INFO First result for clip 352 (modality macro) – window opened.
2026-10-05 20:30:10,639 INFO Result for clip 352, modality macro failed with status: Expected all tensors to be on the same device, but found at least two devices, cpu and cuda:0! (when checking argument for argument tensors in method wrapper_CUDA_cat). Ignored.
2026-10-05 20:30:45,894 INFO First result for clip 353 (modality macro) – window opened.
2026-10-05 20:30:45,901 INFO Result for clip 353, modality macro failed with status: Expected all tensors to be on the same device, but found at least two devices, cpu and cuda:0! (when checking argument for argument tensors in method wrapper_CUDA_cat). Ignored.
2026-10-05 20:31:20,333 INFO First result for clip 354 (modality macro) – window opened.
2026-10-05 20:31:20,336 INFO Result for clip 354, modality macro failed with status: Expected all tensors to be on the same device, but found at least two devices, cpu and cuda:0! (when checking argument for argument tensors in method wrapper_CUDA_cat). Ignored.
2026-10-05 20:31:45,024 INFO First result for clip 355 (modality macro) – window opened.
2026-10-05 20:31:45,030 INFO Result for clip 355, modality macro failed with status: Expected all tensors to be on the same device, but found at least two devices, cpu and cuda:0! (when checking argument for argument tensors in method wrapper_CUDA_cat). Ignored.
2026-10-05 20:32:54,488 INFO First result for clip 356 (modality macro) – window opened.
2026-10-05 20:32:54,496 INFO Result for clip 356, modality macro failed with status: Expected all tensors to be on the same device, but found at least two devices, cpu and cuda:0! (when checking argument for argument tensors in method wrapper_CUDA_cat). Ignored.
2026-10-05 20:33:14,164 INFO First result for clip 357 (modality macro) – window opened.
2026-10-05 20:33:14,170 INFO Result for clip 357, modality macro failed with status: Expected all tensors to be on the same device, but found at least two devices, cpu and cuda:0! (when checking argument for argument tensors in method wrapper_CUDA_cat). Ignored.
2026-10-05 20:33:33,120 INFO First result for clip 358 (modality macro) – window opened.
2026-10-05 20:33:33,125 INFO Result for clip 358, modality macro failed with status: Expected all tensors to be on the same device, but found at least two devices, cpu and cuda:0! (when checking argument for argument tensors in method wrapper_CUDA_cat). Ignored.
2026-10-05 20:33:56,157 INFO First result for clip 359 (modality macro) – window opened.
2026-10-05 20:33:56,166 INFO Result for clip 359, modality macro failed with status: Expected all tensors to be on the same device, but found at least two devices, cpu and cuda:0! (when checking argument for argument tensors in method wrapper_CUDA_cat). Ignored.
2026-10-05 20:35:08,810 INFO First result for clip 360 (modality macro) – window opened.
2026-10-05 20:35:08,818 INFO Result for clip 360, modality macro failed with status: Expected all tensors to be on the same device, but found at least two devices, cpu and cuda:0! (when checking argument for argument tensors in method wrapper_CUDA_cat). Ignored.
2026-10-05 20:35:31,125 INFO First result for clip 361 (modality macro) – window opened.
2026-10-05 20:35:31,131 INFO Result for clip 361, modality macro failed with status: Expected all tensors to be on the same device, but found at least two devices, cpu and cuda:0! (when checking argument for argument tensors in method wrapper_CUDA_cat). Ignored.
2026-10-05 20:35:45,702 INFO First result for clip 362 (modality macro) – window opened.
2026-10-05 20:35:45,712 INFO Result for clip 362, modality macro failed with status: Expected all tensors to be on the same device, but found at least two devices, cpu and cuda:0! (when checking argument for argument tensors in method wrapper_CUDA_cat). Ignored.
2026-10-05 20:36:08,903 INFO First result for clip 363 (modality macro) – window opened.
2026-10-05 20:36:08,906 INFO Result for clip 363, modality macro failed with status: Expected all tensors to be on the same device, but found at least two devices, cpu and cuda:0! (when checking argument for argument tensors in method wrapper_CUDA_cat). Ignored.
2026-10-05 20:37:11,975 INFO First result for clip 364 (modality macro) – window opened.
2026-10-05 20:37:11,983 INFO Result for clip 364, modality macro failed with status: Expected all tensors to be on the same device, but found at least two devices, cpu and cuda:0! (when checking argument for argument tensors in method wrapper_CUDA_cat). Ignored.
2026-10-05 20:37:37,752 INFO First result for clip 365 (modality macro) – window opened.
2026-10-05 20:37:37,759 INFO Result for clip 365, modality macro failed with status: Expected all tensors to be on the same device, but found at least two devices, cpu and cuda:0! (when checking argument for argument tensors in method wrapper_CUDA_cat). Ignored.
2026-10-05 20:38:24,785 INFO First result for clip 367 (modality macro) – window opened.
2026-10-05 20:38:24,788 INFO Result for clip 367, modality macro failed with status: Expected all tensors to be on the same device, but found at least two devices, cpu and cuda:0! (when checking argument for argument tensors in method wrapper_CUDA_cat). Ignored.
2026-10-05 20:38:25,423 INFO First result for clip 366 (modality macro) – window opened.
2026-10-05 20:38:25,440 INFO Result for clip 366, modality macro failed with status: Expected all tensors to be on the same device, but found at least two devices, cpu and cuda:0! (when checking argument for argument tensors in method wrapper_CUDA_cat). Ignored.
2026-10-05 20:39:13,354 INFO First result for clip 368 (modality macro) – window opened.
2026-10-05 20:39:13,359 INFO Result for clip 368, modality macro failed with status: Expected all tensors to be on the same device, but found at least two devices, cpu and cuda:0! (when checking argument for argument tensors in method wrapper_CUDA_cat). Ignored.
2026-10-05 20:39:37,965 INFO First result for clip 369 (modality macro) – window opened.
2026-10-05 20:39:37,969 INFO Result for clip 369, modality macro failed with status: Expected all tensors to be on the same device, but found at least two devices, cpu and cuda:0! (when checking argument for argument tensors in method wrapper_CUDA_cat). Ignored.
2026-10-05 20:40:52,643 INFO First result for clip 371 (modality macro) – window opened.
2026-10-05 20:40:52,647 INFO Result for clip 371, modality macro failed with status: Expected all tensors to be on the same device, but found at least two devices, cpu and cuda:0! (when checking argument for argument tensors in method wrapper_CUDA_cat). Ignored.
2026-10-05 20:40:52,908 INFO First result for clip 370 (modality macro) – window opened.
2026-10-05 20:40:52,916 INFO Result for clip 370, modality macro failed with status: Expected all tensors to be on the same device, but found at least two devices, cpu and cuda:0! (when checking argument for argument tensors in method wrapper_CUDA_cat). Ignored.
2026-10-05 20:41:21,138 INFO First result for clip 372 (modality macro) – window opened.
2026-10-05 20:41:21,152 INFO Result for clip 372, modality macro failed with status: Expected all tensors to be on the same device, but found at least two devices, cpu and cuda:0! (when checking argument for argument tensors in method wrapper_CUDA_cat). Ignored.
2026-10-05 20:41:33,529 INFO First result for clip 373 (modality macro) – window opened.
2026-10-05 20:41:33,532 INFO Result for clip 373, modality macro failed with status: Expected all tensors to be on the same device, but found at least two devices, cpu and cuda:0! (when checking argument for argument tensors in method wrapper_CUDA_cat). Ignored.
2026-10-05 20:43:18,698 INFO First result for clip 374 (modality macro) – window opened.
2026-10-05 20:43:18,702 INFO Result for clip 374, modality macro failed with status: Expected all tensors to be on the same device, but found at least two devices, cpu and cuda:0! (when checking argument for argument tensors in method wrapper_CUDA_cat). Ignored.
2026-10-05 20:43:25,523 INFO First result for clip 375 (modality macro) – window opened.
2026-10-05 20:43:25,535 INFO Result for clip 375, modality macro failed with status: Expected all tensors to be on the same device, but found at least two devices, cpu and cuda:0! (when checking argument for argument tensors in method wrapper_CUDA_cat). Ignored.
2026-10-05 20:43:50,950 INFO First result for clip 376 (modality macro) – window opened.
2026-10-05 20:43:50,954 INFO Result for clip 376, modality macro failed with status: Expected all tensors to be on the same device, but found at least two devices, cpu and cuda:0! (when checking argument for argument tensors in method wrapper_CUDA_cat). Ignored.
2026-10-05 20:43:57,280 INFO First result for clip 377 (modality macro) – window opened.
2026-10-05 20:43:57,286 INFO Result for clip 377, modality macro failed with status: Expected all tensors to be on the same device, but found at least two devices, cpu and cuda:0! (when checking argument for argument tensors in method wrapper_CUDA_cat). Ignored.
2026-10-05 20:45:29,049 INFO First result for clip 378 (modality macro) – window opened.
2026-10-05 20:45:29,057 INFO Result for clip 378, modality macro failed with status: Expected all tensors to be on the same device, but found at least two devices, cpu and cuda:0! (when checking argument for argument tensors in method wrapper_CUDA_cat). Ignored.
2026-10-05 20:45:44,511 INFO First result for clip 379 (modality macro) – window opened.
2026-10-05 20:45:44,516 INFO Result for clip 379, modality macro failed with status: Expected all tensors to be on the same device, but found at least two devices, cpu and cuda:0! (when checking argument for argument tensors in method wrapper_CUDA_cat). Ignored.
2026-10-05 20:46:11,967 INFO First result for clip 380 (modality macro) – window opened.
2026-10-05 20:46:11,970 INFO Result for clip 380, modality macro failed with status: Expected all tensors to be on the same device, but found at least two devices, cpu and cuda:0! (when checking argument for argument tensors in method wrapper_CUDA_cat). Ignored.
2026-10-05 20:46:16,949 INFO First result for clip 381 (modality macro) – window opened.
2026-10-05 20:46:16,956 INFO Result for clip 381, modality macro failed with status: Expected all tensors to be on the same device, but found at least two devices, cpu and cuda:0! (when checking argument for argument tensors in method wrapper_CUDA_cat). Ignored.
2026-10-05 20:47:30,565 INFO First result for clip 382 (modality macro) – window opened.
2026-10-05 20:47:30,568 INFO Result for clip 382, modality macro failed with status: Expected all tensors to be on the same device, but found at least two devices, cpu and cuda:0! (when checking argument for argument tensors in method wrapper_CUDA_cat). Ignored.
2026-10-05 20:47:48,156 INFO First result for clip 383 (modality macro) – window opened.
2026-10-05 20:47:48,162 INFO Result for clip 383, modality macro failed with status: Expected all tensors to be on the same device, but found at least two devices, cpu and cuda:0! (when checking argument for argument tensors in method wrapper_CUDA_cat). Ignored.
2026-10-05 20:48:29,601 INFO First result for clip 385 (modality macro) – window opened.
2026-10-05 20:48:29,614 INFO Result for clip 385, modality macro failed with status: Expected all tensors to be on the same device, but found at least two devices, cpu and cuda:0! (when checking argument for argument tensors in method wrapper_CUDA_cat). Ignored.
2026-10-05 20:48:36,922 INFO First result for clip 384 (modality macro) – window opened.
2026-10-05 20:48:36,925 INFO Result for clip 384, modality macro failed with status: Expected all tensors to be on the same device, but found at least two devices, cpu and cuda:0! (when checking argument for argument tensors in method wrapper_CUDA_cat). Ignored.
2026-10-05 20:49:31,015 INFO First result for clip 386 (modality macro) – window opened.
2026-10-05 20:49:31,018 INFO Result for clip 386, modality macro failed with status: Expected all tensors to be on the same device, but found at least two devices, cpu and cuda:0! (when checking argument for argument tensors in method wrapper_CUDA_cat). Ignored.
2026-10-05 20:49:48,236 INFO First result for clip 387 (modality macro) – window opened.
2026-10-05 20:49:48,241 INFO Result for clip 387, modality macro failed with status: Expected all tensors to be on the same device, but found at least two devices, cpu and cuda:0! (when checking argument for argument tensors in method wrapper_CUDA_cat). Ignored.
2026-10-05 20:50:39,097 INFO First result for clip 388 (modality macro) – window opened.
2026-10-05 20:50:39,101 INFO Result for clip 388, modality macro failed with status: Expected all tensors to be on the same device, but found at least two devices, cpu and cuda:0! (when checking argument for argument tensors in method wrapper_CUDA_cat). Ignored.
2026-10-05 20:50:47,724 INFO First result for clip 389 (modality macro) – window opened.
2026-10-05 20:50:47,733 INFO Result for clip 389, modality macro failed with status: Expected all tensors to be on the same device, but found at least two devices, cpu and cuda:0! (when checking argument for argument tensors in method wrapper_CUDA_cat). Ignored.
2026-10-05 20:51:32,521 INFO First result for clip 390 (modality macro) – window opened.
2026-10-05 20:51:32,524 INFO Result for clip 390, modality macro failed with status: Expected all tensors to be on the same device, but found at least two devices, cpu and cuda:0! (when checking argument for argument tensors in method wrapper_CUDA_cat). Ignored.
2026-10-05 20:51:51,996 INFO First result for clip 391 (modality macro) – window opened.
2026-10-05 20:51:52,000 INFO Result for clip 391, modality macro failed with status: Expected all tensors to be on the same device, but found at least two devices, cpu and cuda:0! (when checking argument for argument tensors in method wrapper_CUDA_cat). Ignored.
2026-10-05 20:53:10,683 INFO First result for clip 393 (modality macro) – window opened.
2026-10-05 20:53:10,691 INFO Result for clip 393, modality macro failed with status: Expected all tensors to be on the same device, but found at least two devices, cpu and cuda:0! (when checking argument for argument tensors in method wrapper_CUDA_cat). Ignored.
2026-10-05 20:53:11,535 INFO First result for clip 392 (modality macro) – window opened.
2026-10-05 20:53:11,543 INFO Result for clip 392, modality macro failed with status: Expected all tensors to be on the same device, but found at least two devices, cpu and cuda:0! (when checking argument for argument tensors in method wrapper_CUDA_cat). Ignored.
2026-10-05 20:53:50,823 INFO First result for clip 394 (modality macro) – window opened.
2026-10-05 20:53:50,830 INFO Result for clip 394, modality macro failed with status: Expected all tensors to be on the same device, but found at least two devices, cpu and cuda:0! (when checking argument for argument tensors in method wrapper_CUDA_cat). Ignored.
2026-10-05 20:53:51,547 INFO First result for clip 395 (modality macro) – window opened.
2026-10-05 20:53:51,556 INFO Result for clip 395, modality macro failed with status: Expected all tensors to be on the same device, but found at least two devices, cpu and cuda:0! (when checking argument for argument tensors in method wrapper_CUDA_cat). Ignored.
2026-10-05 20:55:38,085 INFO First result for clip 397 (modality macro) – window opened.
2026-10-05 20:55:38,091 INFO Result for clip 397, modality macro failed with status: Expected all tensors to be on the same device, but found at least two devices, cpu and cuda:0! (when checking argument for argument tensors in method wrapper_CUDA_cat). Ignored.
2026-10-05 20:55:41,668 INFO First result for clip 396 (modality macro) – window opened.
2026-10-05 20:55:41,675 INFO Result for clip 396, modality macro failed with status: Expected all tensors to be on the same device, but found at least two devices, cpu and cuda:0! (when checking argument for argument tensors in method wrapper_CUDA_cat). Ignored.
2026-10-05 20:56:12,659 INFO First result for clip 399 (modality macro) – window opened.
2026-10-05 20:56:12,668 INFO Result for clip 399, modality macro failed with status: Expected all tensors to be on the same device, but found at least two devices, cpu and cuda:0! (when checking argument for argument tensors in method wrapper_CUDA_cat). Ignored.
2026-10-05 20:56:14,511 INFO First result for clip 398 (modality macro) – window opened.
2026-10-05 20:56:14,515 INFO Result for clip 398, modality macro failed with status: Expected all tensors to be on the same device, but found at least two devices, cpu and cuda:0! (when checking argument for argument tensors in method wrapper_CUDA_cat). Ignored.
2026-10-05 20:58:01,229 INFO First result for clip 400 (modality macro) – window opened.
2026-10-05 20:58:01,240 INFO Result for clip 400, modality macro failed with status: Expected all tensors to be on the same device, but found at least two devices, cpu and cuda:0! (when checking argument for argument tensors in method wrapper_CUDA_cat). Ignored.
2026-10-05 20:58:03,100 INFO First result for clip 401 (modality macro) – window opened.
2026-10-05 20:58:03,103 INFO Result for clip 401, modality macro failed with status: Expected all tensors to be on the same device, but found at least two devices, cpu and cuda:0! (when checking argument for argument tensors in method wrapper_CUDA_cat). Ignored.
2026-10-05 20:58:32,070 INFO First result for clip 402 (modality macro) – window opened.
2026-10-05 20:58:32,080 INFO Result for clip 402, modality macro failed with status: Expected all tensors to be on the same device, but found at least two devices, cpu and cuda:0! (when checking argument for argument tensors in method wrapper_CUDA_cat). Ignored.
2026-10-05 20:58:37,675 INFO First result for clip 403 (modality macro) – window opened.
2026-10-05 20:58:37,678 INFO Result for clip 403, modality macro failed with status: Expected all tensors to be on the same device, but found at least two devices, cpu and cuda:0! (when checking argument for argument tensors in method wrapper_CUDA_cat). Ignored.
2026-10-05 21:00:17,987 INFO First result for clip 404 (modality macro) – window opened.
2026-10-05 21:00:17,997 INFO Result for clip 404, modality macro failed with status: Expected all tensors to be on the same device, but found at least two devices, cpu and cuda:0! (when checking argument for argument tensors in method wrapper_CUDA_cat). Ignored.
2026-10-05 21:00:31,245 INFO First result for clip 405 (modality macro) – window opened.
2026-10-05 21:00:31,254 INFO Result for clip 405, modality macro failed with status: Expected all tensors to be on the same device, but found at least two devices, cpu and cuda:0! (when checking argument for argument tensors in method wrapper_CUDA_cat). Ignored.
2026-10-05 21:01:04,475 INFO First result for clip 407 (modality macro) – window opened.
2026-10-05 21:01:04,481 INFO Result for clip 407, modality macro failed with status: Expected all tensors to be on the same device, but found at least two devices, cpu and cuda:0! (when checking argument for argument tensors in method wrapper_CUDA_cat). Ignored.
2026-10-05 21:01:06,917 INFO First result for clip 406 (modality macro) – window opened.
2026-10-05 21:01:06,929 INFO Result for clip 406, modality macro failed with status: Expected all tensors to be on the same device, but found at least two devices, cpu and cuda:0! (when checking argument for argument tensors in method wrapper_CUDA_cat). Ignored.
2026-10-05 21:02:24,175 INFO First result for clip 408 (modality macro) – window opened.
2026-10-05 21:02:24,178 INFO Result for clip 408, modality macro failed with status: Expected all tensors to be on the same device, but found at least two devices, cpu and cuda:0! (when checking argument for argument tensors in method wrapper_CUDA_cat). Ignored.
2026-10-05 21:02:35,335 INFO First result for clip 409 (modality macro) – window opened.
2026-10-05 21:02:35,346 INFO Result for clip 409, modality macro failed with status: Expected all tensors to be on the same device, but found at least two devices, cpu and cuda:0! (when checking argument for argument tensors in method wrapper_CUDA_cat). Ignored.
2026-10-05 21:03:22,545 INFO First result for clip 410 (modality macro) – window opened.
2026-10-05 21:03:22,549 INFO Result for clip 410, modality macro failed with status: Expected all tensors to be on the same device, but found at least two devices, cpu and cuda:0! (when checking argument for argument tensors in method wrapper_CUDA_cat). Ignored.
2026-10-05 21:03:27,934 INFO First result for clip 411 (modality macro) – window opened.
2026-10-05 21:03:27,939 INFO Result for clip 411, modality macro failed with status: Expected all tensors to be on the same device, but found at least two devices, cpu and cuda:0! (when checking argument for argument tensors in method wrapper_CUDA_cat). Ignored.
2026-10-05 21:04:36,930 INFO First result for clip 412 (modality macro) – window opened.
2026-10-05 21:04:36,939 INFO Result for clip 412, modality macro failed with status: Expected all tensors to be on the same device, but found at least two devices, cpu and cuda:0! (when checking argument for argument tensors in method wrapper_CUDA_cat). Ignored.
2026-10-05 21:04:54,051 INFO First result for clip 413 (modality macro) – window opened.
2026-10-05 21:04:54,063 INFO Result for clip 413, modality macro failed with status: Expected all tensors to be on the same device, but found at least two devices, cpu and cuda:0! (when checking argument for argument tensors in method wrapper_CUDA_cat). Ignored.
2026-10-05 21:05:47,645 INFO First result for clip 415 (modality macro) – window opened.
2026-10-05 21:05:47,648 INFO Result for clip 415, modality macro failed with status: Expected all tensors to be on the same device, but found at least two devices, cpu and cuda:0! (when checking argument for argument tensors in method wrapper_CUDA_cat). Ignored.
2026-10-05 21:05:48,192 INFO First result for clip 414 (modality macro) – window opened.
2026-10-05 21:05:48,202 INFO Result for clip 414, modality macro failed with status: Expected all tensors to be on the same device, but found at least two devices, cpu and cuda:0! (when checking argument for argument tensors in method wrapper_CUDA_cat). Ignored.
2026-10-05 21:06:40,393 INFO First result for clip 416 (modality macro) – window opened.
2026-10-05 21:06:40,396 INFO Result for clip 416, modality macro failed with status: Expected all tensors to be on the same device, but found at least two devices, cpu and cuda:0! (when checking argument for argument tensors in method wrapper_CUDA_cat). Ignored.
2026-10-05 21:06:56,659 INFO First result for clip 417 (modality macro) – window opened.
2026-10-05 21:06:56,666 INFO Result for clip 417, modality macro failed with status: Expected all tensors to be on the same device, but found at least two devices, cpu and cuda:0! (when checking argument for argument tensors in method wrapper_CUDA_cat). Ignored.
2026-10-05 21:08:08,236 INFO First result for clip 418 (modality macro) – window opened.
2026-10-05 21:08:08,242 INFO Result for clip 418, modality macro failed with status: Expected all tensors to be on the same device, but found at least two devices, cpu and cuda:0! (when checking argument for argument tensors in method wrapper_CUDA_cat). Ignored.
2026-10-05 21:08:08,727 INFO First result for clip 419 (modality macro) – window opened.
2026-10-05 21:08:08,738 INFO Result for clip 419, modality macro failed with status: Expected all tensors to be on the same device, but found at least two devices, cpu and cuda:0! (when checking argument for argument tensors in method wrapper_CUDA_cat). Ignored.
2026-10-05 21:08:37,697 INFO First result for clip 420 (modality macro) – window opened.
2026-10-05 21:08:37,701 INFO Result for clip 420, modality macro failed with status: Expected all tensors to be on the same device, but found at least two devices, cpu and cuda:0! (when checking argument for argument tensors in method wrapper_CUDA_cat). Ignored.
2026-10-05 21:08:54,123 INFO First result for clip 421 (modality macro) – window opened.
2026-10-05 21:08:54,128 INFO Result for clip 421, modality macro failed with status: Expected all tensors to be on the same device, but found at least two devices, cpu and cuda:0! (when checking argument for argument tensors in method wrapper_CUDA_cat). Ignored.
2026-10-05 21:10:27,266 INFO First result for clip 423 (modality macro) – window opened.
2026-10-05 21:10:27,276 INFO Result for clip 423, modality macro failed with status: Expected all tensors to be on the same device, but found at least two devices, cpu and cuda:0! (when checking argument for argument tensors in method wrapper_CUDA_cat). Ignored.
2026-10-05 21:10:30,214 INFO First result for clip 422 (modality macro) – window opened.
2026-10-05 21:10:30,230 INFO Result for clip 422, modality macro failed with status: Expected all tensors to be on the same device, but found at least two devices, cpu and cuda:0! (when checking argument for argument tensors in method wrapper_CUDA_cat). Ignored.
2026-10-05 21:10:54,676 INFO First result for clip 424 (modality macro) – window opened.
2026-10-05 21:10:54,685 INFO Result for clip 424, modality macro failed with status: Expected all tensors to be on the same device, but found at least two devices, cpu and cuda:0! (when checking argument for argument tensors in method wrapper_CUDA_cat). Ignored.
2026-10-05 21:11:02,980 INFO First result for clip 425 (modality macro) – window opened.
2026-10-05 21:11:02,984 INFO Result for clip 425, modality macro failed with status: Expected all tensors to be on the same device, but found at least two devices, cpu and cuda:0! (when checking argument for argument tensors in method wrapper_CUDA_cat). Ignored.
2026-10-05 21:12:43,084 INFO First result for clip 426 (modality macro) – window opened.
2026-10-05 21:12:43,096 INFO Result for clip 426, modality macro failed with status: Expected all tensors to be on the same device, but found at least two devices, cpu and cuda:0! (when checking argument for argument tensors in method wrapper_CUDA_cat). Ignored.
2026-10-05 21:13:03,119 INFO First result for clip 427 (modality macro) – window opened.
2026-10-05 21:13:03,128 INFO Result for clip 427, modality macro failed with status: Expected all tensors to be on the same device, but found at least two devices, cpu and cuda:0! (when checking argument for argument tensors in method wrapper_CUDA_cat). Ignored.
2026-10-05 21:13:21,551 INFO First result for clip 428 (modality macro) – window opened.
2026-10-05 21:13:21,557 INFO Result for clip 428, modality macro failed with status: Expected all tensors to be on the same device, but found at least two devices, cpu and cuda:0! (when checking argument for argument tensors in method wrapper_CUDA_cat). Ignored.
2026-10-05 21:13:27,966 INFO First result for clip 429 (modality macro) – window opened.
2026-10-05 21:13:27,970 INFO Result for clip 429, modality macro failed with status: Expected all tensors to be on the same device, but found at least two devices, cpu and cuda:0! (when checking argument for argument tensors in method wrapper_CUDA_cat). Ignored.
2026-10-05 21:14:47,499 INFO First result for clip 430 (modality macro) – window opened.
2026-10-05 21:14:47,502 INFO Result for clip 430, modality macro failed with status: Expected all tensors to be on the same device, but found at least two devices, cpu and cuda:0! (when checking argument for argument tensors in method wrapper_CUDA_cat). Ignored.
2026-10-05 21:15:06,152 INFO First result for clip 431 (modality macro) – window opened.
2026-10-05 21:15:06,163 INFO Result for clip 431, modality macro failed with status: Expected all tensors to be on the same device, but found at least two devices, cpu and cuda:0! (when checking argument for argument tensors in method wrapper_CUDA_cat). Ignored.
2026-10-05 21:15:42,679 INFO First result for clip 432 (modality macro) – window opened.
2026-10-05 21:15:42,685 INFO Result for clip 432, modality macro failed with status: Expected all tensors to be on the same device, but found at least two devices, cpu and cuda:0! (when checking argument for argument tensors in method wrapper_CUDA_cat). Ignored.
2026-10-05 21:15:44,497 INFO First result for clip 433 (modality macro) – window opened.
2026-10-05 21:15:44,500 INFO Result for clip 433, modality macro failed with status: Expected all tensors to be on the same device, but found at least two devices, cpu and cuda:0! (when checking argument for argument tensors in method wrapper_CUDA_cat). Ignored.
2026-10-05 21:16:46,627 INFO First result for clip 434 (modality macro) – window opened.
2026-10-05 21:16:46,635 INFO Result for clip 434, modality macro failed with status: Expected all tensors to be on the same device, but found at least two devices, cpu and cuda:0! (when checking argument for argument tensors in method wrapper_CUDA_cat). Ignored.
2026-10-05 21:17:08,968 INFO First result for clip 435 (modality macro) – window opened.
2026-10-05 21:17:08,972 INFO Result for clip 435, modality macro failed with status: Expected all tensors to be on the same device, but found at least two devices, cpu and cuda:0! (when checking argument for argument tensors in method wrapper_CUDA_cat). Ignored.
2026-10-05 21:18:03,526 INFO First result for clip 436 (modality macro) – window opened.
2026-10-05 21:18:03,530 INFO Result for clip 436, modality macro failed with status: Expected all tensors to be on the same device, but found at least two devices, cpu and cuda:0! (when checking argument for argument tensors in method wrapper_CUDA_cat). Ignored.
2026-10-05 21:18:04,135 INFO First result for clip 437 (modality macro) – window opened.
2026-10-05 21:18:04,139 INFO Result for clip 437, modality macro failed with status: Expected all tensors to be on the same device, but found at least two devices, cpu and cuda:0! (when checking argument for argument tensors in method wrapper_CUDA_cat). Ignored.
2026-10-05 21:18:47,831 INFO First result for clip 438 (modality macro) – window opened.
2026-10-05 21:18:47,836 INFO Result for clip 438, modality macro failed with status: Expected all tensors to be on the same device, but found at least two devices, cpu and cuda:0! (when checking argument for argument tensors in method wrapper_CUDA_cat). Ignored.
2026-10-05 21:19:15,060 INFO First result for clip 439 (modality macro) – window opened.
2026-10-05 21:19:15,066 INFO Result for clip 439, modality macro failed with status: Expected all tensors to be on the same device, but found at least two devices, cpu and cuda:0! (when checking argument for argument tensors in method wrapper_CUDA_cat). Ignored.
2026-10-05 21:20:27,713 INFO First result for clip 440 (modality macro) – window opened.
2026-10-05 21:20:27,727 INFO Result for clip 440, modality macro failed with status: Expected all tensors to be on the same device, but found at least two devices, cpu and cuda:0! (when checking argument for argument tensors in method wrapper_CUDA_cat). Ignored.
2026-10-05 21:20:29,409 INFO First result for clip 441 (modality macro) – window opened.
2026-10-05 21:20:29,434 INFO Result for clip 441, modality macro failed with status: Expected all tensors to be on the same device, but found at least two devices, cpu and cuda:0! (when checking argument for argument tensors in method wrapper_CUDA_cat). Ignored.
2026-10-05 21:20:53,863 INFO First result for clip 442 (modality macro) – window opened.
2026-10-05 21:20:53,880 INFO Result for clip 442, modality macro failed with status: Expected all tensors to be on the same device, but found at least two devices, cpu and cuda:0! (when checking argument for argument tensors in method wrapper_CUDA_cat). Ignored.
2026-10-05 21:21:12,249 INFO First result for clip 443 (modality macro) – window opened.
2026-10-05 21:21:12,253 INFO Result for clip 443, modality macro failed with status: Expected all tensors to be on the same device, but found at least two devices, cpu and cuda:0! (when checking argument for argument tensors in method wrapper_CUDA_cat). Ignored.
2026-10-05 21:22:53,901 INFO First result for clip 444 (modality macro) – window opened.
2026-10-05 21:22:53,905 INFO Result for clip 444, modality macro failed with status: Expected all tensors to be on the same device, but found at least two devices, cpu and cuda:0! (when checking argument for argument tensors in method wrapper_CUDA_cat). Ignored.
2026-10-05 21:22:59,073 INFO First result for clip 445 (modality macro) – window opened.
2026-10-05 21:22:59,080 INFO Result for clip 445, modality macro failed with status: Expected all tensors to be on the same device, but found at least two devices, cpu and cuda:0! (when checking argument for argument tensors in method wrapper_CUDA_cat). Ignored.
2026-10-05 21:23:25,428 INFO First result for clip 446 (modality macro) – window opened.
2026-10-05 21:23:25,438 INFO Result for clip 446, modality macro failed with status: Expected all tensors to be on the same device, but found at least two devices, cpu and cuda:0! (when checking argument for argument tensors in method wrapper_CUDA_cat). Ignored.
2026-10-05 21:23:31,802 INFO First result for clip 447 (modality macro) – window opened.
2026-10-05 21:23:31,806 INFO Result for clip 447, modality macro failed with status: Expected all tensors to be on the same device, but found at least two devices, cpu and cuda:0! (when checking argument for argument tensors in method wrapper_CUDA_cat). Ignored.
2026-10-05 21:25:03,600 INFO First result for clip 448 (modality macro) – window opened.
2026-10-05 21:25:03,603 INFO Result for clip 448, modality macro failed with status: Expected all tensors to be on the same device, but found at least two devices, cpu and cuda:0! (when checking argument for argument tensors in method wrapper_CUDA_cat). Ignored.
2026-10-05 21:25:24,482 INFO First result for clip 449 (modality macro) – window opened.
2026-10-05 21:25:24,486 INFO Result for clip 449, modality macro failed with status: Expected all tensors to be on the same device, but found at least two devices, cpu and cuda:0! (when checking argument for argument tensors in method wrapper_CUDA_cat). Ignored.
2026-10-05 21:25:54,229 INFO First result for clip 451 (modality macro) – window opened.
2026-10-05 21:25:54,232 INFO Result for clip 451, modality macro failed with status: Expected all tensors to be on the same device, but found at least two devices, cpu and cuda:0! (when checking argument for argument tensors in method wrapper_CUDA_cat). Ignored.
2026-10-05 21:25:57,270 INFO First result for clip 450 (modality macro) – window opened.
2026-10-05 21:25:57,279 INFO Result for clip 450, modality macro failed with status: Expected all tensors to be on the same device, but found at least two devices, cpu and cuda:0! (when checking argument for argument tensors in method wrapper_CUDA_cat). Ignored.
2026-10-05 21:27:05,532 INFO First result for clip 452 (modality macro) – window opened.
2026-10-05 21:27:05,536 INFO Result for clip 452, modality macro failed with status: Expected all tensors to be on the same device, but found at least two devices, cpu and cuda:0! (when checking argument for argument tensors in method wrapper_CUDA_cat). Ignored.
2026-10-05 21:27:28,024 INFO First result for clip 453 (modality macro) – window opened.
2026-10-05 21:27:28,029 INFO Result for clip 453, modality macro failed with status: Expected all tensors to be on the same device, but found at least two devices, cpu and cuda:0! (when checking argument for argument tensors in method wrapper_CUDA_cat). Ignored.
2026-10-05 21:28:16,265 INFO First result for clip 454 (modality macro) – window opened.
2026-10-05 21:28:16,268 INFO Result for clip 454, modality macro failed with status: Expected all tensors to be on the same device, but found at least two devices, cpu and cuda:0! (when checking argument for argument tensors in method wrapper_CUDA_cat). Ignored.
2026-10-05 21:28:21,210 INFO First result for clip 455 (modality macro) – window opened.
2026-10-05 21:28:21,217 INFO Result for clip 455, modality macro failed with status: Expected all tensors to be on the same device, but found at least two devices, cpu and cuda:0! (when checking argument for argument tensors in method wrapper_CUDA_cat). Ignored.
2026-10-05 21:29:12,548 INFO First result for clip 456 (modality macro) – window opened.
2026-10-05 21:29:12,554 INFO Result for clip 456, modality macro failed with status: Expected all tensors to be on the same device, but found at least two devices, cpu and cuda:0! (when checking argument for argument tensors in method wrapper_CUDA_cat). Ignored.
2026-10-05 21:29:30,862 INFO First result for clip 457 (modality macro) – window opened.
2026-10-05 21:29:30,866 INFO Result for clip 457, modality macro failed with status: Expected all tensors to be on the same device, but found at least two devices, cpu and cuda:0! (when checking argument for argument tensors in method wrapper_CUDA_cat). Ignored.
2026-10-05 21:30:41,571 INFO First result for clip 458 (modality macro) – window opened.
2026-10-05 21:30:41,576 INFO Result for clip 458, modality macro failed with status: Expected all tensors to be on the same device, but found at least two devices, cpu and cuda:0! (when checking argument for argument tensors in method wrapper_CUDA_cat). Ignored.
2026-10-05 21:30:45,338 INFO First result for clip 459 (modality macro) – window opened.
2026-10-05 21:30:45,342 INFO Result for clip 459, modality macro failed with status: Expected all tensors to be on the same device, but found at least two devices, cpu and cuda:0! (when checking argument for argument tensors in method wrapper_CUDA_cat). Ignored.
2026-10-05 21:31:16,745 INFO First result for clip 460 (modality macro) – window opened.
2026-10-05 21:31:16,752 INFO Result for clip 460, modality macro failed with status: Expected all tensors to be on the same device, but found at least two devices, cpu and cuda:0! (when checking argument for argument tensors in method wrapper_CUDA_cat). Ignored.
2026-10-05 21:31:32,953 INFO First result for clip 461 (modality macro) – window opened.
2026-10-05 21:31:32,955 INFO Result for clip 461, modality macro failed with status: Expected all tensors to be on the same device, but found at least two devices, cpu and cuda:0! (when checking argument for argument tensors in method wrapper_CUDA_cat). Ignored.
2026-10-05 21:33:03,406 INFO First result for clip 462 (modality macro) – window opened.
2026-10-05 21:33:03,416 INFO Result for clip 462, modality macro failed with status: Expected all tensors to be on the same device, but found at least two devices, cpu and cuda:0! (when checking argument for argument tensors in method wrapper_CUDA_cat). Ignored.
2026-10-05 21:33:07,257 INFO First result for clip 463 (modality macro) – window opened.
2026-10-05 21:33:07,262 INFO Result for clip 463, modality macro failed with status: Expected all tensors to be on the same device, but found at least two devices, cpu and cuda:0! (when checking argument for argument tensors in method wrapper_CUDA_cat). Ignored.
2026-10-05 21:33:30,698 INFO First result for clip 464 (modality macro) – window opened.
2026-10-05 21:33:30,704 INFO Result for clip 464, modality macro failed with status: Expected all tensors to be on the same device, but found at least two devices, cpu and cuda:0! (when checking argument for argument tensors in method wrapper_CUDA_cat). Ignored.
2026-10-05 21:33:40,782 INFO First result for clip 465 (modality macro) – window opened.
2026-10-05 21:33:40,785 INFO Result for clip 465, modality macro failed with status: Expected all tensors to be on the same device, but found at least two devices, cpu and cuda:0! (when checking argument for argument tensors in method wrapper_CUDA_cat). Ignored.
2026-10-05 21:35:27,895 INFO First result for clip 466 (modality macro) – window opened.
2026-10-05 21:35:27,906 INFO Result for clip 466, modality macro failed with status: Expected all tensors to be on the same device, but found at least two devices, cpu and cuda:0! (when checking argument for argument tensors in method wrapper_CUDA_cat). Ignored.
2026-10-05 21:35:42,838 INFO First result for clip 467 (modality macro) – window opened.
2026-10-05 21:35:42,841 INFO Result for clip 467, modality macro failed with status: Expected all tensors to be on the same device, but found at least two devices, cpu and cuda:0! (when checking argument for argument tensors in method wrapper_CUDA_cat). Ignored.
2026-10-05 21:36:04,939 INFO First result for clip 468 (modality macro) – window opened.
2026-10-05 21:36:04,943 INFO Result for clip 468, modality macro failed with status: Expected all tensors to be on the same device, but found at least two devices, cpu and cuda:0! (when checking argument for argument tensors in method wrapper_CUDA_cat). Ignored.
2026-10-05 21:36:09,954 INFO First result for clip 469 (modality macro) – window opened.
2026-10-05 21:36:09,965 INFO Result for clip 469, modality macro failed with status: Expected all tensors to be on the same device, but found at least two devices, cpu and cuda:0! (when checking argument for argument tensors in method wrapper_CUDA_cat). Ignored.
2026-10-05 21:37:32,653 INFO First result for clip 470 (modality macro) – window opened.
2026-10-05 21:37:32,657 INFO Result for clip 470, modality macro failed with status: Expected all tensors to be on the same device, but found at least two devices, cpu and cuda:0! (when checking argument for argument tensors in method wrapper_CUDA_cat). Ignored.
2026-10-05 21:37:50,039 INFO First result for clip 471 (modality macro) – window opened.
2026-10-05 21:37:50,043 INFO Result for clip 471, modality macro failed with status: Expected all tensors to be on the same device, but found at least two devices, cpu and cuda:0! (when checking argument for argument tensors in method wrapper_CUDA_cat). Ignored.
2026-10-05 21:38:28,510 INFO First result for clip 472 (modality macro) – window opened.
2026-10-05 21:38:28,518 INFO Result for clip 472, modality macro failed with status: Expected all tensors to be on the same device, but found at least two devices, cpu and cuda:0! (when checking argument for argument tensors in method wrapper_CUDA_cat). Ignored.
2026-10-05 21:38:31,007 INFO First result for clip 473 (modality macro) – window opened.
2026-10-05 21:38:31,028 INFO Result for clip 473, modality macro failed with status: Expected all tensors to be on the same device, but found at least two devices, cpu and cuda:0! (when checking argument for argument tensors in method wrapper_CUDA_cat). Ignored.
2026-10-05 21:39:33,122 INFO First result for clip 474 (modality macro) – window opened.
2026-10-05 21:39:33,127 INFO Result for clip 474, modality macro failed with status: Expected all tensors to be on the same device, but found at least two devices, cpu and cuda:0! (when checking argument for argument tensors in method wrapper_CUDA_cat). Ignored.
2026-10-05 21:39:50,319 INFO First result for clip 475 (modality macro) – window opened.
2026-10-05 21:39:50,336 INFO Result for clip 475, modality macro failed with status: Expected all tensors to be on the same device, but found at least two devices, cpu and cuda:0! (when checking argument for argument tensors in method wrapper_CUDA_cat). Ignored.
2026-10-05 21:40:49,191 INFO First result for clip 476 (modality macro) – window opened.
2026-10-05 21:40:49,196 INFO Result for clip 476, modality macro failed with status: Expected all tensors to be on the same device, but found at least two devices, cpu and cuda:0! (when checking argument for argument tensors in method wrapper_CUDA_cat). Ignored.
2026-10-05 21:40:52,382 INFO First result for clip 477 (modality macro) – window opened.
2026-10-05 21:40:52,388 INFO Result for clip 477, modality macro failed with status: Expected all tensors to be on the same device, but found at least two devices, cpu and cuda:0! (when checking argument for argument tensors in method wrapper_CUDA_cat). Ignored.
2026-10-05 21:41:40,224 INFO First result for clip 478 (modality macro) – window opened.
2026-10-05 21:41:40,227 INFO Result for clip 478, modality macro failed with status: Expected all tensors to be on the same device, but found at least two devices, cpu and cuda:0! (when checking argument for argument tensors in method wrapper_CUDA_cat). Ignored.
2026-10-05 21:41:57,682 INFO First result for clip 479 (modality macro) – window opened.
2026-10-05 21:41:57,685 INFO Result for clip 479, modality macro failed with status: Expected all tensors to be on the same device, but found at least two devices, cpu and cuda:0! (when checking argument for argument tensors in method wrapper_CUDA_cat). Ignored.
2026-10-05 21:43:10,877 INFO First result for clip 480 (modality macro) – window opened.
2026-10-05 21:43:10,882 INFO Result for clip 480, modality macro failed with status: Expected all tensors to be on the same device, but found at least two devices, cpu and cuda:0! (when checking argument for argument tensors in method wrapper_CUDA_cat). Ignored.
2026-10-05 21:43:13,972 INFO First result for clip 481 (modality macro) – window opened.
2026-10-05 21:43:13,978 INFO Result for clip 481, modality macro failed with status: Expected all tensors to be on the same device, but found at least two devices, cpu and cuda:0! (when checking argument for argument tensors in method wrapper_CUDA_cat). Ignored.
2026-10-05 21:43:46,088 INFO First result for clip 482 (modality macro) – window opened.
2026-10-05 21:43:46,097 INFO Result for clip 482, modality macro failed with status: Expected all tensors to be on the same device, but found at least two devices, cpu and cuda:0! (when checking argument for argument tensors in method wrapper_CUDA_cat). Ignored.
2026-10-05 21:43:58,896 INFO First result for clip 483 (modality macro) – window opened.
2026-10-05 21:43:58,899 INFO Result for clip 483, modality macro failed with status: Expected all tensors to be on the same device, but found at least two devices, cpu and cuda:0! (when checking argument for argument tensors in method wrapper_CUDA_cat). Ignored.
2026-10-05 21:45:32,456 INFO First result for clip 484 (modality macro) – window opened.
2026-10-05 21:45:32,469 INFO Result for clip 484, modality macro failed with status: Expected all tensors to be on the same device, but found at least two devices, cpu and cuda:0! (when checking argument for argument tensors in method wrapper_CUDA_cat). Ignored.
2026-10-05 21:45:42,504 INFO First result for clip 485 (modality macro) – window opened.
2026-10-05 21:45:42,507 INFO Result for clip 485, modality macro failed with status: Expected all tensors to be on the same device, but found at least two devices, cpu and cuda:0! (when checking argument for argument tensors in method wrapper_CUDA_cat). Ignored.
2026-10-05 21:46:05,155 INFO First result for clip 486 (modality macro) – window opened.
2026-10-05 21:46:05,158 INFO Result for clip 486, modality macro failed with status: Expected all tensors to be on the same device, but found at least two devices, cpu and cuda:0! (when checking argument for argument tensors in method wrapper_CUDA_cat). Ignored.
2026-10-05 21:46:16,500 INFO First result for clip 487 (modality macro) – window opened.
2026-10-05 21:46:16,509 INFO Result for clip 487, modality macro failed with status: Expected all tensors to be on the same device, but found at least two devices, cpu and cuda:0! (when checking argument for argument tensors in method wrapper_CUDA_cat). Ignored.
2026-10-05 21:47:43,663 INFO First result for clip 488 (modality macro) – window opened.
2026-10-05 21:47:43,670 INFO Result for clip 488, modality macro failed with status: Expected all tensors to be on the same device, but found at least two devices, cpu and cuda:0! (when checking argument for argument tensors in method wrapper_CUDA_cat). Ignored.
2026-10-05 21:47:57,970 INFO First result for clip 489 (modality macro) – window opened.
2026-10-05 21:47:57,978 INFO Result for clip 489, modality macro failed with status: Expected all tensors to be on the same device, but found at least two devices, cpu and cuda:0! (when checking argument for argument tensors in method wrapper_CUDA_cat). Ignored.
2026-10-05 21:48:28,174 INFO First result for clip 490 (modality macro) – window opened.
2026-10-05 21:48:28,178 INFO Result for clip 490, modality macro failed with status: Expected all tensors to be on the same device, but found at least two devices, cpu and cuda:0! (when checking argument for argument tensors in method wrapper_CUDA_cat). Ignored.
2026-10-05 21:48:36,012 INFO First result for clip 491 (modality macro) – window opened.
2026-10-05 21:48:36,016 INFO Result for clip 491, modality macro failed with status: Expected all tensors to be on the same device, but found at least two devices, cpu and cuda:0! (when checking argument for argument tensors in method wrapper_CUDA_cat). Ignored.
2026-10-05 21:49:46,158 INFO First result for clip 492 (modality macro) – window opened.
2026-10-05 21:49:46,162 INFO Result for clip 492, modality macro failed with status: Expected all tensors to be on the same device, but found at least two devices, cpu and cuda:0! (when checking argument for argument tensors in method wrapper_CUDA_cat). Ignored.
2026-10-05 21:50:09,882 INFO First result for clip 493 (modality macro) – window opened.
2026-10-05 21:50:09,891 INFO Result for clip 493, modality macro failed with status: Expected all tensors to be on the same device, but found at least two devices, cpu and cuda:0! (when checking argument for argument tensors in method wrapper_CUDA_cat). Ignored.
2026-10-05 21:50:41,755 INFO First result for clip 494 (modality macro) – window opened.
2026-10-05 21:50:41,758 INFO Result for clip 494, modality macro failed with status: Expected all tensors to be on the same device, but found at least two devices, cpu and cuda:0! (when checking argument for argument tensors in method wrapper_CUDA_cat). Ignored.
2026-10-05 21:50:55,104 INFO First result for clip 495 (modality macro) – window opened.
2026-10-05 21:50:55,108 INFO Result for clip 495, modality macro failed with status: Expected all tensors to be on the same device, but found at least two devices, cpu and cuda:0! (when checking argument for argument tensors in method wrapper_CUDA_cat). Ignored.
2026-10-05 21:51:49,870 INFO First result for clip 496 (modality macro) – window opened.
2026-10-05 21:51:49,874 INFO Result for clip 496, modality macro failed with status: Expected all tensors to be on the same device, but found at least two devices, cpu and cuda:0! (when checking argument for argument tensors in method wrapper_CUDA_cat). Ignored.
2026-10-05 21:52:15,953 INFO First result for clip 497 (modality macro) – window opened.
2026-10-05 21:52:15,958 INFO Result for clip 497, modality macro failed with status: Expected all tensors to be on the same device, but found at least two devices, cpu and cuda:0! (when checking argument for argument tensors in method wrapper_CUDA_cat). Ignored.
2026-10-05 21:52:54,579 INFO First result for clip 498 (modality macro) – window opened.
2026-10-05 21:52:54,583 INFO Result for clip 498, modality macro failed with status: Expected all tensors to be on the same device, but found at least two devices, cpu and cuda:0! (when checking argument for argument tensors in method wrapper_CUDA_cat). Ignored.
2026-10-05 21:53:17,011 INFO First result for clip 499 (modality macro) – window opened.
2026-10-05 21:53:17,016 INFO Result for clip 499, modality macro failed with status: Expected all tensors to be on the same device, but found at least two devices, cpu and cuda:0! (when checking argument for argument tensors in method wrapper_CUDA_cat). Ignored.
2026-10-05 21:54:11,363 INFO First result for clip 500 (modality macro) – window opened.
2026-10-05 21:54:11,365 INFO Result for clip 500, modality macro failed with status: Expected all tensors to be on the same device, but found at least two devices, cpu and cuda:0! (when checking argument for argument tensors in method wrapper_CUDA_cat). Ignored.
2026-10-05 21:54:35,462 INFO First result for clip 501 (modality macro) – window opened.
2026-10-05 21:54:35,470 INFO Result for clip 501, modality macro failed with status: Expected all tensors to be on the same device, but found at least two devices, cpu and cuda:0! (when checking argument for argument tensors in method wrapper_CUDA_cat). Ignored.
2026-10-05 21:55:17,498 INFO First result for clip 502 (modality macro) – window opened.
2026-10-05 21:55:17,506 INFO Result for clip 502, modality macro failed with status: Expected all tensors to be on the same device, but found at least two devices, cpu and cuda:0! (when checking argument for argument tensors in method wrapper_CUDA_cat). Ignored.
2026-10-05 21:55:42,104 INFO First result for clip 503 (modality macro) – window opened.
2026-10-05 21:55:42,107 INFO Result for clip 503, modality macro failed with status: Expected all tensors to be on the same device, but found at least two devices, cpu and cuda:0! (when checking argument for argument tensors in method wrapper_CUDA_cat). Ignored.
2026-10-05 21:56:34,086 INFO First result for clip 504 (modality macro) – window opened.
2026-10-05 21:56:34,090 INFO Result for clip 504, modality macro failed with status: Expected all tensors to be on the same device, but found at least two devices, cpu and cuda:0! (when checking argument for argument tensors in method wrapper_CUDA_cat). Ignored.
2026-10-05 21:56:54,905 INFO First result for clip 505 (modality macro) – window opened.
2026-10-05 21:56:54,909 INFO Result for clip 505, modality macro failed with status: Expected all tensors to be on the same device, but found at least two devices, cpu and cuda:0! (when checking argument for argument tensors in method wrapper_CUDA_cat). Ignored.
2026-10-05 21:57:37,391 INFO First result for clip 506 (modality macro) – window opened.
2026-10-05 21:57:37,402 INFO Result for clip 506, modality macro failed with status: Expected all tensors to be on the same device, but found at least two devices, cpu and cuda:0! (when checking argument for argument tensors in method wrapper_CUDA_cat). Ignored.
2026-10-05 21:58:00,480 INFO First result for clip 507 (modality macro) – window opened.
2026-10-05 21:58:00,489 INFO Result for clip 507, modality macro failed with status: Expected all tensors to be on the same device, but found at least two devices, cpu and cuda:0! (when checking argument for argument tensors in method wrapper_CUDA_cat). Ignored.
2026-10-05 21:58:52,992 INFO First result for clip 508 (modality macro) – window opened.
2026-10-05 21:58:53,006 INFO Result for clip 508, modality macro failed with status: Expected all tensors to be on the same device, but found at least two devices, cpu and cuda:0! (when checking argument for argument tensors in method wrapper_CUDA_cat). Ignored.
2026-10-05 21:59:13,725 INFO First result for clip 509 (modality macro) – window opened.
2026-10-05 21:59:13,743 INFO Result for clip 509, modality macro failed with status: Expected all tensors to be on the same device, but found at least two devices, cpu and cuda:0! (when checking argument for argument tensors in method wrapper_CUDA_cat). Ignored.
2026-10-05 22:00:04,161 INFO First result for clip 510 (modality macro) – window opened.
2026-10-05 22:00:04,170 INFO Result for clip 510, modality macro failed with status: Expected all tensors to be on the same device, but found at least two devices, cpu and cuda:0! (when checking argument for argument tensors in method wrapper_CUDA_cat). Ignored.
2026-10-05 22:00:33,499 INFO First result for clip 511 (modality macro) – window opened.
2026-10-05 22:00:33,502 INFO Result for clip 511, modality macro failed with status: Expected all tensors to be on the same device, but found at least two devices, cpu and cuda:0! (when checking argument for argument tensors in method wrapper_CUDA_cat). Ignored.
2026-10-05 22:01:28,080 INFO First result for clip 512 (modality macro) – window opened.
2026-10-05 22:01:28,083 INFO Result for clip 512, modality macro failed with status: Expected all tensors to be on the same device, but found at least two devices, cpu and cuda:0! (when checking argument for argument tensors in method wrapper_CUDA_cat). Ignored.
2026-10-05 22:01:48,070 INFO First result for clip 513 (modality macro) – window opened.
2026-10-05 22:01:48,083 INFO Result for clip 513, modality macro failed with status: Expected all tensors to be on the same device, but found at least two devices, cpu and cuda:0! (when checking argument for argument tensors in method wrapper_CUDA_cat). Ignored.
2026-10-05 22:02:32,510 INFO First result for clip 514 (modality macro) – window opened.
2026-10-05 22:02:32,514 INFO Result for clip 514, modality macro failed with status: Expected all tensors to be on the same device, but found at least two devices, cpu and cuda:0! (when checking argument for argument tensors in method wrapper_CUDA_cat). Ignored.
2026-10-05 22:02:57,368 INFO First result for clip 515 (modality macro) – window opened.
2026-10-05 22:02:57,374 INFO Result for clip 515, modality macro failed with status: Expected all tensors to be on the same device, but found at least two devices, cpu and cuda:0! (when checking argument for argument tensors in method wrapper_CUDA_cat). Ignored.
2026-10-05 22:03:59,919 INFO First result for clip 516 (modality macro) – window opened.
2026-10-05 22:03:59,923 INFO Result for clip 516, modality macro failed with status: Expected all tensors to be on the same device, but found at least two devices, cpu and cuda:0! (when checking argument for argument tensors in method wrapper_CUDA_cat). Ignored.
2026-10-05 22:04:17,167 INFO First result for clip 517 (modality macro) – window opened.
2026-10-05 22:04:17,183 INFO Result for clip 517, modality macro failed with status: Expected all tensors to be on the same device, but found at least two devices, cpu and cuda:0! (when checking argument for argument tensors in method wrapper_CUDA_cat). Ignored.
2026-10-05 22:05:08,212 INFO First result for clip 518 (modality macro) – window opened.
2026-10-05 22:05:08,218 INFO Result for clip 518, modality macro failed with status: Expected all tensors to be on the same device, but found at least two devices, cpu and cuda:0! (when checking argument for argument tensors in method wrapper_CUDA_cat). Ignored.
2026-10-05 22:05:31,546 INFO First result for clip 519 (modality macro) – window opened.
2026-10-05 22:05:31,566 INFO Result for clip 519, modality macro failed with status: Expected all tensors to be on the same device, but found at least two devices, cpu and cuda:0! (when checking argument for argument tensors in method wrapper_CUDA_cat). Ignored.
2026-10-05 22:06:46,610 INFO First result for clip 520 (modality macro) – window opened.
2026-10-05 22:06:46,615 INFO Result for clip 520, modality macro failed with status: Expected all tensors to be on the same device, but found at least two devices, cpu and cuda:0! (when checking argument for argument tensors in method wrapper_CUDA_cat). Ignored.
2026-10-05 22:06:59,385 INFO First result for clip 521 (modality macro) – window opened.
2026-10-05 22:06:59,395 INFO Result for clip 521, modality macro failed with status: Expected all tensors to be on the same device, but found at least two devices, cpu and cuda:0! (when checking argument for argument tensors in method wrapper_CUDA_cat). Ignored.
2026-10-05 22:07:58,400 INFO First result for clip 522 (modality macro) – window opened.
2026-10-05 22:07:58,403 INFO Result for clip 522, modality macro failed with status: Expected all tensors to be on the same device, but found at least two devices, cpu and cuda:0! (when checking argument for argument tensors in method wrapper_CUDA_cat). Ignored.
2026-10-05 22:07:59,042 INFO First result for clip 523 (modality macro) – window opened.
2026-10-05 22:07:59,046 INFO Result for clip 523, modality macro failed with status: Expected all tensors to be on the same device, but found at least two devices, cpu and cuda:0! (when checking argument for argument tensors in method wrapper_CUDA_cat). Ignored.
2026-10-05 22:09:01,098 INFO First result for clip 524 (modality macro) – window opened.
2026-10-05 22:09:01,103 INFO Result for clip 524, modality macro failed with status: Expected all tensors to be on the same device, but found at least two devices, cpu and cuda:0! (when checking argument for argument tensors in method wrapper_CUDA_cat). Ignored.
2026-10-05 22:09:14,343 INFO First result for clip 525 (modality macro) – window opened.
2026-10-05 22:09:14,351 INFO Result for clip 525, modality macro failed with status: Expected all tensors to be on the same device, but found at least two devices, cpu and cuda:0! (when checking argument for argument tensors in method wrapper_CUDA_cat). Ignored.
2026-10-05 22:10:24,735 INFO First result for clip 526 (modality macro) – window opened.
2026-10-05 22:10:24,742 INFO Result for clip 526, modality macro failed with status: Expected all tensors to be on the same device, but found at least two devices, cpu and cuda:0! (when checking argument for argument tensors in method wrapper_CUDA_cat). Ignored.
2026-10-05 22:10:27,699 INFO First result for clip 527 (modality macro) – window opened.
2026-10-05 22:10:27,709 INFO Result for clip 527, modality macro failed with status: Expected all tensors to be on the same device, but found at least two devices, cpu and cuda:0! (when checking argument for argument tensors in method wrapper_CUDA_cat). Ignored.
2026-10-05 22:11:27,197 INFO First result for clip 528 (modality macro) – window opened.
2026-10-05 22:11:27,206 INFO Result for clip 528, modality macro failed with status: Expected all tensors to be on the same device, but found at least two devices, cpu and cuda:0! (when checking argument for argument tensors in method wrapper_CUDA_cat). Ignored.
2026-10-05 22:11:28,708 INFO First result for clip 529 (modality macro) – window opened.
2026-10-05 22:11:28,712 INFO Result for clip 529, modality macro failed with status: Expected all tensors to be on the same device, but found at least two devices, cpu and cuda:0! (when checking argument for argument tensors in method wrapper_CUDA_cat). Ignored.
2026-10-05 22:12:44,627 INFO First result for clip 531 (modality macro) – window opened.
2026-10-05 22:12:44,630 INFO Result for clip 531, modality macro failed with status: Expected all tensors to be on the same device, but found at least two devices, cpu and cuda:0! (when checking argument for argument tensors in method wrapper_CUDA_cat). Ignored.
2026-10-05 22:12:47,655 INFO First result for clip 530 (modality macro) – window opened.
2026-10-05 22:12:47,672 INFO Result for clip 530, modality macro failed with status: Expected all tensors to be on the same device, but found at least two devices, cpu and cuda:0! (when checking argument for argument tensors in method wrapper_CUDA_cat). Ignored.
2026-10-05 22:13:52,040 INFO First result for clip 532 (modality macro) – window opened.
2026-10-05 22:13:52,044 INFO Result for clip 532, modality macro failed with status: Expected all tensors to be on the same device, but found at least two devices, cpu and cuda:0! (when checking argument for argument tensors in method wrapper_CUDA_cat). Ignored.
2026-10-05 22:13:56,173 INFO First result for clip 533 (modality macro) – window opened.
2026-10-05 22:13:56,183 INFO Result for clip 533, modality macro failed with status: Expected all tensors to be on the same device, but found at least two devices, cpu and cuda:0! (when checking argument for argument tensors in method wrapper_CUDA_cat). Ignored.
2026-10-05 22:15:10,935 INFO First result for clip 534 (modality macro) – window opened.
2026-10-05 22:15:10,938 INFO Result for clip 534, modality macro failed with status: Expected all tensors to be on the same device, but found at least two devices, cpu and cuda:0! (when checking argument for argument tensors in method wrapper_CUDA_cat). Ignored.
2026-10-05 22:15:14,442 INFO First result for clip 535 (modality macro) – window opened.
2026-10-05 22:15:14,447 INFO Result for clip 535, modality macro failed with status: Expected all tensors to be on the same device, but found at least two devices, cpu and cuda:0! (when checking argument for argument tensors in method wrapper_CUDA_cat). Ignored.
2026-10-05 22:16:22,056 INFO First result for clip 537 (modality macro) – window opened.
2026-10-05 22:16:22,062 INFO Result for clip 537, modality macro failed with status: Expected all tensors to be on the same device, but found at least two devices, cpu and cuda:0! (when checking argument for argument tensors in method wrapper_CUDA_cat). Ignored.
2026-10-05 22:16:23,473 INFO First result for clip 536 (modality macro) – window opened.
2026-10-05 22:16:23,490 INFO Result for clip 536, modality macro failed with status: Expected all tensors to be on the same device, but found at least two devices, cpu and cuda:0! (when checking argument for argument tensors in method wrapper_CUDA_cat). Ignored.
2026-10-05 22:17:30,870 INFO First result for clip 538 (modality macro) – window opened.
2026-10-05 22:17:30,876 INFO Result for clip 538, modality macro failed with status: Expected all tensors to be on the same device, but found at least two devices, cpu and cuda:0! (when checking argument for argument tensors in method wrapper_CUDA_cat). Ignored.
2026-10-05 22:17:46,036 INFO First result for clip 539 (modality macro) – window opened.
2026-10-05 22:17:46,043 INFO Result for clip 539, modality macro failed with status: Expected all tensors to be on the same device, but found at least two devices, cpu and cuda:0! (when checking argument for argument tensors in method wrapper_CUDA_cat). Ignored.
2026-10-05 22:18:45,572 INFO First result for clip 540 (modality macro) – window opened.
2026-10-05 22:18:45,575 INFO Result for clip 540, modality macro failed with status: Expected all tensors to be on the same device, but found at least two devices, cpu and cuda:0! (when checking argument for argument tensors in method wrapper_CUDA_cat). Ignored.
2026-10-05 22:18:53,288 INFO First result for clip 541 (modality macro) – window opened.
2026-10-05 22:18:53,296 INFO Result for clip 541, modality macro failed with status: Expected all tensors to be on the same device, but found at least two devices, cpu and cuda:0! (when checking argument for argument tensors in method wrapper_CUDA_cat). Ignored.
2026-10-05 22:19:45,823 INFO First result for clip 542 (modality macro) – window opened.
2026-10-05 22:19:45,827 INFO Result for clip 542, modality macro failed with status: Expected all tensors to be on the same device, but found at least two devices, cpu and cuda:0! (when checking argument for argument tensors in method wrapper_CUDA_cat). Ignored.
2026-10-05 22:19:55,385 INFO First result for clip 543 (modality macro) – window opened.
2026-10-05 22:19:55,389 INFO Result for clip 543, modality macro failed with status: Expected all tensors to be on the same device, but found at least two devices, cpu and cuda:0! (when checking argument for argument tensors in method wrapper_CUDA_cat). Ignored.
2026-10-05 22:21:12,199 INFO First result for clip 544 (modality macro) – window opened.
2026-10-05 22:21:12,206 INFO Result for clip 544, modality macro failed with status: Expected all tensors to be on the same device, but found at least two devices, cpu and cuda:0! (when checking argument for argument tensors in method wrapper_CUDA_cat). Ignored.
2026-10-05 22:21:15,599 INFO First result for clip 545 (modality macro) – window opened.
2026-10-05 22:21:15,609 INFO Result for clip 545, modality macro failed with status: Expected all tensors to be on the same device, but found at least two devices, cpu and cuda:0! (when checking argument for argument tensors in method wrapper_CUDA_cat). Ignored.
2026-10-05 22:22:02,700 INFO First result for clip 546 (modality macro) – window opened.
2026-10-05 22:22:02,706 INFO Result for clip 546, modality macro failed with status: Expected all tensors to be on the same device, but found at least two devices, cpu and cuda:0! (when checking argument for argument tensors in method wrapper_CUDA_cat). Ignored.
2026-10-05 22:22:17,153 INFO First result for clip 547 (modality macro) – window opened.
2026-10-05 22:22:17,160 INFO Result for clip 547, modality macro failed with status: Expected all tensors to be on the same device, but found at least two devices, cpu and cuda:0! (when checking argument for argument tensors in method wrapper_CUDA_cat). Ignored.
2026-10-05 22:23:55,380 INFO First result for clip 549 (modality macro) – window opened.
2026-10-05 22:23:55,383 INFO Result for clip 549, modality macro failed with status: Expected all tensors to be on the same device, but found at least two devices, cpu and cuda:0! (when checking argument for argument tensors in method wrapper_CUDA_cat). Ignored.
2026-10-05 22:24:01,655 INFO First result for clip 548 (modality macro) – window opened.
2026-10-05 22:24:01,669 INFO Result for clip 548, modality macro failed with status: Expected all tensors to be on the same device, but found at least two devices, cpu and cuda:0! (when checking argument for argument tensors in method wrapper_CUDA_cat). Ignored.
2026-10-05 22:24:21,709 INFO First result for clip 550 (modality macro) – window opened.
2026-10-05 22:24:21,722 INFO Result for clip 550, modality macro failed with status: Expected all tensors to be on the same device, but found at least two devices, cpu and cuda:0! (when checking argument for argument tensors in method wrapper_CUDA_cat). Ignored.
2026-10-05 22:24:33,128 INFO First result for clip 551 (modality macro) – window opened.
2026-10-05 22:24:33,130 INFO Result for clip 551, modality macro failed with status: Expected all tensors to be on the same device, but found at least two devices, cpu and cuda:0! (when checking argument for argument tensors in method wrapper_CUDA_cat). Ignored.
2026-10-05 22:26:13,585 INFO First result for clip 552 (modality macro) – window opened.
2026-10-05 22:26:13,590 INFO Result for clip 552, modality macro failed with status: Expected all tensors to be on the same device, but found at least two devices, cpu and cuda:0! (when checking argument for argument tensors in method wrapper_CUDA_cat). Ignored.
2026-10-05 22:26:43,214 INFO First result for clip 553 (modality macro) – window opened.
2026-10-05 22:26:43,223 INFO Result for clip 553, modality macro failed with status: Expected all tensors to be on the same device, but found at least two devices, cpu and cuda:0! (when checking argument for argument tensors in method wrapper_CUDA_cat). Ignored.
2026-10-05 22:27:10,685 INFO First result for clip 554 (modality macro) – window opened.
2026-10-05 22:27:10,689 INFO Result for clip 554, modality macro failed with status: Expected all tensors to be on the same device, but found at least two devices, cpu and cuda:0! (when checking argument for argument tensors in method wrapper_CUDA_cat). Ignored.
2026-10-05 22:27:14,098 INFO First result for clip 555 (modality macro) – window opened.
2026-10-05 22:27:14,101 INFO Result for clip 555, modality macro failed with status: Expected all tensors to be on the same device, but found at least two devices, cpu and cuda:0! (when checking argument for argument tensors in method wrapper_CUDA_cat). Ignored.
2026-10-05 22:28:20,758 INFO First result for clip 556 (modality macro) – window opened.
2026-10-05 22:28:20,761 INFO Result for clip 556, modality macro failed with status: Expected all tensors to be on the same device, but found at least two devices, cpu and cuda:0! (when checking argument for argument tensors in method wrapper_CUDA_cat). Ignored.
2026-10-05 22:28:53,309 INFO First result for clip 557 (modality macro) – window opened.
2026-10-05 22:28:53,313 INFO Result for clip 557, modality macro failed with status: Expected all tensors to be on the same device, but found at least two devices, cpu and cuda:0! (when checking argument for argument tensors in method wrapper_CUDA_cat). Ignored.
2026-10-05 22:29:43,334 INFO First result for clip 558 (modality macro) – window opened.
2026-10-05 22:29:43,338 INFO Result for clip 558, modality macro failed with status: Expected all tensors to be on the same device, but found at least two devices, cpu and cuda:0! (when checking argument for argument tensors in method wrapper_CUDA_cat). Ignored.
2026-10-05 22:29:57,252 INFO First result for clip 559 (modality macro) – window opened.
2026-10-05 22:29:57,269 INFO Result for clip 559, modality macro failed with status: Expected all tensors to be on the same device, but found at least two devices, cpu and cuda:0! (when checking argument for argument tensors in method wrapper_CUDA_cat). Ignored.
2026-10-05 22:30:37,350 INFO First result for clip 560 (modality macro) – window opened.
2026-10-05 22:30:37,356 INFO Result for clip 560, modality macro failed with status: Expected all tensors to be on the same device, but found at least two devices, cpu and cuda:0! (when checking argument for argument tensors in method wrapper_CUDA_cat). Ignored.
2026-10-05 22:31:07,781 INFO First result for clip 561 (modality macro) – window opened.
2026-10-05 22:31:07,787 INFO Result for clip 561, modality macro failed with status: Expected all tensors to be on the same device, but found at least two devices, cpu and cuda:0! (when checking argument for argument tensors in method wrapper_CUDA_cat). Ignored.
2026-10-05 22:32:04,343 INFO First result for clip 562 (modality macro) – window opened.
2026-10-05 22:32:04,346 INFO Result for clip 562, modality macro failed with status: Expected all tensors to be on the same device, but found at least two devices, cpu and cuda:0! (when checking argument for argument tensors in method wrapper_CUDA_cat). Ignored.
2026-10-05 22:32:25,462 INFO First result for clip 563 (modality macro) – window opened.
2026-10-05 22:32:25,468 INFO Result for clip 563, modality macro failed with status: Expected all tensors to be on the same device, but found at least two devices, cpu and cuda:0! (when checking argument for argument tensors in method wrapper_CUDA_cat). Ignored.
2026-10-05 22:32:50,309 INFO First result for clip 564 (modality macro) – window opened.
2026-10-05 22:32:50,326 INFO Result for clip 564, modality macro failed with status: Expected all tensors to be on the same device, but found at least two devices, cpu and cuda:0! (when checking argument for argument tensors in method wrapper_CUDA_cat). Ignored.
2026-10-05 22:33:16,098 INFO First result for clip 565 (modality macro) – window opened.
2026-10-05 22:33:16,108 INFO Result for clip 565, modality macro failed with status: Expected all tensors to be on the same device, but found at least two devices, cpu and cuda:0! (when checking argument for argument tensors in method wrapper_CUDA_cat). Ignored.
2026-10-05 22:34:23,623 INFO First result for clip 566 (modality macro) – window opened.
2026-10-05 22:34:23,631 INFO Result for clip 566, modality macro failed with status: Expected all tensors to be on the same device, but found at least two devices, cpu and cuda:0! (when checking argument for argument tensors in method wrapper_CUDA_cat). Ignored.
2026-10-05 22:34:42,741 INFO First result for clip 567 (modality macro) – window opened.
2026-10-05 22:34:42,745 INFO Result for clip 567, modality macro failed with status: Expected all tensors to be on the same device, but found at least two devices, cpu and cuda:0! (when checking argument for argument tensors in method wrapper_CUDA_cat). Ignored.
2026-10-05 22:35:13,778 INFO First result for clip 568 (modality macro) – window opened.
2026-10-05 22:35:13,781 INFO Result for clip 568, modality macro failed with status: Expected all tensors to be on the same device, but found at least two devices, cpu and cuda:0! (when checking argument for argument tensors in method wrapper_CUDA_cat). Ignored.
2026-10-05 22:35:35,066 INFO First result for clip 569 (modality macro) – window opened.
2026-10-05 22:35:35,072 INFO Result for clip 569, modality macro failed with status: Expected all tensors to be on the same device, but found at least two devices, cpu and cuda:0! (when checking argument for argument tensors in method wrapper_CUDA_cat). Ignored.
2026-10-05 22:36:38,783 INFO First result for clip 570 (modality macro) – window opened.
2026-10-05 22:36:38,788 INFO Result for clip 570, modality macro failed with status: Expected all tensors to be on the same device, but found at least two devices, cpu and cuda:0! (when checking argument for argument tensors in method wrapper_CUDA_cat). Ignored.
2026-10-05 22:36:56,523 INFO First result for clip 571 (modality macro) – window opened.
2026-10-05 22:36:56,530 INFO Result for clip 571, modality macro failed with status: Expected all tensors to be on the same device, but found at least two devices, cpu and cuda:0! (when checking argument for argument tensors in method wrapper_CUDA_cat). Ignored.
2026-10-05 22:37:19,004 INFO First result for clip 572 (modality macro) – window opened.
2026-10-05 22:37:19,009 INFO Result for clip 572, modality macro failed with status: Expected all tensors to be on the same device, but found at least two devices, cpu and cuda:0! (when checking argument for argument tensors in method wrapper_CUDA_cat). Ignored.
2026-10-05 22:37:45,486 INFO First result for clip 573 (modality macro) – window opened.
2026-10-05 22:37:45,488 INFO Result for clip 573, modality macro failed with status: Expected all tensors to be on the same device, but found at least two devices, cpu and cuda:0! (when checking argument for argument tensors in method wrapper_CUDA_cat). Ignored.
2026-10-05 22:38:55,110 INFO First result for clip 574 (modality macro) – window opened.
2026-10-05 22:38:55,114 INFO Result for clip 574, modality macro failed with status: Expected all tensors to be on the same device, but found at least two devices, cpu and cuda:0! (when checking argument for argument tensors in method wrapper_CUDA_cat). Ignored.
2026-10-05 22:39:08,343 INFO First result for clip 575 (modality macro) – window opened.
2026-10-05 22:39:08,348 INFO Result for clip 575, modality macro failed with status: Expected all tensors to be on the same device, but found at least two devices, cpu and cuda:0! (when checking argument for argument tensors in method wrapper_CUDA_cat). Ignored.
2026-10-05 22:39:37,847 INFO First result for clip 576 (modality macro) – window opened.
2026-10-05 22:39:37,860 INFO Result for clip 576, modality macro failed with status: Expected all tensors to be on the same device, but found at least two devices, cpu and cuda:0! (when checking argument for argument tensors in method wrapper_CUDA_cat). Ignored.
2026-10-05 22:39:55,068 INFO First result for clip 577 (modality macro) – window opened.
2026-10-05 22:39:55,073 INFO Result for clip 577, modality macro failed with status: Expected all tensors to be on the same device, but found at least two devices, cpu and cuda:0! (when checking argument for argument tensors in method wrapper_CUDA_cat). Ignored.
2026-10-05 22:41:09,310 INFO First result for clip 578 (modality macro) – window opened.
2026-10-05 22:41:09,313 INFO Result for clip 578, modality macro failed with status: Expected all tensors to be on the same device, but found at least two devices, cpu and cuda:0! (when checking argument for argument tensors in method wrapper_CUDA_cat). Ignored.
2026-10-05 22:41:27,632 INFO First result for clip 579 (modality macro) – window opened.
2026-10-05 22:41:27,640 INFO Result for clip 579, modality macro failed with status: Expected all tensors to be on the same device, but found at least two devices, cpu and cuda:0! (when checking argument for argument tensors in method wrapper_CUDA_cat). Ignored.
2026-10-05 22:41:49,346 INFO First result for clip 580 (modality macro) – window opened.
2026-10-05 22:41:49,349 INFO Result for clip 580, modality macro failed with status: Expected all tensors to be on the same device, but found at least two devices, cpu and cuda:0! (when checking argument for argument tensors in method wrapper_CUDA_cat). Ignored.
2026-10-05 22:42:09,970 INFO First result for clip 581 (modality macro) – window opened.
2026-10-05 22:42:09,983 INFO Result for clip 581, modality macro failed with status: Expected all tensors to be on the same device, but found at least two devices, cpu and cuda:0! (when checking argument for argument tensors in method wrapper_CUDA_cat). Ignored.
2026-10-05 22:43:21,993 INFO First result for clip 582 (modality macro) – window opened.
2026-10-05 22:43:21,996 INFO Result for clip 582, modality macro failed with status: Expected all tensors to be on the same device, but found at least two devices, cpu and cuda:0! (when checking argument for argument tensors in method wrapper_CUDA_cat). Ignored.
2026-10-05 22:43:50,008 INFO First result for clip 583 (modality macro) – window opened.
2026-10-05 22:43:50,019 INFO Result for clip 583, modality macro failed with status: Expected all tensors to be on the same device, but found at least two devices, cpu and cuda:0! (when checking argument for argument tensors in method wrapper_CUDA_cat). Ignored.
2026-10-05 22:44:07,298 INFO First result for clip 584 (modality macro) – window opened.
2026-10-05 22:44:07,302 INFO Result for clip 584, modality macro failed with status: Expected all tensors to be on the same device, but found at least two devices, cpu and cuda:0! (when checking argument for argument tensors in method wrapper_CUDA_cat). Ignored.
2026-10-05 22:44:21,931 INFO First result for clip 585 (modality macro) – window opened.
2026-10-05 22:44:21,935 INFO Result for clip 585, modality macro failed with status: Expected all tensors to be on the same device, but found at least two devices, cpu and cuda:0! (when checking argument for argument tensors in method wrapper_CUDA_cat). Ignored.
2026-10-05 22:45:34,828 INFO First result for clip 586 (modality macro) – window opened.
2026-10-05 22:45:34,834 INFO Result for clip 586, modality macro failed with status: Expected all tensors to be on the same device, but found at least two devices, cpu and cuda:0! (when checking argument for argument tensors in method wrapper_CUDA_cat). Ignored.
2026-10-05 22:46:03,319 INFO First result for clip 587 (modality macro) – window opened.
2026-10-05 22:46:03,327 INFO Result for clip 587, modality macro failed with status: Expected all tensors to be on the same device, but found at least two devices, cpu and cuda:0! (when checking argument for argument tensors in method wrapper_CUDA_cat). Ignored.
2026-10-05 22:46:37,712 INFO First result for clip 588 (modality macro) – window opened.
2026-10-05 22:46:37,717 INFO Result for clip 588, modality macro failed with status: Expected all tensors to be on the same device, but found at least two devices, cpu and cuda:0! (when checking argument for argument tensors in method wrapper_CUDA_cat). Ignored.
2026-10-05 22:46:47,602 INFO First result for clip 589 (modality macro) – window opened.
2026-10-05 22:46:47,605 INFO Result for clip 589, modality macro failed with status: Expected all tensors to be on the same device, but found at least two devices, cpu and cuda:0! (when checking argument for argument tensors in method wrapper_CUDA_cat). Ignored.
2026-10-05 22:47:41,964 INFO First result for clip 590 (modality macro) – window opened.
2026-10-05 22:47:41,968 INFO Result for clip 590, modality macro failed with status: Expected all tensors to be on the same device, but found at least two devices, cpu and cuda:0! (when checking argument for argument tensors in method wrapper_CUDA_cat). Ignored.
2026-10-05 22:48:20,840 INFO First result for clip 591 (modality macro) – window opened.
2026-10-05 22:48:20,849 INFO Result for clip 591, modality macro failed with status: Expected all tensors to be on the same device, but found at least two devices, cpu and cuda:0! (when checking argument for argument tensors in method wrapper_CUDA_cat). Ignored.
2026-10-05 22:49:13,176 INFO First result for clip 593 (modality macro) – window opened.
2026-10-05 22:49:13,180 INFO Result for clip 593, modality macro failed with status: Expected all tensors to be on the same device, but found at least two devices, cpu and cuda:0! (when checking argument for argument tensors in method wrapper_CUDA_cat). Ignored.
2026-10-05 22:49:14,488 INFO First result for clip 592 (modality macro) – window opened.
2026-10-05 22:49:14,502 INFO Result for clip 592, modality macro failed with status: Expected all tensors to be on the same device, but found at least two devices, cpu and cuda:0! (when checking argument for argument tensors in method wrapper_CUDA_cat). Ignored.
2026-10-05 22:49:50,489 INFO First result for clip 594 (modality macro) – window opened.
2026-10-05 22:49:50,494 INFO Result for clip 594, modality macro failed with status: Expected all tensors to be on the same device, but found at least two devices, cpu and cuda:0! (when checking argument for argument tensors in method wrapper_CUDA_cat). Ignored.
2026-10-05 22:50:27,548 INFO First result for clip 595 (modality macro) – window opened.
2026-10-05 22:50:27,554 INFO Result for clip 595, modality macro failed with status: Expected all tensors to be on the same device, but found at least two devices, cpu and cuda:0! (when checking argument for argument tensors in method wrapper_CUDA_cat). Ignored.
2026-10-05 22:51:40,837 INFO First result for clip 596 (modality macro) – window opened.
2026-10-05 22:51:40,842 INFO Result for clip 596, modality macro failed with status: Expected all tensors to be on the same device, but found at least two devices, cpu and cuda:0! (when checking argument for argument tensors in method wrapper_CUDA_cat). Ignored.
2026-10-05 22:51:50,898 INFO First result for clip 597 (modality macro) – window opened.
2026-10-05 22:51:50,905 INFO Result for clip 597, modality macro failed with status: Expected all tensors to be on the same device, but found at least two devices, cpu and cuda:0! (when checking argument for argument tensors in method wrapper_CUDA_cat). Ignored.
2026-10-05 22:52:03,285 INFO First result for clip 598 (modality macro) – window opened.
2026-10-05 22:52:03,314 INFO Result for clip 598, modality macro failed with status: Expected all tensors to be on the same device, but found at least two devices, cpu and cuda:0! (when checking argument for argument tensors in method wrapper_CUDA_cat). Ignored.
2026-10-05 22:52:43,216 INFO First result for clip 599 (modality macro) – window opened.
2026-10-05 22:52:43,222 INFO Result for clip 599, modality macro failed with status: Expected all tensors to be on the same device, but found at least two devices, cpu and cuda:0! (when checking argument for argument tensors in method wrapper_CUDA_cat). Ignored.
2026-10-05 22:54:12,118 INFO First result for clip 600 (modality macro) – window opened.
2026-10-05 22:54:12,124 INFO Result for clip 600, modality macro failed with status: Expected all tensors to be on the same device, but found at least two devices, cpu and cuda:0! (when checking argument for argument tensors in method wrapper_CUDA_cat). Ignored.
2026-10-05 22:54:26,724 INFO First result for clip 601 (modality macro) – window opened.
2026-10-05 22:54:26,733 INFO Result for clip 601, modality macro failed with status: Expected all tensors to be on the same device, but found at least two devices, cpu and cuda:0! (when checking argument for argument tensors in method wrapper_CUDA_cat). Ignored.
2026-10-05 22:54:51,342 INFO First result for clip 602 (modality macro) – window opened.
2026-10-05 22:54:51,347 INFO Result for clip 602, modality macro failed with status: Expected all tensors to be on the same device, but found at least two devices, cpu and cuda:0! (when checking argument for argument tensors in method wrapper_CUDA_cat). Ignored.
2026-10-05 22:54:58,598 INFO First result for clip 603 (modality macro) – window opened.
2026-10-05 22:54:58,607 INFO Result for clip 603, modality macro failed with status: Expected all tensors to be on the same device, but found at least two devices, cpu and cuda:0! (when checking argument for argument tensors in method wrapper_CUDA_cat). Ignored.
2026-10-05 22:56:27,302 INFO First result for clip 604 (modality macro) – window opened.
2026-10-05 22:56:27,307 INFO Result for clip 604, modality macro failed with status: Expected all tensors to be on the same device, but found at least two devices, cpu and cuda:0! (when checking argument for argument tensors in method wrapper_CUDA_cat). Ignored.
2026-10-05 22:56:44,273 INFO First result for clip 605 (modality macro) – window opened.
2026-10-05 22:56:44,278 INFO Result for clip 605, modality macro failed with status: Expected all tensors to be on the same device, but found at least two devices, cpu and cuda:0! (when checking argument for argument tensors in method wrapper_CUDA_cat). Ignored.
2026-10-05 22:57:07,297 INFO First result for clip 606 (modality macro) – window opened.
2026-10-05 22:57:07,303 INFO Result for clip 606, modality macro failed with status: Expected all tensors to be on the same device, but found at least two devices, cpu and cuda:0! (when checking argument for argument tensors in method wrapper_CUDA_cat). Ignored.
2026-10-05 22:57:23,532 INFO First result for clip 607 (modality macro) – window opened.
2026-10-05 22:57:23,536 INFO Result for clip 607, modality macro failed with status: Expected all tensors to be on the same device, but found at least two devices, cpu and cuda:0! (when checking argument for argument tensors in method wrapper_CUDA_cat). Ignored.
2026-10-05 22:58:50,895 INFO First result for clip 608 (modality macro) – window opened.
2026-10-05 22:58:50,902 INFO Result for clip 608, modality macro failed with status: Expected all tensors to be on the same device, but found at least two devices, cpu and cuda:0! (when checking argument for argument tensors in method wrapper_CUDA_cat). Ignored.
2026-10-05 22:58:59,933 INFO First result for clip 609 (modality macro) – window opened.
2026-10-05 22:58:59,942 INFO Result for clip 609, modality macro failed with status: Expected all tensors to be on the same device, but found at least two devices, cpu and cuda:0! (when checking argument for argument tensors in method wrapper_CUDA_cat). Ignored.
2026-10-05 22:59:16,677 INFO First result for clip 610 (modality macro) – window opened.
2026-10-05 22:59:16,690 INFO Result for clip 610, modality macro failed with status: Expected all tensors to be on the same device, but found at least two devices, cpu and cuda:0! (when checking argument for argument tensors in method wrapper_CUDA_cat). Ignored.
2026-10-05 22:59:28,908 INFO First result for clip 611 (modality macro) – window opened.
2026-10-05 22:59:28,912 INFO Result for clip 611, modality macro failed with status: Expected all tensors to be on the same device, but found at least two devices, cpu and cuda:0! (when checking argument for argument tensors in method wrapper_CUDA_cat). Ignored.
2026-10-05 23:01:02,910 INFO First result for clip 612 (modality macro) – window opened.
2026-10-05 23:01:02,918 INFO Result for clip 612, modality macro failed with status: Expected all tensors to be on the same device, but found at least two devices, cpu and cuda:0! (when checking argument for argument tensors in method wrapper_CUDA_cat). Ignored.
2026-10-05 23:01:36,144 INFO First result for clip 613 (modality macro) – window opened.
2026-10-05 23:01:36,148 INFO Result for clip 613, modality macro failed with status: Expected all tensors to be on the same device, but found at least two devices, cpu and cuda:0! (when checking argument for argument tensors in method wrapper_CUDA_cat). Ignored.
2026-10-05 23:01:50,826 INFO First result for clip 614 (modality macro) – window opened.
2026-10-05 23:01:50,832 INFO Result for clip 614, modality macro failed with status: Expected all tensors to be on the same device, but found at least two devices, cpu and cuda:0! (when checking argument for argument tensors in method wrapper_CUDA_cat). Ignored.
2026-10-05 23:02:01,812 INFO First result for clip 615 (modality macro) – window opened.
2026-10-05 23:02:01,820 INFO Result for clip 615, modality macro failed with status: Expected all tensors to be on the same device, but found at least two devices, cpu and cuda:0! (when checking argument for argument tensors in method wrapper_CUDA_cat). Ignored.
2026-10-05 23:03:03,692 INFO First result for clip 616 (modality macro) – window opened.
2026-10-05 23:03:03,696 INFO Result for clip 616, modality macro failed with status: Expected all tensors to be on the same device, but found at least two devices, cpu and cuda:0! (when checking argument for argument tensors in method wrapper_CUDA_cat). Ignored.
2026-10-05 23:03:51,694 INFO First result for clip 617 (modality macro) – window opened.
2026-10-05 23:03:51,699 INFO Result for clip 617, modality macro failed with status: Expected all tensors to be on the same device, but found at least two devices, cpu and cuda:0! (when checking argument for argument tensors in method wrapper_CUDA_cat). Ignored.
2026-10-05 23:04:29,542 INFO First result for clip 618 (modality macro) – window opened.
2026-10-05 23:04:29,560 INFO Result for clip 618, modality macro failed with status: Expected all tensors to be on the same device, but found at least two devices, cpu and cuda:0! (when checking argument for argument tensors in method wrapper_CUDA_cat). Ignored.
2026-10-05 23:04:47,959 INFO First result for clip 619 (modality macro) – window opened.
2026-10-05 23:04:47,963 INFO Result for clip 619, modality macro failed with status: Expected all tensors to be on the same device, but found at least two devices, cpu and cuda:0! (when checking argument for argument tensors in method wrapper_CUDA_cat). Ignored.
2026-10-05 23:05:26,459 INFO First result for clip 620 (modality macro) – window opened.
2026-10-05 23:05:26,463 INFO Result for clip 620, modality macro failed with status: Expected all tensors to be on the same device, but found at least two devices, cpu and cuda:0! (when checking argument for argument tensors in method wrapper_CUDA_cat). Ignored.
2026-10-05 23:06:09,835 INFO First result for clip 621 (modality macro) – window opened.
2026-10-05 23:06:09,851 INFO Result for clip 621, modality macro failed with status: Expected all tensors to be on the same device, but found at least two devices, cpu and cuda:0! (when checking argument for argument tensors in method wrapper_CUDA_cat). Ignored.
2026-10-05 23:06:41,160 INFO First result for clip 622 (modality macro) – window opened.
2026-10-05 23:06:41,173 INFO Result for clip 622, modality macro failed with status: Expected all tensors to be on the same device, but found at least two devices, cpu and cuda:0! (when checking argument for argument tensors in method wrapper_CUDA_cat). Ignored.
2026-10-05 23:06:57,802 INFO First result for clip 623 (modality macro) – window opened.
2026-10-05 23:06:57,806 INFO Result for clip 623, modality macro failed with status: Expected all tensors to be on the same device, but found at least two devices, cpu and cuda:0! (when checking argument for argument tensors in method wrapper_CUDA_cat). Ignored.
2026-10-05 23:07:41,486 INFO First result for clip 624 (modality macro) – window opened.
2026-10-05 23:07:41,492 INFO Result for clip 624, modality macro failed with status: Expected all tensors to be on the same device, but found at least two devices, cpu and cuda:0! (when checking argument for argument tensors in method wrapper_CUDA_cat). Ignored.
2026-10-05 23:08:20,966 INFO First result for clip 625 (modality macro) – window opened.
2026-10-05 23:08:20,970 INFO Result for clip 625, modality macro failed with status: Expected all tensors to be on the same device, but found at least two devices, cpu and cuda:0! (when checking argument for argument tensors in method wrapper_CUDA_cat). Ignored.
2026-10-05 23:08:55,002 INFO First result for clip 626 (modality macro) – window opened.
2026-10-05 23:08:55,005 INFO Result for clip 626, modality macro failed with status: Expected all tensors to be on the same device, but found at least two devices, cpu and cuda:0! (when checking argument for argument tensors in method wrapper_CUDA_cat). Ignored.
2026-10-05 23:09:13,159 INFO First result for clip 627 (modality macro) – window opened.
2026-10-05 23:09:13,162 INFO Result for clip 627, modality macro failed with status: Expected all tensors to be on the same device, but found at least two devices, cpu and cuda:0! (when checking argument for argument tensors in method wrapper_CUDA_cat). Ignored.
2026-10-05 23:09:59,920 INFO First result for clip 628 (modality macro) – window opened.
2026-10-05 23:09:59,925 INFO Result for clip 628, modality macro failed with status: Expected all tensors to be on the same device, but found at least two devices, cpu and cuda:0! (when checking argument for argument tensors in method wrapper_CUDA_cat). Ignored.
2026-10-05 23:10:33,298 INFO First result for clip 629 (modality macro) – window opened.
2026-10-05 23:10:33,309 INFO Result for clip 629, modality macro failed with status: Expected all tensors to be on the same device, but found at least two devices, cpu and cuda:0! (when checking argument for argument tensors in method wrapper_CUDA_cat). Ignored.
2026-10-05 23:11:06,491 INFO First result for clip 630 (modality macro) – window opened.
2026-10-05 23:11:06,498 INFO Result for clip 630, modality macro failed with status: Expected all tensors to be on the same device, but found at least two devices, cpu and cuda:0! (when checking argument for argument tensors in method wrapper_CUDA_cat). Ignored.
2026-10-05 23:11:17,491 INFO First result for clip 631 (modality macro) – window opened.
2026-10-05 23:11:17,508 INFO Result for clip 631, modality macro failed with status: Expected all tensors to be on the same device, but found at least two devices, cpu and cuda:0! (when checking argument for argument tensors in method wrapper_CUDA_cat). Ignored.
2026-10-05 23:12:01,880 INFO First result for clip 632 (modality macro) – window opened.
2026-10-05 23:12:01,892 INFO Result for clip 632, modality macro failed with status: Expected all tensors to be on the same device, but found at least two devices, cpu and cuda:0! (when checking argument for argument tensors in method wrapper_CUDA_cat). Ignored.
2026-10-05 23:12:42,988 INFO First result for clip 633 (modality macro) – window opened.
2026-10-05 23:12:42,991 INFO Result for clip 633, modality macro failed with status: Expected all tensors to be on the same device, but found at least two devices, cpu and cuda:0! (when checking argument for argument tensors in method wrapper_CUDA_cat). Ignored.
2026-10-05 23:13:16,412 INFO First result for clip 634 (modality macro) – window opened.
2026-10-05 23:13:16,419 INFO Result for clip 634, modality macro failed with status: Expected all tensors to be on the same device, but found at least two devices, cpu and cuda:0! (when checking argument for argument tensors in method wrapper_CUDA_cat). Ignored.
2026-10-05 23:13:32,895 INFO First result for clip 635 (modality macro) – window opened.
2026-10-05 23:13:32,899 INFO Result for clip 635, modality macro failed with status: Expected all tensors to be on the same device, but found at least two devices, cpu and cuda:0! (when checking argument for argument tensors in method wrapper_CUDA_cat). Ignored.
2026-10-05 23:14:10,330 INFO First result for clip 636 (modality macro) – window opened.
2026-10-05 23:14:10,336 INFO Result for clip 636, modality macro failed with status: Expected all tensors to be on the same device, but found at least two devices, cpu and cuda:0! (when checking argument for argument tensors in method wrapper_CUDA_cat). Ignored.
2026-10-05 23:14:46,084 INFO First result for clip 637 (modality macro) – window opened.
2026-10-05 23:14:46,101 INFO Result for clip 637, modality macro failed with status: Expected all tensors to be on the same device, but found at least two devices, cpu and cuda:0! (when checking argument for argument tensors in method wrapper_CUDA_cat). Ignored.
2026-10-05 23:15:27,742 INFO First result for clip 638 (modality macro) – window opened.
2026-10-05 23:15:27,747 INFO Result for clip 638, modality macro failed with status: Expected all tensors to be on the same device, but found at least two devices, cpu and cuda:0! (when checking argument for argument tensors in method wrapper_CUDA_cat). Ignored.
2026-10-05 23:15:42,896 INFO First result for clip 639 (modality macro) – window opened.
2026-10-05 23:15:42,900 INFO Result for clip 639, modality macro failed with status: Expected all tensors to be on the same device, but found at least two devices, cpu and cuda:0! (when checking argument for argument tensors in method wrapper_CUDA_cat). Ignored.
2026-10-05 23:16:24,939 INFO First result for clip 640 (modality macro) – window opened.
2026-10-05 23:16:24,949 INFO Result for clip 640, modality macro failed with status: Expected all tensors to be on the same device, but found at least two devices, cpu and cuda:0! (when checking argument for argument tensors in method wrapper_CUDA_cat). Ignored.
2026-10-05 23:16:56,975 INFO First result for clip 641 (modality macro) – window opened.
2026-10-05 23:16:56,988 INFO Result for clip 641, modality macro failed with status: Expected all tensors to be on the same device, but found at least two devices, cpu and cuda:0! (when checking argument for argument tensors in method wrapper_CUDA_cat). Ignored.
2026-10-05 23:17:44,298 INFO First result for clip 642 (modality macro) – window opened.
2026-10-05 23:17:44,305 INFO Result for clip 642, modality macro failed with status: Expected all tensors to be on the same device, but found at least two devices, cpu and cuda:0! (when checking argument for argument tensors in method wrapper_CUDA_cat). Ignored.
2026-10-05 23:18:42,050 INFO First result for clip 643 (modality macro) – window opened.
2026-10-05 23:18:42,054 INFO Result for clip 643, modality macro failed with status: Expected all tensors to be on the same device, but found at least two devices, cpu and cuda:0! (when checking argument for argument tensors in method wrapper_CUDA_cat). Ignored.
2026-10-05 23:18:43,617 INFO First result for clip 644 (modality macro) – window opened.
2026-10-05 23:18:43,624 INFO Result for clip 644, modality macro failed with status: Expected all tensors to be on the same device, but found at least two devices, cpu and cuda:0! (when checking argument for argument tensors in method wrapper_CUDA_cat). Ignored.
2026-10-05 23:19:15,041 INFO First result for clip 645 (modality macro) – window opened.
2026-10-05 23:19:15,045 INFO Result for clip 645, modality macro failed with status: Expected all tensors to be on the same device, but found at least two devices, cpu and cuda:0! (when checking argument for argument tensors in method wrapper_CUDA_cat). Ignored.
2026-10-05 23:19:51,346 INFO First result for clip 646 (modality macro) – window opened.
2026-10-05 23:19:51,352 INFO Result for clip 646, modality macro failed with status: Expected all tensors to be on the same device, but found at least two devices, cpu and cuda:0! (when checking argument for argument tensors in method wrapper_CUDA_cat). Ignored.
2026-10-05 23:21:17,967 INFO First result for clip 647 (modality macro) – window opened.
2026-10-05 23:21:17,970 INFO Result for clip 647, modality macro failed with status: Expected all tensors to be on the same device, but found at least two devices, cpu and cuda:0! (when checking argument for argument tensors in method wrapper_CUDA_cat). Ignored.
2026-10-05 23:21:23,713 INFO First result for clip 648 (modality macro) – window opened.
2026-10-05 23:21:23,724 INFO Result for clip 648, modality macro failed with status: Expected all tensors to be on the same device, but found at least two devices, cpu and cuda:0! (when checking argument for argument tensors in method wrapper_CUDA_cat). Ignored.
2026-10-05 23:21:43,718 INFO First result for clip 649 (modality macro) – window opened.
2026-10-05 23:21:43,723 INFO Result for clip 649, modality macro failed with status: Expected all tensors to be on the same device, but found at least two devices, cpu and cuda:0! (when checking argument for argument tensors in method wrapper_CUDA_cat). Ignored.
2026-10-05 23:22:07,243 INFO First result for clip 650 (modality macro) – window opened.
2026-10-05 23:22:07,247 INFO Result for clip 650, modality macro failed with status: Expected all tensors to be on the same device, but found at least two devices, cpu and cuda:0! (when checking argument for argument tensors in method wrapper_CUDA_cat). Ignored.
2026-10-05 23:23:48,325 INFO First result for clip 651 (modality macro) – window opened.
2026-10-05 23:23:48,335 INFO Result for clip 651, modality macro failed with status: Expected all tensors to be on the same device, but found at least two devices, cpu and cuda:0! (when checking argument for argument tensors in method wrapper_CUDA_cat). Ignored.
2026-10-05 23:24:01,697 INFO First result for clip 652 (modality macro) – window opened.
2026-10-05 23:24:01,703 INFO Result for clip 652, modality macro failed with status: Expected all tensors to be on the same device, but found at least two devices, cpu and cuda:0! (when checking argument for argument tensors in method wrapper_CUDA_cat). Ignored.
2026-10-05 23:24:24,708 INFO First result for clip 653 (modality macro) – window opened.
2026-10-05 23:24:24,724 INFO Result for clip 653, modality macro failed with status: Expected all tensors to be on the same device, but found at least two devices, cpu and cuda:0! (when checking argument for argument tensors in method wrapper_CUDA_cat). Ignored.
2026-10-05 23:24:36,337 INFO First result for clip 654 (modality macro) – window opened.
2026-10-05 23:24:36,342 INFO Result for clip 654, modality macro failed with status: Expected all tensors to be on the same device, but found at least two devices, cpu and cuda:0! (when checking argument for argument tensors in method wrapper_CUDA_cat). Ignored.
2026-10-05 23:26:06,453 INFO First result for clip 655 (modality macro) – window opened.
2026-10-05 23:26:06,465 INFO Result for clip 655, modality macro failed with status: Expected all tensors to be on the same device, but found at least two devices, cpu and cuda:0! (when checking argument for argument tensors in method wrapper_CUDA_cat). Ignored.
2026-10-05 23:26:23,738 INFO First result for clip 656 (modality macro) – window opened.
2026-10-05 23:26:23,742 INFO Result for clip 656, modality macro failed with status: Expected all tensors to be on the same device, but found at least two devices, cpu and cuda:0! (when checking argument for argument tensors in method wrapper_CUDA_cat). Ignored.
2026-10-05 23:26:44,404 INFO First result for clip 657 (modality macro) – window opened.
2026-10-05 23:26:44,407 INFO Result for clip 657, modality macro failed with status: Expected all tensors to be on the same device, but found at least two devices, cpu and cuda:0! (when checking argument for argument tensors in method wrapper_CUDA_cat). Ignored.
2026-10-05 23:27:00,701 INFO First result for clip 658 (modality macro) – window opened.
2026-10-05 23:27:00,706 INFO Result for clip 658, modality macro failed with status: Expected all tensors to be on the same device, but found at least two devices, cpu and cuda:0! (when checking argument for argument tensors in method wrapper_CUDA_cat). Ignored.
2026-10-05 23:28:19,615 INFO First result for clip 659 (modality macro) – window opened.
2026-10-05 23:28:19,620 INFO Result for clip 659, modality macro failed with status: Expected all tensors to be on the same device, but found at least two devices, cpu and cuda:0! (when checking argument for argument tensors in method wrapper_CUDA_cat). Ignored.
2026-10-05 23:28:46,088 INFO First result for clip 660 (modality macro) – window opened.
2026-10-05 23:28:46,092 INFO Result for clip 660, modality macro failed with status: Expected all tensors to be on the same device, but found at least two devices, cpu and cuda:0! (when checking argument for argument tensors in method wrapper_CUDA_cat). Ignored.
2026-10-05 23:29:03,201 INFO First result for clip 661 (modality macro) – window opened.
2026-10-05 23:29:03,205 INFO Result for clip 661, modality macro failed with status: Expected all tensors to be on the same device, but found at least two devices, cpu and cuda:0! (when checking argument for argument tensors in method wrapper_CUDA_cat). Ignored.
2026-10-05 23:29:21,797 INFO First result for clip 662 (modality macro) – window opened.
2026-10-05 23:29:21,802 INFO Result for clip 662, modality macro failed with status: Expected all tensors to be on the same device, but found at least two devices, cpu and cuda:0! (when checking argument for argument tensors in method wrapper_CUDA_cat). Ignored.
2026-10-05 23:30:41,662 INFO First result for clip 663 (modality macro) – window opened.
2026-10-05 23:30:41,673 INFO Result for clip 663, modality macro failed with status: Expected all tensors to be on the same device, but found at least two devices, cpu and cuda:0! (when checking argument for argument tensors in method wrapper_CUDA_cat). Ignored.
2026-10-05 23:31:07,102 INFO First result for clip 664 (modality macro) – window opened.
2026-10-05 23:31:07,105 INFO Result for clip 664, modality macro failed with status: Expected all tensors to be on the same device, but found at least two devices, cpu and cuda:0! (when checking argument for argument tensors in method wrapper_CUDA_cat). Ignored.
2026-10-05 23:31:30,785 INFO First result for clip 665 (modality macro) – window opened.
2026-10-05 23:31:30,794 INFO Result for clip 665, modality macro failed with status: Expected all tensors to be on the same device, but found at least two devices, cpu and cuda:0! (when checking argument for argument tensors in method wrapper_CUDA_cat). Ignored.
2026-10-05 23:31:46,807 INFO First result for clip 666 (modality macro) – window opened.
2026-10-05 23:31:46,812 INFO Result for clip 666, modality macro failed with status: Expected all tensors to be on the same device, but found at least two devices, cpu and cuda:0! (when checking argument for argument tensors in method wrapper_CUDA_cat). Ignored.
2026-10-05 23:33:04,542 INFO First result for clip 667 (modality macro) – window opened.
2026-10-05 23:33:04,546 INFO Result for clip 667, modality macro failed with status: Expected all tensors to be on the same device, but found at least two devices, cpu and cuda:0! (when checking argument for argument tensors in method wrapper_CUDA_cat). Ignored.
2026-10-05 23:33:24,536 INFO First result for clip 668 (modality macro) – window opened.
2026-10-05 23:33:24,544 INFO Result for clip 668, modality macro failed with status: Expected all tensors to be on the same device, but found at least two devices, cpu and cuda:0! (when checking argument for argument tensors in method wrapper_CUDA_cat). Ignored.
2026-10-05 23:33:52,681 INFO First result for clip 669 (modality macro) – window opened.
2026-10-05 23:33:52,687 INFO Result for clip 669, modality macro failed with status: Expected all tensors to be on the same device, but found at least two devices, cpu and cuda:0! (when checking argument for argument tensors in method wrapper_CUDA_cat). Ignored.
2026-10-05 23:34:08,797 INFO First result for clip 670 (modality macro) – window opened.
2026-10-05 23:34:08,803 INFO Result for clip 670, modality macro failed with status: Expected all tensors to be on the same device, but found at least two devices, cpu and cuda:0! (when checking argument for argument tensors in method wrapper_CUDA_cat). Ignored.
2026-10-05 23:35:28,567 INFO First result for clip 671 (modality macro) – window opened.
2026-10-05 23:35:28,572 INFO Result for clip 671, modality macro failed with status: Expected all tensors to be on the same device, but found at least two devices, cpu and cuda:0! (when checking argument for argument tensors in method wrapper_CUDA_cat). Ignored.
2026-10-05 23:35:49,062 INFO First result for clip 672 (modality macro) – window opened.
2026-10-05 23:35:49,066 INFO Result for clip 672, modality macro failed with status: Expected all tensors to be on the same device, but found at least two devices, cpu and cuda:0! (when checking argument for argument tensors in method wrapper_CUDA_cat). Ignored.
2026-10-05 23:36:11,377 INFO First result for clip 673 (modality macro) – window opened.
2026-10-05 23:36:11,385 INFO Result for clip 673, modality macro failed with status: Expected all tensors to be on the same device, but found at least two devices, cpu and cuda:0! (when checking argument for argument tensors in method wrapper_CUDA_cat). Ignored.
2026-10-05 23:36:26,533 INFO First result for clip 674 (modality macro) – window opened.
2026-10-05 23:36:26,539 INFO Result for clip 674, modality macro failed with status: Expected all tensors to be on the same device, but found at least two devices, cpu and cuda:0! (when checking argument for argument tensors in method wrapper_CUDA_cat). Ignored.
2026-10-05 23:37:38,318 INFO First result for clip 675 (modality macro) – window opened.
2026-10-05 23:37:38,323 INFO Result for clip 675, modality macro failed with status: Expected all tensors to be on the same device, but found at least two devices, cpu and cuda:0! (when checking argument for argument tensors in method wrapper_CUDA_cat). Ignored.
2026-10-05 23:38:04,011 INFO First result for clip 676 (modality macro) – window opened.
2026-10-05 23:38:04,019 INFO Result for clip 676, modality macro failed with status: Expected all tensors to be on the same device, but found at least two devices, cpu and cuda:0! (when checking argument for argument tensors in method wrapper_CUDA_cat). Ignored.
2026-10-05 23:38:26,619 INFO First result for clip 677 (modality macro) – window opened.
2026-10-05 23:38:26,627 INFO Result for clip 677, modality macro failed with status: Expected all tensors to be on the same device, but found at least two devices, cpu and cuda:0! (when checking argument for argument tensors in method wrapper_CUDA_cat). Ignored.
2026-10-05 23:38:49,427 INFO First result for clip 678 (modality macro) – window opened.
2026-10-05 23:38:49,437 INFO Result for clip 678, modality macro failed with status: Expected all tensors to be on the same device, but found at least two devices, cpu and cuda:0! (when checking argument for argument tensors in method wrapper_CUDA_cat). Ignored.
2026-10-05 23:39:52,224 INFO First result for clip 679 (modality macro) – window opened.
2026-10-05 23:39:52,231 INFO Result for clip 679, modality macro failed with status: Expected all tensors to be on the same device, but found at least two devices, cpu and cuda:0! (when checking argument for argument tensors in method wrapper_CUDA_cat). Ignored.
2026-10-05 23:40:18,955 INFO First result for clip 680 (modality macro) – window opened.
2026-10-05 23:40:18,958 INFO Result for clip 680, modality macro failed with status: Expected all tensors to be on the same device, but found at least two devices, cpu and cuda:0! (when checking argument for argument tensors in method wrapper_CUDA_cat). Ignored.
2026-10-05 23:40:47,208 INFO First result for clip 681 (modality macro) – window opened.
2026-10-05 23:40:47,211 INFO Result for clip 681, modality macro failed with status: Expected all tensors to be on the same device, but found at least two devices, cpu and cuda:0! (when checking argument for argument tensors in method wrapper_CUDA_cat). Ignored.
2026-10-05 23:41:09,056 INFO First result for clip 682 (modality macro) – window opened.
2026-10-05 23:41:09,064 INFO Result for clip 682, modality macro failed with status: Expected all tensors to be on the same device, but found at least two devices, cpu and cuda:0! (when checking argument for argument tensors in method wrapper_CUDA_cat). Ignored.
2026-10-05 23:42:09,117 INFO First result for clip 683 (modality macro) – window opened.
2026-10-05 23:42:09,121 INFO Result for clip 683, modality macro failed with status: Expected all tensors to be on the same device, but found at least two devices, cpu and cuda:0! (when checking argument for argument tensors in method wrapper_CUDA_cat). Ignored.
2026-10-05 23:42:37,598 INFO First result for clip 684 (modality macro) – window opened.
2026-10-05 23:42:37,602 INFO Result for clip 684, modality macro failed with status: Expected all tensors to be on the same device, but found at least two devices, cpu and cuda:0! (when checking argument for argument tensors in method wrapper_CUDA_cat). Ignored.
2026-10-05 23:43:00,164 INFO First result for clip 685 (modality macro) – window opened.
2026-10-05 23:43:00,170 INFO Result for clip 685, modality macro failed with status: Expected all tensors to be on the same device, but found at least two devices, cpu and cuda:0! (when checking argument for argument tensors in method wrapper_CUDA_cat). Ignored.
2026-10-05 23:43:23,621 INFO First result for clip 686 (modality macro) – window opened.
2026-10-05 23:43:23,626 INFO Result for clip 686, modality macro failed with status: Expected all tensors to be on the same device, but found at least two devices, cpu and cuda:0! (when checking argument for argument tensors in method wrapper_CUDA_cat). Ignored.
2026-10-05 23:44:25,254 INFO First result for clip 687 (modality macro) – window opened.
2026-10-05 23:44:25,258 INFO Result for clip 687, modality macro failed with status: Expected all tensors to be on the same device, but found at least two devices, cpu and cuda:0! (when checking argument for argument tensors in method wrapper_CUDA_cat). Ignored.
2026-10-05 23:44:52,319 INFO First result for clip 688 (modality macro) – window opened.
2026-10-05 23:44:52,329 INFO Result for clip 688, modality macro failed with status: Expected all tensors to be on the same device, but found at least two devices, cpu and cuda:0! (when checking argument for argument tensors in method wrapper_CUDA_cat). Ignored.
2026-10-05 23:45:18,353 INFO First result for clip 689 (modality macro) – window opened.
2026-10-05 23:45:18,360 INFO Result for clip 689, modality macro failed with status: Expected all tensors to be on the same device, but found at least two devices, cpu and cuda:0! (when checking argument for argument tensors in method wrapper_CUDA_cat). Ignored.
2026-10-05 23:45:39,804 INFO First result for clip 690 (modality macro) – window opened.
2026-10-05 23:45:39,810 INFO Result for clip 690, modality macro failed with status: Expected all tensors to be on the same device, but found at least two devices, cpu and cuda:0! (when checking argument for argument tensors in method wrapper_CUDA_cat). Ignored.
2026-10-05 23:46:43,340 INFO First result for clip 691 (modality macro) – window opened.
2026-10-05 23:46:43,347 INFO Result for clip 691, modality macro failed with status: Expected all tensors to be on the same device, but found at least two devices, cpu and cuda:0! (when checking argument for argument tensors in method wrapper_CUDA_cat). Ignored.
2026-10-05 23:47:08,848 INFO First result for clip 692 (modality macro) – window opened.
2026-10-05 23:47:08,852 INFO Result for clip 692, modality macro failed with status: Expected all tensors to be on the same device, but found at least two devices, cpu and cuda:0! (when checking argument for argument tensors in method wrapper_CUDA_cat). Ignored.
2026-10-05 23:47:35,103 INFO First result for clip 693 (modality macro) – window opened.
2026-10-05 23:47:35,107 INFO Result for clip 693, modality macro failed with status: Expected all tensors to be on the same device, but found at least two devices, cpu and cuda:0! (when checking argument for argument tensors in method wrapper_CUDA_cat). Ignored.
2026-10-05 23:47:57,620 INFO First result for clip 694 (modality macro) – window opened.
2026-10-05 23:47:57,627 INFO Result for clip 694, modality macro failed with status: Expected all tensors to be on the same device, but found at least two devices, cpu and cuda:0! (when checking argument for argument tensors in method wrapper_CUDA_cat). Ignored.
2026-10-05 23:49:01,039 INFO First result for clip 695 (modality macro) – window opened.
2026-10-05 23:49:01,042 INFO Result for clip 695, modality macro failed with status: Expected all tensors to be on the same device, but found at least two devices, cpu and cuda:0! (when checking argument for argument tensors in method wrapper_CUDA_cat). Ignored.
2026-10-05 23:49:20,886 INFO First result for clip 696 (modality macro) – window opened.
2026-10-05 23:49:20,889 INFO Result for clip 696, modality macro failed with status: Expected all tensors to be on the same device, but found at least two devices, cpu and cuda:0! (when checking argument for argument tensors in method wrapper_CUDA_cat). Ignored.
2026-10-05 23:49:51,870 INFO First result for clip 697 (modality macro) – window opened.
2026-10-05 23:49:51,876 INFO Result for clip 697, modality macro failed with status: Expected all tensors to be on the same device, but found at least two devices, cpu and cuda:0! (when checking argument for argument tensors in method wrapper_CUDA_cat). Ignored.
2026-10-05 23:50:11,968 INFO First result for clip 698 (modality macro) – window opened.
2026-10-05 23:50:11,971 INFO Result for clip 698, modality macro failed with status: Expected all tensors to be on the same device, but found at least two devices, cpu and cuda:0! (when checking argument for argument tensors in method wrapper_CUDA_cat). Ignored.
2026-10-05 23:51:15,615 INFO First result for clip 699 (modality macro) – window opened.
2026-10-05 23:51:15,619 INFO Result for clip 699, modality macro failed with status: Expected all tensors to be on the same device, but found at least two devices, cpu and cuda:0! (when checking argument for argument tensors in method wrapper_CUDA_cat). Ignored.
2026-10-05 23:51:41,475 INFO First result for clip 700 (modality macro) – window opened.
2026-10-05 23:51:41,479 INFO Result for clip 700, modality macro failed with status: Expected all tensors to be on the same device, but found at least two devices, cpu and cuda:0! (when checking argument for argument tensors in method wrapper_CUDA_cat). Ignored.
2026-10-05 23:52:10,391 INFO First result for clip 701 (modality macro) – window opened.
2026-10-05 23:52:10,398 INFO Result for clip 701, modality macro failed with status: Expected all tensors to be on the same device, but found at least two devices, cpu and cuda:0! (when checking argument for argument tensors in method wrapper_CUDA_cat). Ignored.
2026-10-05 23:52:29,383 INFO First result for clip 702 (modality macro) – window opened.
2026-10-05 23:52:29,391 INFO Result for clip 702, modality macro failed with status: Expected all tensors to be on the same device, but found at least two devices, cpu and cuda:0! (when checking argument for argument tensors in method wrapper_CUDA_cat). Ignored.
2026-10-05 23:53:37,132 INFO First result for clip 703 (modality macro) – window opened.
2026-10-05 23:53:37,138 INFO Result for clip 703, modality macro failed with status: Expected all tensors to be on the same device, but found at least two devices, cpu and cuda:0! (when checking argument for argument tensors in method wrapper_CUDA_cat). Ignored.
2026-10-05 23:54:06,348 INFO First result for clip 704 (modality macro) – window opened.
2026-10-05 23:54:06,351 INFO Result for clip 704, modality macro failed with status: Expected all tensors to be on the same device, but found at least two devices, cpu and cuda:0! (when checking argument for argument tensors in method wrapper_CUDA_cat). Ignored.
2026-10-05 23:54:27,910 INFO First result for clip 705 (modality macro) – window opened.
2026-10-05 23:54:27,913 INFO Result for clip 705, modality macro failed with status: Expected all tensors to be on the same device, but found at least two devices, cpu and cuda:0! (when checking argument for argument tensors in method wrapper_CUDA_cat). Ignored.
2026-10-05 23:54:50,024 INFO First result for clip 706 (modality macro) – window opened.
2026-10-05 23:54:50,027 INFO Result for clip 706, modality macro failed with status: Expected all tensors to be on the same device, but found at least two devices, cpu and cuda:0! (when checking argument for argument tensors in method wrapper_CUDA_cat). Ignored.
2026-10-05 23:55:56,749 INFO First result for clip 707 (modality macro) – window opened.
2026-10-05 23:55:56,755 INFO Result for clip 707, modality macro failed with status: Expected all tensors to be on the same device, but found at least two devices, cpu and cuda:0! (when checking argument for argument tensors in method wrapper_CUDA_cat). Ignored.
2026-10-05 23:56:24,801 INFO First result for clip 708 (modality macro) – window opened.
2026-10-05 23:56:24,804 INFO Result for clip 708, modality macro failed with status: Expected all tensors to be on the same device, but found at least two devices, cpu and cuda:0! (when checking argument for argument tensors in method wrapper_CUDA_cat). Ignored.
2026-10-05 23:56:39,472 INFO First result for clip 709 (modality macro) – window opened.
2026-10-05 23:56:39,483 INFO Result for clip 709, modality macro failed with status: Expected all tensors to be on the same device, but found at least two devices, cpu and cuda:0! (when checking argument for argument tensors in method wrapper_CUDA_cat). Ignored.
2026-10-05 23:57:00,303 INFO First result for clip 710 (modality macro) – window opened.
2026-10-05 23:57:00,319 INFO Result for clip 710, modality macro failed with status: Expected all tensors to be on the same device, but found at least two devices, cpu and cuda:0! (when checking argument for argument tensors in method wrapper_CUDA_cat). Ignored.
2026-10-05 23:58:07,018 INFO First result for clip 711 (modality macro) – window opened.
2026-10-05 23:58:07,022 INFO Result for clip 711, modality macro failed with status: Expected all tensors to be on the same device, but found at least two devices, cpu and cuda:0! (when checking argument for argument tensors in method wrapper_CUDA_cat). Ignored.
2026-10-05 23:58:41,274 INFO First result for clip 712 (modality macro) – window opened.
2026-10-05 23:58:41,282 INFO Result for clip 712, modality macro failed with status: Expected all tensors to be on the same device, but found at least two devices, cpu and cuda:0! (when checking argument for argument tensors in method wrapper_CUDA_cat). Ignored.
2026-10-05 23:59:00,132 INFO First result for clip 713 (modality macro) – window opened.
2026-10-05 23:59:00,138 INFO Result for clip 713, modality macro failed with status: Expected all tensors to be on the same device, but found at least two devices, cpu and cuda:0! (when checking argument for argument tensors in method wrapper_CUDA_cat). Ignored.
2026-10-05 23:59:36,858 INFO First result for clip 714 (modality macro) – window opened.
2026-10-05 23:59:36,866 INFO Result for clip 714, modality macro failed with status: Expected all tensors to be on the same device, but found at least two devices, cpu and cuda:0! (when checking argument for argument tensors in method wrapper_CUDA_cat). Ignored.
2026-10-06 00:00:23,702 INFO First result for clip 715 (modality macro) – window opened.
2026-10-06 00:00:23,706 INFO Result for clip 715, modality macro failed with status: Expected all tensors to be on the same device, but found at least two devices, cpu and cuda:0! (when checking argument for argument tensors in method wrapper_CUDA_cat). Ignored.
2026-10-06 00:01:01,502 INFO First result for clip 716 (modality macro) – window opened.
2026-10-06 00:01:01,505 INFO Result for clip 716, modality macro failed with status: Expected all tensors to be on the same device, but found at least two devices, cpu and cuda:0! (when checking argument for argument tensors in method wrapper_CUDA_cat). Ignored.
2026-10-06 00:01:21,414 INFO First result for clip 717 (modality macro) – window opened.
2026-10-06 00:01:21,422 INFO Result for clip 717, modality macro failed with status: Expected all tensors to be on the same device, but found at least two devices, cpu and cuda:0! (when checking argument for argument tensors in method wrapper_CUDA_cat). Ignored.
2026-10-06 00:01:53,475 INFO First result for clip 718 (modality macro) – window opened.
2026-10-06 00:01:53,479 INFO Result for clip 718, modality macro failed with status: Expected all tensors to be on the same device, but found at least two devices, cpu and cuda:0! (when checking argument for argument tensors in method wrapper_CUDA_cat). Ignored.
2026-10-06 00:02:39,796 INFO First result for clip 719 (modality macro) – window opened.
2026-10-06 00:02:39,806 INFO Result for clip 719, modality macro failed with status: Expected all tensors to be on the same device, but found at least two devices, cpu and cuda:0! (when checking argument for argument tensors in method wrapper_CUDA_cat). Ignored.
2026-10-06 00:03:32,764 INFO First result for clip 720 (modality macro) – window opened.
2026-10-06 00:03:32,777 INFO Result for clip 720, modality macro failed with status: Expected all tensors to be on the same device, but found at least two devices, cpu and cuda:0! (when checking argument for argument tensors in method wrapper_CUDA_cat). Ignored.
2026-10-06 00:03:44,017 INFO First result for clip 721 (modality macro) – window opened.
2026-10-06 00:03:44,021 INFO Result for clip 721, modality macro failed with status: Expected all tensors to be on the same device, but found at least two devices, cpu and cuda:0! (when checking argument for argument tensors in method wrapper_CUDA_cat). Ignored.
2026-10-06 00:04:15,889 INFO First result for clip 722 (modality macro) – window opened.
2026-10-06 00:04:15,894 INFO Result for clip 722, modality macro failed with status: Expected all tensors to be on the same device, but found at least two devices, cpu and cuda:0! (when checking argument for argument tensors in method wrapper_CUDA_cat). Ignored.
2026-10-06 00:05:00,848 INFO First result for clip 723 (modality macro) – window opened.
2026-10-06 00:05:00,856 INFO Result for clip 723, modality macro failed with status: Expected all tensors to be on the same device, but found at least two devices, cpu and cuda:0! (when checking argument for argument tensors in method wrapper_CUDA_cat). Ignored.
2026-10-06 00:06:01,958 INFO First result for clip 724 (modality macro) – window opened.
2026-10-06 00:06:01,961 INFO Result for clip 724, modality macro failed with status: Expected all tensors to be on the same device, but found at least two devices, cpu and cuda:0! (when checking argument for argument tensors in method wrapper_CUDA_cat). Ignored.
2026-10-06 00:06:12,751 INFO First result for clip 725 (modality macro) – window opened.
2026-10-06 00:06:12,764 INFO Result for clip 725, modality macro failed with status: Expected all tensors to be on the same device, but found at least two devices, cpu and cuda:0! (when checking argument for argument tensors in method wrapper_CUDA_cat). Ignored.
2026-10-06 00:06:35,464 INFO First result for clip 726 (modality macro) – window opened.
2026-10-06 00:06:35,472 INFO Result for clip 726, modality macro failed with status: Expected all tensors to be on the same device, but found at least two devices, cpu and cuda:0! (when checking argument for argument tensors in method wrapper_CUDA_cat). Ignored.
2026-10-06 00:07:16,910 INFO First result for clip 727 (modality macro) – window opened.
2026-10-06 00:07:16,926 INFO Result for clip 727, modality macro failed with status: Expected all tensors to be on the same device, but found at least two devices, cpu and cuda:0! (when checking argument for argument tensors in method wrapper_CUDA_cat). Ignored.
2026-10-06 00:08:25,309 INFO First result for clip 728 (modality macro) – window opened.
2026-10-06 00:08:25,319 INFO Result for clip 728, modality macro failed with status: Expected all tensors to be on the same device, but found at least two devices, cpu and cuda:0! (when checking argument for argument tensors in method wrapper_CUDA_cat). Ignored.
2026-10-06 00:08:41,991 INFO First result for clip 729 (modality macro) – window opened.
2026-10-06 00:08:41,996 INFO Result for clip 729, modality macro failed with status: Expected all tensors to be on the same device, but found at least two devices, cpu and cuda:0! (when checking argument for argument tensors in method wrapper_CUDA_cat). Ignored.
2026-10-06 00:08:58,662 INFO First result for clip 730 (modality macro) – window opened.
2026-10-06 00:08:58,666 INFO Result for clip 730, modality macro failed with status: Expected all tensors to be on the same device, but found at least two devices, cpu and cuda:0! (when checking argument for argument tensors in method wrapper_CUDA_cat). Ignored.
2026-10-06 00:09:35,677 INFO First result for clip 731 (modality macro) – window opened.
2026-10-06 00:09:35,681 INFO Result for clip 731, modality macro failed with status: Expected all tensors to be on the same device, but found at least two devices, cpu and cuda:0! (when checking argument for argument tensors in method wrapper_CUDA_cat). Ignored.
2026-10-06 00:10:44,253 INFO First result for clip 732 (modality macro) – window opened.
2026-10-06 00:10:44,258 INFO Result for clip 732, modality macro failed with status: Expected all tensors to be on the same device, but found at least two devices, cpu and cuda:0! (when checking argument for argument tensors in method wrapper_CUDA_cat). Ignored.
2026-10-06 00:11:00,889 INFO First result for clip 733 (modality macro) – window opened.
2026-10-06 00:11:00,904 INFO Result for clip 733, modality macro failed with status: Expected all tensors to be on the same device, but found at least two devices, cpu and cuda:0! (when checking argument for argument tensors in method wrapper_CUDA_cat). Ignored.
2026-10-06 00:11:14,924 INFO First result for clip 734 (modality macro) – window opened.
2026-10-06 00:11:14,932 INFO Result for clip 734, modality macro failed with status: Expected all tensors to be on the same device, but found at least two devices, cpu and cuda:0! (when checking argument for argument tensors in method wrapper_CUDA_cat). Ignored.
2026-10-06 00:11:57,323 INFO First result for clip 735 (modality macro) – window opened.
2026-10-06 00:11:57,327 INFO Result for clip 735, modality macro failed with status: Expected all tensors to be on the same device, but found at least two devices, cpu and cuda:0! (when checking argument for argument tensors in method wrapper_CUDA_cat). Ignored.
2026-10-06 00:13:01,730 INFO First result for clip 736 (modality macro) – window opened.
2026-10-06 00:13:01,735 INFO Result for clip 736, modality macro failed with status: Expected all tensors to be on the same device, but found at least two devices, cpu and cuda:0! (when checking argument for argument tensors in method wrapper_CUDA_cat). Ignored.
2026-10-06 00:13:31,173 INFO First result for clip 737 (modality macro) – window opened.
2026-10-06 00:13:31,178 INFO Result for clip 737, modality macro failed with status: Expected all tensors to be on the same device, but found at least two devices, cpu and cuda:0! (when checking argument for argument tensors in method wrapper_CUDA_cat). Ignored.
2026-10-06 00:13:40,512 INFO First result for clip 738 (modality macro) – window opened.
2026-10-06 00:13:40,519 INFO Result for clip 738, modality macro failed with status: Expected all tensors to be on the same device, but found at least two devices, cpu and cuda:0! (when checking argument for argument tensors in method wrapper_CUDA_cat). Ignored.
2026-10-06 00:14:09,902 INFO First result for clip 739 (modality macro) – window opened.
2026-10-06 00:14:09,908 INFO Result for clip 739, modality macro failed with status: Expected all tensors to be on the same device, but found at least two devices, cpu and cuda:0! (when checking argument for argument tensors in method wrapper_CUDA_cat). Ignored.
2026-10-06 00:15:18,163 INFO First result for clip 740 (modality macro) – window opened.
2026-10-06 00:15:18,166 INFO Result for clip 740, modality macro failed with status: Expected all tensors to be on the same device, but found at least two devices, cpu and cuda:0! (when checking argument for argument tensors in method wrapper_CUDA_cat). Ignored.
2026-10-06 00:15:55,430 INFO First result for clip 741 (modality macro) – window opened.
2026-10-06 00:15:55,434 INFO Result for clip 741, modality macro failed with status: Expected all tensors to be on the same device, but found at least two devices, cpu and cuda:0! (when checking argument for argument tensors in method wrapper_CUDA_cat). Ignored.
2026-10-06 00:16:05,585 INFO First result for clip 742 (modality macro) – window opened.
2026-10-06 00:16:05,588 INFO Result for clip 742, modality macro failed with status: Expected all tensors to be on the same device, but found at least two devices, cpu and cuda:0! (when checking argument for argument tensors in method wrapper_CUDA_cat). Ignored.
2026-10-06 00:16:29,414 INFO First result for clip 743 (modality macro) – window opened.
2026-10-06 00:16:29,417 INFO Result for clip 743, modality macro failed with status: Expected all tensors to be on the same device, but found at least two devices, cpu and cuda:0! (when checking argument for argument tensors in method wrapper_CUDA_cat). Ignored.
2026-10-06 00:17:38,683 INFO First result for clip 744 (modality macro) – window opened.
2026-10-06 00:17:38,694 INFO Result for clip 744, modality macro failed with status: Expected all tensors to be on the same device, but found at least two devices, cpu and cuda:0! (when checking argument for argument tensors in method wrapper_CUDA_cat). Ignored.
2026-10-06 00:18:25,302 INFO First result for clip 745 (modality macro) – window opened.
2026-10-06 00:18:25,306 INFO Result for clip 745, modality macro failed with status: Expected all tensors to be on the same device, but found at least two devices, cpu and cuda:0! (when checking argument for argument tensors in method wrapper_CUDA_cat). Ignored.
2026-10-06 00:18:36,829 INFO First result for clip 746 (modality macro) – window opened.
2026-10-06 00:18:36,838 INFO Result for clip 746, modality macro failed with status: Expected all tensors to be on the same device, but found at least two devices, cpu and cuda:0! (when checking argument for argument tensors in method wrapper_CUDA_cat). Ignored.
2026-10-06 00:18:50,629 INFO First result for clip 747 (modality macro) – window opened.
2026-10-06 00:18:50,635 INFO Result for clip 747, modality macro failed with status: Expected all tensors to be on the same device, but found at least two devices, cpu and cuda:0! (when checking argument for argument tensors in method wrapper_CUDA_cat). Ignored.
2026-10-06 00:19:52,763 INFO First result for clip 748 (modality macro) – window opened.
2026-10-06 00:19:52,771 INFO Result for clip 748, modality macro failed with status: Expected all tensors to be on the same device, but found at least two devices, cpu and cuda:0! (when checking argument for argument tensors in method wrapper_CUDA_cat). Ignored.
2026-10-06 00:20:50,808 INFO First result for clip 749 (modality macro) – window opened.
2026-10-06 00:20:50,812 INFO Result for clip 749, modality macro failed with status: Expected all tensors to be on the same device, but found at least two devices, cpu and cuda:0! (when checking argument for argument tensors in method wrapper_CUDA_cat). Ignored.
2026-10-06 00:21:12,865 INFO First result for clip 750 (modality macro) – window opened.
2026-10-06 00:21:12,876 INFO Result for clip 750, modality macro failed with status: Expected all tensors to be on the same device, but found at least two devices, cpu and cuda:0! (when checking argument for argument tensors in method wrapper_CUDA_cat). Ignored.
2026-10-06 00:21:22,076 INFO First result for clip 751 (modality macro) – window opened.
2026-10-06 00:21:22,081 INFO Result for clip 751, modality macro failed with status: Expected all tensors to be on the same device, but found at least two devices, cpu and cuda:0! (when checking argument for argument tensors in method wrapper_CUDA_cat). Ignored.
2026-10-06 00:22:11,747 INFO First result for clip 752 (modality macro) – window opened.
2026-10-06 00:22:11,754 INFO Result for clip 752, modality macro failed with status: Expected all tensors to be on the same device, but found at least two devices, cpu and cuda:0! (when checking argument for argument tensors in method wrapper_CUDA_cat). Ignored.
2026-10-06 00:23:07,229 INFO First result for clip 753 (modality macro) – window opened.
2026-10-06 00:23:07,241 INFO Result for clip 753, modality macro failed with status: Expected all tensors to be on the same device, but found at least two devices, cpu and cuda:0! (when checking argument for argument tensors in method wrapper_CUDA_cat). Ignored.
2026-10-06 00:23:40,078 INFO First result for clip 754 (modality macro) – window opened.
2026-10-06 00:23:40,086 INFO Result for clip 754, modality macro failed with status: Expected all tensors to be on the same device, but found at least two devices, cpu and cuda:0! (when checking argument for argument tensors in method wrapper_CUDA_cat). Ignored.
2026-10-06 00:23:51,646 INFO First result for clip 755 (modality macro) – window opened.
2026-10-06 00:23:51,650 INFO Result for clip 755, modality macro failed with status: Expected all tensors to be on the same device, but found at least two devices, cpu and cuda:0! (when checking argument for argument tensors in method wrapper_CUDA_cat). Ignored.
2026-10-06 00:24:29,752 INFO First result for clip 756 (modality macro) – window opened.
2026-10-06 00:24:29,757 INFO Result for clip 756, modality macro failed with status: Expected all tensors to be on the same device, but found at least two devices, cpu and cuda:0! (when checking argument for argument tensors in method wrapper_CUDA_cat). Ignored.
2026-10-06 00:25:25,553 INFO First result for clip 757 (modality macro) – window opened.
2026-10-06 00:25:25,559 INFO Result for clip 757, modality macro failed with status: Expected all tensors to be on the same device, but found at least two devices, cpu and cuda:0! (when checking argument for argument tensors in method wrapper_CUDA_cat). Ignored.
2026-10-06 00:26:06,377 INFO First result for clip 758 (modality macro) – window opened.
2026-10-06 00:26:06,390 INFO Result for clip 758, modality macro failed with status: Expected all tensors to be on the same device, but found at least two devices, cpu and cuda:0! (when checking argument for argument tensors in method wrapper_CUDA_cat). Ignored.
2026-10-06 00:26:32,103 INFO First result for clip 759 (modality macro) – window opened.
2026-10-06 00:26:32,106 INFO Result for clip 759, modality macro failed with status: Expected all tensors to be on the same device, but found at least two devices, cpu and cuda:0! (when checking argument for argument tensors in method wrapper_CUDA_cat). Ignored.
2026-10-06 00:26:45,973 INFO First result for clip 760 (modality macro) – window opened.
2026-10-06 00:26:45,978 INFO Result for clip 760, modality macro failed with status: Expected all tensors to be on the same device, but found at least two devices, cpu and cuda:0! (when checking argument for argument tensors in method wrapper_CUDA_cat). Ignored.
2026-10-06 00:27:41,658 INFO First result for clip 761 (modality macro) – window opened.
2026-10-06 00:27:41,663 INFO Result for clip 761, modality macro failed with status: Expected all tensors to be on the same device, but found at least two devices, cpu and cuda:0! (when checking argument for argument tensors in method wrapper_CUDA_cat). Ignored.
2026-10-06 00:28:21,949 INFO First result for clip 762 (modality macro) – window opened.
2026-10-06 00:28:21,952 INFO Result for clip 762, modality macro failed with status: Expected all tensors to be on the same device, but found at least two devices, cpu and cuda:0! (when checking argument for argument tensors in method wrapper_CUDA_cat). Ignored.
2026-10-06 00:28:54,589 INFO First result for clip 763 (modality macro) – window opened.
2026-10-06 00:28:54,592 INFO Result for clip 763, modality macro failed with status: Expected all tensors to be on the same device, but found at least two devices, cpu and cuda:0! (when checking argument for argument tensors in method wrapper_CUDA_cat). Ignored.
2026-10-06 00:29:08,547 INFO First result for clip 764 (modality macro) – window opened.
2026-10-06 00:29:08,551 INFO Result for clip 764, modality macro failed with status: Expected all tensors to be on the same device, but found at least two devices, cpu and cuda:0! (when checking argument for argument tensors in method wrapper_CUDA_cat). Ignored.
2026-10-06 00:30:00,439 INFO First result for clip 765 (modality macro) – window opened.
2026-10-06 00:30:00,443 INFO Result for clip 765, modality macro failed with status: Expected all tensors to be on the same device, but found at least two devices, cpu and cuda:0! (when checking argument for argument tensors in method wrapper_CUDA_cat). Ignored.
2026-10-06 00:30:43,076 INFO First result for clip 766 (modality macro) – window opened.
2026-10-06 00:30:43,079 INFO Result for clip 766, modality macro failed with status: Expected all tensors to be on the same device, but found at least two devices, cpu and cuda:0! (when checking argument for argument tensors in method wrapper_CUDA_cat). Ignored.
2026-10-06 00:31:19,186 INFO First result for clip 767 (modality macro) – window opened.
2026-10-06 00:31:19,193 INFO Result for clip 767, modality macro failed with status: Expected all tensors to be on the same device, but found at least two devices, cpu and cuda:0! (when checking argument for argument tensors in method wrapper_CUDA_cat). Ignored.
2026-10-06 00:31:35,624 INFO First result for clip 768 (modality macro) – window opened.
2026-10-06 00:31:35,629 INFO Result for clip 768, modality macro failed with status: Expected all tensors to be on the same device, but found at least two devices, cpu and cuda:0! (when checking argument for argument tensors in method wrapper_CUDA_cat). Ignored.
2026-10-06 00:32:43,082 INFO First result for clip 769 (modality macro) – window opened.
2026-10-06 00:32:43,085 INFO Result for clip 769, modality macro failed with status: Expected all tensors to be on the same device, but found at least two devices, cpu and cuda:0! (when checking argument for argument tensors in method wrapper_CUDA_cat). Ignored.
2026-10-06 00:33:14,086 INFO First result for clip 770 (modality macro) – window opened.
2026-10-06 00:33:14,094 INFO Result for clip 770, modality macro failed with status: Expected all tensors to be on the same device, but found at least two devices, cpu and cuda:0! (when checking argument for argument tensors in method wrapper_CUDA_cat). Ignored.
2026-10-06 00:33:48,061 INFO First result for clip 771 (modality macro) – window opened.
2026-10-06 00:33:48,066 INFO Result for clip 771, modality macro failed with status: Expected all tensors to be on the same device, but found at least two devices, cpu and cuda:0! (when checking argument for argument tensors in method wrapper_CUDA_cat). Ignored.
2026-10-06 00:34:05,094 INFO First result for clip 772 (modality macro) – window opened.
2026-10-06 00:34:05,104 INFO Result for clip 772, modality macro failed with status: Expected all tensors to be on the same device, but found at least two devices, cpu and cuda:0! (when checking argument for argument tensors in method wrapper_CUDA_cat). Ignored.
2026-10-06 00:35:11,788 INFO First result for clip 773 (modality macro) – window opened.
2026-10-06 00:35:11,797 INFO Result for clip 773, modality macro failed with status: Expected all tensors to be on the same device, but found at least two devices, cpu and cuda:0! (when checking argument for argument tensors in method wrapper_CUDA_cat). Ignored.
2026-10-06 00:35:43,516 INFO First result for clip 774 (modality macro) – window opened.
2026-10-06 00:35:43,524 INFO Result for clip 774, modality macro failed with status: Expected all tensors to be on the same device, but found at least two devices, cpu and cuda:0! (when checking argument for argument tensors in method wrapper_CUDA_cat). Ignored.
2026-10-06 00:36:18,208 INFO First result for clip 775 (modality macro) – window opened.
2026-10-06 00:36:18,213 INFO Result for clip 775, modality macro failed with status: Expected all tensors to be on the same device, but found at least two devices, cpu and cuda:0! (when checking argument for argument tensors in method wrapper_CUDA_cat). Ignored.
2026-10-06 00:36:40,742 INFO First result for clip 776 (modality macro) – window opened.
2026-10-06 00:36:40,748 INFO Result for clip 776, modality macro failed with status: Expected all tensors to be on the same device, but found at least two devices, cpu and cuda:0! (when checking argument for argument tensors in method wrapper_CUDA_cat). Ignored.
2026-10-06 00:37:43,715 INFO First result for clip 777 (modality macro) – window opened.
2026-10-06 00:37:43,719 INFO Result for clip 777, modality macro failed with status: Expected all tensors to be on the same device, but found at least two devices, cpu and cuda:0! (when checking argument for argument tensors in method wrapper_CUDA_cat). Ignored.
2026-10-06 00:38:08,926 INFO First result for clip 778 (modality macro) – window opened.
2026-10-06 00:38:08,936 INFO Result for clip 778, modality macro failed with status: Expected all tensors to be on the same device, but found at least two devices, cpu and cuda:0! (when checking argument for argument tensors in method wrapper_CUDA_cat). Ignored.
2026-10-06 00:38:42,373 INFO First result for clip 779 (modality macro) – window opened.
2026-10-06 00:38:42,376 INFO Result for clip 779, modality macro failed with status: Expected all tensors to be on the same device, but found at least two devices, cpu and cuda:0! (when checking argument for argument tensors in method wrapper_CUDA_cat). Ignored.
2026-10-06 00:39:03,716 INFO First result for clip 780 (modality macro) – window opened.
2026-10-06 00:39:03,722 INFO Result for clip 780, modality macro failed with status: Expected all tensors to be on the same device, but found at least two devices, cpu and cuda:0! (when checking argument for argument tensors in method wrapper_CUDA_cat). Ignored.
2026-10-06 00:40:14,530 INFO First result for clip 781 (modality macro) – window opened.
2026-10-06 00:40:14,534 INFO Result for clip 781, modality macro failed with status: Expected all tensors to be on the same device, but found at least two devices, cpu and cuda:0! (when checking argument for argument tensors in method wrapper_CUDA_cat). Ignored.
2026-10-06 00:40:47,506 INFO First result for clip 782 (modality macro) – window opened.
2026-10-06 00:40:47,509 INFO Result for clip 782, modality macro failed with status: Expected all tensors to be on the same device, but found at least two devices, cpu and cuda:0! (when checking argument for argument tensors in method wrapper_CUDA_cat). Ignored.
2026-10-06 00:41:16,898 INFO First result for clip 783 (modality macro) – window opened.
2026-10-06 00:41:16,916 INFO Result for clip 783, modality macro failed with status: Expected all tensors to be on the same device, but found at least two devices, cpu and cuda:0! (when checking argument for argument tensors in method wrapper_CUDA_cat). Ignored.
2026-10-06 00:41:42,481 INFO First result for clip 784 (modality macro) – window opened.
2026-10-06 00:41:42,491 INFO Result for clip 784, modality macro failed with status: Expected all tensors to be on the same device, but found at least two devices, cpu and cuda:0! (when checking argument for argument tensors in method wrapper_CUDA_cat). Ignored.
2026-10-06 00:42:54,266 INFO First result for clip 785 (modality macro) – window opened.
2026-10-06 00:42:54,275 INFO Result for clip 785, modality macro failed with status: Expected all tensors to be on the same device, but found at least two devices, cpu and cuda:0! (when checking argument for argument tensors in method wrapper_CUDA_cat). Ignored.
2026-10-06 00:43:23,282 INFO First result for clip 786 (modality macro) – window opened.
2026-10-06 00:43:23,286 INFO Result for clip 786, modality macro failed with status: Expected all tensors to be on the same device, but found at least two devices, cpu and cuda:0! (when checking argument for argument tensors in method wrapper_CUDA_cat). Ignored.
2026-10-06 00:43:43,237 INFO First result for clip 787 (modality macro) – window opened.
2026-10-06 00:43:43,251 INFO Result for clip 787, modality macro failed with status: Expected all tensors to be on the same device, but found at least two devices, cpu and cuda:0! (when checking argument for argument tensors in method wrapper_CUDA_cat). Ignored.
2026-10-06 00:44:05,444 INFO First result for clip 788 (modality macro) – window opened.
2026-10-06 00:44:05,450 INFO Result for clip 788, modality macro failed with status: Expected all tensors to be on the same device, but found at least two devices, cpu and cuda:0! (when checking argument for argument tensors in method wrapper_CUDA_cat). Ignored.
2026-10-06 00:45:24,265 INFO First result for clip 789 (modality macro) – window opened.
2026-10-06 00:45:24,269 INFO Result for clip 789, modality macro failed with status: Expected all tensors to be on the same device, but found at least two devices, cpu and cuda:0! (when checking argument for argument tensors in method wrapper_CUDA_cat). Ignored.
2026-10-06 00:45:55,852 INFO First result for clip 790 (modality macro) – window opened.
2026-10-06 00:45:55,858 INFO Result for clip 790, modality macro failed with status: Expected all tensors to be on the same device, but found at least two devices, cpu and cuda:0! (when checking argument for argument tensors in method wrapper_CUDA_cat). Ignored.
2026-10-06 00:46:14,870 INFO First result for clip 791 (modality macro) – window opened.
2026-10-06 00:46:14,876 INFO Result for clip 791, modality macro failed with status: Expected all tensors to be on the same device, but found at least two devices, cpu and cuda:0! (when checking argument for argument tensors in method wrapper_CUDA_cat). Ignored.
2026-10-06 00:46:37,814 INFO First result for clip 792 (modality macro) – window opened.
2026-10-06 00:46:37,819 INFO Result for clip 792, modality macro failed with status: Expected all tensors to be on the same device, but found at least two devices, cpu and cuda:0! (when checking argument for argument tensors in method wrapper_CUDA_cat). Ignored.
2026-10-06 00:47:44,088 INFO First result for clip 793 (modality macro) – window opened.
2026-10-06 00:47:44,091 INFO Result for clip 793, modality macro failed with status: Expected all tensors to be on the same device, but found at least two devices, cpu and cuda:0! (when checking argument for argument tensors in method wrapper_CUDA_cat). Ignored.
2026-10-06 00:48:25,114 INFO First result for clip 794 (modality macro) – window opened.
2026-10-06 00:48:25,124 INFO Result for clip 794, modality macro failed with status: Expected all tensors to be on the same device, but found at least two devices, cpu and cuda:0! (when checking argument for argument tensors in method wrapper_CUDA_cat). Ignored.
2026-10-06 00:48:42,608 INFO First result for clip 795 (modality macro) – window opened.
2026-10-06 00:48:42,618 INFO Result for clip 795, modality macro failed with status: Expected all tensors to be on the same device, but found at least two devices, cpu and cuda:0! (when checking argument for argument tensors in method wrapper_CUDA_cat). Ignored.
2026-10-06 00:49:03,123 INFO First result for clip 796 (modality macro) – window opened.
2026-10-06 00:49:03,129 INFO Result for clip 796, modality macro failed with status: Expected all tensors to be on the same device, but found at least two devices, cpu and cuda:0! (when checking argument for argument tensors in method wrapper_CUDA_cat). Ignored.
2026-10-06 00:50:07,574 INFO First result for clip 797 (modality macro) – window opened.
2026-10-06 00:50:07,578 INFO Result for clip 797, modality macro failed with status: Expected all tensors to be on the same device, but found at least two devices, cpu and cuda:0! (when checking argument for argument tensors in method wrapper_CUDA_cat). Ignored.
2026-10-06 00:50:50,288 INFO First result for clip 798 (modality macro) – window opened.
2026-10-06 00:50:50,292 INFO Result for clip 798, modality macro failed with status: Expected all tensors to be on the same device, but found at least two devices, cpu and cuda:0! (when checking argument for argument tensors in method wrapper_CUDA_cat). Ignored.
2026-10-06 00:51:12,267 INFO First result for clip 799 (modality macro) – window opened.
2026-10-06 00:51:12,269 INFO Result for clip 799, modality macro failed with status: Expected all tensors to be on the same device, but found at least two devices, cpu and cuda:0! (when checking argument for argument tensors in method wrapper_CUDA_cat). Ignored.
2026-10-06 00:51:24,280 INFO First result for clip 800 (modality macro) – window opened.
2026-10-06 00:51:24,283 INFO Result for clip 800, modality macro failed with status: Expected all tensors to be on the same device, but found at least two devices, cpu and cuda:0! (when checking argument for argument tensors in method wrapper_CUDA_cat). Ignored.
2026-10-06 00:52:27,698 INFO First result for clip 801 (modality macro) – window opened.
2026-10-06 00:52:27,702 INFO Result for clip 801, modality macro failed with status: Expected all tensors to be on the same device, but found at least two devices, cpu and cuda:0! (when checking argument for argument tensors in method wrapper_CUDA_cat). Ignored.
2026-10-06 00:53:10,613 INFO First result for clip 802 (modality macro) – window opened.
2026-10-06 00:53:10,617 INFO Result for clip 802, modality macro failed with status: Expected all tensors to be on the same device, but found at least two devices, cpu and cuda:0! (when checking argument for argument tensors in method wrapper_CUDA_cat). Ignored.
2026-10-06 00:53:40,047 INFO First result for clip 803 (modality macro) – window opened.
2026-10-06 00:53:40,051 INFO Result for clip 803, modality macro failed with status: Expected all tensors to be on the same device, but found at least two devices, cpu and cuda:0! (when checking argument for argument tensors in method wrapper_CUDA_cat). Ignored.
2026-10-06 00:53:57,322 INFO First result for clip 804 (modality macro) – window opened.
2026-10-06 00:53:57,327 INFO Result for clip 804, modality macro failed with status: Expected all tensors to be on the same device, but found at least two devices, cpu and cuda:0! (when checking argument for argument tensors in method wrapper_CUDA_cat). Ignored.
2026-10-06 00:54:44,745 INFO First result for clip 805 (modality macro) – window opened.
2026-10-06 00:54:44,749 INFO Result for clip 805, modality macro failed with status: Expected all tensors to be on the same device, but found at least two devices, cpu and cuda:0! (when checking argument for argument tensors in method wrapper_CUDA_cat). Ignored.
2026-10-06 00:55:29,698 INFO First result for clip 806 (modality macro) – window opened.
2026-10-06 00:55:29,709 INFO Result for clip 806, modality macro failed with status: Expected all tensors to be on the same device, but found at least two devices, cpu and cuda:0! (when checking argument for argument tensors in method wrapper_CUDA_cat). Ignored.
2026-10-06 00:56:12,922 INFO First result for clip 807 (modality macro) – window opened.
2026-10-06 00:56:12,927 INFO Result for clip 807, modality macro failed with status: Expected all tensors to be on the same device, but found at least two devices, cpu and cuda:0! (when checking argument for argument tensors in method wrapper_CUDA_cat). Ignored.
2026-10-06 00:56:25,296 INFO First result for clip 808 (modality macro) – window opened.
2026-10-06 00:56:25,304 INFO Result for clip 808, modality macro failed with status: Expected all tensors to be on the same device, but found at least two devices, cpu and cuda:0! (when checking argument for argument tensors in method wrapper_CUDA_cat). Ignored.
2026-10-06 00:57:06,851 INFO First result for clip 809 (modality macro) – window opened.
2026-10-06 00:57:06,861 INFO Result for clip 809, modality macro failed with status: Expected all tensors to be on the same device, but found at least two devices, cpu and cuda:0! (when checking argument for argument tensors in method wrapper_CUDA_cat). Ignored.
2026-10-06 00:57:49,094 INFO First result for clip 810 (modality macro) – window opened.
2026-10-06 00:57:49,097 INFO Result for clip 810, modality macro failed with status: Expected all tensors to be on the same device, but found at least two devices, cpu and cuda:0! (when checking argument for argument tensors in method wrapper_CUDA_cat). Ignored.
2026-10-06 00:58:34,564 INFO First result for clip 811 (modality macro) – window opened.
2026-10-06 00:58:34,570 INFO Result for clip 811, modality macro failed with status: Expected all tensors to be on the same device, but found at least two devices, cpu and cuda:0! (when checking argument for argument tensors in method wrapper_CUDA_cat). Ignored.
2026-10-06 00:58:47,071 INFO First result for clip 812 (modality macro) – window opened.
2026-10-06 00:58:47,074 INFO Result for clip 812, modality macro failed with status: Expected all tensors to be on the same device, but found at least two devices, cpu and cuda:0! (when checking argument for argument tensors in method wrapper_CUDA_cat). Ignored.
2026-10-06 00:59:26,980 INFO First result for clip 813 (modality macro) – window opened.
2026-10-06 00:59:26,985 INFO Result for clip 813, modality macro failed with status: Expected all tensors to be on the same device, but found at least two devices, cpu and cuda:0! (when checking argument for argument tensors in method wrapper_CUDA_cat). Ignored.
2026-10-06 01:00:10,149 INFO First result for clip 814 (modality macro) – window opened.
2026-10-06 01:00:10,156 INFO Result for clip 814, modality macro failed with status: Expected all tensors to be on the same device, but found at least two devices, cpu and cuda:0! (when checking argument for argument tensors in method wrapper_CUDA_cat). Ignored.
2026-10-06 01:00:59,635 INFO First result for clip 815 (modality macro) – window opened.
2026-10-06 01:00:59,640 INFO Result for clip 815, modality macro failed with status: Expected all tensors to be on the same device, but found at least two devices, cpu and cuda:0! (when checking argument for argument tensors in method wrapper_CUDA_cat). Ignored.
2026-10-06 01:01:17,537 INFO First result for clip 816 (modality macro) – window opened.
2026-10-06 01:01:17,555 INFO Result for clip 816, modality macro failed with status: Expected all tensors to be on the same device, but found at least two devices, cpu and cuda:0! (when checking argument for argument tensors in method wrapper_CUDA_cat). Ignored.
2026-10-06 01:01:47,065 INFO First result for clip 817 (modality macro) – window opened.
2026-10-06 01:01:47,070 INFO Result for clip 817, modality macro failed with status: Expected all tensors to be on the same device, but found at least two devices, cpu and cuda:0! (when checking argument for argument tensors in method wrapper_CUDA_cat). Ignored.
2026-10-06 01:02:37,938 INFO First result for clip 818 (modality macro) – window opened.
2026-10-06 01:02:37,944 INFO Result for clip 818, modality macro failed with status: Expected all tensors to be on the same device, but found at least two devices, cpu and cuda:0! (when checking argument for argument tensors in method wrapper_CUDA_cat). Ignored.
2026-10-06 01:03:22,872 INFO First result for clip 819 (modality macro) – window opened.
2026-10-06 01:03:22,891 INFO Result for clip 819, modality macro failed with status: Expected all tensors to be on the same device, but found at least two devices, cpu and cuda:0! (when checking argument for argument tensors in method wrapper_CUDA_cat). Ignored.
2026-10-06 01:03:49,025 INFO First result for clip 820 (modality macro) – window opened.
2026-10-06 01:03:49,028 INFO Result for clip 820, modality macro failed with status: Expected all tensors to be on the same device, but found at least two devices, cpu and cuda:0! (when checking argument for argument tensors in method wrapper_CUDA_cat). Ignored.
2026-10-06 01:04:14,684 INFO First result for clip 821 (modality macro) – window opened.
2026-10-06 01:04:14,687 INFO Result for clip 821, modality macro failed with status: Expected all tensors to be on the same device, but found at least two devices, cpu and cuda:0! (when checking argument for argument tensors in method wrapper_CUDA_cat). Ignored.
2026-10-06 01:05:11,124 INFO First result for clip 822 (modality macro) – window opened.
2026-10-06 01:05:11,132 INFO Result for clip 822, modality macro failed with status: Expected all tensors to be on the same device, but found at least two devices, cpu and cuda:0! (when checking argument for argument tensors in method wrapper_CUDA_cat). Ignored.
2026-10-06 01:05:48,236 INFO First result for clip 823 (modality macro) – window opened.
2026-10-06 01:05:48,240 INFO Result for clip 823, modality macro failed with status: Expected all tensors to be on the same device, but found at least two devices, cpu and cuda:0! (when checking argument for argument tensors in method wrapper_CUDA_cat). Ignored.
2026-10-06 01:06:16,750 INFO First result for clip 824 (modality macro) – window opened.
2026-10-06 01:06:16,753 INFO Result for clip 824, modality macro failed with status: Expected all tensors to be on the same device, but found at least two devices, cpu and cuda:0! (when checking argument for argument tensors in method wrapper_CUDA_cat). Ignored.
2026-10-06 01:06:39,073 INFO First result for clip 825 (modality macro) – window opened.
2026-10-06 01:06:39,078 INFO Result for clip 825, modality macro failed with status: Expected all tensors to be on the same device, but found at least two devices, cpu and cuda:0! (when checking argument for argument tensors in method wrapper_CUDA_cat). Ignored.
2026-10-06 01:07:36,928 INFO First result for clip 826 (modality macro) – window opened.
2026-10-06 01:07:36,938 INFO Result for clip 826, modality macro failed with status: Expected all tensors to be on the same device, but found at least two devices, cpu and cuda:0! (when checking argument for argument tensors in method wrapper_CUDA_cat). Ignored.
2026-10-06 01:08:17,187 INFO First result for clip 827 (modality macro) – window opened.
2026-10-06 01:08:17,203 INFO Result for clip 827, modality macro failed with status: Expected all tensors to be on the same device, but found at least two devices, cpu and cuda:0! (when checking argument for argument tensors in method wrapper_CUDA_cat). Ignored.
2026-10-06 01:08:41,328 INFO First result for clip 828 (modality macro) – window opened.
2026-10-06 01:08:41,341 INFO Result for clip 828, modality macro failed with status: Expected all tensors to be on the same device, but found at least two devices, cpu and cuda:0! (when checking argument for argument tensors in method wrapper_CUDA_cat). Ignored.
2026-10-06 01:09:09,899 INFO First result for clip 829 (modality macro) – window opened.
2026-10-06 01:09:09,906 INFO Result for clip 829, modality macro failed with status: Expected all tensors to be on the same device, but found at least two devices, cpu and cuda:0! (when checking argument for argument tensors in method wrapper_CUDA_cat). Ignored.
2026-10-06 01:09:57,413 INFO First result for clip 830 (modality macro) – window opened.
2026-10-06 01:09:57,417 INFO Result for clip 830, modality macro failed with status: Expected all tensors to be on the same device, but found at least two devices, cpu and cuda:0! (when checking argument for argument tensors in method wrapper_CUDA_cat). Ignored.
2026-10-06 01:10:43,135 INFO First result for clip 831 (modality macro) – window opened.
2026-10-06 01:10:43,141 INFO Result for clip 831, modality macro failed with status: Expected all tensors to be on the same device, but found at least two devices, cpu and cuda:0! (when checking argument for argument tensors in method wrapper_CUDA_cat). Ignored.
2026-10-06 01:11:15,452 INFO First result for clip 832 (modality macro) – window opened.
2026-10-06 01:11:15,458 INFO Result for clip 832, modality macro failed with status: Expected all tensors to be on the same device, but found at least two devices, cpu and cuda:0! (when checking argument for argument tensors in method wrapper_CUDA_cat). Ignored.
2026-10-06 01:11:39,217 INFO First result for clip 833 (modality macro) – window opened.
2026-10-06 01:11:39,222 INFO Result for clip 833, modality macro failed with status: Expected all tensors to be on the same device, but found at least two devices, cpu and cuda:0! (when checking argument for argument tensors in method wrapper_CUDA_cat). Ignored.
2026-10-06 01:12:28,129 INFO First result for clip 834 (modality macro) – window opened.
2026-10-06 01:12:28,141 INFO Result for clip 834, modality macro failed with status: Expected all tensors to be on the same device, but found at least two devices, cpu and cuda:0! (when checking argument for argument tensors in method wrapper_CUDA_cat). Ignored.
2026-10-06 01:13:14,539 INFO First result for clip 835 (modality macro) – window opened.
2026-10-06 01:13:14,547 INFO Result for clip 835, modality macro failed with status: Expected all tensors to be on the same device, but found at least two devices, cpu and cuda:0! (when checking argument for argument tensors in method wrapper_CUDA_cat). Ignored.
2026-10-06 01:13:40,581 INFO First result for clip 836 (modality macro) – window opened.
2026-10-06 01:13:40,585 INFO Result for clip 836, modality macro failed with status: Expected all tensors to be on the same device, but found at least two devices, cpu and cuda:0! (when checking argument for argument tensors in method wrapper_CUDA_cat). Ignored.
2026-10-06 01:14:09,230 INFO First result for clip 837 (modality macro) – window opened.
2026-10-06 01:14:09,234 INFO Result for clip 837, modality macro failed with status: Expected all tensors to be on the same device, but found at least two devices, cpu and cuda:0! (when checking argument for argument tensors in method wrapper_CUDA_cat). Ignored.
2026-10-06 01:15:00,783 INFO First result for clip 838 (modality macro) – window opened.
2026-10-06 01:15:00,797 INFO Result for clip 838, modality macro failed with status: Expected all tensors to be on the same device, but found at least two devices, cpu and cuda:0! (when checking argument for argument tensors in method wrapper_CUDA_cat). Ignored.
2026-10-06 01:15:46,270 INFO First result for clip 839 (modality macro) – window opened.
2026-10-06 01:15:46,280 INFO Result for clip 839, modality macro failed with status: Expected all tensors to be on the same device, but found at least two devices, cpu and cuda:0! (when checking argument for argument tensors in method wrapper_CUDA_cat). Ignored.
2026-10-06 01:16:06,752 INFO First result for clip 840 (modality macro) – window opened.
2026-10-06 01:16:06,755 INFO Result for clip 840, modality macro failed with status: Expected all tensors to be on the same device, but found at least two devices, cpu and cuda:0! (when checking argument for argument tensors in method wrapper_CUDA_cat). Ignored.
2026-10-06 01:16:37,809 INFO First result for clip 841 (modality macro) – window opened.
2026-10-06 01:16:37,813 INFO Result for clip 841, modality macro failed with status: Expected all tensors to be on the same device, but found at least two devices, cpu and cuda:0! (when checking argument for argument tensors in method wrapper_CUDA_cat). Ignored.
2026-10-06 01:17:30,090 INFO First result for clip 842 (modality macro) – window opened.
2026-10-06 01:17:30,101 INFO Result for clip 842, modality macro failed with status: Expected all tensors to be on the same device, but found at least two devices, cpu and cuda:0! (when checking argument for argument tensors in method wrapper_CUDA_cat). Ignored.
2026-10-06 01:18:18,924 INFO First result for clip 843 (modality macro) – window opened.
2026-10-06 01:18:18,929 INFO Result for clip 843, modality macro failed with status: Expected all tensors to be on the same device, but found at least two devices, cpu and cuda:0! (when checking argument for argument tensors in method wrapper_CUDA_cat). Ignored.
2026-10-06 01:18:37,782 INFO First result for clip 844 (modality macro) – window opened.
2026-10-06 01:18:37,790 INFO Result for clip 844, modality macro failed with status: Expected all tensors to be on the same device, but found at least two devices, cpu and cuda:0! (when checking argument for argument tensors in method wrapper_CUDA_cat). Ignored.
2026-10-06 01:19:06,053 INFO First result for clip 845 (modality macro) – window opened.
2026-10-06 01:19:06,057 INFO Result for clip 845, modality macro failed with status: Expected all tensors to be on the same device, but found at least two devices, cpu and cuda:0! (when checking argument for argument tensors in method wrapper_CUDA_cat). Ignored.
2026-10-06 01:19:58,265 INFO First result for clip 846 (modality macro) – window opened.
2026-10-06 01:19:58,275 INFO Result for clip 846, modality macro failed with status: Expected all tensors to be on the same device, but found at least two devices, cpu and cuda:0! (when checking argument for argument tensors in method wrapper_CUDA_cat). Ignored.
2026-10-06 01:20:45,643 INFO First result for clip 847 (modality macro) – window opened.
2026-10-06 01:20:45,647 INFO Result for clip 847, modality macro failed with status: Expected all tensors to be on the same device, but found at least two devices, cpu and cuda:0! (when checking argument for argument tensors in method wrapper_CUDA_cat). Ignored.
2026-10-06 01:21:04,138 INFO First result for clip 848 (modality macro) – window opened.
2026-10-06 01:21:04,144 INFO Result for clip 848, modality macro failed with status: Expected all tensors to be on the same device, but found at least two devices, cpu and cuda:0! (when checking argument for argument tensors in method wrapper_CUDA_cat). Ignored.
2026-10-06 01:21:32,122 INFO First result for clip 849 (modality macro) – window opened.
2026-10-06 01:21:32,126 INFO Result for clip 849, modality macro failed with status: Expected all tensors to be on the same device, but found at least two devices, cpu and cuda:0! (when checking argument for argument tensors in method wrapper_CUDA_cat). Ignored.
2026-10-06 01:22:21,106 INFO First result for clip 850 (modality macro) – window opened.
2026-10-06 01:22:21,114 INFO Result for clip 850, modality macro failed with status: Expected all tensors to be on the same device, but found at least two devices, cpu and cuda:0! (when checking argument for argument tensors in method wrapper_CUDA_cat). Ignored.
2026-10-06 01:23:13,030 INFO First result for clip 851 (modality macro) – window opened.
2026-10-06 01:23:13,035 INFO Result for clip 851, modality macro failed with status: Expected all tensors to be on the same device, but found at least two devices, cpu and cuda:0! (when checking argument for argument tensors in method wrapper_CUDA_cat). Ignored.
2026-10-06 01:23:26,272 INFO First result for clip 852 (modality macro) – window opened.
2026-10-06 01:23:26,279 INFO Result for clip 852, modality macro failed with status: Expected all tensors to be on the same device, but found at least two devices, cpu and cuda:0! (when checking argument for argument tensors in method wrapper_CUDA_cat). Ignored.
2026-10-06 01:23:54,875 INFO First result for clip 853 (modality macro) – window opened.
2026-10-06 01:23:54,878 INFO Result for clip 853, modality macro failed with status: Expected all tensors to be on the same device, but found at least two devices, cpu and cuda:0! (when checking argument for argument tensors in method wrapper_CUDA_cat). Ignored.
2026-10-06 01:24:56,742 INFO First result for clip 854 (modality macro) – window opened.
2026-10-06 01:24:56,747 INFO Result for clip 854, modality macro failed with status: Expected all tensors to be on the same device, but found at least two devices, cpu and cuda:0! (when checking argument for argument tensors in method wrapper_CUDA_cat). Ignored.
2026-10-06 01:25:41,056 INFO First result for clip 855 (modality macro) – window opened.
2026-10-06 01:25:41,063 INFO Result for clip 855, modality macro failed with status: Expected all tensors to be on the same device, but found at least two devices, cpu and cuda:0! (when checking argument for argument tensors in method wrapper_CUDA_cat). Ignored.
2026-10-06 01:25:55,437 INFO First result for clip 856 (modality macro) – window opened.
2026-10-06 01:25:55,448 INFO Result for clip 856, modality macro failed with status: Expected all tensors to be on the same device, but found at least two devices, cpu and cuda:0! (when checking argument for argument tensors in method wrapper_CUDA_cat). Ignored.
2026-10-06 01:26:21,219 INFO First result for clip 857 (modality macro) – window opened.
2026-10-06 01:26:21,229 INFO Result for clip 857, modality macro failed with status: Expected all tensors to be on the same device, but found at least two devices, cpu and cuda:0! (when checking argument for argument tensors in method wrapper_CUDA_cat). Ignored.
2026-10-06 01:27:20,260 INFO First result for clip 858 (modality macro) – window opened.
2026-10-06 01:27:20,265 INFO Result for clip 858, modality macro failed with status: Expected all tensors to be on the same device, but found at least two devices, cpu and cuda:0! (when checking argument for argument tensors in method wrapper_CUDA_cat). Ignored.
2026-10-06 01:28:05,990 INFO First result for clip 859 (modality macro) – window opened.
2026-10-06 01:28:06,000 INFO Result for clip 859, modality macro failed with status: Expected all tensors to be on the same device, but found at least two devices, cpu and cuda:0! (when checking argument for argument tensors in method wrapper_CUDA_cat). Ignored.
2026-10-06 01:28:24,908 INFO First result for clip 860 (modality macro) – window opened.
2026-10-06 01:28:24,912 INFO Result for clip 860, modality macro failed with status: Expected all tensors to be on the same device, but found at least two devices, cpu and cuda:0! (when checking argument for argument tensors in method wrapper_CUDA_cat). Ignored.
2026-10-06 01:28:46,565 INFO First result for clip 861 (modality macro) – window opened.
2026-10-06 01:28:46,572 INFO Result for clip 861, modality macro failed with status: Expected all tensors to be on the same device, but found at least two devices, cpu and cuda:0! (when checking argument for argument tensors in method wrapper_CUDA_cat). Ignored.
2026-10-06 01:29:46,168 INFO First result for clip 862 (modality macro) – window opened.
2026-10-06 01:29:46,174 INFO Result for clip 862, modality macro failed with status: Expected all tensors to be on the same device, but found at least two devices, cpu and cuda:0! (when checking argument for argument tensors in method wrapper_CUDA_cat). Ignored.
2026-10-06 01:30:24,169 INFO First result for clip 863 (modality macro) – window opened.
2026-10-06 01:30:24,172 INFO Result for clip 863, modality macro failed with status: Expected all tensors to be on the same device, but found at least two devices, cpu and cuda:0! (when checking argument for argument tensors in method wrapper_CUDA_cat). Ignored.
2026-10-06 01:30:46,234 INFO First result for clip 864 (modality macro) – window opened.
2026-10-06 01:30:46,239 INFO Result for clip 864, modality macro failed with status: Expected all tensors to be on the same device, but found at least two devices, cpu and cuda:0! (when checking argument for argument tensors in method wrapper_CUDA_cat). Ignored.
2026-10-06 01:31:12,893 INFO First result for clip 865 (modality macro) – window opened.
2026-10-06 01:31:12,900 INFO Result for clip 865, modality macro failed with status: Expected all tensors to be on the same device, but found at least two devices, cpu and cuda:0! (when checking argument for argument tensors in method wrapper_CUDA_cat). Ignored.
2026-10-06 01:32:10,065 INFO First result for clip 866 (modality macro) – window opened.
2026-10-06 01:32:10,068 INFO Result for clip 866, modality macro failed with status: Expected all tensors to be on the same device, but found at least two devices, cpu and cuda:0! (when checking argument for argument tensors in method wrapper_CUDA_cat). Ignored.
2026-10-06 01:32:44,423 INFO First result for clip 867 (modality macro) – window opened.
2026-10-06 01:32:44,428 INFO Result for clip 867, modality macro failed with status: Expected all tensors to be on the same device, but found at least two devices, cpu and cuda:0! (when checking argument for argument tensors in method wrapper_CUDA_cat). Ignored.
2026-10-06 01:33:08,618 INFO First result for clip 868 (modality macro) – window opened.
2026-10-06 01:33:08,623 INFO Result for clip 868, modality macro failed with status: Expected all tensors to be on the same device, but found at least two devices, cpu and cuda:0! (when checking argument for argument tensors in method wrapper_CUDA_cat). Ignored.
2026-10-06 01:33:37,867 INFO First result for clip 869 (modality macro) – window opened.
2026-10-06 01:33:37,874 INFO Result for clip 869, modality macro failed with status: Expected all tensors to be on the same device, but found at least two devices, cpu and cuda:0! (when checking argument for argument tensors in method wrapper_CUDA_cat). Ignored.
2026-10-06 01:34:34,179 INFO First result for clip 870 (modality macro) – window opened.
2026-10-06 01:34:34,187 INFO Result for clip 870, modality macro failed with status: Expected all tensors to be on the same device, but found at least two devices, cpu and cuda:0! (when checking argument for argument tensors in method wrapper_CUDA_cat). Ignored.
2026-10-06 01:35:12,519 INFO First result for clip 871 (modality macro) – window opened.
2026-10-06 01:35:12,522 INFO Result for clip 871, modality macro failed with status: Expected all tensors to be on the same device, but found at least two devices, cpu and cuda:0! (when checking argument for argument tensors in method wrapper_CUDA_cat). Ignored.
2026-10-06 01:35:38,883 INFO First result for clip 872 (modality macro) – window opened.
2026-10-06 01:35:38,887 INFO Result for clip 872, modality macro failed with status: Expected all tensors to be on the same device, but found at least two devices, cpu and cuda:0! (when checking argument for argument tensors in method wrapper_CUDA_cat). Ignored.
2026-10-06 01:36:07,489 INFO First result for clip 873 (modality macro) – window opened.
2026-10-06 01:36:07,492 INFO Result for clip 873, modality macro failed with status: Expected all tensors to be on the same device, but found at least two devices, cpu and cuda:0! (when checking argument for argument tensors in method wrapper_CUDA_cat). Ignored.
2026-10-06 01:37:05,202 INFO First result for clip 874 (modality macro) – window opened.
2026-10-06 01:37:05,206 INFO Result for clip 874, modality macro failed with status: Expected all tensors to be on the same device, but found at least two devices, cpu and cuda:0! (when checking argument for argument tensors in method wrapper_CUDA_cat). Ignored.
2026-10-06 01:37:40,855 INFO First result for clip 875 (modality macro) – window opened.
2026-10-06 01:37:40,859 INFO Result for clip 875, modality macro failed with status: Expected all tensors to be on the same device, but found at least two devices, cpu and cuda:0! (when checking argument for argument tensors in method wrapper_CUDA_cat). Ignored.
2026-10-06 01:38:02,381 INFO First result for clip 876 (modality macro) – window opened.
2026-10-06 01:38:02,385 INFO Result for clip 876, modality macro failed with status: Expected all tensors to be on the same device, but found at least two devices, cpu and cuda:0! (when checking argument for argument tensors in method wrapper_CUDA_cat). Ignored.
2026-10-06 01:38:30,517 INFO First result for clip 877 (modality macro) – window opened.
2026-10-06 01:38:30,525 INFO Result for clip 877, modality macro failed with status: Expected all tensors to be on the same device, but found at least two devices, cpu and cuda:0! (when checking argument for argument tensors in method wrapper_CUDA_cat). Ignored.
2026-10-06 01:39:31,637 INFO First result for clip 878 (modality macro) – window opened.
2026-10-06 01:39:31,644 INFO Result for clip 878, modality macro failed with status: Expected all tensors to be on the same device, but found at least two devices, cpu and cuda:0! (when checking argument for argument tensors in method wrapper_CUDA_cat). Ignored.
2026-10-06 01:40:09,275 INFO First result for clip 879 (modality macro) – window opened.
2026-10-06 01:40:09,278 INFO Result for clip 879, modality macro failed with status: Expected all tensors to be on the same device, but found at least two devices, cpu and cuda:0! (when checking argument for argument tensors in method wrapper_CUDA_cat). Ignored.
2026-10-06 01:40:20,018 INFO First result for clip 880 (modality macro) – window opened.
2026-10-06 01:40:20,030 INFO Result for clip 880, modality macro failed with status: Expected all tensors to be on the same device, but found at least two devices, cpu and cuda:0! (when checking argument for argument tensors in method wrapper_CUDA_cat). Ignored.
2026-10-06 01:40:55,751 INFO First result for clip 881 (modality macro) – window opened.
2026-10-06 01:40:55,757 INFO Result for clip 881, modality macro failed with status: Expected all tensors to be on the same device, but found at least two devices, cpu and cuda:0! (when checking argument for argument tensors in method wrapper_CUDA_cat). Ignored.
2026-10-06 01:41:52,104 INFO First result for clip 882 (modality macro) – window opened.
2026-10-06 01:41:52,107 INFO Result for clip 882, modality macro failed with status: Expected all tensors to be on the same device, but found at least two devices, cpu and cuda:0! (when checking argument for argument tensors in method wrapper_CUDA_cat). Ignored.
2026-10-06 01:42:39,577 INFO First result for clip 883 (modality macro) – window opened.
2026-10-06 01:42:39,583 INFO Result for clip 883, modality macro failed with status: Expected all tensors to be on the same device, but found at least two devices, cpu and cuda:0! (when checking argument for argument tensors in method wrapper_CUDA_cat). Ignored.
2026-10-06 01:42:52,362 INFO First result for clip 884 (modality macro) – window opened.
2026-10-06 01:42:52,373 INFO Result for clip 884, modality macro failed with status: Expected all tensors to be on the same device, but found at least two devices, cpu and cuda:0! (when checking argument for argument tensors in method wrapper_CUDA_cat). Ignored.
2026-10-06 01:43:16,312 INFO First result for clip 885 (modality macro) – window opened.
2026-10-06 01:43:16,338 INFO Result for clip 885, modality macro failed with status: Expected all tensors to be on the same device, but found at least two devices, cpu and cuda:0! (when checking argument for argument tensors in method wrapper_CUDA_cat). Ignored.
2026-10-06 01:44:16,990 INFO First result for clip 886 (modality macro) – window opened.
2026-10-06 01:44:16,996 INFO Result for clip 886, modality macro failed with status: Expected all tensors to be on the same device, but found at least two devices, cpu and cuda:0! (when checking argument for argument tensors in method wrapper_CUDA_cat). Ignored.
2026-10-06 01:45:05,757 INFO First result for clip 887 (modality macro) – window opened.
2026-10-06 01:45:05,767 INFO Result for clip 887, modality macro failed with status: Expected all tensors to be on the same device, but found at least two devices, cpu and cuda:0! (when checking argument for argument tensors in method wrapper_CUDA_cat). Ignored.
2026-10-06 01:45:25,134 INFO First result for clip 888 (modality macro) – window opened.
2026-10-06 01:45:25,143 INFO Result for clip 888, modality macro failed with status: Expected all tensors to be on the same device, but found at least two devices, cpu and cuda:0! (when checking argument for argument tensors in method wrapper_CUDA_cat). Ignored.
2026-10-06 01:45:37,120 INFO First result for clip 889 (modality macro) – window opened.
2026-10-06 01:45:37,126 INFO Result for clip 889, modality macro failed with status: Expected all tensors to be on the same device, but found at least two devices, cpu and cuda:0! (when checking argument for argument tensors in method wrapper_CUDA_cat). Ignored.
2026-10-06 01:46:40,015 INFO First result for clip 890 (modality macro) – window opened.
2026-10-06 01:46:40,022 INFO Result for clip 890, modality macro failed with status: Expected all tensors to be on the same device, but found at least two devices, cpu and cuda:0! (when checking argument for argument tensors in method wrapper_CUDA_cat). Ignored.
2026-10-06 01:47:27,783 INFO First result for clip 891 (modality macro) – window opened.
2026-10-06 01:47:27,787 INFO Result for clip 891, modality macro failed with status: Expected all tensors to be on the same device, but found at least two devices, cpu and cuda:0! (when checking argument for argument tensors in method wrapper_CUDA_cat). Ignored.
2026-10-06 01:47:58,516 INFO First result for clip 892 (modality macro) – window opened.
2026-10-06 01:47:58,523 INFO Result for clip 892, modality macro failed with status: Expected all tensors to be on the same device, but found at least two devices, cpu and cuda:0! (when checking argument for argument tensors in method wrapper_CUDA_cat). Ignored.
2026-10-06 01:48:07,107 INFO First result for clip 893 (modality macro) – window opened.
2026-10-06 01:48:07,110 INFO Result for clip 893, modality macro failed with status: Expected all tensors to be on the same device, but found at least two devices, cpu and cuda:0! (when checking argument for argument tensors in method wrapper_CUDA_cat). Ignored.
2026-10-06 01:49:07,724 INFO First result for clip 894 (modality macro) – window opened.
2026-10-06 01:49:07,728 INFO Result for clip 894, modality macro failed with status: Expected all tensors to be on the same device, but found at least two devices, cpu and cuda:0! (when checking argument for argument tensors in method wrapper_CUDA_cat). Ignored.
2026-10-06 01:49:54,924 INFO First result for clip 895 (modality macro) – window opened.
2026-10-06 01:49:54,927 INFO Result for clip 895, modality macro failed with status: Expected all tensors to be on the same device, but found at least two devices, cpu and cuda:0! (when checking argument for argument tensors in method wrapper_CUDA_cat). Ignored.
2026-10-06 01:50:30,029 INFO First result for clip 896 (modality macro) – window opened.
2026-10-06 01:50:30,037 INFO Result for clip 896, modality macro failed with status: Expected all tensors to be on the same device, but found at least two devices, cpu and cuda:0! (when checking argument for argument tensors in method wrapper_CUDA_cat). Ignored.
2026-10-06 01:50:41,206 INFO First result for clip 897 (modality macro) – window opened.
2026-10-06 01:50:41,215 INFO Result for clip 897, modality macro failed with status: Expected all tensors to be on the same device, but found at least two devices, cpu and cuda:0! (when checking argument for argument tensors in method wrapper_CUDA_cat). Ignored.
2026-10-06 01:51:25,457 INFO First result for clip 898 (modality macro) – window opened.
2026-10-06 01:51:25,461 INFO Result for clip 898, modality macro failed with status: Expected all tensors to be on the same device, but found at least two devices, cpu and cuda:0! (when checking argument for argument tensors in method wrapper_CUDA_cat). Ignored.
2026-10-06 01:52:20,708 INFO First result for clip 899 (modality macro) – window opened.
2026-10-06 01:52:20,712 INFO Result for clip 899, modality macro failed with status: Expected all tensors to be on the same device, but found at least two devices, cpu and cuda:0! (when checking argument for argument tensors in method wrapper_CUDA_cat). Ignored.
2026-10-06 01:53:04,898 INFO First result for clip 900 (modality macro) – window opened.
2026-10-06 01:53:04,903 INFO Result for clip 900, modality macro failed with status: Expected all tensors to be on the same device, but found at least two devices, cpu and cuda:0! (when checking argument for argument tensors in method wrapper_CUDA_cat). Ignored.
2026-10-06 01:53:12,707 INFO First result for clip 901 (modality macro) – window opened.
2026-10-06 01:53:12,722 INFO Result for clip 901, modality macro failed with status: Expected all tensors to be on the same device, but found at least two devices, cpu and cuda:0! (when checking argument for argument tensors in method wrapper_CUDA_cat). Ignored.
2026-10-06 01:53:47,977 INFO First result for clip 902 (modality macro) – window opened.
2026-10-06 01:53:47,981 INFO Result for clip 902, modality macro failed with status: Expected all tensors to be on the same device, but found at least two devices, cpu and cuda:0! (when checking argument for argument tensors in method wrapper_CUDA_cat). Ignored.
2026-10-06 01:54:41,404 INFO First result for clip 903 (modality macro) – window opened.
2026-10-06 01:54:41,413 INFO Result for clip 903, modality macro failed with status: Expected all tensors to be on the same device, but found at least two devices, cpu and cuda:0! (when checking argument for argument tensors in method wrapper_CUDA_cat). Ignored.
2026-10-06 01:55:35,775 INFO First result for clip 904 (modality macro) – window opened.
2026-10-06 01:55:35,783 INFO Result for clip 904, modality macro failed with status: Expected all tensors to be on the same device, but found at least two devices, cpu and cuda:0! (when checking argument for argument tensors in method wrapper_CUDA_cat). Ignored.
2026-10-06 01:55:43,093 INFO First result for clip 905 (modality macro) – window opened.
2026-10-06 01:55:43,103 INFO Result for clip 905, modality macro failed with status: Expected all tensors to be on the same device, but found at least two devices, cpu and cuda:0! (when checking argument for argument tensors in method wrapper_CUDA_cat). Ignored.
2026-10-06 01:56:05,527 INFO First result for clip 906 (modality macro) – window opened.
2026-10-06 01:56:05,533 INFO Result for clip 906, modality macro failed with status: Expected all tensors to be on the same device, but found at least two devices, cpu and cuda:0! (when checking argument for argument tensors in method wrapper_CUDA_cat). Ignored.
2026-10-06 01:56:57,045 INFO First result for clip 907 (modality macro) – window opened.
2026-10-06 01:56:57,048 INFO Result for clip 907, modality macro failed with status: Expected all tensors to be on the same device, but found at least two devices, cpu and cuda:0! (when checking argument for argument tensors in method wrapper_CUDA_cat). Ignored.
2026-10-06 01:58:06,432 INFO First result for clip 908 (modality macro) – window opened.
2026-10-06 01:58:06,439 INFO Result for clip 908, modality macro failed with status: Expected all tensors to be on the same device, but found at least two devices, cpu and cuda:0! (when checking argument for argument tensors in method wrapper_CUDA_cat). Ignored.
2026-10-06 01:58:21,950 INFO First result for clip 909 (modality macro) – window opened.
2026-10-06 01:58:21,960 INFO Result for clip 909, modality macro failed with status: Expected all tensors to be on the same device, but found at least two devices, cpu and cuda:0! (when checking argument for argument tensors in method wrapper_CUDA_cat). Ignored.
2026-10-06 01:58:34,278 INFO First result for clip 910 (modality macro) – window opened.
2026-10-06 01:58:34,284 INFO Result for clip 910, modality macro failed with status: Expected all tensors to be on the same device, but found at least two devices, cpu and cuda:0! (when checking argument for argument tensors in method wrapper_CUDA_cat). Ignored.
2026-10-06 01:59:13,005 INFO First result for clip 911 (modality macro) – window opened.
2026-10-06 01:59:13,016 INFO Result for clip 911, modality macro failed with status: Expected all tensors to be on the same device, but found at least two devices, cpu and cuda:0! (when checking argument for argument tensors in method wrapper_CUDA_cat). Ignored.
2026-10-06 02:00:30,634 INFO First result for clip 912 (modality macro) – window opened.
2026-10-06 02:00:30,637 INFO Result for clip 912, modality macro failed with status: Expected all tensors to be on the same device, but found at least two devices, cpu and cuda:0! (when checking argument for argument tensors in method wrapper_CUDA_cat). Ignored.
2026-10-06 02:00:51,885 INFO First result for clip 913 (modality macro) – window opened.
2026-10-06 02:00:51,888 INFO Result for clip 913, modality macro failed with status: Expected all tensors to be on the same device, but found at least two devices, cpu and cuda:0! (when checking argument for argument tensors in method wrapper_CUDA_cat). Ignored.
2026-10-06 02:01:12,158 INFO First result for clip 914 (modality macro) – window opened.
2026-10-06 02:01:12,166 INFO Result for clip 914, modality macro failed with status: Expected all tensors to be on the same device, but found at least two devices, cpu and cuda:0! (when checking argument for argument tensors in method wrapper_CUDA_cat). Ignored.
2026-10-06 02:01:32,536 INFO First result for clip 915 (modality macro) – window opened.
2026-10-06 02:01:32,541 INFO Result for clip 915, modality macro failed with status: Expected all tensors to be on the same device, but found at least two devices, cpu and cuda:0! (when checking argument for argument tensors in method wrapper_CUDA_cat). Ignored.
2026-10-06 02:03:05,523 INFO First result for clip 916 (modality macro) – window opened.
2026-10-06 02:03:05,527 INFO Result for clip 916, modality macro failed with status: Expected all tensors to be on the same device, but found at least two devices, cpu and cuda:0! (when checking argument for argument tensors in method wrapper_CUDA_cat). Ignored.
2026-10-06 02:03:17,669 INFO First result for clip 917 (modality macro) – window opened.
2026-10-06 02:03:17,679 INFO Result for clip 917, modality macro failed with status: Expected all tensors to be on the same device, but found at least two devices, cpu and cuda:0! (when checking argument for argument tensors in method wrapper_CUDA_cat). Ignored.
2026-10-06 02:03:35,803 INFO First result for clip 918 (modality macro) – window opened.
2026-10-06 02:03:35,812 INFO Result for clip 918, modality macro failed with status: Expected all tensors to be on the same device, but found at least two devices, cpu and cuda:0! (when checking argument for argument tensors in method wrapper_CUDA_cat). Ignored.
2026-10-06 02:03:52,021 INFO First result for clip 919 (modality macro) – window opened.
2026-10-06 02:03:52,027 INFO Result for clip 919, modality macro failed with status: Expected all tensors to be on the same device, but found at least two devices, cpu and cuda:0! (when checking argument for argument tensors in method wrapper_CUDA_cat). Ignored.
2026-10-06 02:05:34,277 INFO First result for clip 920 (modality macro) – window opened.
2026-10-06 02:05:34,285 INFO Result for clip 920, modality macro failed with status: Expected all tensors to be on the same device, but found at least two devices, cpu and cuda:0! (when checking argument for argument tensors in method wrapper_CUDA_cat). Ignored.
2026-10-06 02:05:59,940 INFO First result for clip 921 (modality macro) – window opened.
2026-10-06 02:05:59,944 INFO Result for clip 921, modality macro failed with status: Expected all tensors to be on the same device, but found at least two devices, cpu and cuda:0! (when checking argument for argument tensors in method wrapper_CUDA_cat). Ignored.
2026-10-06 02:06:24,424 INFO First result for clip 922 (modality macro) – window opened.
2026-10-06 02:06:24,433 INFO Result for clip 922, modality macro failed with status: Expected all tensors to be on the same device, but found at least two devices, cpu and cuda:0! (when checking argument for argument tensors in method wrapper_CUDA_cat). Ignored.
2026-10-06 02:06:32,662 INFO First result for clip 923 (modality macro) – window opened.
2026-10-06 02:06:32,677 INFO Result for clip 923, modality macro failed with status: Expected all tensors to be on the same device, but found at least two devices, cpu and cuda:0! (when checking argument for argument tensors in method wrapper_CUDA_cat). Ignored.
2026-10-06 02:07:50,225 INFO First result for clip 924 (modality macro) – window opened.
2026-10-06 02:07:50,229 INFO Result for clip 924, modality macro failed with status: Expected all tensors to be on the same device, but found at least two devices, cpu and cuda:0! (when checking argument for argument tensors in method wrapper_CUDA_cat). Ignored.
2026-10-06 02:08:18,137 INFO First result for clip 925 (modality macro) – window opened.
2026-10-06 02:08:18,141 INFO Result for clip 925, modality macro failed with status: Expected all tensors to be on the same device, but found at least two devices, cpu and cuda:0! (when checking argument for argument tensors in method wrapper_CUDA_cat). Ignored.
2026-10-06 02:08:57,011 INFO First result for clip 926 (modality macro) – window opened.
2026-10-06 02:08:57,014 INFO Result for clip 926, modality macro failed with status: Expected all tensors to be on the same device, but found at least two devices, cpu and cuda:0! (when checking argument for argument tensors in method wrapper_CUDA_cat). Ignored.
2026-10-06 02:09:08,007 INFO First result for clip 927 (modality macro) – window opened.
2026-10-06 02:09:08,012 INFO Result for clip 927, modality macro failed with status: Expected all tensors to be on the same device, but found at least two devices, cpu and cuda:0! (when checking argument for argument tensors in method wrapper_CUDA_cat). Ignored.
2026-10-06 02:10:07,582 INFO First result for clip 928 (modality macro) – window opened.
2026-10-06 02:10:07,588 INFO Result for clip 928, modality macro failed with status: Expected all tensors to be on the same device, but found at least two devices, cpu and cuda:0! (when checking argument for argument tensors in method wrapper_CUDA_cat). Ignored.
2026-10-06 02:10:38,388 INFO First result for clip 929 (modality macro) – window opened.
2026-10-06 02:10:38,392 INFO Result for clip 929, modality macro failed with status: Expected all tensors to be on the same device, but found at least two devices, cpu and cuda:0! (when checking argument for argument tensors in method wrapper_CUDA_cat). Ignored.
2026-10-06 02:11:25,012 INFO First result for clip 930 (modality macro) – window opened.
2026-10-06 02:11:25,016 INFO Result for clip 930, modality macro failed with status: Expected all tensors to be on the same device, but found at least two devices, cpu and cuda:0! (when checking argument for argument tensors in method wrapper_CUDA_cat). Ignored.
2026-10-06 02:11:38,672 INFO First result for clip 931 (modality macro) – window opened.
2026-10-06 02:11:38,676 INFO Result for clip 931, modality macro failed with status: Expected all tensors to be on the same device, but found at least two devices, cpu and cuda:0! (when checking argument for argument tensors in method wrapper_CUDA_cat). Ignored.
2026-10-06 02:12:18,624 INFO First result for clip 932 (modality macro) – window opened.
2026-10-06 02:12:18,630 INFO Result for clip 932, modality macro failed with status: Expected all tensors to be on the same device, but found at least two devices, cpu and cuda:0! (when checking argument for argument tensors in method wrapper_CUDA_cat). Ignored.
2026-10-06 02:12:56,946 INFO First result for clip 933 (modality macro) – window opened.
2026-10-06 02:12:56,959 INFO Result for clip 933, modality macro failed with status: Expected all tensors to be on the same device, but found at least two devices, cpu and cuda:0! (when checking argument for argument tensors in method wrapper_CUDA_cat). Ignored.
2026-10-06 02:13:44,489 INFO First result for clip 934 (modality macro) – window opened.
2026-10-06 02:13:44,497 INFO Result for clip 934, modality macro failed with status: Expected all tensors to be on the same device, but found at least two devices, cpu and cuda:0! (when checking argument for argument tensors in method wrapper_CUDA_cat). Ignored.
2026-10-06 02:14:04,500 INFO First result for clip 935 (modality macro) – window opened.
2026-10-06 02:14:04,502 INFO Result for clip 935, modality macro failed with status: Expected all tensors to be on the same device, but found at least two devices, cpu and cuda:0! (when checking argument for argument tensors in method wrapper_CUDA_cat). Ignored.
2026-10-06 02:14:36,023 INFO First result for clip 936 (modality macro) – window opened.
2026-10-06 02:14:36,026 INFO Result for clip 936, modality macro failed with status: Expected all tensors to be on the same device, but found at least two devices, cpu and cuda:0! (when checking argument for argument tensors in method wrapper_CUDA_cat). Ignored.
2026-10-06 02:15:22,325 INFO First result for clip 937 (modality macro) – window opened.
2026-10-06 02:15:22,328 INFO Result for clip 937, modality macro failed with status: Expected all tensors to be on the same device, but found at least two devices, cpu and cuda:0! (when checking argument for argument tensors in method wrapper_CUDA_cat). Ignored.
2026-10-06 02:15:55,356 INFO First result for clip 938 (modality macro) – window opened.
2026-10-06 02:15:55,359 INFO Result for clip 938, modality macro failed with status: Expected all tensors to be on the same device, but found at least two devices, cpu and cuda:0! (when checking argument for argument tensors in method wrapper_CUDA_cat). Ignored.
2026-10-06 02:16:20,356 INFO First result for clip 939 (modality macro) – window opened.
2026-10-06 02:16:20,360 INFO Result for clip 939, modality macro failed with status: Expected all tensors to be on the same device, but found at least two devices, cpu and cuda:0! (when checking argument for argument tensors in method wrapper_CUDA_cat). Ignored.
2026-10-06 02:17:06,389 INFO First result for clip 940 (modality macro) – window opened.
2026-10-06 02:17:06,411 INFO Result for clip 940, modality macro failed with status: Expected all tensors to be on the same device, but found at least two devices, cpu and cuda:0! (when checking argument for argument tensors in method wrapper_CUDA_cat). Ignored.
2026-10-06 02:17:51,335 INFO First result for clip 941 (modality macro) – window opened.
2026-10-06 02:17:51,342 INFO Result for clip 941, modality macro failed with status: Expected all tensors to be on the same device, but found at least two devices, cpu and cuda:0! (when checking argument for argument tensors in method wrapper_CUDA_cat). Ignored.
2026-10-06 02:18:27,735 INFO First result for clip 942 (modality macro) – window opened.
2026-10-06 02:18:27,740 INFO Result for clip 942, modality macro failed with status: Expected all tensors to be on the same device, but found at least two devices, cpu and cuda:0! (when checking argument for argument tensors in method wrapper_CUDA_cat). Ignored.
2026-10-06 02:18:57,525 INFO First result for clip 943 (modality macro) – window opened.
2026-10-06 02:18:57,527 INFO Result for clip 943, modality macro failed with status: Expected all tensors to be on the same device, but found at least two devices, cpu and cuda:0! (when checking argument for argument tensors in method wrapper_CUDA_cat). Ignored.
2026-10-06 02:19:33,652 INFO First result for clip 944 (modality macro) – window opened.
2026-10-06 02:19:33,657 INFO Result for clip 944, modality macro failed with status: Expected all tensors to be on the same device, but found at least two devices, cpu and cuda:0! (when checking argument for argument tensors in method wrapper_CUDA_cat). Ignored.
2026-10-06 02:20:20,201 INFO First result for clip 945 (modality macro) – window opened.
2026-10-06 02:20:20,212 INFO Result for clip 945, modality macro failed with status: Expected all tensors to be on the same device, but found at least two devices, cpu and cuda:0! (when checking argument for argument tensors in method wrapper_CUDA_cat). Ignored.
2026-10-06 02:20:53,775 INFO First result for clip 946 (modality macro) – window opened.
2026-10-06 02:20:53,786 INFO Result for clip 946, modality macro failed with status: Expected all tensors to be on the same device, but found at least two devices, cpu and cuda:0! (when checking argument for argument tensors in method wrapper_CUDA_cat). Ignored.
2026-10-06 02:21:32,784 INFO First result for clip 947 (modality macro) – window opened.
2026-10-06 02:21:32,791 INFO Result for clip 947, modality macro failed with status: Expected all tensors to be on the same device, but found at least two devices, cpu and cuda:0! (when checking argument for argument tensors in method wrapper_CUDA_cat). Ignored.
2026-10-06 02:21:55,988 INFO First result for clip 948 (modality macro) – window opened.
2026-10-06 02:21:55,992 INFO Result for clip 948, modality macro failed with status: Expected all tensors to be on the same device, but found at least two devices, cpu and cuda:0! (when checking argument for argument tensors in method wrapper_CUDA_cat). Ignored.
2026-10-06 02:22:43,517 INFO First result for clip 949 (modality macro) – window opened.
2026-10-06 02:22:43,523 INFO Result for clip 949, modality macro failed with status: Expected all tensors to be on the same device, but found at least two devices, cpu and cuda:0! (when checking argument for argument tensors in method wrapper_CUDA_cat). Ignored.
2026-10-06 02:23:16,507 INFO First result for clip 950 (modality macro) – window opened.
2026-10-06 02:23:16,511 INFO Result for clip 950, modality macro failed with status: Expected all tensors to be on the same device, but found at least two devices, cpu and cuda:0! (when checking argument for argument tensors in method wrapper_CUDA_cat). Ignored.
2026-10-06 02:24:13,208 INFO First result for clip 951 (modality macro) – window opened.
2026-10-06 02:24:13,221 INFO Result for clip 951, modality macro failed with status: Expected all tensors to be on the same device, but found at least two devices, cpu and cuda:0! (when checking argument for argument tensors in method wrapper_CUDA_cat). Ignored.
2026-10-06 02:24:21,236 INFO First result for clip 952 (modality macro) – window opened.
2026-10-06 02:24:21,240 INFO Result for clip 952, modality macro failed with status: Expected all tensors to be on the same device, but found at least two devices, cpu and cuda:0! (when checking argument for argument tensors in method wrapper_CUDA_cat). Ignored.
2026-10-06 02:25:05,450 INFO First result for clip 953 (modality macro) – window opened.
2026-10-06 02:25:05,453 INFO Result for clip 953, modality macro failed with status: Expected all tensors to be on the same device, but found at least two devices, cpu and cuda:0! (when checking argument for argument tensors in method wrapper_CUDA_cat). Ignored.
2026-10-06 02:25:30,933 INFO First result for clip 954 (modality macro) – window opened.
2026-10-06 02:25:30,942 INFO Result for clip 954, modality macro failed with status: Expected all tensors to be on the same device, but found at least two devices, cpu and cuda:0! (when checking argument for argument tensors in method wrapper_CUDA_cat). Ignored.
2026-10-06 02:26:43,434 INFO First result for clip 955 (modality macro) – window opened.
2026-10-06 02:26:43,444 INFO Result for clip 955, modality macro failed with status: Expected all tensors to be on the same device, but found at least two devices, cpu and cuda:0! (when checking argument for argument tensors in method wrapper_CUDA_cat). Ignored.
2026-10-06 02:27:00,364 INFO First result for clip 956 (modality macro) – window opened.
2026-10-06 02:27:00,374 INFO Result for clip 956, modality macro failed with status: Expected all tensors to be on the same device, but found at least two devices, cpu and cuda:0! (when checking argument for argument tensors in method wrapper_CUDA_cat). Ignored.
2026-10-06 02:27:42,426 INFO First result for clip 957 (modality macro) – window opened.
2026-10-06 02:27:42,432 INFO Result for clip 957, modality macro failed with status: Expected all tensors to be on the same device, but found at least two devices, cpu and cuda:0! (when checking argument for argument tensors in method wrapper_CUDA_cat). Ignored.
2026-10-06 02:27:55,844 INFO First result for clip 958 (modality macro) – window opened.
2026-10-06 02:27:55,848 INFO Result for clip 958, modality macro failed with status: Expected all tensors to be on the same device, but found at least two devices, cpu and cuda:0! (when checking argument for argument tensors in method wrapper_CUDA_cat). Ignored.
2026-10-06 02:29:06,898 INFO First result for clip 959 (modality macro) – window opened.
2026-10-06 02:29:06,901 INFO Result for clip 959, modality macro failed with status: Expected all tensors to be on the same device, but found at least two devices, cpu and cuda:0! (when checking argument for argument tensors in method wrapper_CUDA_cat). Ignored.
2026-10-06 02:29:26,430 INFO First result for clip 960 (modality macro) – window opened.
2026-10-06 02:29:26,442 INFO Result for clip 960, modality macro failed with status: Expected all tensors to be on the same device, but found at least two devices, cpu and cuda:0! (when checking argument for argument tensors in method wrapper_CUDA_cat). Ignored.
2026-10-06 02:30:08,304 INFO First result for clip 961 (modality macro) – window opened.
2026-10-06 02:30:08,311 INFO Result for clip 961, modality macro failed with status: Expected all tensors to be on the same device, but found at least two devices, cpu and cuda:0! (when checking argument for argument tensors in method wrapper_CUDA_cat). Ignored.
2026-10-06 02:30:34,320 INFO First result for clip 962 (modality macro) – window opened.
2026-10-06 02:30:34,326 INFO Result for clip 962, modality macro failed with status: Expected all tensors to be on the same device, but found at least two devices, cpu and cuda:0! (when checking argument for argument tensors in method wrapper_CUDA_cat). Ignored.
2026-10-06 02:31:18,164 INFO First result for clip 963 (modality macro) – window opened.
2026-10-06 02:31:18,170 INFO Result for clip 963, modality macro failed with status: Expected all tensors to be on the same device, but found at least two devices, cpu and cuda:0! (when checking argument for argument tensors in method wrapper_CUDA_cat). Ignored.
2026-10-06 02:31:42,444 INFO First result for clip 964 (modality macro) – window opened.
2026-10-06 02:31:42,447 INFO Result for clip 964, modality macro failed with status: Expected all tensors to be on the same device, but found at least two devices, cpu and cuda:0! (when checking argument for argument tensors in method wrapper_CUDA_cat). Ignored.
2026-10-06 02:32:20,156 INFO First result for clip 965 (modality macro) – window opened.
2026-10-06 02:32:20,159 INFO Result for clip 965, modality macro failed with status: Expected all tensors to be on the same device, but found at least two devices, cpu and cuda:0! (when checking argument for argument tensors in method wrapper_CUDA_cat). Ignored.
2026-10-06 02:32:42,915 INFO First result for clip 966 (modality macro) – window opened.
2026-10-06 02:32:42,926 INFO Result for clip 966, modality macro failed with status: Expected all tensors to be on the same device, but found at least two devices, cpu and cuda:0! (when checking argument for argument tensors in method wrapper_CUDA_cat). Ignored.
2026-10-06 02:33:32,207 INFO First result for clip 967 (modality macro) – window opened.
2026-10-06 02:33:32,213 INFO Result for clip 967, modality macro failed with status: Expected all tensors to be on the same device, but found at least two devices, cpu and cuda:0! (when checking argument for argument tensors in method wrapper_CUDA_cat). Ignored.
2026-10-06 02:33:59,854 INFO First result for clip 968 (modality macro) – window opened.
2026-10-06 02:33:59,856 INFO Result for clip 968, modality macro failed with status: Expected all tensors to be on the same device, but found at least two devices, cpu and cuda:0! (when checking argument for argument tensors in method wrapper_CUDA_cat). Ignored.
2026-10-06 02:34:38,351 INFO First result for clip 969 (modality macro) – window opened.
2026-10-06 02:34:38,370 INFO Result for clip 969, modality macro failed with status: Expected all tensors to be on the same device, but found at least two devices, cpu and cuda:0! (when checking argument for argument tensors in method wrapper_CUDA_cat). Ignored.
2026-10-06 02:35:02,759 INFO First result for clip 970 (modality macro) – window opened.
2026-10-06 02:35:02,765 INFO Result for clip 970, modality macro failed with status: Expected all tensors to be on the same device, but found at least two devices, cpu and cuda:0! (when checking argument for argument tensors in method wrapper_CUDA_cat). Ignored.
2026-10-06 02:36:22,868 INFO First result for clip 971 (modality macro) – window opened.
2026-10-06 02:36:22,871 INFO Result for clip 971, modality macro failed with status: Expected all tensors to be on the same device, but found at least two devices, cpu and cuda:0! (when checking argument for argument tensors in method wrapper_CUDA_cat). Ignored.
2026-10-06 02:36:26,604 INFO First result for clip 972 (modality macro) – window opened.
2026-10-06 02:36:26,608 INFO Result for clip 972, modality macro failed with status: Expected all tensors to be on the same device, but found at least two devices, cpu and cuda:0! (when checking argument for argument tensors in method wrapper_CUDA_cat). Ignored.
2026-10-06 02:37:05,861 INFO First result for clip 973 (modality macro) – window opened.
2026-10-06 02:37:05,866 INFO Result for clip 973, modality macro failed with status: Expected all tensors to be on the same device, but found at least two devices, cpu and cuda:0! (when checking argument for argument tensors in method wrapper_CUDA_cat). Ignored.
2026-10-06 02:37:29,178 INFO First result for clip 974 (modality macro) – window opened.
2026-10-06 02:37:29,187 INFO Result for clip 974, modality macro failed with status: Expected all tensors to be on the same device, but found at least two devices, cpu and cuda:0! (when checking argument for argument tensors in method wrapper_CUDA_cat). Ignored.
2026-10-06 02:39:05,368 INFO First result for clip 976 (modality macro) – window opened.
2026-10-06 02:39:05,371 INFO Result for clip 976, modality macro failed with status: Expected all tensors to be on the same device, but found at least two devices, cpu and cuda:0! (when checking argument for argument tensors in method wrapper_CUDA_cat). Ignored.
2026-10-06 02:39:06,195 INFO First result for clip 975 (modality macro) – window opened.
2026-10-06 02:39:06,203 INFO Result for clip 975, modality macro failed with status: Expected all tensors to be on the same device, but found at least two devices, cpu and cuda:0! (when checking argument for argument tensors in method wrapper_CUDA_cat). Ignored.
2026-10-06 02:39:36,943 INFO First result for clip 977 (modality macro) – window opened.
2026-10-06 02:39:36,949 INFO Result for clip 977, modality macro failed with status: Expected all tensors to be on the same device, but found at least two devices, cpu and cuda:0! (when checking argument for argument tensors in method wrapper_CUDA_cat). Ignored.
2026-10-06 02:40:04,055 INFO First result for clip 978 (modality macro) – window opened.
2026-10-06 02:40:04,067 INFO Result for clip 978, modality macro failed with status: Expected all tensors to be on the same device, but found at least two devices, cpu and cuda:0! (when checking argument for argument tensors in method wrapper_CUDA_cat). Ignored.
2026-10-06 02:41:57,568 INFO First result for clip 979 (modality macro) – window opened.
2026-10-06 02:41:57,579 INFO Result for clip 979, modality macro failed with status: Expected all tensors to be on the same device, but found at least two devices, cpu and cuda:0! (when checking argument for argument tensors in method wrapper_CUDA_cat). Ignored.
2026-10-06 02:42:03,485 INFO First result for clip 980 (modality macro) – window opened.
2026-10-06 02:42:03,497 INFO Result for clip 980, modality macro failed with status: Expected all tensors to be on the same device, but found at least two devices, cpu and cuda:0! (when checking argument for argument tensors in method wrapper_CUDA_cat). Ignored.
2026-10-06 02:42:23,162 INFO First result for clip 981 (modality macro) – window opened.
2026-10-06 02:42:23,166 INFO Result for clip 981, modality macro failed with status: Expected all tensors to be on the same device, but found at least two devices, cpu and cuda:0! (when checking argument for argument tensors in method wrapper_CUDA_cat). Ignored.
2026-10-06 02:42:31,345 INFO First result for clip 982 (modality macro) – window opened.
2026-10-06 02:42:31,349 INFO Result for clip 982, modality macro failed with status: Expected all tensors to be on the same device, but found at least two devices, cpu and cuda:0! (when checking argument for argument tensors in method wrapper_CUDA_cat). Ignored.
2026-10-06 02:44:29,496 INFO First result for clip 983 (modality macro) – window opened.
2026-10-06 02:44:29,502 INFO Result for clip 983, modality macro failed with status: Expected all tensors to be on the same device, but found at least two devices, cpu and cuda:0! (when checking argument for argument tensors in method wrapper_CUDA_cat). Ignored.
2026-10-06 02:44:50,256 INFO First result for clip 984 (modality macro) – window opened.
2026-10-06 02:44:50,263 INFO Result for clip 984, modality macro failed with status: Expected all tensors to be on the same device, but found at least two devices, cpu and cuda:0! (when checking argument for argument tensors in method wrapper_CUDA_cat). Ignored.
2026-10-06 02:45:13,750 INFO First result for clip 985 (modality macro) – window opened.
2026-10-06 02:45:13,755 INFO Result for clip 985, modality macro failed with status: Expected all tensors to be on the same device, but found at least two devices, cpu and cuda:0! (when checking argument for argument tensors in method wrapper_CUDA_cat). Ignored.
2026-10-06 02:45:26,370 INFO First result for clip 986 (modality macro) – window opened.
2026-10-06 02:45:26,374 INFO Result for clip 986, modality macro failed with status: Expected all tensors to be on the same device, but found at least two devices, cpu and cuda:0! (when checking argument for argument tensors in method wrapper_CUDA_cat). Ignored.
2026-10-06 02:46:57,440 INFO First result for clip 987 (modality macro) – window opened.
2026-10-06 02:46:57,443 INFO Result for clip 987, modality macro failed with status: Expected all tensors to be on the same device, but found at least two devices, cpu and cuda:0! (when checking argument for argument tensors in method wrapper_CUDA_cat). Ignored.
2026-10-06 02:47:07,090 INFO First result for clip 988 (modality macro) – window opened.
2026-10-06 02:47:07,101 INFO Result for clip 988, modality macro failed with status: Expected all tensors to be on the same device, but found at least two devices, cpu and cuda:0! (when checking argument for argument tensors in method wrapper_CUDA_cat). Ignored.
2026-10-06 02:47:47,402 INFO First result for clip 990 (modality macro) – window opened.
2026-10-06 02:47:47,406 INFO Result for clip 990, modality macro failed with status: Expected all tensors to be on the same device, but found at least two devices, cpu and cuda:0! (when checking argument for argument tensors in method wrapper_CUDA_cat). Ignored.
2026-10-06 02:47:48,890 INFO First result for clip 989 (modality macro) – window opened.
2026-10-06 02:47:48,894 INFO Result for clip 989, modality macro failed with status: Expected all tensors to be on the same device, but found at least two devices, cpu and cuda:0! (when checking argument for argument tensors in method wrapper_CUDA_cat). Ignored.
2026-10-06 02:49:26,684 INFO First result for clip 991 (modality macro) – window opened.
2026-10-06 02:49:26,688 INFO Result for clip 991, modality macro failed with status: Expected all tensors to be on the same device, but found at least two devices, cpu and cuda:0! (when checking argument for argument tensors in method wrapper_CUDA_cat). Ignored.
2026-10-06 02:49:32,817 INFO First result for clip 992 (modality macro) – window opened.
2026-10-06 02:49:32,828 INFO Result for clip 992, modality macro failed with status: Expected all tensors to be on the same device, but found at least two devices, cpu and cuda:0! (when checking argument for argument tensors in method wrapper_CUDA_cat). Ignored.
2026-10-06 02:50:29,167 INFO First result for clip 993 (modality macro) – window opened.
2026-10-06 02:50:29,178 INFO Result for clip 993, modality macro failed with status: Expected all tensors to be on the same device, but found at least two devices, cpu and cuda:0! (when checking argument for argument tensors in method wrapper_CUDA_cat). Ignored.
2026-10-06 02:50:35,286 INFO First result for clip 994 (modality macro) – window opened.
2026-10-06 02:50:35,294 INFO Result for clip 994, modality macro failed with status: Expected all tensors to be on the same device, but found at least two devices, cpu and cuda:0! (when checking argument for argument tensors in method wrapper_CUDA_cat). Ignored.
2026-10-06 02:51:52,735 INFO First result for clip 995 (modality macro) – window opened.
2026-10-06 02:51:52,739 INFO Result for clip 995, modality macro failed with status: Expected all tensors to be on the same device, but found at least two devices, cpu and cuda:0! (when checking argument for argument tensors in method wrapper_CUDA_cat). Ignored.
2026-10-06 02:51:58,793 INFO First result for clip 996 (modality macro) – window opened.
2026-10-06 02:51:58,797 INFO Result for clip 996, modality macro failed with status: Expected all tensors to be on the same device, but found at least two devices, cpu and cuda:0! (when checking argument for argument tensors in method wrapper_CUDA_cat). Ignored.
2026-10-06 02:52:59,173 INFO First result for clip 997 (modality macro) – window opened.
2026-10-06 02:52:59,179 INFO Result for clip 997, modality macro failed with status: Expected all tensors to be on the same device, but found at least two devices, cpu and cuda:0! (when checking argument for argument tensors in method wrapper_CUDA_cat). Ignored.
2026-10-06 02:53:04,823 INFO First result for clip 998 (modality macro) – window opened.
2026-10-06 02:53:04,826 INFO Result for clip 998, modality macro failed with status: Expected all tensors to be on the same device, but found at least two devices, cpu and cuda:0! (when checking argument for argument tensors in method wrapper_CUDA_cat). Ignored.
2026-10-06 02:54:29,663 INFO First result for clip 1000 (modality macro) – window opened.
2026-10-06 02:54:29,677 INFO Result for clip 1000, modality macro failed with status: Expected all tensors to be on the same device, but found at least two devices, cpu and cuda:0! (when checking argument for argument tensors in method wrapper_CUDA_cat). Ignored.
2026-10-06 02:54:38,517 INFO First result for clip 999 (modality macro) – window opened.
2026-10-06 02:54:38,525 INFO Result for clip 999, modality macro failed with status: Expected all tensors to be on the same device, but found at least two devices, cpu and cuda:0! (when checking argument for argument tensors in method wrapper_CUDA_cat). Ignored.
2026-10-06 02:55:43,738 INFO First result for clip 1002 (modality macro) – window opened.
2026-10-06 02:55:43,746 INFO Result for clip 1002, modality macro failed with status: Expected all tensors to be on the same device, but found at least two devices, cpu and cuda:0! (when checking argument for argument tensors in method wrapper_CUDA_cat). Ignored.
2026-10-06 02:55:45,819 INFO First result for clip 1001 (modality macro) – window opened.
2026-10-06 02:55:45,822 INFO Result for clip 1001, modality macro failed with status: Expected all tensors to be on the same device, but found at least two devices, cpu and cuda:0! (when checking argument for argument tensors in method wrapper_CUDA_cat). Ignored.
2026-10-06 02:57:01,769 INFO First result for clip 1004 (modality macro) – window opened.
2026-10-06 02:57:01,774 INFO Result for clip 1004, modality macro failed with status: Expected all tensors to be on the same device, but found at least two devices, cpu and cuda:0! (when checking argument for argument tensors in method wrapper_CUDA_cat). Ignored.
2026-10-06 02:57:06,443 INFO First result for clip 1003 (modality macro) – window opened.
2026-10-06 02:57:06,447 INFO Result for clip 1003, modality macro failed with status: Expected all tensors to be on the same device, but found at least two devices, cpu and cuda:0! (when checking argument for argument tensors in method wrapper_CUDA_cat). Ignored.
2026-10-06 02:58:12,778 INFO First result for clip 1006 (modality macro) – window opened.
2026-10-06 02:58:12,781 INFO Result for clip 1006, modality macro failed with status: Expected all tensors to be on the same device, but found at least two devices, cpu and cuda:0! (when checking argument for argument tensors in method wrapper_CUDA_cat). Ignored.
2026-10-06 02:58:16,981 INFO First result for clip 1005 (modality macro) – window opened.
2026-10-06 02:58:16,987 INFO Result for clip 1005, modality macro failed with status: Expected all tensors to be on the same device, but found at least two devices, cpu and cuda:0! (when checking argument for argument tensors in method wrapper_CUDA_cat). Ignored.
2026-10-06 02:59:17,402 INFO First result for clip 1008 (modality macro) – window opened.
2026-10-06 02:59:17,414 INFO Result for clip 1008, modality macro failed with status: Expected all tensors to be on the same device, but found at least two devices, cpu and cuda:0! (when checking argument for argument tensors in method wrapper_CUDA_cat). Ignored.
2026-10-06 02:59:37,375 INFO First result for clip 1007 (modality macro) – window opened.
2026-10-06 02:59:37,381 INFO Result for clip 1007, modality macro failed with status: Expected all tensors to be on the same device, but found at least two devices, cpu and cuda:0! (when checking argument for argument tensors in method wrapper_CUDA_cat). Ignored.
2026-10-06 03:00:30,257 INFO First result for clip 1009 (modality macro) – window opened.
2026-10-06 03:00:30,275 INFO Result for clip 1009, modality macro failed with status: Expected all tensors to be on the same device, but found at least two devices, cpu and cuda:0! (when checking argument for argument tensors in method wrapper_CUDA_cat). Ignored.
2026-10-06 03:00:31,576 INFO First result for clip 1010 (modality macro) – window opened.
2026-10-06 03:00:31,579 INFO Result for clip 1010, modality macro failed with status: Expected all tensors to be on the same device, but found at least two devices, cpu and cuda:0! (when checking argument for argument tensors in method wrapper_CUDA_cat). Ignored.
2026-10-06 03:01:10,986 INFO First result for clip 1011 (modality macro) – window opened.
2026-10-06 03:01:10,990 INFO Result for clip 1011, modality macro failed with status: Expected all tensors to be on the same device, but found at least two devices, cpu and cuda:0! (when checking argument for argument tensors in method wrapper_CUDA_cat). Ignored.
2026-10-06 03:01:35,103 INFO First result for clip 1012 (modality macro) – window opened.
2026-10-06 03:01:35,111 INFO Result for clip 1012, modality macro failed with status: Expected all tensors to be on the same device, but found at least two devices, cpu and cuda:0! (when checking argument for argument tensors in method wrapper_CUDA_cat). Ignored.
2026-10-06 03:02:45,205 INFO First result for clip 1013 (modality macro) – window opened.
2026-10-06 03:02:45,214 INFO Result for clip 1013, modality macro failed with status: Expected all tensors to be on the same device, but found at least two devices, cpu and cuda:0! (when checking argument for argument tensors in method wrapper_CUDA_cat). Ignored.
2026-10-06 03:02:47,451 INFO First result for clip 1014 (modality macro) – window opened.
2026-10-06 03:02:47,456 INFO Result for clip 1014, modality macro failed with status: Expected all tensors to be on the same device, but found at least two devices, cpu and cuda:0! (when checking argument for argument tensors in method wrapper_CUDA_cat). Ignored.
2026-10-06 03:03:11,220 INFO First result for clip 1015 (modality macro) – window opened.
2026-10-06 03:03:11,223 INFO Result for clip 1015, modality macro failed with status: Expected all tensors to be on the same device, but found at least two devices, cpu and cuda:0! (when checking argument for argument tensors in method wrapper_CUDA_cat). Ignored.
2026-10-06 03:03:38,237 INFO First result for clip 1016 (modality macro) – window opened.
2026-10-06 03:03:38,246 INFO Result for clip 1016, modality macro failed with status: Expected all tensors to be on the same device, but found at least two devices, cpu and cuda:0! (when checking argument for argument tensors in method wrapper_CUDA_cat). Ignored.
2026-10-06 03:05:12,038 INFO First result for clip 1017 (modality macro) – window opened.
2026-10-06 03:05:12,052 INFO Result for clip 1017, modality macro failed with status: Expected all tensors to be on the same device, but found at least two devices, cpu and cuda:0! (when checking argument for argument tensors in method wrapper_CUDA_cat). Ignored.
2026-10-06 03:05:15,978 INFO First result for clip 1018 (modality macro) – window opened.
2026-10-06 03:05:15,983 INFO Result for clip 1018, modality macro failed with status: Expected all tensors to be on the same device, but found at least two devices, cpu and cuda:0! (when checking argument for argument tensors in method wrapper_CUDA_cat). Ignored.
2026-10-06 03:05:36,340 INFO First result for clip 1019 (modality macro) – window opened.
2026-10-06 03:05:36,346 INFO Result for clip 1019, modality macro failed with status: Expected all tensors to be on the same device, but found at least two devices, cpu and cuda:0! (when checking argument for argument tensors in method wrapper_CUDA_cat). Ignored.
2026-10-06 03:05:46,204 INFO First result for clip 1020 (modality macro) – window opened.
2026-10-06 03:05:46,206 INFO Result for clip 1020, modality macro failed with status: Expected all tensors to be on the same device, but found at least two devices, cpu and cuda:0! (when checking argument for argument tensors in method wrapper_CUDA_cat). Ignored.
2026-10-06 03:07:31,115 INFO First result for clip 1021 (modality macro) – window opened.
2026-10-06 03:07:31,123 INFO Result for clip 1021, modality macro failed with status: Expected all tensors to be on the same device, but found at least two devices, cpu and cuda:0! (when checking argument for argument tensors in method wrapper_CUDA_cat). Ignored.
2026-10-06 03:07:50,394 INFO First result for clip 1022 (modality macro) – window opened.
2026-10-06 03:07:50,398 INFO Result for clip 1022, modality macro failed with status: Expected all tensors to be on the same device, but found at least two devices, cpu and cuda:0! (when checking argument for argument tensors in method wrapper_CUDA_cat). Ignored.
2026-10-06 03:08:05,929 INFO First result for clip 1023 (modality macro) – window opened.
2026-10-06 03:08:05,932 INFO Result for clip 1023, modality macro failed with status: Expected all tensors to be on the same device, but found at least two devices, cpu and cuda:0! (when checking argument for argument tensors in method wrapper_CUDA_cat). Ignored.
2026-10-06 03:08:08,399 INFO First result for clip 1024 (modality macro) – window opened.
2026-10-06 03:08:08,403 INFO Result for clip 1024, modality macro failed with status: Expected all tensors to be on the same device, but found at least two devices, cpu and cuda:0! (when checking argument for argument tensors in method wrapper_CUDA_cat). Ignored.
2026-10-06 03:09:26,867 INFO First result for clip 1025 (modality macro) – window opened.
2026-10-06 03:09:26,871 INFO Result for clip 1025, modality macro failed with status: Expected all tensors to be on the same device, but found at least two devices, cpu and cuda:0! (when checking argument for argument tensors in method wrapper_CUDA_cat). Ignored.
2026-10-06 03:09:54,051 INFO First result for clip 1026 (modality macro) – window opened.
2026-10-06 03:09:54,055 INFO Result for clip 1026, modality macro failed with status: Expected all tensors to be on the same device, but found at least two devices, cpu and cuda:0! (when checking argument for argument tensors in method wrapper_CUDA_cat). Ignored.
2026-10-06 03:10:35,808 INFO First result for clip 1028 (modality macro) – window opened.
2026-10-06 03:10:35,812 INFO Result for clip 1028, modality macro failed with status: Expected all tensors to be on the same device, but found at least two devices, cpu and cuda:0! (when checking argument for argument tensors in method wrapper_CUDA_cat). Ignored.
2026-10-06 03:10:37,336 INFO First result for clip 1027 (modality macro) – window opened.
2026-10-06 03:10:37,343 INFO Result for clip 1027, modality macro failed with status: Expected all tensors to be on the same device, but found at least two devices, cpu and cuda:0! (when checking argument for argument tensors in method wrapper_CUDA_cat). Ignored.
2026-10-06 03:11:21,955 INFO First result for clip 1029 (modality macro) – window opened.
2026-10-06 03:11:21,965 INFO Result for clip 1029, modality macro failed with status: Expected all tensors to be on the same device, but found at least two devices, cpu and cuda:0! (when checking argument for argument tensors in method wrapper_CUDA_cat). Ignored.
2026-10-06 03:11:50,863 INFO First result for clip 1030 (modality macro) – window opened.
2026-10-06 03:11:50,868 INFO Result for clip 1030, modality macro failed with status: Expected all tensors to be on the same device, but found at least two devices, cpu and cuda:0! (when checking argument for argument tensors in method wrapper_CUDA_cat). Ignored.
2026-10-06 03:12:56,507 INFO First result for clip 1031 (modality macro) – window opened.
2026-10-06 03:12:56,511 INFO Result for clip 1031, modality macro failed with status: Expected all tensors to be on the same device, but found at least two devices, cpu and cuda:0! (when checking argument for argument tensors in method wrapper_CUDA_cat). Ignored.
2026-10-06 03:12:58,245 INFO First result for clip 1032 (modality macro) – window opened.
2026-10-06 03:12:58,259 INFO Result for clip 1032, modality macro failed with status: Expected all tensors to be on the same device, but found at least two devices, cpu and cuda:0! (when checking argument for argument tensors in method wrapper_CUDA_cat). Ignored.
2026-10-06 03:13:22,910 INFO First result for clip 1033 (modality macro) – window opened.
2026-10-06 03:13:22,914 INFO Result for clip 1033, modality macro failed with status: Expected all tensors to be on the same device, but found at least two devices, cpu and cuda:0! (when checking argument for argument tensors in method wrapper_CUDA_cat). Ignored.
2026-10-06 03:13:46,704 INFO First result for clip 1034 (modality macro) – window opened.
2026-10-06 03:13:46,708 INFO Result for clip 1034, modality macro failed with status: Expected all tensors to be on the same device, but found at least two devices, cpu and cuda:0! (when checking argument for argument tensors in method wrapper_CUDA_cat). Ignored.
2026-10-06 03:15:21,942 INFO First result for clip 1035 (modality macro) – window opened.
2026-10-06 03:15:21,945 INFO Result for clip 1035, modality macro failed with status: Expected all tensors to be on the same device, but found at least two devices, cpu and cuda:0! (when checking argument for argument tensors in method wrapper_CUDA_cat). Ignored.
2026-10-06 03:15:25,134 INFO First result for clip 1036 (modality macro) – window opened.
2026-10-06 03:15:25,137 INFO Result for clip 1036, modality macro failed with status: Expected all tensors to be on the same device, but found at least two devices, cpu and cuda:0! (when checking argument for argument tensors in method wrapper_CUDA_cat). Ignored.
2026-10-06 03:15:45,711 INFO First result for clip 1037 (modality macro) – window opened.
2026-10-06 03:15:45,720 INFO Result for clip 1037, modality macro failed with status: Expected all tensors to be on the same device, but found at least two devices, cpu and cuda:0! (when checking argument for argument tensors in method wrapper_CUDA_cat). Ignored.
2026-10-06 03:15:53,160 INFO First result for clip 1038 (modality macro) – window opened.
2026-10-06 03:15:53,163 INFO Result for clip 1038, modality macro failed with status: Expected all tensors to be on the same device, but found at least two devices, cpu and cuda:0! (when checking argument for argument tensors in method wrapper_CUDA_cat). Ignored.
2026-10-06 03:17:43,945 INFO First result for clip 1039 (modality macro) – window opened.
2026-10-06 03:17:43,958 INFO Result for clip 1039, modality macro failed with status: Expected all tensors to be on the same device, but found at least two devices, cpu and cuda:0! (when checking argument for argument tensors in method wrapper_CUDA_cat). Ignored.
2026-10-06 03:17:52,173 INFO First result for clip 1040 (modality macro) – window opened.
2026-10-06 03:17:52,182 INFO Result for clip 1040, modality macro failed with status: Expected all tensors to be on the same device, but found at least two devices, cpu and cuda:0! (when checking argument for argument tensors in method wrapper_CUDA_cat). Ignored.
2026-10-06 03:18:20,076 INFO First result for clip 1041 (modality macro) – window opened.
2026-10-06 03:18:20,080 INFO Result for clip 1041, modality macro failed with status: Expected all tensors to be on the same device, but found at least two devices, cpu and cuda:0! (when checking argument for argument tensors in method wrapper_CUDA_cat). Ignored.
2026-10-06 03:18:24,854 INFO First result for clip 1042 (modality macro) – window opened.
2026-10-06 03:18:24,858 INFO Result for clip 1042, modality macro failed with status: Expected all tensors to be on the same device, but found at least two devices, cpu and cuda:0! (when checking argument for argument tensors in method wrapper_CUDA_cat). Ignored.
2026-10-06 03:19:50,440 INFO First result for clip 1043 (modality macro) – window opened.
2026-10-06 03:19:50,444 INFO Result for clip 1043, modality macro failed with status: Expected all tensors to be on the same device, but found at least two devices, cpu and cuda:0! (when checking argument for argument tensors in method wrapper_CUDA_cat). Ignored.
2026-10-06 03:20:01,906 INFO First result for clip 1044 (modality macro) – window opened.
2026-10-06 03:20:01,910 INFO Result for clip 1044, modality macro failed with status: Expected all tensors to be on the same device, but found at least two devices, cpu and cuda:0! (when checking argument for argument tensors in method wrapper_CUDA_cat). Ignored.
2026-10-06 03:20:45,558 INFO First result for clip 1046 (modality macro) – window opened.
2026-10-06 03:20:45,561 INFO Result for clip 1046, modality macro failed with status: Expected all tensors to be on the same device, but found at least two devices, cpu and cuda:0! (when checking argument for argument tensors in method wrapper_CUDA_cat). Ignored.
2026-10-06 03:20:48,158 INFO First result for clip 1045 (modality macro) – window opened.
2026-10-06 03:20:48,171 INFO Result for clip 1045, modality macro failed with status: Expected all tensors to be on the same device, but found at least two devices, cpu and cuda:0! (when checking argument for argument tensors in method wrapper_CUDA_cat). Ignored.
2026-10-06 03:22:00,053 INFO First result for clip 1047 (modality macro) – window opened.
2026-10-06 03:22:00,068 INFO Result for clip 1047, modality macro failed with status: Expected all tensors to be on the same device, but found at least two devices, cpu and cuda:0! (when checking argument for argument tensors in method wrapper_CUDA_cat). Ignored.
2026-10-06 03:22:06,893 INFO First result for clip 1048 (modality macro) – window opened.
2026-10-06 03:22:06,899 INFO Result for clip 1048, modality macro failed with status: Expected all tensors to be on the same device, but found at least two devices, cpu and cuda:0! (when checking argument for argument tensors in method wrapper_CUDA_cat). Ignored.
2026-10-06 03:23:00,901 INFO First result for clip 1049 (modality macro) – window opened.
2026-10-06 03:23:00,911 INFO Result for clip 1049, modality macro failed with status: Expected all tensors to be on the same device, but found at least two devices, cpu and cuda:0! (when checking argument for argument tensors in method wrapper_CUDA_cat). Ignored.
2026-10-06 03:23:06,540 INFO First result for clip 1050 (modality macro) – window opened.
2026-10-06 03:23:06,547 INFO Result for clip 1050, modality macro failed with status: Expected all tensors to be on the same device, but found at least two devices, cpu and cuda:0! (when checking argument for argument tensors in method wrapper_CUDA_cat). Ignored.
2026-10-06 03:24:22,698 INFO First result for clip 1051 (modality macro) – window opened.
2026-10-06 03:24:22,702 INFO Result for clip 1051, modality macro failed with status: Expected all tensors to be on the same device, but found at least two devices, cpu and cuda:0! (when checking argument for argument tensors in method wrapper_CUDA_cat). Ignored.
2026-10-06 03:24:29,098 INFO First result for clip 1052 (modality macro) – window opened.
2026-10-06 03:24:29,109 INFO Result for clip 1052, modality macro failed with status: Expected all tensors to be on the same device, but found at least two devices, cpu and cuda:0! (when checking argument for argument tensors in method wrapper_CUDA_cat). Ignored.
2026-10-06 03:25:15,676 INFO First result for clip 1053 (modality macro) – window opened.
2026-10-06 03:25:15,684 INFO Result for clip 1053, modality macro failed with status: Expected all tensors to be on the same device, but found at least two devices, cpu and cuda:0! (when checking argument for argument tensors in method wrapper_CUDA_cat). Ignored.
2026-10-06 03:25:21,960 INFO First result for clip 1054 (modality macro) – window opened.
2026-10-06 03:25:21,966 INFO Result for clip 1054, modality macro failed with status: Expected all tensors to be on the same device, but found at least two devices, cpu and cuda:0! (when checking argument for argument tensors in method wrapper_CUDA_cat). Ignored.
2026-10-06 03:26:31,121 INFO First result for clip 1055 (modality macro) – window opened.
2026-10-06 03:26:31,127 INFO Result for clip 1055, modality macro failed with status: Expected all tensors to be on the same device, but found at least two devices, cpu and cuda:0! (when checking argument for argument tensors in method wrapper_CUDA_cat). Ignored.
2026-10-06 03:26:42,479 INFO First result for clip 1056 (modality macro) – window opened.
2026-10-06 03:26:42,482 INFO Result for clip 1056, modality macro failed with status: Expected all tensors to be on the same device, but found at least two devices, cpu and cuda:0! (when checking argument for argument tensors in method wrapper_CUDA_cat). Ignored.
2026-10-06 03:27:29,258 INFO First result for clip 1057 (modality macro) – window opened.
2026-10-06 03:27:29,264 INFO Result for clip 1057, modality macro failed with status: Expected all tensors to be on the same device, but found at least two devices, cpu and cuda:0! (when checking argument for argument tensors in method wrapper_CUDA_cat). Ignored.
2026-10-06 03:27:33,170 INFO First result for clip 1058 (modality macro) – window opened.
2026-10-06 03:27:33,175 INFO Result for clip 1058, modality macro failed with status: Expected all tensors to be on the same device, but found at least two devices, cpu and cuda:0! (when checking argument for argument tensors in method wrapper_CUDA_cat). Ignored.
2026-10-06 03:28:45,423 INFO First result for clip 1059 (modality macro) – window opened.
2026-10-06 03:28:45,427 INFO Result for clip 1059, modality macro failed with status: Expected all tensors to be on the same device, but found at least two devices, cpu and cuda:0! (when checking argument for argument tensors in method wrapper_CUDA_cat). Ignored.
2026-10-06 03:28:53,557 INFO First result for clip 1060 (modality macro) – window opened.
2026-10-06 03:28:53,563 INFO Result for clip 1060, modality macro failed with status: Expected all tensors to be on the same device, but found at least two devices, cpu and cuda:0! (when checking argument for argument tensors in method wrapper_CUDA_cat). Ignored.
2026-10-06 03:29:47,540 INFO First result for clip 1061 (modality macro) – window opened.
2026-10-06 03:29:47,546 INFO Result for clip 1061, modality macro failed with status: Expected all tensors to be on the same device, but found at least two devices, cpu and cuda:0! (when checking argument for argument tensors in method wrapper_CUDA_cat). Ignored.
2026-10-06 03:29:52,174 INFO First result for clip 1062 (modality macro) – window opened.
2026-10-06 03:29:52,181 INFO Result for clip 1062, modality macro failed with status: Expected all tensors to be on the same device, but found at least two devices, cpu and cuda:0! (when checking argument for argument tensors in method wrapper_CUDA_cat). Ignored.
2026-10-06 03:30:58,201 INFO First result for clip 1063 (modality macro) – window opened.
2026-10-06 03:30:58,206 INFO Result for clip 1063, modality macro failed with status: Expected all tensors to be on the same device, but found at least two devices, cpu and cuda:0! (when checking argument for argument tensors in method wrapper_CUDA_cat). Ignored.
2026-10-06 03:31:07,168 INFO First result for clip 1064 (modality macro) – window opened.
2026-10-06 03:31:07,174 INFO Result for clip 1064, modality macro failed with status: Expected all tensors to be on the same device, but found at least two devices, cpu and cuda:0! (when checking argument for argument tensors in method wrapper_CUDA_cat). Ignored.
2026-10-06 03:32:07,248 INFO First result for clip 1065 (modality macro) – window opened.
2026-10-06 03:32:07,251 INFO Result for clip 1065, modality macro failed with status: Expected all tensors to be on the same device, but found at least two devices, cpu and cuda:0! (when checking argument for argument tensors in method wrapper_CUDA_cat). Ignored.
2026-10-06 03:32:14,646 INFO First result for clip 1066 (modality macro) – window opened.
2026-10-06 03:32:14,650 INFO Result for clip 1066, modality macro failed with status: Expected all tensors to be on the same device, but found at least two devices, cpu and cuda:0! (when checking argument for argument tensors in method wrapper_CUDA_cat). Ignored.
2026-10-06 03:33:10,821 INFO First result for clip 1067 (modality macro) – window opened.
2026-10-06 03:33:10,825 INFO Result for clip 1067, modality macro failed with status: Expected all tensors to be on the same device, but found at least two devices, cpu and cuda:0! (when checking argument for argument tensors in method wrapper_CUDA_cat). Ignored.
2026-10-06 03:33:17,576 INFO First result for clip 1068 (modality macro) – window opened.
2026-10-06 03:33:17,581 INFO Result for clip 1068, modality macro failed with status: Expected all tensors to be on the same device, but found at least two devices, cpu and cuda:0! (when checking argument for argument tensors in method wrapper_CUDA_cat). Ignored.
2026-10-06 03:34:15,875 INFO First result for clip 1069 (modality macro) – window opened.
2026-10-06 03:34:15,880 INFO Result for clip 1069, modality macro failed with status: Expected all tensors to be on the same device, but found at least two devices, cpu and cuda:0! (when checking argument for argument tensors in method wrapper_CUDA_cat). Ignored.
2026-10-06 03:34:30,194 INFO First result for clip 1070 (modality macro) – window opened.
2026-10-06 03:34:30,203 INFO Result for clip 1070, modality macro failed with status: Expected all tensors to be on the same device, but found at least two devices, cpu and cuda:0! (when checking argument for argument tensors in method wrapper_CUDA_cat). Ignored.
2026-10-06 03:35:29,299 INFO First result for clip 1071 (modality macro) – window opened.
2026-10-06 03:35:29,308 INFO Result for clip 1071, modality macro failed with status: Expected all tensors to be on the same device, but found at least two devices, cpu and cuda:0! (when checking argument for argument tensors in method wrapper_CUDA_cat). Ignored.
2026-10-06 03:35:38,800 INFO First result for clip 1072 (modality macro) – window opened.
2026-10-06 03:35:38,806 INFO Result for clip 1072, modality macro failed with status: Expected all tensors to be on the same device, but found at least two devices, cpu and cuda:0! (when checking argument for argument tensors in method wrapper_CUDA_cat). Ignored.
2026-10-06 03:36:22,250 INFO First result for clip 1073 (modality macro) – window opened.
2026-10-06 03:36:22,260 INFO Result for clip 1073, modality macro failed with status: Expected all tensors to be on the same device, but found at least two devices, cpu and cuda:0! (when checking argument for argument tensors in method wrapper_CUDA_cat). Ignored.
2026-10-06 03:36:37,538 INFO First result for clip 1074 (modality macro) – window opened.
2026-10-06 03:36:37,542 INFO Result for clip 1074, modality macro failed with status: Expected all tensors to be on the same device, but found at least two devices, cpu and cuda:0! (when checking argument for argument tensors in method wrapper_CUDA_cat). Ignored.
2026-10-06 03:37:39,981 INFO First result for clip 1075 (modality macro) – window opened.
2026-10-06 03:37:39,986 INFO Result for clip 1075, modality macro failed with status: Expected all tensors to be on the same device, but found at least two devices, cpu and cuda:0! (when checking argument for argument tensors in method wrapper_CUDA_cat). Ignored.
2026-10-06 03:37:52,140 INFO First result for clip 1076 (modality macro) – window opened.
2026-10-06 03:37:52,146 INFO Result for clip 1076, modality macro failed with status: Expected all tensors to be on the same device, but found at least two devices, cpu and cuda:0! (when checking argument for argument tensors in method wrapper_CUDA_cat). Ignored.
2026-10-06 03:38:26,109 INFO First result for clip 1077 (modality macro) – window opened.
2026-10-06 03:38:26,112 INFO Result for clip 1077, modality macro failed with status: Expected all tensors to be on the same device, but found at least two devices, cpu and cuda:0! (when checking argument for argument tensors in method wrapper_CUDA_cat). Ignored.
2026-10-06 03:38:41,008 INFO First result for clip 1078 (modality macro) – window opened.
2026-10-06 03:38:41,011 INFO Result for clip 1078, modality macro failed with status: Expected all tensors to be on the same device, but found at least two devices, cpu and cuda:0! (when checking argument for argument tensors in method wrapper_CUDA_cat). Ignored.
2026-10-06 03:39:46,862 INFO First result for clip 1079 (modality macro) – window opened.
2026-10-06 03:39:46,872 INFO Result for clip 1079, modality macro failed with status: Expected all tensors to be on the same device, but found at least two devices, cpu and cuda:0! (when checking argument for argument tensors in method wrapper_CUDA_cat). Ignored.
2026-10-06 03:39:59,581 INFO First result for clip 1080 (modality macro) – window opened.
2026-10-06 03:39:59,585 INFO Result for clip 1080, modality macro failed with status: Expected all tensors to be on the same device, but found at least two devices, cpu and cuda:0! (when checking argument for argument tensors in method wrapper_CUDA_cat). Ignored.
2026-10-06 03:40:30,684 INFO First result for clip 1081 (modality macro) – window opened.
2026-10-06 03:40:30,695 INFO Result for clip 1081, modality macro failed with status: Expected all tensors to be on the same device, but found at least two devices, cpu and cuda:0! (when checking argument for argument tensors in method wrapper_CUDA_cat). Ignored.
2026-10-06 03:40:47,443 INFO First result for clip 1082 (modality macro) – window opened.
2026-10-06 03:40:47,452 INFO Result for clip 1082, modality macro failed with status: Expected all tensors to be on the same device, but found at least two devices, cpu and cuda:0! (when checking argument for argument tensors in method wrapper_CUDA_cat). Ignored.
2026-10-06 03:41:51,574 INFO First result for clip 1083 (modality macro) – window opened.
2026-10-06 03:41:51,578 INFO Result for clip 1083, modality macro failed with status: Expected all tensors to be on the same device, but found at least two devices, cpu and cuda:0! (when checking argument for argument tensors in method wrapper_CUDA_cat). Ignored.
2026-10-06 03:42:06,511 INFO First result for clip 1084 (modality macro) – window opened.
2026-10-06 03:42:06,519 INFO Result for clip 1084, modality macro failed with status: Expected all tensors to be on the same device, but found at least two devices, cpu and cuda:0! (when checking argument for argument tensors in method wrapper_CUDA_cat). Ignored.
2026-10-06 03:42:36,371 INFO First result for clip 1085 (modality macro) – window opened.
2026-10-06 03:42:36,375 INFO Result for clip 1085, modality macro failed with status: Expected all tensors to be on the same device, but found at least two devices, cpu and cuda:0! (when checking argument for argument tensors in method wrapper_CUDA_cat). Ignored.
2026-10-06 03:42:48,933 INFO First result for clip 1086 (modality macro) – window opened.
2026-10-06 03:42:48,942 INFO Result for clip 1086, modality macro failed with status: Expected all tensors to be on the same device, but found at least two devices, cpu and cuda:0! (when checking argument for argument tensors in method wrapper_CUDA_cat). Ignored.
2026-10-06 03:43:56,485 INFO First result for clip 1087 (modality macro) – window opened.
2026-10-06 03:43:56,491 INFO Result for clip 1087, modality macro failed with status: Expected all tensors to be on the same device, but found at least two devices, cpu and cuda:0! (when checking argument for argument tensors in method wrapper_CUDA_cat). Ignored.
2026-10-06 03:44:10,535 INFO First result for clip 1088 (modality macro) – window opened.
2026-10-06 03:44:10,549 INFO Result for clip 1088, modality macro failed with status: Expected all tensors to be on the same device, but found at least two devices, cpu and cuda:0! (when checking argument for argument tensors in method wrapper_CUDA_cat). Ignored.
2026-10-06 03:44:46,202 INFO First result for clip 1089 (modality macro) – window opened.
2026-10-06 03:44:46,209 INFO Result for clip 1089, modality macro failed with status: Expected all tensors to be on the same device, but found at least two devices, cpu and cuda:0! (when checking argument for argument tensors in method wrapper_CUDA_cat). Ignored.
2026-10-06 03:44:57,641 INFO First result for clip 1090 (modality macro) – window opened.
2026-10-06 03:44:57,645 INFO Result for clip 1090, modality macro failed with status: Expected all tensors to be on the same device, but found at least two devices, cpu and cuda:0! (when checking argument for argument tensors in method wrapper_CUDA_cat). Ignored.
2026-10-06 03:46:03,229 INFO First result for clip 1091 (modality macro) – window opened.
2026-10-06 03:46:03,237 INFO Result for clip 1091, modality macro failed with status: Expected all tensors to be on the same device, but found at least two devices, cpu and cuda:0! (when checking argument for argument tensors in method wrapper_CUDA_cat). Ignored.
2026-10-06 03:46:13,603 INFO First result for clip 1092 (modality macro) – window opened.
2026-10-06 03:46:13,612 INFO Result for clip 1092, modality macro failed with status: Expected all tensors to be on the same device, but found at least two devices, cpu and cuda:0! (when checking argument for argument tensors in method wrapper_CUDA_cat). Ignored.
2026-10-06 03:47:04,594 INFO First result for clip 1093 (modality macro) – window opened.
2026-10-06 03:47:04,601 INFO Result for clip 1093, modality macro failed with status: Expected all tensors to be on the same device, but found at least two devices, cpu and cuda:0! (when checking argument for argument tensors in method wrapper_CUDA_cat). Ignored.
2026-10-06 03:47:07,800 INFO First result for clip 1094 (modality macro) – window opened.
2026-10-06 03:47:07,807 INFO Result for clip 1094, modality macro failed with status: Expected all tensors to be on the same device, but found at least two devices, cpu and cuda:0! (when checking argument for argument tensors in method wrapper_CUDA_cat). Ignored.
2026-10-06 03:48:13,207 INFO First result for clip 1095 (modality macro) – window opened.
2026-10-06 03:48:13,214 INFO Result for clip 1095, modality macro failed with status: Expected all tensors to be on the same device, but found at least two devices, cpu and cuda:0! (when checking argument for argument tensors in method wrapper_CUDA_cat). Ignored.
2026-10-06 03:48:46,544 INFO First result for clip 1096 (modality macro) – window opened.
2026-10-06 03:48:46,549 INFO Result for clip 1096, modality macro failed with status: Expected all tensors to be on the same device, but found at least two devices, cpu and cuda:0! (when checking argument for argument tensors in method wrapper_CUDA_cat). Ignored.
2026-10-06 03:49:45,973 INFO First result for clip 1097 (modality macro) – window opened.
2026-10-06 03:49:45,986 INFO Result for clip 1097, modality macro failed with status: Expected all tensors to be on the same device, but found at least two devices, cpu and cuda:0! (when checking argument for argument tensors in method wrapper_CUDA_cat). Ignored.
2026-10-06 03:49:54,568 INFO First result for clip 1098 (modality macro) – window opened.
2026-10-06 03:49:54,571 INFO Result for clip 1098, modality macro failed with status: Expected all tensors to be on the same device, but found at least two devices, cpu and cuda:0! (when checking argument for argument tensors in method wrapper_CUDA_cat). Ignored.
2026-10-06 03:50:32,572 INFO First result for clip 1099 (modality macro) – window opened.
2026-10-06 03:50:32,581 INFO Result for clip 1099, modality macro failed with status: Expected all tensors to be on the same device, but found at least two devices, cpu and cuda:0! (when checking argument for argument tensors in method wrapper_CUDA_cat). Ignored.
2026-10-06 03:51:14,515 INFO First result for clip 1100 (modality macro) – window opened.
2026-10-06 03:51:14,528 INFO Result for clip 1100, modality macro failed with status: Expected all tensors to be on the same device, but found at least two devices, cpu and cuda:0! (when checking argument for argument tensors in method wrapper_CUDA_cat). Ignored.
2026-10-06 03:52:21,581 INFO First result for clip 1101 (modality macro) – window opened.
2026-10-06 03:52:21,589 INFO Result for clip 1101, modality macro failed with status: Expected all tensors to be on the same device, but found at least two devices, cpu and cuda:0! (when checking argument for argument tensors in method wrapper_CUDA_cat). Ignored.
2026-10-06 03:52:27,104 INFO First result for clip 1102 (modality macro) – window opened.
2026-10-06 03:52:27,120 INFO Result for clip 1102, modality macro failed with status: Expected all tensors to be on the same device, but found at least two devices, cpu and cuda:0! (when checking argument for argument tensors in method wrapper_CUDA_cat). Ignored.
2026-10-06 03:52:53,914 INFO First result for clip 1103 (modality macro) – window opened.
2026-10-06 03:52:53,922 INFO Result for clip 1103, modality macro failed with status: Expected all tensors to be on the same device, but found at least two devices, cpu and cuda:0! (when checking argument for argument tensors in method wrapper_CUDA_cat). Ignored.
2026-10-06 03:53:38,265 INFO First result for clip 1104 (modality macro) – window opened.
2026-10-06 03:53:38,268 INFO Result for clip 1104, modality macro failed with status: Expected all tensors to be on the same device, but found at least two devices, cpu and cuda:0! (when checking argument for argument tensors in method wrapper_CUDA_cat). Ignored.
2026-10-06 03:55:02,136 INFO First result for clip 1105 (modality macro) – window opened.
2026-10-06 03:55:02,139 INFO Result for clip 1105, modality macro failed with status: Expected all tensors to be on the same device, but found at least two devices, cpu and cuda:0! (when checking argument for argument tensors in method wrapper_CUDA_cat). Ignored.
2026-10-06 03:55:12,570 INFO First result for clip 1106 (modality macro) – window opened.
2026-10-06 03:55:12,574 INFO Result for clip 1106, modality macro failed with status: Expected all tensors to be on the same device, but found at least two devices, cpu and cuda:0! (when checking argument for argument tensors in method wrapper_CUDA_cat). Ignored.
2026-10-06 03:55:24,229 INFO First result for clip 1107 (modality macro) – window opened.
2026-10-06 03:55:24,244 INFO Result for clip 1107, modality macro failed with status: Expected all tensors to be on the same device, but found at least two devices, cpu and cuda:0! (when checking argument for argument tensors in method wrapper_CUDA_cat). Ignored.
2026-10-06 03:56:00,121 INFO First result for clip 1108 (modality macro) – window opened.
2026-10-06 03:56:00,125 INFO Result for clip 1108, modality macro failed with status: Expected all tensors to be on the same device, but found at least two devices, cpu and cuda:0! (when checking argument for argument tensors in method wrapper_CUDA_cat). Ignored.
2026-10-06 03:57:29,766 INFO First result for clip 1109 (modality macro) – window opened.
2026-10-06 03:57:29,772 INFO Result for clip 1109, modality macro failed with status: Expected all tensors to be on the same device, but found at least two devices, cpu and cuda:0! (when checking argument for argument tensors in method wrapper_CUDA_cat). Ignored.
2026-10-06 03:57:59,399 INFO First result for clip 1110 (modality macro) – window opened.
2026-10-06 03:57:59,411 INFO Result for clip 1110, modality macro failed with status: Expected all tensors to be on the same device, but found at least two devices, cpu and cuda:0! (when checking argument for argument tensors in method wrapper_CUDA_cat). Ignored.
2026-10-06 03:58:00,284 INFO First result for clip 1111 (modality macro) – window opened.
2026-10-06 03:58:00,290 INFO Result for clip 1111, modality macro failed with status: Expected all tensors to be on the same device, but found at least two devices, cpu and cuda:0! (when checking argument for argument tensors in method wrapper_CUDA_cat). Ignored.
2026-10-06 03:58:20,671 INFO First result for clip 1112 (modality macro) – window opened.
2026-10-06 03:58:20,684 INFO Result for clip 1112, modality macro failed with status: Expected all tensors to be on the same device, but found at least two devices, cpu and cuda:0! (when checking argument for argument tensors in method wrapper_CUDA_cat). Ignored.
2026-10-06 03:59:40,120 INFO First result for clip 1113 (modality macro) – window opened.
2026-10-06 03:59:40,128 INFO Result for clip 1113, modality macro failed with status: Expected all tensors to be on the same device, but found at least two devices, cpu and cuda:0! (when checking argument for argument tensors in method wrapper_CUDA_cat). Ignored.
2026-10-06 04:00:44,891 INFO First result for clip 1114 (modality macro) – window opened.
2026-10-06 04:00:44,897 INFO Result for clip 1114, modality macro failed with status: Expected all tensors to be on the same device, but found at least two devices, cpu and cuda:0! (when checking argument for argument tensors in method wrapper_CUDA_cat). Ignored.
2026-10-06 04:00:51,496 INFO First result for clip 1115 (modality macro) – window opened.
2026-10-06 04:00:51,501 INFO Result for clip 1115, modality macro failed with status: Expected all tensors to be on the same device, but found at least two devices, cpu and cuda:0! (when checking argument for argument tensors in method wrapper_CUDA_cat). Ignored.
2026-10-06 04:01:02,358 INFO First result for clip 1116 (modality macro) – window opened.
2026-10-06 04:01:02,365 INFO Result for clip 1116, modality macro failed with status: Expected all tensors to be on the same device, but found at least two devices, cpu and cuda:0! (when checking argument for argument tensors in method wrapper_CUDA_cat). Ignored.
2026-10-06 04:01:42,134 INFO First result for clip 1117 (modality macro) – window opened.
2026-10-06 04:01:42,142 INFO Result for clip 1117, modality macro failed with status: Expected all tensors to be on the same device, but found at least two devices, cpu and cuda:0! (when checking argument for argument tensors in method wrapper_CUDA_cat). Ignored.
2026-10-06 04:03:18,999 INFO First result for clip 1118 (modality macro) – window opened.
2026-10-06 04:03:19,011 INFO Result for clip 1118, modality macro failed with status: Expected all tensors to be on the same device, but found at least two devices, cpu and cuda:0! (when checking argument for argument tensors in method wrapper_CUDA_cat). Ignored.
2026-10-06 04:03:36,530 INFO First result for clip 1119 (modality macro) – window opened.
2026-10-06 04:03:36,542 INFO Result for clip 1119, modality macro failed with status: Expected all tensors to be on the same device, but found at least two devices, cpu and cuda:0! (when checking argument for argument tensors in method wrapper_CUDA_cat). Ignored.
2026-10-06 04:03:44,232 INFO First result for clip 1120 (modality macro) – window opened.
2026-10-06 04:03:44,237 INFO Result for clip 1120, modality macro failed with status: Expected all tensors to be on the same device, but found at least two devices, cpu and cuda:0! (when checking argument for argument tensors in method wrapper_CUDA_cat). Ignored.
2026-10-06 04:04:03,077 INFO First result for clip 1121 (modality macro) – window opened.
2026-10-06 04:04:03,083 INFO Result for clip 1121, modality macro failed with status: Expected all tensors to be on the same device, but found at least two devices, cpu and cuda:0! (when checking argument for argument tensors in method wrapper_CUDA_cat). Ignored.
2026-10-06 04:05:33,107 INFO First result for clip 1122 (modality macro) – window opened.
2026-10-06 04:05:33,111 INFO Result for clip 1122, modality macro failed with status: Expected all tensors to be on the same device, but found at least two devices, cpu and cuda:0! (when checking argument for argument tensors in method wrapper_CUDA_cat). Ignored.
2026-10-06 04:06:15,401 INFO First result for clip 1123 (modality macro) – window opened.
2026-10-06 04:06:15,407 INFO Result for clip 1123, modality macro failed with status: Expected all tensors to be on the same device, but found at least two devices, cpu and cuda:0! (when checking argument for argument tensors in method wrapper_CUDA_cat). Ignored.
2026-10-06 04:06:35,203 INFO First result for clip 1124 (modality macro) – window opened.
2026-10-06 04:06:35,207 INFO Result for clip 1124, modality macro failed with status: Expected all tensors to be on the same device, but found at least two devices, cpu and cuda:0! (when checking argument for argument tensors in method wrapper_CUDA_cat). Ignored.
2026-10-06 04:06:36,942 INFO First result for clip 1125 (modality macro) – window opened.
2026-10-06 04:06:36,945 INFO Result for clip 1125, modality macro failed with status: Expected all tensors to be on the same device, but found at least two devices, cpu and cuda:0! (when checking argument for argument tensors in method wrapper_CUDA_cat). Ignored.
2026-10-06 04:07:48,454 INFO First result for clip 1126 (modality macro) – window opened.
2026-10-06 04:07:48,458 INFO Result for clip 1126, modality macro failed with status: Expected all tensors to be on the same device, but found at least two devices, cpu and cuda:0! (when checking argument for argument tensors in method wrapper_CUDA_cat). Ignored.
2026-10-06 04:08:24,919 INFO First result for clip 1127 (modality macro) – window opened.
2026-10-06 04:08:24,925 INFO Result for clip 1127, modality macro failed with status: Expected all tensors to be on the same device, but found at least two devices, cpu and cuda:0! (when checking argument for argument tensors in method wrapper_CUDA_cat). Ignored.
2026-10-06 04:09:04,546 INFO First result for clip 1129 (modality macro) – window opened.
2026-10-06 04:09:04,552 INFO Result for clip 1129, modality macro failed with status: Expected all tensors to be on the same device, but found at least two devices, cpu and cuda:0! (when checking argument for argument tensors in method wrapper_CUDA_cat). Ignored.
2026-10-06 04:09:09,083 INFO First result for clip 1128 (modality macro) – window opened.
2026-10-06 04:09:09,093 INFO Result for clip 1128, modality macro failed with status: Expected all tensors to be on the same device, but found at least two devices, cpu and cuda:0! (when checking argument for argument tensors in method wrapper_CUDA_cat). Ignored.
2026-10-06 04:10:01,480 INFO First result for clip 1130 (modality macro) – window opened.
2026-10-06 04:10:01,486 INFO Result for clip 1130, modality macro failed with status: Expected all tensors to be on the same device, but found at least two devices, cpu and cuda:0! (when checking argument for argument tensors in method wrapper_CUDA_cat). Ignored.
2026-10-06 04:10:36,106 INFO First result for clip 1131 (modality macro) – window opened.
2026-10-06 04:10:36,113 INFO Result for clip 1131, modality macro failed with status: Expected all tensors to be on the same device, but found at least two devices, cpu and cuda:0! (when checking argument for argument tensors in method wrapper_CUDA_cat). Ignored.
2026-10-06 04:11:40,156 INFO First result for clip 1132 (modality macro) – window opened.
2026-10-06 04:11:40,165 INFO Result for clip 1132, modality macro failed with status: Expected all tensors to be on the same device, but found at least two devices, cpu and cuda:0! (when checking argument for argument tensors in method wrapper_CUDA_cat). Ignored.
2026-10-06 04:11:43,964 INFO First result for clip 1133 (modality macro) – window opened.
2026-10-06 04:11:43,972 INFO Result for clip 1133, modality macro failed with status: Expected all tensors to be on the same device, but found at least two devices, cpu and cuda:0! (when checking argument for argument tensors in method wrapper_CUDA_cat). Ignored.
2026-10-06 04:12:12,422 INFO First result for clip 1134 (modality macro) – window opened.
2026-10-06 04:12:12,431 INFO Result for clip 1134, modality macro failed with status: Expected all tensors to be on the same device, but found at least two devices, cpu and cuda:0! (when checking argument for argument tensors in method wrapper_CUDA_cat). Ignored.
2026-10-06 04:12:47,339 INFO First result for clip 1135 (modality macro) – window opened.
2026-10-06 04:12:47,349 INFO Result for clip 1135, modality macro failed with status: Expected all tensors to be on the same device, but found at least two devices, cpu and cuda:0! (when checking argument for argument tensors in method wrapper_CUDA_cat). Ignored.
2026-10-06 04:14:10,309 INFO First result for clip 1136 (modality macro) – window opened.
2026-10-06 04:14:10,326 INFO Result for clip 1136, modality macro failed with status: Expected all tensors to be on the same device, but found at least two devices, cpu and cuda:0! (when checking argument for argument tensors in method wrapper_CUDA_cat). Ignored.
2026-10-06 04:14:16,239 INFO First result for clip 1137 (modality macro) – window opened.
2026-10-06 04:14:16,242 INFO Result for clip 1137, modality macro failed with status: Expected all tensors to be on the same device, but found at least two devices, cpu and cuda:0! (when checking argument for argument tensors in method wrapper_CUDA_cat). Ignored.
2026-10-06 04:14:31,629 INFO First result for clip 1138 (modality macro) – window opened.
2026-10-06 04:14:31,645 INFO Result for clip 1138, modality macro failed with status: Expected all tensors to be on the same device, but found at least two devices, cpu and cuda:0! (when checking argument for argument tensors in method wrapper_CUDA_cat). Ignored.
2026-10-06 04:14:53,072 INFO First result for clip 1139 (modality macro) – window opened.
2026-10-06 04:14:53,081 INFO Result for clip 1139, modality macro failed with status: Expected all tensors to be on the same device, but found at least two devices, cpu and cuda:0! (when checking argument for argument tensors in method wrapper_CUDA_cat). Ignored.
2026-10-06 04:16:40,319 INFO First result for clip 1140 (modality macro) – window opened.
2026-10-06 04:16:40,323 INFO Result for clip 1140, modality macro failed with status: Expected all tensors to be on the same device, but found at least two devices, cpu and cuda:0! (when checking argument for argument tensors in method wrapper_CUDA_cat). Ignored.
2026-10-06 04:16:56,026 INFO First result for clip 1141 (modality macro) – window opened.
2026-10-06 04:16:56,038 INFO Result for clip 1141, modality macro failed with status: Expected all tensors to be on the same device, but found at least two devices, cpu and cuda:0! (when checking argument for argument tensors in method wrapper_CUDA_cat). Ignored.
2026-10-06 04:17:18,887 INFO First result for clip 1143 (modality macro) – window opened.
2026-10-06 04:17:18,893 INFO Result for clip 1143, modality macro failed with status: Expected all tensors to be on the same device, but found at least two devices, cpu and cuda:0! (when checking argument for argument tensors in method wrapper_CUDA_cat). Ignored.
2026-10-06 04:17:19,645 INFO First result for clip 1142 (modality macro) – window opened.
2026-10-06 04:17:19,650 INFO Result for clip 1142, modality macro failed with status: Expected all tensors to be on the same device, but found at least two devices, cpu and cuda:0! (when checking argument for argument tensors in method wrapper_CUDA_cat). Ignored.
2026-10-06 04:18:57,640 INFO First result for clip 1144 (modality macro) – window opened.
2026-10-06 04:18:57,646 INFO Result for clip 1144, modality macro failed with status: Expected all tensors to be on the same device, but found at least two devices, cpu and cuda:0! (when checking argument for argument tensors in method wrapper_CUDA_cat). Ignored.
2026-10-06 04:19:26,430 INFO First result for clip 1145 (modality macro) – window opened.
2026-10-06 04:19:26,441 INFO Result for clip 1145, modality macro failed with status: Expected all tensors to be on the same device, but found at least two devices, cpu and cuda:0! (when checking argument for argument tensors in method wrapper_CUDA_cat). Ignored.
2026-10-06 04:19:59,456 INFO First result for clip 1146 (modality macro) – window opened.
2026-10-06 04:19:59,465 INFO Result for clip 1146, modality macro failed with status: Expected all tensors to be on the same device, but found at least two devices, cpu and cuda:0! (when checking argument for argument tensors in method wrapper_CUDA_cat). Ignored.
2026-10-06 04:20:04,148 INFO First result for clip 1147 (modality macro) – window opened.
2026-10-06 04:20:04,161 INFO Result for clip 1147, modality macro failed with status: Expected all tensors to be on the same device, but found at least two devices, cpu and cuda:0! (when checking argument for argument tensors in method wrapper_CUDA_cat). Ignored.
2026-10-06 04:21:44,232 INFO First result for clip 1148 (modality macro) – window opened.
2026-10-06 04:21:44,237 INFO Result for clip 1148, modality macro failed with status: Expected all tensors to be on the same device, but found at least two devices, cpu and cuda:0! (when checking argument for argument tensors in method wrapper_CUDA_cat). Ignored.
2026-10-06 04:21:58,174 INFO First result for clip 1149 (modality macro) – window opened.
2026-10-06 04:21:58,187 INFO Result for clip 1149, modality macro failed with status: Expected all tensors to be on the same device, but found at least two devices, cpu and cuda:0! (when checking argument for argument tensors in method wrapper_CUDA_cat). Ignored.
2026-10-06 04:22:36,114 INFO First result for clip 1150 (modality macro) – window opened.
2026-10-06 04:22:36,125 INFO Result for clip 1150, modality macro failed with status: Expected all tensors to be on the same device, but found at least two devices, cpu and cuda:0! (when checking argument for argument tensors in method wrapper_CUDA_cat). Ignored.
2026-10-06 04:22:39,069 INFO First result for clip 1151 (modality macro) – window opened.
2026-10-06 04:22:39,076 INFO Result for clip 1151, modality macro failed with status: Expected all tensors to be on the same device, but found at least two devices, cpu and cuda:0! (when checking argument for argument tensors in method wrapper_CUDA_cat). Ignored.
2026-10-06 04:24:10,751 INFO First result for clip 1152 (modality macro) – window opened.
2026-10-06 04:24:10,755 INFO Result for clip 1152, modality macro failed with status: Expected all tensors to be on the same device, but found at least two devices, cpu and cuda:0! (when checking argument for argument tensors in method wrapper_CUDA_cat). Ignored.
2026-10-06 04:24:18,229 INFO First result for clip 1153 (modality macro) – window opened.
2026-10-06 04:24:18,233 INFO Result for clip 1153, modality macro failed with status: Expected all tensors to be on the same device, but found at least two devices, cpu and cuda:0! (when checking argument for argument tensors in method wrapper_CUDA_cat). Ignored.
2026-10-06 04:25:08,593 INFO First result for clip 1154 (modality macro) – window opened.
2026-10-06 04:25:08,610 INFO Result for clip 1154, modality macro failed with status: Expected all tensors to be on the same device, but found at least two devices, cpu and cuda:0! (when checking argument for argument tensors in method wrapper_CUDA_cat). Ignored.
2026-10-06 04:25:27,823 INFO First result for clip 1155 (modality macro) – window opened.
2026-10-06 04:25:27,838 INFO Result for clip 1155, modality macro failed with status: Expected all tensors to be on the same device, but found at least two devices, cpu and cuda:0! (when checking argument for argument tensors in method wrapper_CUDA_cat). Ignored.
2026-10-06 04:26:43,780 INFO First result for clip 1156 (modality macro) – window opened.
2026-10-06 04:26:43,784 INFO Result for clip 1156, modality macro failed with status: Expected all tensors to be on the same device, but found at least two devices, cpu and cuda:0! (when checking argument for argument tensors in method wrapper_CUDA_cat). Ignored.
2026-10-06 04:26:49,023 INFO First result for clip 1157 (modality macro) – window opened.
2026-10-06 04:26:49,030 INFO Result for clip 1157, modality macro failed with status: Expected all tensors to be on the same device, but found at least two devices, cpu and cuda:0! (when checking argument for argument tensors in method wrapper_CUDA_cat). Ignored.
2026-10-06 04:27:19,150 INFO First result for clip 1158 (modality macro) – window opened.
2026-10-06 04:27:19,155 INFO Result for clip 1158, modality macro failed with status: Expected all tensors to be on the same device, but found at least two devices, cpu and cuda:0! (when checking argument for argument tensors in method wrapper_CUDA_cat). Ignored.
2026-10-06 04:27:40,492 INFO First result for clip 1159 (modality macro) – window opened.
2026-10-06 04:27:40,502 INFO Result for clip 1159, modality macro failed with status: Expected all tensors to be on the same device, but found at least two devices, cpu and cuda:0! (when checking argument for argument tensors in method wrapper_CUDA_cat). Ignored.
2026-10-06 04:29:04,347 INFO First result for clip 1160 (modality macro) – window opened.
2026-10-06 04:29:04,358 INFO Result for clip 1160, modality macro failed with status: Expected all tensors to be on the same device, but found at least two devices, cpu and cuda:0! (when checking argument for argument tensors in method wrapper_CUDA_cat). Ignored.
2026-10-06 04:29:16,114 INFO First result for clip 1161 (modality macro) – window opened.
2026-10-06 04:29:16,128 INFO Result for clip 1161, modality macro failed with status: Expected all tensors to be on the same device, but found at least two devices, cpu and cuda:0! (when checking argument for argument tensors in method wrapper_CUDA_cat). Ignored.
2026-10-06 04:29:43,495 INFO First result for clip 1162 (modality macro) – window opened.
2026-10-06 04:29:43,504 INFO Result for clip 1162, modality macro failed with status: Expected all tensors to be on the same device, but found at least two devices, cpu and cuda:0! (when checking argument for argument tensors in method wrapper_CUDA_cat). Ignored.
2026-10-06 04:29:55,123 INFO First result for clip 1163 (modality macro) – window opened.
2026-10-06 04:29:55,126 INFO Result for clip 1163, modality macro failed with status: Expected all tensors to be on the same device, but found at least two devices, cpu and cuda:0! (when checking argument for argument tensors in method wrapper_CUDA_cat). Ignored.
2026-10-06 04:31:26,009 INFO First result for clip 1164 (modality macro) – window opened.
2026-10-06 04:31:26,014 INFO Result for clip 1164, modality macro failed with status: Expected all tensors to be on the same device, but found at least two devices, cpu and cuda:0! (when checking argument for argument tensors in method wrapper_CUDA_cat). Ignored.
2026-10-06 04:31:34,471 INFO First result for clip 1165 (modality macro) – window opened.
2026-10-06 04:31:34,490 INFO Result for clip 1165, modality macro failed with status: Expected all tensors to be on the same device, but found at least two devices, cpu and cuda:0! (when checking argument for argument tensors in method wrapper_CUDA_cat). Ignored.
2026-10-06 04:32:04,927 INFO First result for clip 1166 (modality macro) – window opened.
2026-10-06 04:32:04,932 INFO Result for clip 1166, modality macro failed with status: Expected all tensors to be on the same device, but found at least two devices, cpu and cuda:0! (when checking argument for argument tensors in method wrapper_CUDA_cat). Ignored.
2026-10-06 04:32:18,602 INFO First result for clip 1167 (modality macro) – window opened.
2026-10-06 04:32:18,606 INFO Result for clip 1167, modality macro failed with status: Expected all tensors to be on the same device, but found at least two devices, cpu and cuda:0! (when checking argument for argument tensors in method wrapper_CUDA_cat). Ignored.
2026-10-06 04:33:49,040 INFO First result for clip 1168 (modality macro) – window opened.
2026-10-06 04:33:49,046 INFO Result for clip 1168, modality macro failed with status: Expected all tensors to be on the same device, but found at least two devices, cpu and cuda:0! (when checking argument for argument tensors in method wrapper_CUDA_cat). Ignored.
2026-10-06 04:34:04,467 INFO First result for clip 1169 (modality macro) – window opened.
2026-10-06 04:34:04,470 INFO Result for clip 1169, modality macro failed with status: Expected all tensors to be on the same device, but found at least two devices, cpu and cuda:0! (when checking argument for argument tensors in method wrapper_CUDA_cat). Ignored.
2026-10-06 04:34:27,610 INFO First result for clip 1170 (modality macro) – window opened.
2026-10-06 04:34:27,620 INFO Result for clip 1170, modality macro failed with status: Expected all tensors to be on the same device, but found at least two devices, cpu and cuda:0! (when checking argument for argument tensors in method wrapper_CUDA_cat). Ignored.
2026-10-06 04:34:42,063 INFO First result for clip 1171 (modality macro) – window opened.
2026-10-06 04:34:42,066 INFO Result for clip 1171, modality macro failed with status: Expected all tensors to be on the same device, but found at least two devices, cpu and cuda:0! (when checking argument for argument tensors in method wrapper_CUDA_cat). Ignored.
2026-10-06 04:36:16,200 INFO First result for clip 1172 (modality macro) – window opened.
2026-10-06 04:36:16,214 INFO Result for clip 1172, modality macro failed with status: Expected all tensors to be on the same device, but found at least two devices, cpu and cuda:0! (when checking argument for argument tensors in method wrapper_CUDA_cat). Ignored.
2026-10-06 04:36:31,627 INFO First result for clip 1173 (modality macro) – window opened.
2026-10-06 04:36:31,630 INFO Result for clip 1173, modality macro failed with status: Expected all tensors to be on the same device, but found at least two devices, cpu and cuda:0! (when checking argument for argument tensors in method wrapper_CUDA_cat). Ignored.
2026-10-06 04:37:00,489 INFO First result for clip 1174 (modality macro) – window opened.
2026-10-06 04:37:00,501 INFO Result for clip 1174, modality macro failed with status: Expected all tensors to be on the same device, but found at least two devices, cpu and cuda:0! (when checking argument for argument tensors in method wrapper_CUDA_cat). Ignored.
2026-10-06 04:37:04,760 INFO First result for clip 1175 (modality macro) – window opened.
2026-10-06 04:37:04,764 INFO Result for clip 1175, modality macro failed with status: Expected all tensors to be on the same device, but found at least two devices, cpu and cuda:0! (when checking argument for argument tensors in method wrapper_CUDA_cat). Ignored.
2026-10-06 04:38:33,673 INFO First result for clip 1176 (modality macro) – window opened.
2026-10-06 04:38:33,682 INFO Result for clip 1176, modality macro failed with status: Expected all tensors to be on the same device, but found at least two devices, cpu and cuda:0! (when checking argument for argument tensors in method wrapper_CUDA_cat). Ignored.
2026-10-06 04:38:49,400 INFO First result for clip 1177 (modality macro) – window opened.
2026-10-06 04:38:49,407 INFO Result for clip 1177, modality macro failed with status: Expected all tensors to be on the same device, but found at least two devices, cpu and cuda:0! (when checking argument for argument tensors in method wrapper_CUDA_cat). Ignored.
2026-10-06 04:39:36,414 INFO First result for clip 1178 (modality macro) – window opened.
2026-10-06 04:39:36,426 INFO Result for clip 1178, modality macro failed with status: Expected all tensors to be on the same device, but found at least two devices, cpu and cuda:0! (when checking argument for argument tensors in method wrapper_CUDA_cat). Ignored.
2026-10-06 04:39:38,305 INFO First result for clip 1179 (modality macro) – window opened.
2026-10-06 04:39:38,310 INFO Result for clip 1179, modality macro failed with status: Expected all tensors to be on the same device, but found at least two devices, cpu and cuda:0! (when checking argument for argument tensors in method wrapper_CUDA_cat). Ignored.
2026-10-06 04:40:43,959 INFO First result for clip 1180 (modality macro) – window opened.
2026-10-06 04:40:43,964 INFO Result for clip 1180, modality macro failed with status: Expected all tensors to be on the same device, but found at least two devices, cpu and cuda:0! (when checking argument for argument tensors in method wrapper_CUDA_cat). Ignored.
2026-10-06 04:41:00,349 INFO First result for clip 1181 (modality macro) – window opened.
2026-10-06 04:41:00,357 INFO Result for clip 1181, modality macro failed with status: Expected all tensors to be on the same device, but found at least two devices, cpu and cuda:0! (when checking argument for argument tensors in method wrapper_CUDA_cat). Ignored.
2026-10-06 04:42:03,864 INFO First result for clip 1182 (modality macro) – window opened.
2026-10-06 04:42:03,867 INFO Result for clip 1182, modality macro failed with status: Expected all tensors to be on the same device, but found at least two devices, cpu and cuda:0! (when checking argument for argument tensors in method wrapper_CUDA_cat). Ignored.
2026-10-06 04:42:18,906 INFO First result for clip 1183 (modality macro) – window opened.
2026-10-06 04:42:18,916 INFO Result for clip 1183, modality macro failed with status: Expected all tensors to be on the same device, but found at least two devices, cpu and cuda:0! (when checking argument for argument tensors in method wrapper_CUDA_cat). Ignored.
2026-10-06 04:42:59,147 INFO First result for clip 1184 (modality macro) – window opened.
2026-10-06 04:42:59,154 INFO Result for clip 1184, modality macro failed with status: Expected all tensors to be on the same device, but found at least two devices, cpu and cuda:0! (when checking argument for argument tensors in method wrapper_CUDA_cat). Ignored.
2026-10-06 04:43:20,003 INFO First result for clip 1185 (modality macro) – window opened.
2026-10-06 04:43:20,013 INFO Result for clip 1185, modality macro failed with status: Expected all tensors to be on the same device, but found at least two devices, cpu and cuda:0! (when checking argument for argument tensors in method wrapper_CUDA_cat). Ignored.
2026-10-06 04:44:24,166 INFO First result for clip 1186 (modality macro) – window opened.
2026-10-06 04:44:24,169 INFO Result for clip 1186, modality macro failed with status: Expected all tensors to be on the same device, but found at least two devices, cpu and cuda:0! (when checking argument for argument tensors in method wrapper_CUDA_cat). Ignored.
2026-10-06 04:44:45,087 INFO First result for clip 1187 (modality macro) – window opened.
2026-10-06 04:44:45,094 INFO Result for clip 1187, modality macro failed with status: Expected all tensors to be on the same device, but found at least two devices, cpu and cuda:0! (when checking argument for argument tensors in method wrapper_CUDA_cat). Ignored.
2026-10-06 04:45:20,190 INFO First result for clip 1188 (modality macro) – window opened.
2026-10-06 04:45:20,193 INFO Result for clip 1188, modality macro failed with status: Expected all tensors to be on the same device, but found at least two devices, cpu and cuda:0! (when checking argument for argument tensors in method wrapper_CUDA_cat). Ignored.
2026-10-06 04:45:42,927 INFO First result for clip 1189 (modality macro) – window opened.
2026-10-06 04:45:42,939 INFO Result for clip 1189, modality macro failed with status: Expected all tensors to be on the same device, but found at least two devices, cpu and cuda:0! (when checking argument for argument tensors in method wrapper_CUDA_cat). Ignored.
2026-10-06 04:46:41,115 INFO First result for clip 1190 (modality macro) – window opened.
2026-10-06 04:46:41,119 INFO Result for clip 1190, modality macro failed with status: Expected all tensors to be on the same device, but found at least two devices, cpu and cuda:0! (when checking argument for argument tensors in method wrapper_CUDA_cat). Ignored.
2026-10-06 04:46:59,519 INFO First result for clip 1191 (modality macro) – window opened.
2026-10-06 04:46:59,530 INFO Result for clip 1191, modality macro failed with status: Expected all tensors to be on the same device, but found at least two devices, cpu and cuda:0! (when checking argument for argument tensors in method wrapper_CUDA_cat). Ignored.
2026-10-06 04:47:36,660 INFO First result for clip 1192 (modality macro) – window opened.
2026-10-06 04:47:36,664 INFO Result for clip 1192, modality macro failed with status: Expected all tensors to be on the same device, but found at least two devices, cpu and cuda:0! (when checking argument for argument tensors in method wrapper_CUDA_cat). Ignored.
2026-10-06 04:48:06,276 INFO First result for clip 1193 (modality macro) – window opened.
2026-10-06 04:48:06,284 INFO Result for clip 1193, modality macro failed with status: Expected all tensors to be on the same device, but found at least two devices, cpu and cuda:0! (when checking argument for argument tensors in method wrapper_CUDA_cat). Ignored.
2026-10-06 04:49:01,920 INFO First result for clip 1194 (modality macro) – window opened.
2026-10-06 04:49:01,924 INFO Result for clip 1194, modality macro failed with status: Expected all tensors to be on the same device, but found at least two devices, cpu and cuda:0! (when checking argument for argument tensors in method wrapper_CUDA_cat). Ignored.
2026-10-06 04:49:20,850 INFO First result for clip 1195 (modality macro) – window opened.
2026-10-06 04:49:20,860 INFO Result for clip 1195, modality macro failed with status: Expected all tensors to be on the same device, but found at least two devices, cpu and cuda:0! (when checking argument for argument tensors in method wrapper_CUDA_cat). Ignored.
2026-10-06 04:50:01,291 INFO First result for clip 1196 (modality macro) – window opened.
2026-10-06 04:50:01,296 INFO Result for clip 1196, modality macro failed with status: Expected all tensors to be on the same device, but found at least two devices, cpu and cuda:0! (when checking argument for argument tensors in method wrapper_CUDA_cat). Ignored.
2026-10-06 04:50:28,219 INFO First result for clip 1197 (modality macro) – window opened.
2026-10-06 04:50:28,222 INFO Result for clip 1197, modality macro failed with status: Expected all tensors to be on the same device, but found at least two devices, cpu and cuda:0! (when checking argument for argument tensors in method wrapper_CUDA_cat). Ignored.
2026-10-06 04:51:28,063 INFO First result for clip 1198 (modality macro) – window opened.
2026-10-06 04:51:28,066 INFO Result for clip 1198, modality macro failed with status: Expected all tensors to be on the same device, but found at least two devices, cpu and cuda:0! (when checking argument for argument tensors in method wrapper_CUDA_cat). Ignored.
2026-10-06 04:51:51,350 INFO First result for clip 1199 (modality macro) – window opened.
2026-10-06 04:51:51,355 INFO Result for clip 1199, modality macro failed with status: Expected all tensors to be on the same device, but found at least two devices, cpu and cuda:0! (when checking argument for argument tensors in method wrapper_CUDA_cat). Ignored.
2026-10-06 04:52:15,163 INFO First result for clip 1200 (modality macro) – window opened.
2026-10-06 04:52:15,173 INFO Result for clip 1200, modality macro failed with status: Expected all tensors to be on the same device, but found at least two devices, cpu and cuda:0! (when checking argument for argument tensors in method wrapper_CUDA_cat). Ignored.
2026-10-06 04:52:42,284 INFO First result for clip 1201 (modality macro) – window opened.
2026-10-06 04:52:42,295 INFO Result for clip 1201, modality macro failed with status: Expected all tensors to be on the same device, but found at least two devices, cpu and cuda:0! (when checking argument for argument tensors in method wrapper_CUDA_cat). Ignored.
2026-10-06 04:53:48,063 INFO First result for clip 1202 (modality macro) – window opened.
2026-10-06 04:53:48,071 INFO Result for clip 1202, modality macro failed with status: Expected all tensors to be on the same device, but found at least two devices, cpu and cuda:0! (when checking argument for argument tensors in method wrapper_CUDA_cat). Ignored.
2026-10-06 04:54:16,158 INFO First result for clip 1203 (modality macro) – window opened.
2026-10-06 04:54:16,162 INFO Result for clip 1203, modality macro failed with status: Expected all tensors to be on the same device, but found at least two devices, cpu and cuda:0! (when checking argument for argument tensors in method wrapper_CUDA_cat). Ignored.
2026-10-06 04:54:46,338 INFO First result for clip 1204 (modality macro) – window opened.
2026-10-06 04:54:46,347 INFO Result for clip 1204, modality macro failed with status: Expected all tensors to be on the same device, but found at least two devices, cpu and cuda:0! (when checking argument for argument tensors in method wrapper_CUDA_cat). Ignored.
2026-10-06 04:55:19,744 INFO First result for clip 1205 (modality macro) – window opened.
2026-10-06 04:55:19,748 INFO Result for clip 1205, modality macro failed with status: Expected all tensors to be on the same device, but found at least two devices, cpu and cuda:0! (when checking argument for argument tensors in method wrapper_CUDA_cat). Ignored.
2026-10-06 04:56:18,195 INFO First result for clip 1206 (modality macro) – window opened.
2026-10-06 04:56:18,210 INFO Result for clip 1206, modality macro failed with status: Expected all tensors to be on the same device, but found at least two devices, cpu and cuda:0! (when checking argument for argument tensors in method wrapper_CUDA_cat). Ignored.
2026-10-06 04:56:52,068 INFO First result for clip 1207 (modality macro) – window opened.
2026-10-06 04:56:52,072 INFO Result for clip 1207, modality macro failed with status: Expected all tensors to be on the same device, but found at least two devices, cpu and cuda:0! (when checking argument for argument tensors in method wrapper_CUDA_cat). Ignored.
2026-10-06 04:57:07,972 INFO First result for clip 1208 (modality macro) – window opened.
2026-10-06 04:57:07,978 INFO Result for clip 1208, modality macro failed with status: Expected all tensors to be on the same device, but found at least two devices, cpu and cuda:0! (when checking argument for argument tensors in method wrapper_CUDA_cat). Ignored.
2026-10-06 04:57:46,353 INFO First result for clip 1209 (modality macro) – window opened.
2026-10-06 04:57:46,357 INFO Result for clip 1209, modality macro failed with status: Expected all tensors to be on the same device, but found at least two devices, cpu and cuda:0! (when checking argument for argument tensors in method wrapper_CUDA_cat). Ignored.
2026-10-06 04:58:41,635 INFO First result for clip 1210 (modality macro) – window opened.
2026-10-06 04:58:41,645 INFO Result for clip 1210, modality macro failed with status: Expected all tensors to be on the same device, but found at least two devices, cpu and cuda:0! (when checking argument for argument tensors in method wrapper_CUDA_cat). Ignored.
2026-10-06 04:59:24,832 INFO First result for clip 1212 (modality macro) – window opened.
2026-10-06 04:59:24,841 INFO Result for clip 1212, modality macro failed with status: Expected all tensors to be on the same device, but found at least two devices, cpu and cuda:0! (when checking argument for argument tensors in method wrapper_CUDA_cat). Ignored.
2026-10-06 04:59:25,321 INFO First result for clip 1211 (modality macro) – window opened.
2026-10-06 04:59:25,329 INFO Result for clip 1211, modality macro failed with status: Expected all tensors to be on the same device, but found at least two devices, cpu and cuda:0! (when checking argument for argument tensors in method wrapper_CUDA_cat). Ignored.
2026-10-06 05:00:02,798 INFO First result for clip 1213 (modality macro) – window opened.
2026-10-06 05:00:02,805 INFO Result for clip 1213, modality macro failed with status: Expected all tensors to be on the same device, but found at least two devices, cpu and cuda:0! (when checking argument for argument tensors in method wrapper_CUDA_cat). Ignored.
2026-10-06 05:00:52,901 INFO First result for clip 1214 (modality macro) – window opened.
2026-10-06 05:00:52,904 INFO Result for clip 1214, modality macro failed with status: Expected all tensors to be on the same device, but found at least two devices, cpu and cuda:0! (when checking argument for argument tensors in method wrapper_CUDA_cat). Ignored.
2026-10-06 05:02:01,787 INFO First result for clip 1215 (modality macro) – window opened.
2026-10-06 05:02:01,791 INFO Result for clip 1215, modality macro failed with status: Expected all tensors to be on the same device, but found at least two devices, cpu and cuda:0! (when checking argument for argument tensors in method wrapper_CUDA_cat). Ignored.
2026-10-06 05:02:43,666 INFO First result for clip 1216 (modality macro) – window opened.
2026-10-06 05:02:43,669 INFO Result for clip 1216, modality macro failed with status: Expected all tensors to be on the same device, but found at least two devices, cpu and cuda:0! (when checking argument for argument tensors in method wrapper_CUDA_cat). Ignored.
2026-10-06 05:02:54,005 INFO First result for clip 1217 (modality macro) – window opened.
2026-10-06 05:02:54,011 INFO Result for clip 1217, modality macro failed with status: Expected all tensors to be on the same device, but found at least two devices, cpu and cuda:0! (when checking argument for argument tensors in method wrapper_CUDA_cat). Ignored.
2026-10-06 05:03:00,983 INFO First result for clip 1218 (modality macro) – window opened.
2026-10-06 05:03:00,995 INFO Result for clip 1218, modality macro failed with status: Expected all tensors to be on the same device, but found at least two devices, cpu and cuda:0! (when checking argument for argument tensors in method wrapper_CUDA_cat). Ignored.
2026-10-06 05:03:55,745 INFO First result for clip 1219 (modality macro) – window opened.
2026-10-06 05:03:55,755 INFO Result for clip 1219, modality macro failed with status: Expected all tensors to be on the same device, but found at least two devices, cpu and cuda:0! (when checking argument for argument tensors in method wrapper_CUDA_cat). Ignored.
2026-10-06 05:05:12,970 INFO First result for clip 1220 (modality macro) – window opened.
2026-10-06 05:05:12,974 INFO Result for clip 1220, modality macro failed with status: Expected all tensors to be on the same device, but found at least two devices, cpu and cuda:0! (when checking argument for argument tensors in method wrapper_CUDA_cat). Ignored.
2026-10-06 05:05:40,514 INFO First result for clip 1222 (modality macro) – window opened.
2026-10-06 05:05:40,522 INFO Result for clip 1222, modality macro failed with status: Expected all tensors to be on the same device, but found at least two devices, cpu and cuda:0! (when checking argument for argument tensors in method wrapper_CUDA_cat). Ignored.
2026-10-06 05:05:44,227 INFO First result for clip 1221 (modality macro) – window opened.
2026-10-06 05:05:44,249 INFO Result for clip 1221, modality macro failed with status: Expected all tensors to be on the same device, but found at least two devices, cpu and cuda:0! (when checking argument for argument tensors in method wrapper_CUDA_cat). Ignored.
2026-10-06 05:06:06,891 INFO First result for clip 1223 (modality macro) – window opened.
2026-10-06 05:06:06,897 INFO Result for clip 1223, modality macro failed with status: Expected all tensors to be on the same device, but found at least two devices, cpu and cuda:0! (when checking argument for argument tensors in method wrapper_CUDA_cat). Ignored.
2026-10-06 05:07:20,493 INFO First result for clip 1224 (modality macro) – window opened.
2026-10-06 05:07:20,498 INFO Result for clip 1224, modality macro failed with status: Expected all tensors to be on the same device, but found at least two devices, cpu and cuda:0! (when checking argument for argument tensors in method wrapper_CUDA_cat). Ignored.
2026-10-06 05:08:08,849 INFO First result for clip 1225 (modality macro) – window opened.
2026-10-06 05:08:08,853 INFO Result for clip 1225, modality macro failed with status: Expected all tensors to be on the same device, but found at least two devices, cpu and cuda:0! (when checking argument for argument tensors in method wrapper_CUDA_cat). Ignored.
2026-10-06 05:08:19,618 INFO First result for clip 1226 (modality macro) – window opened.
2026-10-06 05:08:19,627 INFO Result for clip 1226, modality macro failed with status: Expected all tensors to be on the same device, but found at least two devices, cpu and cuda:0! (when checking argument for argument tensors in method wrapper_CUDA_cat). Ignored.
2026-10-06 05:08:26,346 INFO First result for clip 1227 (modality macro) – window opened.
2026-10-06 05:08:26,352 INFO Result for clip 1227, modality macro failed with status: Expected all tensors to be on the same device, but found at least two devices, cpu and cuda:0! (when checking argument for argument tensors in method wrapper_CUDA_cat). Ignored.
2026-10-06 05:09:13,863 INFO First result for clip 1228 (modality macro) – window opened.
2026-10-06 05:09:13,869 INFO Result for clip 1228, modality macro failed with status: Expected all tensors to be on the same device, but found at least two devices, cpu and cuda:0! (when checking argument for argument tensors in method wrapper_CUDA_cat). Ignored.
2026-10-06 05:10:26,584 INFO First result for clip 1229 (modality macro) – window opened.
2026-10-06 05:10:26,589 INFO Result for clip 1229, modality macro failed with status: Expected all tensors to be on the same device, but found at least two devices, cpu and cuda:0! (when checking argument for argument tensors in method wrapper_CUDA_cat). Ignored.
2026-10-06 05:10:51,003 INFO First result for clip 1230 (modality macro) – window opened.
2026-10-06 05:10:51,007 INFO Result for clip 1230, modality macro failed with status: Expected all tensors to be on the same device, but found at least two devices, cpu and cuda:0! (when checking argument for argument tensors in method wrapper_CUDA_cat). Ignored.
2026-10-06 05:10:52,201 INFO First result for clip 1231 (modality macro) – window opened.
2026-10-06 05:10:52,212 INFO Result for clip 1231, modality macro failed with status: Expected all tensors to be on the same device, but found at least two devices, cpu and cuda:0! (when checking argument for argument tensors in method wrapper_CUDA_cat). Ignored.
2026-10-06 05:11:19,697 INFO First result for clip 1232 (modality macro) – window opened.
2026-10-06 05:11:19,706 INFO Result for clip 1232, modality macro failed with status: Expected all tensors to be on the same device, but found at least two devices, cpu and cuda:0! (when checking argument for argument tensors in method wrapper_CUDA_cat). Ignored.
2026-10-06 05:12:24,113 INFO First result for clip 1233 (modality macro) – window opened.
2026-10-06 05:12:24,123 INFO Result for clip 1233, modality macro failed with status: Expected all tensors to be on the same device, but found at least two devices, cpu and cuda:0! (when checking argument for argument tensors in method wrapper_CUDA_cat). Ignored.
2026-10-06 05:13:18,560 INFO First result for clip 1234 (modality macro) – window opened.
2026-10-06 05:13:18,564 INFO Result for clip 1234, modality macro failed with status: Expected all tensors to be on the same device, but found at least two devices, cpu and cuda:0! (when checking argument for argument tensors in method wrapper_CUDA_cat). Ignored.
2026-10-06 05:13:31,769 INFO First result for clip 1235 (modality macro) – window opened.
2026-10-06 05:13:31,774 INFO Result for clip 1235, modality macro failed with status: Expected all tensors to be on the same device, but found at least two devices, cpu and cuda:0! (when checking argument for argument tensors in method wrapper_CUDA_cat). Ignored.
2026-10-06 05:13:34,803 INFO First result for clip 1236 (modality macro) – window opened.
2026-10-06 05:13:34,807 INFO Result for clip 1236, modality macro failed with status: Expected all tensors to be on the same device, but found at least two devices, cpu and cuda:0! (when checking argument for argument tensors in method wrapper_CUDA_cat). Ignored.
2026-10-06 05:14:29,649 INFO First result for clip 1237 (modality macro) – window opened.
2026-10-06 05:14:29,660 INFO Result for clip 1237, modality macro failed with status: Expected all tensors to be on the same device, but found at least two devices, cpu and cuda:0! (when checking argument for argument tensors in method wrapper_CUDA_cat). Ignored.
2026-10-06 05:15:28,219 INFO First result for clip 1238 (modality macro) – window opened.
2026-10-06 05:15:28,224 INFO Result for clip 1238, modality macro failed with status: Expected all tensors to be on the same device, but found at least two devices, cpu and cuda:0! (when checking argument for argument tensors in method wrapper_CUDA_cat). Ignored.
2026-10-06 05:15:59,451 INFO First result for clip 1240 (modality macro) – window opened.
2026-10-06 05:15:59,455 INFO Result for clip 1240, modality macro failed with status: Expected all tensors to be on the same device, but found at least two devices, cpu and cuda:0! (when checking argument for argument tensors in method wrapper_CUDA_cat). Ignored.
2026-10-06 05:16:06,185 INFO First result for clip 1239 (modality macro) – window opened.
2026-10-06 05:16:06,195 INFO Result for clip 1239, modality macro failed with status: Expected all tensors to be on the same device, but found at least two devices, cpu and cuda:0! (when checking argument for argument tensors in method wrapper_CUDA_cat). Ignored.
2026-10-06 05:16:32,124 INFO First result for clip 1241 (modality macro) – window opened.
2026-10-06 05:16:32,134 INFO Result for clip 1241, modality macro failed with status: Expected all tensors to be on the same device, but found at least two devices, cpu and cuda:0! (when checking argument for argument tensors in method wrapper_CUDA_cat). Ignored.
2026-10-06 05:17:26,666 INFO First result for clip 1242 (modality macro) – window opened.
2026-10-06 05:17:26,675 INFO Result for clip 1242, modality macro failed with status: Expected all tensors to be on the same device, but found at least two devices, cpu and cuda:0! (when checking argument for argument tensors in method wrapper_CUDA_cat). Ignored.
2026-10-06 05:18:20,064 INFO First result for clip 1243 (modality macro) – window opened.
2026-10-06 05:18:20,071 INFO Result for clip 1243, modality macro failed with status: Expected all tensors to be on the same device, but found at least two devices, cpu and cuda:0! (when checking argument for argument tensors in method wrapper_CUDA_cat). Ignored.
2026-10-06 05:18:28,026 INFO First result for clip 1244 (modality macro) – window opened.
2026-10-06 05:18:28,030 INFO Result for clip 1244, modality macro failed with status: Expected all tensors to be on the same device, but found at least two devices, cpu and cuda:0! (when checking argument for argument tensors in method wrapper_CUDA_cat). Ignored.
2026-10-06 05:18:39,721 INFO First result for clip 1245 (modality macro) – window opened.
2026-10-06 05:18:39,727 INFO Result for clip 1245, modality macro failed with status: Expected all tensors to be on the same device, but found at least two devices, cpu and cuda:0! (when checking argument for argument tensors in method wrapper_CUDA_cat). Ignored.
2026-10-06 05:19:37,418 INFO First result for clip 1246 (modality macro) – window opened.
2026-10-06 05:19:37,427 INFO Result for clip 1246, modality macro failed with status: Expected all tensors to be on the same device, but found at least two devices, cpu and cuda:0! (when checking argument for argument tensors in method wrapper_CUDA_cat). Ignored.
2026-10-06 05:20:45,333 INFO First result for clip 1247 (modality macro) – window opened.
2026-10-06 05:20:45,336 INFO Result for clip 1247, modality macro failed with status: Expected all tensors to be on the same device, but found at least two devices, cpu and cuda:0! (when checking argument for argument tensors in method wrapper_CUDA_cat). Ignored.
2026-10-06 05:20:59,768 INFO First result for clip 1248 (modality macro) – window opened.
2026-10-06 05:20:59,778 INFO Result for clip 1248, modality macro failed with status: Expected all tensors to be on the same device, but found at least two devices, cpu and cuda:0! (when checking argument for argument tensors in method wrapper_CUDA_cat). Ignored.
2026-10-06 05:21:09,205 INFO First result for clip 1249 (modality macro) – window opened.
2026-10-06 05:21:09,218 INFO Result for clip 1249, modality macro failed with status: Expected all tensors to be on the same device, but found at least two devices, cpu and cuda:0! (when checking argument for argument tensors in method wrapper_CUDA_cat). Ignored.
2026-10-06 05:21:41,469 INFO First result for clip 1250 (modality macro) – window opened.
2026-10-06 05:21:41,472 INFO Result for clip 1250, modality macro failed with status: Expected all tensors to be on the same device, but found at least two devices, cpu and cuda:0! (when checking argument for argument tensors in method wrapper_CUDA_cat). Ignored.
2026-10-06 05:22:53,196 INFO First result for clip 1251 (modality macro) – window opened.
2026-10-06 05:22:53,200 INFO Result for clip 1251, modality macro failed with status: Expected all tensors to be on the same device, but found at least two devices, cpu and cuda:0! (when checking argument for argument tensors in method wrapper_CUDA_cat). Ignored.
2026-10-06 05:23:31,370 INFO First result for clip 1252 (modality macro) – window opened.
2026-10-06 05:23:31,378 INFO Result for clip 1252, modality macro failed with status: Expected all tensors to be on the same device, but found at least two devices, cpu and cuda:0! (when checking argument for argument tensors in method wrapper_CUDA_cat). Ignored.
2026-10-06 05:23:32,013 INFO First result for clip 1253 (modality macro) – window opened.
2026-10-06 05:23:32,027 INFO Result for clip 1253, modality macro failed with status: Expected all tensors to be on the same device, but found at least two devices, cpu and cuda:0! (when checking argument for argument tensors in method wrapper_CUDA_cat). Ignored.
2026-10-06 05:23:54,904 INFO First result for clip 1254 (modality macro) – window opened.
2026-10-06 05:23:54,907 INFO Result for clip 1254, modality macro failed with status: Expected all tensors to be on the same device, but found at least two devices, cpu and cuda:0! (when checking argument for argument tensors in method wrapper_CUDA_cat). Ignored.
2026-10-06 05:25:00,777 INFO First result for clip 1255 (modality macro) – window opened.
2026-10-06 05:25:00,781 INFO Result for clip 1255, modality macro failed with status: Expected all tensors to be on the same device, but found at least two devices, cpu and cuda:0! (when checking argument for argument tensors in method wrapper_CUDA_cat). Ignored.
2026-10-06 05:26:02,589 INFO First result for clip 1256 (modality macro) – window opened.
2026-10-06 05:26:02,593 INFO Result for clip 1256, modality macro failed with status: Expected all tensors to be on the same device, but found at least two devices, cpu and cuda:0! (when checking argument for argument tensors in method wrapper_CUDA_cat). Ignored.
2026-10-06 05:26:03,940 INFO First result for clip 1257 (modality macro) – window opened.
2026-10-06 05:26:03,943 INFO Result for clip 1257, modality macro failed with status: Expected all tensors to be on the same device, but found at least two devices, cpu and cuda:0! (when checking argument for argument tensors in method wrapper_CUDA_cat). Ignored.
2026-10-06 05:26:25,218 INFO First result for clip 1258 (modality macro) – window opened.
2026-10-06 05:26:25,222 INFO Result for clip 1258, modality macro failed with status: Expected all tensors to be on the same device, but found at least two devices, cpu and cuda:0! (when checking argument for argument tensors in method wrapper_CUDA_cat). Ignored.
2026-10-06 05:27:03,728 INFO First result for clip 1259 (modality macro) – window opened.
2026-10-06 05:27:03,736 INFO Result for clip 1259, modality macro failed with status: Expected all tensors to be on the same device, but found at least two devices, cpu and cuda:0! (when checking argument for argument tensors in method wrapper_CUDA_cat). Ignored.
2026-10-06 05:28:36,798 INFO First result for clip 1260 (modality macro) – window opened.
2026-10-06 05:28:36,801 INFO Result for clip 1260, modality macro failed with status: Expected all tensors to be on the same device, but found at least two devices, cpu and cuda:0! (when checking argument for argument tensors in method wrapper_CUDA_cat). Ignored.
2026-10-06 05:28:38,170 INFO First result for clip 1261 (modality macro) – window opened.
2026-10-06 05:28:38,178 INFO Result for clip 1261, modality macro failed with status: Expected all tensors to be on the same device, but found at least two devices, cpu and cuda:0! (when checking argument for argument tensors in method wrapper_CUDA_cat). Ignored.
2026-10-06 05:28:46,148 INFO First result for clip 1262 (modality macro) – window opened.
2026-10-06 05:28:46,153 INFO Result for clip 1262, modality macro failed with status: Expected all tensors to be on the same device, but found at least two devices, cpu and cuda:0! (when checking argument for argument tensors in method wrapper_CUDA_cat). Ignored.
2026-10-06 05:29:06,870 INFO First result for clip 1263 (modality macro) – window opened.
2026-10-06 05:29:06,873 INFO Result for clip 1263, modality macro failed with status: Expected all tensors to be on the same device, but found at least two devices, cpu and cuda:0! (when checking argument for argument tensors in method wrapper_CUDA_cat). Ignored.
2026-10-06 05:31:15,273 INFO First result for clip 1264 (modality macro) – window opened.
2026-10-06 05:31:15,283 INFO Result for clip 1264, modality macro failed with status: Expected all tensors to be on the same device, but found at least two devices, cpu and cuda:0! (when checking argument for argument tensors in method wrapper_CUDA_cat). Ignored.
2026-10-06 05:31:32,964 INFO First result for clip 1265 (modality macro) – window opened.
2026-10-06 05:31:32,973 INFO Result for clip 1265, modality macro failed with status: Expected all tensors to be on the same device, but found at least two devices, cpu and cuda:0! (when checking argument for argument tensors in method wrapper_CUDA_cat). Ignored.
2026-10-06 05:31:35,081 INFO First result for clip 1266 (modality macro) – window opened.
2026-10-06 05:31:35,099 INFO Result for clip 1266, modality macro failed with status: Expected all tensors to be on the same device, but found at least two devices, cpu and cuda:0! (when checking argument for argument tensors in method wrapper_CUDA_cat). Ignored.
2026-10-06 05:31:42,004 INFO First result for clip 1267 (modality macro) – window opened.
2026-10-06 05:31:42,007 INFO Result for clip 1267, modality macro failed with status: Expected all tensors to be on the same device, but found at least two devices, cpu and cuda:0! (when checking argument for argument tensors in method wrapper_CUDA_cat). Ignored.
2026-10-06 05:33:05,739 INFO First result for clip 1268 (modality macro) – window opened.
2026-10-06 05:33:05,752 INFO Result for clip 1268, modality macro failed with status: Expected all tensors to be on the same device, but found at least two devices, cpu and cuda:0! (when checking argument for argument tensors in method wrapper_CUDA_cat). Ignored.
2026-10-06 05:34:18,495 INFO First result for clip 1269 (modality macro) – window opened.
2026-10-06 05:34:18,503 INFO Result for clip 1269, modality macro failed with status: Expected all tensors to be on the same device, but found at least two devices, cpu and cuda:0! (when checking argument for argument tensors in method wrapper_CUDA_cat). Ignored.
2026-10-06 05:34:21,355 INFO First result for clip 1270 (modality macro) – window opened.
2026-10-06 05:34:21,358 INFO Result for clip 1270, modality macro failed with status: Expected all tensors to be on the same device, but found at least two devices, cpu and cuda:0! (when checking argument for argument tensors in method wrapper_CUDA_cat). Ignored.
2026-10-06 05:34:28,405 INFO First result for clip 1271 (modality macro) – window opened.
2026-10-06 05:34:28,421 INFO Result for clip 1271, modality macro failed with status: Expected all tensors to be on the same device, but found at least two devices, cpu and cuda:0! (when checking argument for argument tensors in method wrapper_CUDA_cat). Ignored.
2026-10-06 05:35:10,222 INFO First result for clip 1272 (modality macro) – window opened.
2026-10-06 05:35:10,230 INFO Result for clip 1272, modality macro failed with status: Expected all tensors to be on the same device, but found at least two devices, cpu and cuda:0! (when checking argument for argument tensors in method wrapper_CUDA_cat). Ignored.
2026-10-06 05:36:56,898 INFO First result for clip 1273 (modality macro) – window opened.
2026-10-06 05:36:56,901 INFO Result for clip 1273, modality macro failed with status: Expected all tensors to be on the same device, but found at least two devices, cpu and cuda:0! (when checking argument for argument tensors in method wrapper_CUDA_cat). Ignored.
2026-10-06 05:37:12,763 INFO First result for clip 1274 (modality macro) – window opened.
2026-10-06 05:37:12,768 INFO Result for clip 1274, modality macro failed with status: Expected all tensors to be on the same device, but found at least two devices, cpu and cuda:0! (when checking argument for argument tensors in method wrapper_CUDA_cat). Ignored.
2026-10-06 05:37:16,094 INFO First result for clip 1275 (modality macro) – window opened.
2026-10-06 05:37:16,103 INFO Result for clip 1275, modality macro failed with status: Expected all tensors to be on the same device, but found at least two devices, cpu and cuda:0! (when checking argument for argument tensors in method wrapper_CUDA_cat). Ignored.
2026-10-06 05:37:32,773 INFO First result for clip 1276 (modality macro) – window opened.
2026-10-06 05:37:32,780 INFO Result for clip 1276, modality macro failed with status: Expected all tensors to be on the same device, but found at least two devices, cpu and cuda:0! (when checking argument for argument tensors in method wrapper_CUDA_cat). Ignored.
2026-10-06 05:38:53,696 INFO First result for clip 1277 (modality macro) – window opened.
2026-10-06 05:38:53,700 INFO Result for clip 1277, modality macro failed with status: Expected all tensors to be on the same device, but found at least two devices, cpu and cuda:0! (when checking argument for argument tensors in method wrapper_CUDA_cat). Ignored.
2026-10-06 05:39:58,231 INFO First result for clip 1278 (modality macro) – window opened.
2026-10-06 05:39:58,237 INFO Result for clip 1278, modality macro failed with status: Expected all tensors to be on the same device, but found at least two devices, cpu and cuda:0! (when checking argument for argument tensors in method wrapper_CUDA_cat). Ignored.
2026-10-06 05:39:58,638 INFO First result for clip 1279 (modality macro) – window opened.
2026-10-06 05:39:58,641 INFO Result for clip 1279, modality macro failed with status: Expected all tensors to be on the same device, but found at least two devices, cpu and cuda:0! (when checking argument for argument tensors in method wrapper_CUDA_cat). Ignored.
2026-10-06 05:40:19,935 INFO First result for clip 1280 (modality macro) – window opened.
2026-10-06 05:40:19,939 INFO Result for clip 1280, modality macro failed with status: Expected all tensors to be on the same device, but found at least two devices, cpu and cuda:0! (when checking argument for argument tensors in method wrapper_CUDA_cat). Ignored.
2026-10-06 05:41:29,398 INFO First result for clip 1281 (modality macro) – window opened.
2026-10-06 05:41:29,404 INFO Result for clip 1281, modality macro failed with status: Expected all tensors to be on the same device, but found at least two devices, cpu and cuda:0! (when checking argument for argument tensors in method wrapper_CUDA_cat). Ignored.
2026-10-06 05:42:34,611 INFO First result for clip 1283 (modality macro) – window opened.
2026-10-06 05:42:34,616 INFO Result for clip 1283, modality macro failed with status: Expected all tensors to be on the same device, but found at least two devices, cpu and cuda:0! (when checking argument for argument tensors in method wrapper_CUDA_cat). Ignored.
2026-10-06 05:42:35,267 INFO First result for clip 1282 (modality macro) – window opened.
2026-10-06 05:42:35,271 INFO Result for clip 1282, modality macro failed with status: Expected all tensors to be on the same device, but found at least two devices, cpu and cuda:0! (when checking argument for argument tensors in method wrapper_CUDA_cat). Ignored.
2026-10-06 05:42:47,925 INFO First result for clip 1284 (modality macro) – window opened.
2026-10-06 05:42:47,931 INFO Result for clip 1284, modality macro failed with status: Expected all tensors to be on the same device, but found at least two devices, cpu and cuda:0! (when checking argument for argument tensors in method wrapper_CUDA_cat). Ignored.
2026-10-06 05:43:26,480 INFO First result for clip 1285 (modality macro) – window opened.
2026-10-06 05:43:26,498 INFO Result for clip 1285, modality macro failed with status: Expected all tensors to be on the same device, but found at least two devices, cpu and cuda:0! (when checking argument for argument tensors in method wrapper_CUDA_cat). Ignored.
2026-10-06 05:45:15,390 INFO First result for clip 1286 (modality macro) – window opened.
2026-10-06 05:45:15,397 INFO Result for clip 1286, modality macro failed with status: Expected all tensors to be on the same device, but found at least two devices, cpu and cuda:0! (when checking argument for argument tensors in method wrapper_CUDA_cat). Ignored.
2026-10-06 05:45:21,348 INFO First result for clip 1287 (modality macro) – window opened.
2026-10-06 05:45:21,352 INFO Result for clip 1287, modality macro failed with status: Expected all tensors to be on the same device, but found at least two devices, cpu and cuda:0! (when checking argument for argument tensors in method wrapper_CUDA_cat). Ignored.
2026-10-06 05:45:38,089 INFO First result for clip 1288 (modality macro) – window opened.
2026-10-06 05:45:38,092 INFO Result for clip 1288, modality macro failed with status: Expected all tensors to be on the same device, but found at least two devices, cpu and cuda:0! (when checking argument for argument tensors in method wrapper_CUDA_cat). Ignored.
2026-10-06 05:45:43,125 INFO First result for clip 1289 (modality macro) – window opened.
2026-10-06 05:45:43,128 INFO Result for clip 1289, modality macro failed with status: Expected all tensors to be on the same device, but found at least two devices, cpu and cuda:0! (when checking argument for argument tensors in method wrapper_CUDA_cat). Ignored.
2026-10-06 05:47:34,089 INFO First result for clip 1290 (modality macro) – window opened.
2026-10-06 05:47:34,095 INFO Result for clip 1290, modality macro failed with status: Expected all tensors to be on the same device, but found at least two devices, cpu and cuda:0! (when checking argument for argument tensors in method wrapper_CUDA_cat). Ignored.
2026-10-06 05:48:10,657 INFO First result for clip 1291 (modality macro) – window opened.
2026-10-06 05:48:10,661 INFO Result for clip 1291, modality macro failed with status: Expected all tensors to be on the same device, but found at least two devices, cpu and cuda:0! (when checking argument for argument tensors in method wrapper_CUDA_cat). Ignored.
2026-10-06 05:48:26,049 INFO First result for clip 1293 (modality macro) – window opened.
2026-10-06 05:48:26,056 INFO Result for clip 1293, modality macro failed with status: Expected all tensors to be on the same device, but found at least two devices, cpu and cuda:0! (when checking argument for argument tensors in method wrapper_CUDA_cat). Ignored.
2026-10-06 05:48:35,442 INFO First result for clip 1292 (modality macro) – window opened.
2026-10-06 05:48:35,449 INFO Result for clip 1292, modality macro failed with status: Expected all tensors to be on the same device, but found at least two devices, cpu and cuda:0! (when checking argument for argument tensors in method wrapper_CUDA_cat). Ignored.
2026-10-06 05:49:46,655 INFO First result for clip 1294 (modality macro) – window opened.
2026-10-06 05:49:46,658 INFO Result for clip 1294, modality macro failed with status: Expected all tensors to be on the same device, but found at least two devices, cpu and cuda:0! (when checking argument for argument tensors in method wrapper_CUDA_cat). Ignored.
2026-10-06 05:50:21,598 INFO First result for clip 1295 (modality macro) – window opened.
2026-10-06 05:50:21,603 INFO Result for clip 1295, modality macro failed with status: Expected all tensors to be on the same device, but found at least two devices, cpu and cuda:0! (when checking argument for argument tensors in method wrapper_CUDA_cat). Ignored.
2026-10-06 05:51:04,592 INFO First result for clip 1296 (modality macro) – window opened.
2026-10-06 05:51:04,601 INFO Result for clip 1296, modality macro failed with status: Expected all tensors to be on the same device, but found at least two devices, cpu and cuda:0! (when checking argument for argument tensors in method wrapper_CUDA_cat). Ignored.
2026-10-06 05:51:06,004 INFO First result for clip 1297 (modality macro) – window opened.
2026-10-06 05:51:06,008 INFO Result for clip 1297, modality macro failed with status: Expected all tensors to be on the same device, but found at least two devices, cpu and cuda:0! (when checking argument for argument tensors in method wrapper_CUDA_cat). Ignored.
2026-10-06 05:52:03,915 INFO First result for clip 1298 (modality macro) – window opened.
2026-10-06 05:52:03,919 INFO Result for clip 1298, modality macro failed with status: Expected all tensors to be on the same device, but found at least two devices, cpu and cuda:0! (when checking argument for argument tensors in method wrapper_CUDA_cat). Ignored.
2026-10-06 05:52:33,651 INFO First result for clip 1299 (modality macro) – window opened.
2026-10-06 05:52:33,656 INFO Result for clip 1299, modality macro failed with status: Expected all tensors to be on the same device, but found at least two devices, cpu and cuda:0! (when checking argument for argument tensors in method wrapper_CUDA_cat). Ignored.
2026-10-06 05:53:38,885 INFO First result for clip 1300 (modality macro) – window opened.
2026-10-06 05:53:38,888 INFO Result for clip 1300, modality macro failed with status: Expected all tensors to be on the same device, but found at least two devices, cpu and cuda:0! (when checking argument for argument tensors in method wrapper_CUDA_cat). Ignored.
2026-10-06 05:54:30,361 INFO First result for clip 1301 (modality macro) – window opened.
2026-10-06 05:54:30,373 INFO Result for clip 1301, modality macro failed with status: Expected all tensors to be on the same device, but found at least two devices, cpu and cuda:0! (when checking argument for argument tensors in method wrapper_CUDA_cat). Ignored.
2026-10-06 05:54:42,279 INFO First result for clip 1302 (modality macro) – window opened.
2026-10-06 05:54:42,284 INFO Result for clip 1302, modality macro failed with status: Expected all tensors to be on the same device, but found at least two devices, cpu and cuda:0! (when checking argument for argument tensors in method wrapper_CUDA_cat). Ignored.
2026-10-06 05:55:21,009 INFO First result for clip 1303 (modality macro) – window opened.
2026-10-06 05:55:21,013 INFO Result for clip 1303, modality macro failed with status: Expected all tensors to be on the same device, but found at least two devices, cpu and cuda:0! (when checking argument for argument tensors in method wrapper_CUDA_cat). Ignored.
2026-10-06 05:55:51,216 INFO First result for clip 1304 (modality macro) – window opened.
2026-10-06 05:55:51,221 INFO Result for clip 1304, modality macro failed with status: Expected all tensors to be on the same device, but found at least two devices, cpu and cuda:0! (when checking argument for argument tensors in method wrapper_CUDA_cat). Ignored.
2026-10-06 05:56:56,965 INFO First result for clip 1305 (modality macro) – window opened.
2026-10-06 05:56:56,968 INFO Result for clip 1305, modality macro failed with status: Expected all tensors to be on the same device, but found at least two devices, cpu and cuda:0! (when checking argument for argument tensors in method wrapper_CUDA_cat). Ignored.
2026-10-06 05:56:57,822 INFO First result for clip 1306 (modality macro) – window opened.
2026-10-06 05:56:57,827 INFO Result for clip 1306, modality macro failed with status: Expected all tensors to be on the same device, but found at least two devices, cpu and cuda:0! (when checking argument for argument tensors in method wrapper_CUDA_cat). Ignored.
2026-10-06 05:57:30,091 INFO First result for clip 1307 (modality macro) – window opened.
2026-10-06 05:57:30,094 INFO Result for clip 1307, modality macro failed with status: Expected all tensors to be on the same device, but found at least two devices, cpu and cuda:0! (when checking argument for argument tensors in method wrapper_CUDA_cat). Ignored.
2026-10-06 05:58:10,114 INFO First result for clip 1308 (modality macro) – window opened.
2026-10-06 05:58:10,121 INFO Result for clip 1308, modality macro failed with status: Expected all tensors to be on the same device, but found at least two devices, cpu and cuda:0! (when checking argument for argument tensors in method wrapper_CUDA_cat). Ignored.
2026-10-06 05:59:44,983 INFO First result for clip 1310 (modality macro) – window opened.
2026-10-06 05:59:44,991 INFO Result for clip 1310, modality macro failed with status: Expected all tensors to be on the same device, but found at least two devices, cpu and cuda:0! (when checking argument for argument tensors in method wrapper_CUDA_cat). Ignored.
2026-10-06 05:59:48,235 INFO First result for clip 1311 (modality macro) – window opened.
2026-10-06 05:59:48,240 INFO Result for clip 1311, modality macro failed with status: Expected all tensors to be on the same device, but found at least two devices, cpu and cuda:0! (when checking argument for argument tensors in method wrapper_CUDA_cat). Ignored.
2026-10-06 06:00:12,624 INFO First result for clip 1309 (modality macro) – window opened.
2026-10-06 06:00:12,627 INFO Result for clip 1309, modality macro failed with status: Expected all tensors to be on the same device, but found at least two devices, cpu and cuda:0! (when checking argument for argument tensors in method wrapper_CUDA_cat). Ignored.
2026-10-06 06:00:20,078 INFO First result for clip 1312 (modality macro) – window opened.
2026-10-06 06:00:20,081 INFO Result for clip 1312, modality macro failed with status: Expected all tensors to be on the same device, but found at least two devices, cpu and cuda:0! (when checking argument for argument tensors in method wrapper_CUDA_cat). Ignored.
2026-10-06 06:02:37,332 INFO First result for clip 1314 (modality macro) – window opened.
2026-10-06 06:02:37,342 INFO Result for clip 1314, modality macro failed with status: Expected all tensors to be on the same device, but found at least two devices, cpu and cuda:0! (when checking argument for argument tensors in method wrapper_CUDA_cat). Ignored.
2026-10-06 06:02:40,361 INFO First result for clip 1313 (modality macro) – window opened.
2026-10-06 06:02:40,365 INFO Result for clip 1313, modality macro failed with status: Expected all tensors to be on the same device, but found at least two devices, cpu and cuda:0! (when checking argument for argument tensors in method wrapper_CUDA_cat). Ignored.
2026-10-06 06:03:24,665 INFO First result for clip 1316 (modality macro) – window opened.
2026-10-06 06:03:24,677 INFO Result for clip 1316, modality macro failed with status: Expected all tensors to be on the same device, but found at least two devices, cpu and cuda:0! (when checking argument for argument tensors in method wrapper_CUDA_cat). Ignored.
2026-10-06 06:03:35,563 INFO First result for clip 1315 (modality macro) – window opened.
2026-10-06 06:03:35,569 INFO Result for clip 1315, modality macro failed with status: Expected all tensors to be on the same device, but found at least two devices, cpu and cuda:0! (when checking argument for argument tensors in method wrapper_CUDA_cat). Ignored.
2026-10-06 06:05:12,958 INFO First result for clip 1318 (modality macro) – window opened.
2026-10-06 06:05:12,963 INFO Result for clip 1318, modality macro failed with status: Expected all tensors to be on the same device, but found at least two devices, cpu and cuda:0! (when checking argument for argument tensors in method wrapper_CUDA_cat). Ignored.
2026-10-06 06:05:55,736 INFO First result for clip 1320 (modality macro) – window opened.
2026-10-06 06:05:55,740 INFO Result for clip 1320, modality macro failed with status: Expected all tensors to be on the same device, but found at least two devices, cpu and cuda:0! (when checking argument for argument tensors in method wrapper_CUDA_cat). Ignored.
2026-10-06 06:06:09,402 INFO First result for clip 1317 (modality macro) – window opened.
2026-10-06 06:06:09,417 INFO Result for clip 1317, modality macro failed with status: Expected all tensors to be on the same device, but found at least two devices, cpu and cuda:0! (when checking argument for argument tensors in method wrapper_CUDA_cat). Ignored.
2026-10-06 06:06:44,664 INFO First result for clip 1319 (modality macro) – window opened.
2026-10-06 06:06:44,674 INFO Result for clip 1319, modality macro failed with status: Expected all tensors to be on the same device, but found at least two devices, cpu and cuda:0! (when checking argument for argument tensors in method wrapper_CUDA_cat). Ignored.
2026-10-06 06:07:24,554 INFO First result for clip 1321 (modality macro) – window opened.
2026-10-06 06:07:24,558 INFO Result for clip 1321, modality macro failed with status: Expected all tensors to be on the same device, but found at least two devices, cpu and cuda:0! (when checking argument for argument tensors in method wrapper_CUDA_cat). Ignored.
2026-10-06 06:08:12,615 INFO First result for clip 1322 (modality macro) – window opened.
2026-10-06 06:08:12,618 INFO Result for clip 1322, modality macro failed with status: Expected all tensors to be on the same device, but found at least two devices, cpu and cuda:0! (when checking argument for argument tensors in method wrapper_CUDA_cat). Ignored.
2026-10-06 06:08:20,706 INFO First result for clip 1323 (modality macro) – window opened.
2026-10-06 06:08:20,717 INFO Result for clip 1323, modality macro failed with status: Expected all tensors to be on the same device, but found at least two devices, cpu and cuda:0! (when checking argument for argument tensors in method wrapper_CUDA_cat). Ignored.
2026-10-06 06:08:49,609 INFO First result for clip 1324 (modality macro) – window opened.
2026-10-06 06:08:49,612 INFO Result for clip 1324, modality macro failed with status: Expected all tensors to be on the same device, but found at least two devices, cpu and cuda:0! (when checking argument for argument tensors in method wrapper_CUDA_cat). Ignored.
2026-10-06 06:10:13,694 INFO First result for clip 1325 (modality macro) – window opened.
2026-10-06 06:10:13,698 INFO Result for clip 1325, modality macro failed with status: Expected all tensors to be on the same device, but found at least two devices, cpu and cuda:0! (when checking argument for argument tensors in method wrapper_CUDA_cat). Ignored.
2026-10-06 06:10:23,579 INFO First result for clip 1326 (modality macro) – window opened.
2026-10-06 06:10:23,583 INFO Result for clip 1326, modality macro failed with status: Expected all tensors to be on the same device, but found at least two devices, cpu and cuda:0! (when checking argument for argument tensors in method wrapper_CUDA_cat). Ignored.
2026-10-06 06:10:34,764 INFO First result for clip 1327 (modality macro) – window opened.
2026-10-06 06:10:34,774 INFO Result for clip 1327, modality macro failed with status: Expected all tensors to be on the same device, but found at least two devices, cpu and cuda:0! (when checking argument for argument tensors in method wrapper_CUDA_cat). Ignored.
2026-10-06 06:11:09,318 INFO First result for clip 1328 (modality macro) – window opened.
2026-10-06 06:11:09,324 INFO Result for clip 1328, modality macro failed with status: Expected all tensors to be on the same device, but found at least two devices, cpu and cuda:0! (when checking argument for argument tensors in method wrapper_CUDA_cat). Ignored.
2026-10-06 06:12:18,678 INFO First result for clip 1329 (modality macro) – window opened.
2026-10-06 06:12:18,682 INFO Result for clip 1329, modality macro failed with status: Expected all tensors to be on the same device, but found at least two devices, cpu and cuda:0! (when checking argument for argument tensors in method wrapper_CUDA_cat). Ignored.
2026-10-06 06:12:43,202 INFO First result for clip 1330 (modality macro) – window opened.
2026-10-06 06:12:43,206 INFO Result for clip 1330, modality macro failed with status: Expected all tensors to be on the same device, but found at least two devices, cpu and cuda:0! (when checking argument for argument tensors in method wrapper_CUDA_cat). Ignored.
2026-10-06 06:12:51,347 INFO First result for clip 1331 (modality macro) – window opened.
2026-10-06 06:12:51,356 INFO Result for clip 1331, modality macro failed with status: Expected all tensors to be on the same device, but found at least two devices, cpu and cuda:0! (when checking argument for argument tensors in method wrapper_CUDA_cat). Ignored.
2026-10-06 06:13:08,689 INFO First result for clip 1332 (modality macro) – window opened.
2026-10-06 06:13:08,694 INFO Result for clip 1332, modality macro failed with status: Expected all tensors to be on the same device, but found at least two devices, cpu and cuda:0! (when checking argument for argument tensors in method wrapper_CUDA_cat). Ignored.
2026-10-06 06:14:28,520 INFO First result for clip 1333 (modality macro) – window opened.
2026-10-06 06:14:28,523 INFO Result for clip 1333, modality macro failed with status: Expected all tensors to be on the same device, but found at least two devices, cpu and cuda:0! (when checking argument for argument tensors in method wrapper_CUDA_cat). Ignored.
2026-10-06 06:15:26,080 INFO First result for clip 1334 (modality macro) – window opened.
2026-10-06 06:15:26,090 INFO Result for clip 1334, modality macro failed with status: Expected all tensors to be on the same device, but found at least two devices, cpu and cuda:0! (when checking argument for argument tensors in method wrapper_CUDA_cat). Ignored.
2026-10-06 06:15:46,544 INFO First result for clip 1336 (modality macro) – window opened.
2026-10-06 06:15:46,559 INFO Result for clip 1336, modality macro failed with status: Expected all tensors to be on the same device, but found at least two devices, cpu and cuda:0! (when checking argument for argument tensors in method wrapper_CUDA_cat). Ignored.
2026-10-06 06:15:50,455 INFO First result for clip 1335 (modality macro) – window opened.
2026-10-06 06:15:50,457 INFO Result for clip 1335, modality macro failed with status: Expected all tensors to be on the same device, but found at least two devices, cpu and cuda:0! (when checking argument for argument tensors in method wrapper_CUDA_cat). Ignored.
2026-10-06 06:16:27,481 INFO First result for clip 1337 (modality macro) – window opened.
2026-10-06 06:16:27,484 INFO Result for clip 1337, modality macro failed with status: Expected all tensors to be on the same device, but found at least two devices, cpu and cuda:0! (when checking argument for argument tensors in method wrapper_CUDA_cat). Ignored.
2026-10-06 06:17:23,468 INFO First result for clip 1338 (modality macro) – window opened.
2026-10-06 06:17:23,478 INFO Result for clip 1338, modality macro failed with status: Expected all tensors to be on the same device, but found at least two devices, cpu and cuda:0! (when checking argument for argument tensors in method wrapper_CUDA_cat). Ignored.
2026-10-06 06:18:08,223 INFO First result for clip 1339 (modality macro) – window opened.
2026-10-06 06:18:08,227 INFO Result for clip 1339, modality macro failed with status: Expected all tensors to be on the same device, but found at least two devices, cpu and cuda:0! (when checking argument for argument tensors in method wrapper_CUDA_cat). Ignored.
2026-10-06 06:18:10,578 INFO First result for clip 1340 (modality macro) – window opened.
2026-10-06 06:18:10,581 INFO Result for clip 1340, modality macro failed with status: Expected all tensors to be on the same device, but found at least two devices, cpu and cuda:0! (when checking argument for argument tensors in method wrapper_CUDA_cat). Ignored.
2026-10-06 06:18:28,635 INFO First result for clip 1341 (modality macro) – window opened.
2026-10-06 06:18:28,645 INFO Result for clip 1341, modality macro failed with status: Expected all tensors to be on the same device, but found at least two devices, cpu and cuda:0! (when checking argument for argument tensors in method wrapper_CUDA_cat). Ignored.
2026-10-06 06:19:13,470 INFO First result for clip 1342 (modality macro) – window opened.
2026-10-06 06:19:13,475 INFO Result for clip 1342, modality macro failed with status: Expected all tensors to be on the same device, but found at least two devices, cpu and cuda:0! (when checking argument for argument tensors in method wrapper_CUDA_cat). Ignored.
2026-10-06 06:20:30,950 INFO First result for clip 1343 (modality macro) – window opened.
2026-10-06 06:20:30,965 INFO Result for clip 1343, modality macro failed with status: Expected all tensors to be on the same device, but found at least two devices, cpu and cuda:0! (when checking argument for argument tensors in method wrapper_CUDA_cat). Ignored.
2026-10-06 06:20:37,441 INFO First result for clip 1344 (modality macro) – window opened.
2026-10-06 06:20:37,451 INFO Result for clip 1344, modality macro failed with status: Expected all tensors to be on the same device, but found at least two devices, cpu and cuda:0! (when checking argument for argument tensors in method wrapper_CUDA_cat). Ignored.
2026-10-06 06:20:45,477 INFO First result for clip 1345 (modality macro) – window opened.
2026-10-06 06:20:45,481 INFO Result for clip 1345, modality macro failed with status: Expected all tensors to be on the same device, but found at least two devices, cpu and cuda:0! (when checking argument for argument tensors in method wrapper_CUDA_cat). Ignored.
2026-10-06 06:21:04,235 INFO First result for clip 1346 (modality macro) – window opened.
2026-10-06 06:21:04,238 INFO Result for clip 1346, modality macro failed with status: Expected all tensors to be on the same device, but found at least two devices, cpu and cuda:0! (when checking argument for argument tensors in method wrapper_CUDA_cat). Ignored.
2026-10-06 06:22:42,770 INFO First result for clip 1347 (modality macro) – window opened.
2026-10-06 06:22:42,778 INFO Result for clip 1347, modality macro failed with status: Expected all tensors to be on the same device, but found at least two devices, cpu and cuda:0! (when checking argument for argument tensors in method wrapper_CUDA_cat). Ignored.
2026-10-06 06:23:22,784 INFO First result for clip 1348 (modality macro) – window opened.
2026-10-06 06:23:22,788 INFO Result for clip 1348, modality macro failed with status: Expected all tensors to be on the same device, but found at least two devices, cpu and cuda:0! (when checking argument for argument tensors in method wrapper_CUDA_cat). Ignored.
2026-10-06 06:23:48,144 INFO First result for clip 1350 (modality macro) – window opened.
2026-10-06 06:23:48,148 INFO Result for clip 1350, modality macro failed with status: Expected all tensors to be on the same device, but found at least two devices, cpu and cuda:0! (when checking argument for argument tensors in method wrapper_CUDA_cat). Ignored.
2026-10-06 06:23:49,012 INFO First result for clip 1349 (modality macro) – window opened.
2026-10-06 06:23:49,022 INFO Result for clip 1349, modality macro failed with status: Expected all tensors to be on the same device, but found at least two devices, cpu and cuda:0! (when checking argument for argument tensors in method wrapper_CUDA_cat). Ignored.
2026-10-06 06:24:42,826 INFO First result for clip 1351 (modality macro) – window opened.
2026-10-06 06:24:42,835 INFO Result for clip 1351, modality macro failed with status: Expected all tensors to be on the same device, but found at least two devices, cpu and cuda:0! (when checking argument for argument tensors in method wrapper_CUDA_cat). Ignored.
2026-10-06 06:25:30,055 INFO First result for clip 1352 (modality macro) – window opened.
2026-10-06 06:25:30,061 INFO Result for clip 1352, modality macro failed with status: Expected all tensors to be on the same device, but found at least two devices, cpu and cuda:0! (when checking argument for argument tensors in method wrapper_CUDA_cat). Ignored.
2026-10-06 06:26:04,854 INFO First result for clip 1353 (modality macro) – window opened.
2026-10-06 06:26:04,862 INFO Result for clip 1353, modality macro failed with status: Expected all tensors to be on the same device, but found at least two devices, cpu and cuda:0! (when checking argument for argument tensors in method wrapper_CUDA_cat). Ignored.
2026-10-06 06:26:05,241 INFO First result for clip 1354 (modality macro) – window opened.
2026-10-06 06:26:05,245 INFO Result for clip 1354, modality macro failed with status: Expected all tensors to be on the same device, but found at least two devices, cpu and cuda:0! (when checking argument for argument tensors in method wrapper_CUDA_cat). Ignored.
2026-10-06 06:26:36,087 INFO First result for clip 1355 (modality macro) – window opened.
2026-10-06 06:26:36,095 INFO Result for clip 1355, modality macro failed with status: Expected all tensors to be on the same device, but found at least two devices, cpu and cuda:0! (when checking argument for argument tensors in method wrapper_CUDA_cat). Ignored.
2026-10-06 06:27:26,086 INFO First result for clip 1356 (modality macro) – window opened.
2026-10-06 06:27:26,092 INFO Result for clip 1356, modality macro failed with status: Expected all tensors to be on the same device, but found at least two devices, cpu and cuda:0! (when checking argument for argument tensors in method wrapper_CUDA_cat). Ignored.
2026-10-06 06:28:19,046 INFO First result for clip 1357 (modality macro) – window opened.
2026-10-06 06:28:19,049 INFO Result for clip 1357, modality macro failed with status: Expected all tensors to be on the same device, but found at least two devices, cpu and cuda:0! (when checking argument for argument tensors in method wrapper_CUDA_cat). Ignored.
2026-10-06 06:28:43,901 INFO First result for clip 1359 (modality macro) – window opened.
2026-10-06 06:28:43,920 INFO Result for clip 1359, modality macro failed with status: Expected all tensors to be on the same device, but found at least two devices, cpu and cuda:0! (when checking argument for argument tensors in method wrapper_CUDA_cat). Ignored.
2026-10-06 06:28:57,177 INFO First result for clip 1358 (modality macro) – window opened.
2026-10-06 06:28:57,186 INFO Result for clip 1358, modality macro failed with status: Expected all tensors to be on the same device, but found at least two devices, cpu and cuda:0! (when checking argument for argument tensors in method wrapper_CUDA_cat). Ignored.
2026-10-06 06:29:24,769 INFO First result for clip 1360 (modality macro) – window opened.
2026-10-06 06:29:24,772 INFO Result for clip 1360, modality macro failed with status: Expected all tensors to be on the same device, but found at least two devices, cpu and cuda:0! (when checking argument for argument tensors in method wrapper_CUDA_cat). Ignored.
2026-10-06 06:30:50,488 INFO First result for clip 1362 (modality macro) – window opened.
2026-10-06 06:30:50,500 INFO Result for clip 1362, modality macro failed with status: Expected all tensors to be on the same device, but found at least two devices, cpu and cuda:0! (when checking argument for argument tensors in method wrapper_CUDA_cat). Ignored.
2026-10-06 06:30:55,248 INFO First result for clip 1361 (modality macro) – window opened.
2026-10-06 06:30:55,262 INFO Result for clip 1361, modality macro failed with status: Expected all tensors to be on the same device, but found at least two devices, cpu and cuda:0! (when checking argument for argument tensors in method wrapper_CUDA_cat). Ignored.
2026-10-06 06:31:04,952 INFO First result for clip 1363 (modality macro) – window opened.
2026-10-06 06:31:04,957 INFO Result for clip 1363, modality macro failed with status: Expected all tensors to be on the same device, but found at least two devices, cpu and cuda:0! (when checking argument for argument tensors in method wrapper_CUDA_cat). Ignored.
2026-10-06 06:31:22,217 INFO First result for clip 1364 (modality macro) – window opened.
2026-10-06 06:31:22,220 INFO Result for clip 1364, modality macro failed with status: Expected all tensors to be on the same device, but found at least two devices, cpu and cuda:0! (when checking argument for argument tensors in method wrapper_CUDA_cat). Ignored.
2026-10-06 06:33:22,302 INFO First result for clip 1365 (modality macro) – window opened.
2026-10-06 06:33:22,311 INFO Result for clip 1365, modality macro failed with status: Expected all tensors to be on the same device, but found at least two devices, cpu and cuda:0! (when checking argument for argument tensors in method wrapper_CUDA_cat). Ignored.
2026-10-06 06:33:45,188 INFO First result for clip 1367 (modality macro) – window opened.
2026-10-06 06:33:45,192 INFO Result for clip 1367, modality macro failed with status: Expected all tensors to be on the same device, but found at least two devices, cpu and cuda:0! (when checking argument for argument tensors in method wrapper_CUDA_cat). Ignored.
2026-10-06 06:33:48,180 INFO First result for clip 1368 (modality macro) – window opened.
2026-10-06 06:33:48,183 INFO Result for clip 1368, modality macro failed with status: Expected all tensors to be on the same device, but found at least two devices, cpu and cuda:0! (when checking argument for argument tensors in method wrapper_CUDA_cat). Ignored.
2026-10-06 06:33:49,842 INFO First result for clip 1366 (modality macro) – window opened.
2026-10-06 06:33:49,855 INFO Result for clip 1366, modality macro failed with status: Expected all tensors to be on the same device, but found at least two devices, cpu and cuda:0! (when checking argument for argument tensors in method wrapper_CUDA_cat). Ignored.
2026-10-06 06:35:12,881 INFO First result for clip 1369 (modality macro) – window opened.
2026-10-06 06:35:12,884 INFO Result for clip 1369, modality macro failed with status: Expected all tensors to be on the same device, but found at least two devices, cpu and cuda:0! (when checking argument for argument tensors in method wrapper_CUDA_cat). Ignored.
2026-10-06 06:36:18,577 INFO First result for clip 1370 (modality macro) – window opened.
2026-10-06 06:36:18,590 INFO Result for clip 1370, modality macro failed with status: Expected all tensors to be on the same device, but found at least two devices, cpu and cuda:0! (when checking argument for argument tensors in method wrapper_CUDA_cat). Ignored.
2026-10-06 06:36:20,902 INFO First result for clip 1371 (modality macro) – window opened.
2026-10-06 06:36:20,911 INFO Result for clip 1371, modality macro failed with status: Expected all tensors to be on the same device, but found at least two devices, cpu and cuda:0! (when checking argument for argument tensors in method wrapper_CUDA_cat). Ignored.
2026-10-06 06:36:27,846 INFO First result for clip 1372 (modality macro) – window opened.
2026-10-06 06:36:27,849 INFO Result for clip 1372, modality macro failed with status: Expected all tensors to be on the same device, but found at least two devices, cpu and cuda:0! (when checking argument for argument tensors in method wrapper_CUDA_cat). Ignored.
2026-10-06 06:37:02,233 INFO First result for clip 1373 (modality macro) – window opened.
2026-10-06 06:37:02,236 INFO Result for clip 1373, modality macro failed with status: Expected all tensors to be on the same device, but found at least two devices, cpu and cuda:0! (when checking argument for argument tensors in method wrapper_CUDA_cat). Ignored.
2026-10-06 06:38:59,227 INFO First result for clip 1374 (modality macro) – window opened.
2026-10-06 06:38:59,233 INFO Result for clip 1374, modality macro failed with status: Expected all tensors to be on the same device, but found at least two devices, cpu and cuda:0! (when checking argument for argument tensors in method wrapper_CUDA_cat). Ignored.
2026-10-06 06:39:03,699 INFO First result for clip 1376 (modality macro) – window opened.
2026-10-06 06:39:03,713 INFO Result for clip 1376, modality macro failed with status: Expected all tensors to be on the same device, but found at least two devices, cpu and cuda:0! (when checking argument for argument tensors in method wrapper_CUDA_cat). Ignored.
2026-10-06 06:39:11,573 INFO First result for clip 1375 (modality macro) – window opened.
2026-10-06 06:39:11,577 INFO Result for clip 1375, modality macro failed with status: Expected all tensors to be on the same device, but found at least two devices, cpu and cuda:0! (when checking argument for argument tensors in method wrapper_CUDA_cat). Ignored.
2026-10-06 06:39:19,999 INFO First result for clip 1377 (modality macro) – window opened.
2026-10-06 06:39:20,002 INFO Result for clip 1377, modality macro failed with status: Expected all tensors to be on the same device, but found at least two devices, cpu and cuda:0! (when checking argument for argument tensors in method wrapper_CUDA_cat). Ignored.
2026-10-06 06:41:33,318 INFO First result for clip 1378 (modality macro) – window opened.
2026-10-06 06:41:33,321 INFO Result for clip 1378, modality macro failed with status: Expected all tensors to be on the same device, but found at least two devices, cpu and cuda:0! (when checking argument for argument tensors in method wrapper_CUDA_cat). Ignored.
2026-10-06 06:41:52,567 INFO First result for clip 1379 (modality macro) – window opened.
2026-10-06 06:41:52,581 INFO Result for clip 1379, modality macro failed with status: Expected all tensors to be on the same device, but found at least two devices, cpu and cuda:0! (when checking argument for argument tensors in method wrapper_CUDA_cat). Ignored.
2026-10-06 06:42:01,044 INFO First result for clip 1381 (modality macro) – window opened.
2026-10-06 06:42:01,062 INFO Result for clip 1381, modality macro failed with status: Expected all tensors to be on the same device, but found at least two devices, cpu and cuda:0! (when checking argument for argument tensors in method wrapper_CUDA_cat). Ignored.
2026-10-06 06:42:02,482 INFO First result for clip 1380 (modality macro) – window opened.
2026-10-06 06:42:02,487 INFO Result for clip 1380, modality macro failed with status: Expected all tensors to be on the same device, but found at least two devices, cpu and cuda:0! (when checking argument for argument tensors in method wrapper_CUDA_cat). Ignored.
2026-10-06 06:43:20,161 INFO First result for clip 1382 (modality macro) – window opened.
2026-10-06 06:43:20,166 INFO Result for clip 1382, modality macro failed with status: Expected all tensors to be on the same device, but found at least two devices, cpu and cuda:0! (when checking argument for argument tensors in method wrapper_CUDA_cat). Ignored.
2026-10-06 06:44:29,500 INFO First result for clip 1383 (modality macro) – window opened.
2026-10-06 06:44:29,503 INFO Result for clip 1383, modality macro failed with status: Expected all tensors to be on the same device, but found at least two devices, cpu and cuda:0! (when checking argument for argument tensors in method wrapper_CUDA_cat). Ignored.
2026-10-06 06:45:06,614 INFO First result for clip 1385 (modality macro) – window opened.
2026-10-06 06:45:06,619 INFO Result for clip 1385, modality macro failed with status: Expected all tensors to be on the same device, but found at least two devices, cpu and cuda:0! (when checking argument for argument tensors in method wrapper_CUDA_cat). Ignored.
2026-10-06 06:45:11,207 INFO First result for clip 1384 (modality macro) – window opened.
2026-10-06 06:45:11,214 INFO Result for clip 1384, modality macro failed with status: Expected all tensors to be on the same device, but found at least two devices, cpu and cuda:0! (when checking argument for argument tensors in method wrapper_CUDA_cat). Ignored.
2026-10-06 06:45:38,547 INFO First result for clip 1386 (modality macro) – window opened.
2026-10-06 06:45:38,551 INFO Result for clip 1386, modality macro failed with status: Expected all tensors to be on the same device, but found at least two devices, cpu and cuda:0! (when checking argument for argument tensors in method wrapper_CUDA_cat). Ignored.
2026-10-06 06:46:47,874 INFO First result for clip 1387 (modality macro) – window opened.
2026-10-06 06:46:47,907 INFO Result for clip 1387, modality macro failed with status: Expected all tensors to be on the same device, but found at least two devices, cpu and cuda:0! (when checking argument for argument tensors in method wrapper_CUDA_cat). Ignored.
2026-10-06 06:47:47,528 INFO First result for clip 1388 (modality macro) – window opened.
2026-10-06 06:47:47,532 INFO Result for clip 1388, modality macro failed with status: Expected all tensors to be on the same device, but found at least two devices, cpu and cuda:0! (when checking argument for argument tensors in method wrapper_CUDA_cat). Ignored.
2026-10-06 06:48:05,713 INFO First result for clip 1389 (modality macro) – window opened.
2026-10-06 06:48:05,718 INFO Result for clip 1389, modality macro failed with status: Expected all tensors to be on the same device, but found at least two devices, cpu and cuda:0! (when checking argument for argument tensors in method wrapper_CUDA_cat). Ignored.
2026-10-06 06:48:28,344 INFO First result for clip 1390 (modality macro) – window opened.
2026-10-06 06:48:28,361 INFO Result for clip 1390, modality macro failed with status: Expected all tensors to be on the same device, but found at least two devices, cpu and cuda:0! (when checking argument for argument tensors in method wrapper_CUDA_cat). Ignored.
2026-10-06 06:49:08,378 INFO First result for clip 1391 (modality macro) – window opened.
2026-10-06 06:49:08,384 INFO Result for clip 1391, modality macro failed with status: Expected all tensors to be on the same device, but found at least two devices, cpu and cuda:0! (when checking argument for argument tensors in method wrapper_CUDA_cat). Ignored.
2026-10-06 06:50:21,320 INFO First result for clip 1392 (modality macro) – window opened.
2026-10-06 06:50:21,331 INFO Result for clip 1392, modality macro failed with status: Expected all tensors to be on the same device, but found at least two devices, cpu and cuda:0! (when checking argument for argument tensors in method wrapper_CUDA_cat). Ignored.
2026-10-06 06:50:44,790 INFO First result for clip 1393 (modality macro) – window opened.
2026-10-06 06:50:44,794 INFO Result for clip 1393, modality macro failed with status: Expected all tensors to be on the same device, but found at least two devices, cpu and cuda:0! (when checking argument for argument tensors in method wrapper_CUDA_cat). Ignored.
2026-10-06 06:50:52,775 INFO First result for clip 1394 (modality macro) – window opened.
2026-10-06 06:50:52,779 INFO Result for clip 1394, modality macro failed with status: Expected all tensors to be on the same device, but found at least two devices, cpu and cuda:0! (when checking argument for argument tensors in method wrapper_CUDA_cat). Ignored.
2026-10-06 06:51:32,538 INFO First result for clip 1395 (modality macro) – window opened.
2026-10-06 06:51:32,545 INFO Result for clip 1395, modality macro failed with status: Expected all tensors to be on the same device, but found at least two devices, cpu and cuda:0! (when checking argument for argument tensors in method wrapper_CUDA_cat). Ignored.
2026-10-06 06:52:37,990 INFO First result for clip 1396 (modality macro) – window opened.
2026-10-06 06:52:37,993 INFO Result for clip 1396, modality macro failed with status: Expected all tensors to be on the same device, but found at least two devices, cpu and cuda:0! (when checking argument for argument tensors in method wrapper_CUDA_cat). Ignored.
2026-10-06 06:53:22,434 INFO First result for clip 1397 (modality macro) – window opened.
2026-10-06 06:53:22,438 INFO Result for clip 1397, modality macro failed with status: Expected all tensors to be on the same device, but found at least two devices, cpu and cuda:0! (when checking argument for argument tensors in method wrapper_CUDA_cat). Ignored.
2026-10-06 06:53:37,329 INFO First result for clip 1398 (modality macro) – window opened.
2026-10-06 06:53:37,334 INFO Result for clip 1398, modality macro failed with status: Expected all tensors to be on the same device, but found at least two devices, cpu and cuda:0! (when checking argument for argument tensors in method wrapper_CUDA_cat). Ignored.
2026-10-06 06:54:06,345 INFO First result for clip 1399 (modality macro) – window opened.
2026-10-06 06:54:06,351 INFO Result for clip 1399, modality macro failed with status: Expected all tensors to be on the same device, but found at least two devices, cpu and cuda:0! (when checking argument for argument tensors in method wrapper_CUDA_cat). Ignored.
2026-10-06 06:55:06,437 INFO First result for clip 1400 (modality macro) – window opened.
2026-10-06 06:55:06,450 INFO Result for clip 1400, modality macro failed with status: Expected all tensors to be on the same device, but found at least two devices, cpu and cuda:0! (when checking argument for argument tensors in method wrapper_CUDA_cat). Ignored.
2026-10-06 06:55:59,716 INFO First result for clip 1401 (modality macro) – window opened.
2026-10-06 06:55:59,719 INFO Result for clip 1401, modality macro failed with status: Expected all tensors to be on the same device, but found at least two devices, cpu and cuda:0! (when checking argument for argument tensors in method wrapper_CUDA_cat). Ignored.
2026-10-06 06:56:09,457 INFO First result for clip 1402 (modality macro) – window opened.
2026-10-06 06:56:09,463 INFO Result for clip 1402, modality macro failed with status: Expected all tensors to be on the same device, but found at least two devices, cpu and cuda:0! (when checking argument for argument tensors in method wrapper_CUDA_cat). Ignored.
2026-10-06 06:56:25,149 INFO First result for clip 1403 (modality macro) – window opened.
2026-10-06 06:56:25,156 INFO Result for clip 1403, modality macro failed with status: Expected all tensors to be on the same device, but found at least two devices, cpu and cuda:0! (when checking argument for argument tensors in method wrapper_CUDA_cat). Ignored.
2026-10-06 06:57:19,995 INFO First result for clip 1404 (modality macro) – window opened.
2026-10-06 06:57:19,999 INFO Result for clip 1404, modality macro failed with status: Expected all tensors to be on the same device, but found at least two devices, cpu and cuda:0! (when checking argument for argument tensors in method wrapper_CUDA_cat). Ignored.
2026-10-06 06:58:26,875 INFO First result for clip 1405 (modality macro) – window opened.
2026-10-06 06:58:26,882 INFO Result for clip 1405, modality macro failed with status: Expected all tensors to be on the same device, but found at least two devices, cpu and cuda:0! (when checking argument for argument tensors in method wrapper_CUDA_cat). Ignored.
2026-10-06 06:58:58,076 INFO First result for clip 1406 (modality macro) – window opened.
2026-10-06 06:58:58,082 INFO Result for clip 1406, modality macro failed with status: Expected all tensors to be on the same device, but found at least two devices, cpu and cuda:0! (when checking argument for argument tensors in method wrapper_CUDA_cat). Ignored.
2026-10-06 06:58:58,561 INFO First result for clip 1407 (modality macro) – window opened.
2026-10-06 06:58:58,564 INFO Result for clip 1407, modality macro failed with status: Expected all tensors to be on the same device, but found at least two devices, cpu and cuda:0! (when checking argument for argument tensors in method wrapper_CUDA_cat). Ignored.
2026-10-06 06:59:45,971 INFO First result for clip 1408 (modality macro) – window opened.
2026-10-06 06:59:45,982 INFO Result for clip 1408, modality macro failed with status: Expected all tensors to be on the same device, but found at least two devices, cpu and cuda:0! (when checking argument for argument tensors in method wrapper_CUDA_cat). Ignored.
2026-10-06 07:00:46,599 INFO First result for clip 1409 (modality macro) – window opened.
2026-10-06 07:00:46,603 INFO Result for clip 1409, modality macro failed with status: Expected all tensors to be on the same device, but found at least two devices, cpu and cuda:0! (when checking argument for argument tensors in method wrapper_CUDA_cat). Ignored.
2026-10-06 07:01:45,721 INFO First result for clip 1411 (modality macro) – window opened.
2026-10-06 07:01:45,724 INFO Result for clip 1411, modality macro failed with status: Expected all tensors to be on the same device, but found at least two devices, cpu and cuda:0! (when checking argument for argument tensors in method wrapper_CUDA_cat). Ignored.
2026-10-06 07:01:47,234 INFO First result for clip 1410 (modality macro) – window opened.
2026-10-06 07:01:47,238 INFO Result for clip 1410, modality macro failed with status: Expected all tensors to be on the same device, but found at least two devices, cpu and cuda:0! (when checking argument for argument tensors in method wrapper_CUDA_cat). Ignored.
2026-10-06 07:02:08,511 INFO First result for clip 1412 (modality macro) – window opened.
2026-10-06 07:02:08,516 INFO Result for clip 1412, modality macro failed with status: Expected all tensors to be on the same device, but found at least two devices, cpu and cuda:0! (when checking argument for argument tensors in method wrapper_CUDA_cat). Ignored.
2026-10-06 07:03:13,625 INFO First result for clip 1413 (modality macro) – window opened.
2026-10-06 07:03:13,632 INFO Result for clip 1413, modality macro failed with status: Expected all tensors to be on the same device, but found at least two devices, cpu and cuda:0! (when checking argument for argument tensors in method wrapper_CUDA_cat). Ignored.
2026-10-06 07:04:34,817 INFO First result for clip 1415 (modality macro) – window opened.
2026-10-06 07:04:34,820 INFO Result for clip 1415, modality macro failed with status: Expected all tensors to be on the same device, but found at least two devices, cpu and cuda:0! (when checking argument for argument tensors in method wrapper_CUDA_cat). Ignored.
2026-10-06 07:04:40,247 INFO First result for clip 1414 (modality macro) – window opened.
2026-10-06 07:04:40,262 INFO Result for clip 1414, modality macro failed with status: Expected all tensors to be on the same device, but found at least two devices, cpu and cuda:0! (when checking argument for argument tensors in method wrapper_CUDA_cat). Ignored.
2026-10-06 07:05:10,255 INFO First result for clip 1416 (modality macro) – window opened.
2026-10-06 07:05:10,262 INFO Result for clip 1416, modality macro failed with status: Expected all tensors to be on the same device, but found at least two devices, cpu and cuda:0! (when checking argument for argument tensors in method wrapper_CUDA_cat). Ignored.
2026-10-06 07:05:38,226 INFO First result for clip 1417 (modality macro) – window opened.
2026-10-06 07:05:38,238 INFO Result for clip 1417, modality macro failed with status: Expected all tensors to be on the same device, but found at least two devices, cpu and cuda:0! (when checking argument for argument tensors in method wrapper_CUDA_cat). Ignored.
2026-10-06 07:07:16,772 INFO First result for clip 1418 (modality macro) – window opened.
2026-10-06 07:07:16,780 INFO Result for clip 1418, modality macro failed with status: Expected all tensors to be on the same device, but found at least two devices, cpu and cuda:0! (when checking argument for argument tensors in method wrapper_CUDA_cat). Ignored.
2026-10-06 07:07:27,358 INFO First result for clip 1419 (modality macro) – window opened.
2026-10-06 07:07:27,361 INFO Result for clip 1419, modality macro failed with status: Expected all tensors to be on the same device, but found at least two devices, cpu and cuda:0! (when checking argument for argument tensors in method wrapper_CUDA_cat). Ignored.
2026-10-06 07:07:43,045 INFO First result for clip 1420 (modality macro) – window opened.
2026-10-06 07:07:43,053 INFO Result for clip 1420, modality macro failed with status: Expected all tensors to be on the same device, but found at least two devices, cpu and cuda:0! (when checking argument for argument tensors in method wrapper_CUDA_cat). Ignored.
2026-10-06 07:08:09,015 INFO First result for clip 1421 (modality macro) – window opened.
2026-10-06 07:08:09,021 INFO Result for clip 1421, modality macro failed with status: Expected all tensors to be on the same device, but found at least two devices, cpu and cuda:0! (when checking argument for argument tensors in method wrapper_CUDA_cat). Ignored.
2026-10-06 07:09:58,841 INFO First result for clip 1422 (modality macro) – window opened.
2026-10-06 07:09:58,846 INFO Result for clip 1422, modality macro failed with status: Expected all tensors to be on the same device, but found at least two devices, cpu and cuda:0! (when checking argument for argument tensors in method wrapper_CUDA_cat). Ignored.
2026-10-06 07:10:21,120 INFO First result for clip 1423 (modality macro) – window opened.
2026-10-06 07:10:21,126 INFO Result for clip 1423, modality macro failed with status: Expected all tensors to be on the same device, but found at least two devices, cpu and cuda:0! (when checking argument for argument tensors in method wrapper_CUDA_cat). Ignored.
2026-10-06 07:10:38,882 INFO First result for clip 1424 (modality macro) – window opened.
2026-10-06 07:10:38,889 INFO Result for clip 1424, modality macro failed with status: Expected all tensors to be on the same device, but found at least two devices, cpu and cuda:0! (when checking argument for argument tensors in method wrapper_CUDA_cat). Ignored.
2026-10-06 07:10:49,380 INFO First result for clip 1425 (modality macro) – window opened.
2026-10-06 07:10:49,387 INFO Result for clip 1425, modality macro failed with status: Expected all tensors to be on the same device, but found at least two devices, cpu and cuda:0! (when checking argument for argument tensors in method wrapper_CUDA_cat). Ignored.
2026-10-06 07:12:28,517 INFO First result for clip 1426 (modality macro) – window opened.
2026-10-06 07:12:28,522 INFO Result for clip 1426, modality macro failed with status: Expected all tensors to be on the same device, but found at least two devices, cpu and cuda:0! (when checking argument for argument tensors in method wrapper_CUDA_cat). Ignored.
2026-10-06 07:12:46,793 INFO First result for clip 1427 (modality macro) – window opened.
2026-10-06 07:12:46,796 INFO Result for clip 1427, modality macro failed with status: Expected all tensors to be on the same device, but found at least two devices, cpu and cuda:0! (when checking argument for argument tensors in method wrapper_CUDA_cat). Ignored.
2026-10-06 07:13:18,093 INFO First result for clip 1428 (modality macro) – window opened.
2026-10-06 07:13:18,101 INFO Result for clip 1428, modality macro failed with status: Expected all tensors to be on the same device, but found at least two devices, cpu and cuda:0! (when checking argument for argument tensors in method wrapper_CUDA_cat). Ignored.
2026-10-06 07:13:21,682 INFO First result for clip 1429 (modality macro) – window opened.
2026-10-06 07:13:21,685 INFO Result for clip 1429, modality macro failed with status: Expected all tensors to be on the same device, but found at least two devices, cpu and cuda:0! (when checking argument for argument tensors in method wrapper_CUDA_cat). Ignored.
2026-10-06 07:15:00,874 INFO First result for clip 1430 (modality macro) – window opened.
2026-10-06 07:15:00,880 INFO Result for clip 1430, modality macro failed with status: Expected all tensors to be on the same device, but found at least two devices, cpu and cuda:0! (when checking argument for argument tensors in method wrapper_CUDA_cat). Ignored.
2026-10-06 07:15:12,072 INFO First result for clip 1431 (modality macro) – window opened.
2026-10-06 07:15:12,084 INFO Result for clip 1431, modality macro failed with status: Expected all tensors to be on the same device, but found at least two devices, cpu and cuda:0! (when checking argument for argument tensors in method wrapper_CUDA_cat). Ignored.
2026-10-06 07:16:00,950 INFO First result for clip 1433 (modality macro) – window opened.
2026-10-06 07:16:00,961 INFO Result for clip 1433, modality macro failed with status: Expected all tensors to be on the same device, but found at least two devices, cpu and cuda:0! (when checking argument for argument tensors in method wrapper_CUDA_cat). Ignored.
2026-10-06 07:16:02,152 INFO First result for clip 1432 (modality macro) – window opened.
2026-10-06 07:16:02,156 INFO Result for clip 1432, modality macro failed with status: Expected all tensors to be on the same device, but found at least two devices, cpu and cuda:0! (when checking argument for argument tensors in method wrapper_CUDA_cat). Ignored.
2026-10-06 07:17:36,798 INFO First result for clip 1434 (modality macro) – window opened.
2026-10-06 07:17:36,805 INFO Result for clip 1434, modality macro failed with status: Expected all tensors to be on the same device, but found at least two devices, cpu and cuda:0! (when checking argument for argument tensors in method wrapper_CUDA_cat). Ignored.
2026-10-06 07:17:49,259 INFO First result for clip 1435 (modality macro) – window opened.
2026-10-06 07:17:49,262 INFO Result for clip 1435, modality macro failed with status: Expected all tensors to be on the same device, but found at least two devices, cpu and cuda:0! (when checking argument for argument tensors in method wrapper_CUDA_cat). Ignored.
2026-10-06 07:18:44,052 INFO First result for clip 1436 (modality macro) – window opened.
2026-10-06 07:18:44,061 INFO Result for clip 1436, modality macro failed with status: Expected all tensors to be on the same device, but found at least two devices, cpu and cuda:0! (when checking argument for argument tensors in method wrapper_CUDA_cat). Ignored.
2026-10-06 07:18:48,850 INFO First result for clip 1437 (modality macro) – window opened.
2026-10-06 07:18:48,860 INFO Result for clip 1437, modality macro failed with status: Expected all tensors to be on the same device, but found at least two devices, cpu and cuda:0! (when checking argument for argument tensors in method wrapper_CUDA_cat). Ignored.
2026-10-06 07:20:07,074 INFO First result for clip 1438 (modality macro) – window opened.
2026-10-06 07:20:07,078 INFO Result for clip 1438, modality macro failed with status: Expected all tensors to be on the same device, but found at least two devices, cpu and cuda:0! (when checking argument for argument tensors in method wrapper_CUDA_cat). Ignored.
2026-10-06 07:20:18,727 INFO First result for clip 1439 (modality macro) – window opened.
2026-10-06 07:20:18,746 INFO Result for clip 1439, modality macro failed with status: Expected all tensors to be on the same device, but found at least two devices, cpu and cuda:0! (when checking argument for argument tensors in method wrapper_CUDA_cat). Ignored.
2026-10-06 07:21:16,881 INFO First result for clip 1440 (modality macro) – window opened.
2026-10-06 07:21:16,886 INFO Result for clip 1440, modality macro failed with status: Expected all tensors to be on the same device, but found at least two devices, cpu and cuda:0! (when checking argument for argument tensors in method wrapper_CUDA_cat). Ignored.
2026-10-06 07:21:28,446 INFO First result for clip 1441 (modality macro) – window opened.
2026-10-06 07:21:28,451 INFO Result for clip 1441, modality macro failed with status: Expected all tensors to be on the same device, but found at least two devices, cpu and cuda:0! (when checking argument for argument tensors in method wrapper_CUDA_cat). Ignored.
2026-10-06 07:22:57,094 INFO First result for clip 1442 (modality macro) – window opened.
2026-10-06 07:22:57,102 INFO Result for clip 1442, modality macro failed with status: Expected all tensors to be on the same device, but found at least two devices, cpu and cuda:0! (when checking argument for argument tensors in method wrapper_CUDA_cat). Ignored.
2026-10-06 07:23:03,685 INFO First result for clip 1443 (modality macro) – window opened.
2026-10-06 07:23:03,690 INFO Result for clip 1443, modality macro failed with status: Expected all tensors to be on the same device, but found at least two devices, cpu and cuda:0! (when checking argument for argument tensors in method wrapper_CUDA_cat). Ignored.
2026-10-06 07:23:56,501 INFO First result for clip 1444 (modality macro) – window opened.
2026-10-06 07:23:56,514 INFO Result for clip 1444, modality macro failed with status: Expected all tensors to be on the same device, but found at least two devices, cpu and cuda:0! (when checking argument for argument tensors in method wrapper_CUDA_cat). Ignored.
2026-10-06 07:24:10,203 INFO First result for clip 1445 (modality macro) – window opened.
2026-10-06 07:24:10,209 INFO Result for clip 1445, modality macro failed with status: Expected all tensors to be on the same device, but found at least two devices, cpu and cuda:0! (when checking argument for argument tensors in method wrapper_CUDA_cat). Ignored.
2026-10-06 07:25:33,598 INFO First result for clip 1446 (modality macro) – window opened.
2026-10-06 07:25:33,602 INFO Result for clip 1446, modality macro failed with status: Expected all tensors to be on the same device, but found at least two devices, cpu and cuda:0! (when checking argument for argument tensors in method wrapper_CUDA_cat). Ignored.
2026-10-06 07:25:40,902 INFO First result for clip 1447 (modality macro) – window opened.
2026-10-06 07:25:40,905 INFO Result for clip 1447, modality macro failed with status: Expected all tensors to be on the same device, but found at least two devices, cpu and cuda:0! (when checking argument for argument tensors in method wrapper_CUDA_cat). Ignored.
2026-10-06 07:26:25,020 INFO First result for clip 1448 (modality macro) – window opened.
2026-10-06 07:26:25,027 INFO Result for clip 1448, modality macro failed with status: Expected all tensors to be on the same device, but found at least two devices, cpu and cuda:0! (when checking argument for argument tensors in method wrapper_CUDA_cat). Ignored.
2026-10-06 07:26:42,209 INFO First result for clip 1449 (modality macro) – window opened.
2026-10-06 07:26:42,213 INFO Result for clip 1449, modality macro failed with status: Expected all tensors to be on the same device, but found at least two devices, cpu and cuda:0! (when checking argument for argument tensors in method wrapper_CUDA_cat). Ignored.
2026-10-06 07:28:14,045 INFO First result for clip 1450 (modality macro) – window opened.
2026-10-06 07:28:14,050 INFO Result for clip 1450, modality macro failed with status: Expected all tensors to be on the same device, but found at least two devices, cpu and cuda:0! (when checking argument for argument tensors in method wrapper_CUDA_cat). Ignored.
2026-10-06 07:28:24,563 INFO First result for clip 1451 (modality macro) – window opened.
2026-10-06 07:28:24,572 INFO Result for clip 1451, modality macro failed with status: Expected all tensors to be on the same device, but found at least two devices, cpu and cuda:0! (when checking argument for argument tensors in method wrapper_CUDA_cat). Ignored.
2026-10-06 07:28:55,442 INFO First result for clip 1452 (modality macro) – window opened.
2026-10-06 07:28:55,451 INFO Result for clip 1452, modality macro failed with status: Expected all tensors to be on the same device, but found at least two devices, cpu and cuda:0! (when checking argument for argument tensors in method wrapper_CUDA_cat). Ignored.
2026-10-06 07:29:06,983 INFO First result for clip 1453 (modality macro) – window opened.
2026-10-06 07:29:06,988 INFO Result for clip 1453, modality macro failed with status: Expected all tensors to be on the same device, but found at least two devices, cpu and cuda:0! (when checking argument for argument tensors in method wrapper_CUDA_cat). Ignored.
2026-10-06 07:30:50,678 INFO First result for clip 1454 (modality macro) – window opened.
2026-10-06 07:30:50,681 INFO Result for clip 1454, modality macro failed with status: Expected all tensors to be on the same device, but found at least two devices, cpu and cuda:0! (when checking argument for argument tensors in method wrapper_CUDA_cat). Ignored.
2026-10-06 07:30:52,598 INFO First result for clip 1455 (modality macro) – window opened.
2026-10-06 07:30:52,600 INFO Result for clip 1455, modality macro failed with status: Expected all tensors to be on the same device, but found at least two devices, cpu and cuda:0! (when checking argument for argument tensors in method wrapper_CUDA_cat). Ignored.
2026-10-06 07:31:34,187 INFO First result for clip 1456 (modality macro) – window opened.
2026-10-06 07:31:34,193 INFO Result for clip 1456, modality macro failed with status: Expected all tensors to be on the same device, but found at least two devices, cpu and cuda:0! (when checking argument for argument tensors in method wrapper_CUDA_cat). Ignored.
2026-10-06 07:31:41,882 INFO First result for clip 1457 (modality macro) – window opened.
2026-10-06 07:31:41,885 INFO Result for clip 1457, modality macro failed with status: Expected all tensors to be on the same device, but found at least two devices, cpu and cuda:0! (when checking argument for argument tensors in method wrapper_CUDA_cat). Ignored.
2026-10-06 07:33:25,543 INFO First result for clip 1458 (modality macro) – window opened.
2026-10-06 07:33:25,547 INFO Result for clip 1458, modality macro failed with status: Expected all tensors to be on the same device, but found at least two devices, cpu and cuda:0! (when checking argument for argument tensors in method wrapper_CUDA_cat). Ignored.
2026-10-06 07:33:32,749 INFO First result for clip 1459 (modality macro) – window opened.
2026-10-06 07:33:32,757 INFO Result for clip 1459, modality macro failed with status: Expected all tensors to be on the same device, but found at least two devices, cpu and cuda:0! (when checking argument for argument tensors in method wrapper_CUDA_cat). Ignored.
2026-10-06 07:34:05,207 INFO First result for clip 1460 (modality macro) – window opened.
2026-10-06 07:34:05,212 INFO Result for clip 1460, modality macro failed with status: Expected all tensors to be on the same device, but found at least two devices, cpu and cuda:0! (when checking argument for argument tensors in method wrapper_CUDA_cat). Ignored.
2026-10-06 07:34:21,543 INFO First result for clip 1461 (modality macro) – window opened.
2026-10-06 07:34:21,558 INFO Result for clip 1461, modality macro failed with status: Expected all tensors to be on the same device, but found at least two devices, cpu and cuda:0! (when checking argument for argument tensors in method wrapper_CUDA_cat). Ignored.
2026-10-06 07:36:10,054 INFO First result for clip 1462 (modality macro) – window opened.
2026-10-06 07:36:10,061 INFO Result for clip 1462, modality macro failed with status: Expected all tensors to be on the same device, but found at least two devices, cpu and cuda:0! (when checking argument for argument tensors in method wrapper_CUDA_cat). Ignored.
2026-10-06 07:36:18,346 INFO First result for clip 1463 (modality macro) – window opened.
2026-10-06 07:36:18,356 INFO Result for clip 1463, modality macro failed with status: Expected all tensors to be on the same device, but found at least two devices, cpu and cuda:0! (when checking argument for argument tensors in method wrapper_CUDA_cat). Ignored.
2026-10-06 07:36:44,742 INFO First result for clip 1464 (modality macro) – window opened.
2026-10-06 07:36:44,747 INFO Result for clip 1464, modality macro failed with status: Expected all tensors to be on the same device, but found at least two devices, cpu and cuda:0! (when checking argument for argument tensors in method wrapper_CUDA_cat). Ignored.
2026-10-06 07:36:59,629 INFO First result for clip 1465 (modality macro) – window opened.
2026-10-06 07:36:59,632 INFO Result for clip 1465, modality macro failed with status: Expected all tensors to be on the same device, but found at least two devices, cpu and cuda:0! (when checking argument for argument tensors in method wrapper_CUDA_cat). Ignored.
2026-10-06 07:39:04,313 INFO First result for clip 1466 (modality macro) – window opened.
2026-10-06 07:39:04,320 INFO Result for clip 1466, modality macro failed with status: Expected all tensors to be on the same device, but found at least two devices, cpu and cuda:0! (when checking argument for argument tensors in method wrapper_CUDA_cat). Ignored.
2026-10-06 07:39:19,158 INFO First result for clip 1467 (modality macro) – window opened.
2026-10-06 07:39:19,184 INFO Result for clip 1467, modality macro failed with status: Expected all tensors to be on the same device, but found at least two devices, cpu and cuda:0! (when checking argument for argument tensors in method wrapper_CUDA_cat). Ignored.
2026-10-06 07:39:44,256 INFO First result for clip 1468 (modality macro) – window opened.
2026-10-06 07:39:44,263 INFO Result for clip 1468, modality macro failed with status: Expected all tensors to be on the same device, but found at least two devices, cpu and cuda:0! (when checking argument for argument tensors in method wrapper_CUDA_cat). Ignored.
2026-10-06 07:39:51,534 INFO First result for clip 1469 (modality macro) – window opened.
2026-10-06 07:39:51,546 INFO Result for clip 1469, modality macro failed with status: Expected all tensors to be on the same device, but found at least two devices, cpu and cuda:0! (when checking argument for argument tensors in method wrapper_CUDA_cat). Ignored.
2026-10-06 07:41:55,670 INFO First result for clip 1470 (modality macro) – window opened.
2026-10-06 07:41:55,674 INFO Result for clip 1470, modality macro failed with status: Expected all tensors to be on the same device, but found at least two devices, cpu and cuda:0! (when checking argument for argument tensors in method wrapper_CUDA_cat). Ignored.
2026-10-06 07:42:19,471 INFO First result for clip 1471 (modality macro) – window opened.
2026-10-06 07:42:19,475 INFO Result for clip 1471, modality macro failed with status: Expected all tensors to be on the same device, but found at least two devices, cpu and cuda:0! (when checking argument for argument tensors in method wrapper_CUDA_cat). Ignored.
2026-10-06 07:42:44,469 INFO First result for clip 1472 (modality macro) – window opened.
2026-10-06 07:42:44,472 INFO Result for clip 1472, modality macro failed with status: Expected all tensors to be on the same device, but found at least two devices, cpu and cuda:0! (when checking argument for argument tensors in method wrapper_CUDA_cat). Ignored.
2026-10-06 07:42:52,300 INFO First result for clip 1473 (modality macro) – window opened.
2026-10-06 07:42:52,306 INFO Result for clip 1473, modality macro failed with status: Expected all tensors to be on the same device, but found at least two devices, cpu and cuda:0! (when checking argument for argument tensors in method wrapper_CUDA_cat). Ignored.
2026-10-06 07:44:18,888 INFO First result for clip 1474 (modality macro) – window opened.
2026-10-06 07:44:18,893 INFO Result for clip 1474, modality macro failed with status: Expected all tensors to be on the same device, but found at least two devices, cpu and cuda:0! (when checking argument for argument tensors in method wrapper_CUDA_cat). Ignored.
2026-10-06 07:44:50,150 INFO First result for clip 1475 (modality macro) – window opened.
2026-10-06 07:44:50,162 INFO Result for clip 1475, modality macro failed with status: Expected all tensors to be on the same device, but found at least two devices, cpu and cuda:0! (when checking argument for argument tensors in method wrapper_CUDA_cat). Ignored.
2026-10-06 07:45:44,544 INFO First result for clip 1476 (modality macro) – window opened.
2026-10-06 07:45:44,549 INFO Result for clip 1476, modality macro failed with status: Expected all tensors to be on the same device, but found at least two devices, cpu and cuda:0! (when checking argument for argument tensors in method wrapper_CUDA_cat). Ignored.
2026-10-06 07:45:53,815 INFO First result for clip 1477 (modality macro) – window opened.
2026-10-06 07:45:53,820 INFO Result for clip 1477, modality macro failed with status: Expected all tensors to be on the same device, but found at least two devices, cpu and cuda:0! (when checking argument for argument tensors in method wrapper_CUDA_cat). Ignored.
2026-10-06 07:47:22,698 INFO First result for clip 1478 (modality macro) – window opened.
2026-10-06 07:47:22,702 INFO Result for clip 1478, modality macro failed with status: Expected all tensors to be on the same device, but found at least two devices, cpu and cuda:0! (when checking argument for argument tensors in method wrapper_CUDA_cat). Ignored.
2026-10-06 07:47:39,472 INFO First result for clip 1479 (modality macro) – window opened.
2026-10-06 07:47:39,477 INFO Result for clip 1479, modality macro failed with status: Expected all tensors to be on the same device, but found at least two devices, cpu and cuda:0! (when checking argument for argument tensors in method wrapper_CUDA_cat). Ignored.
2026-10-06 07:48:34,673 INFO First result for clip 1481 (modality macro) – window opened.
2026-10-06 07:48:34,681 INFO Result for clip 1481, modality macro failed with status: Expected all tensors to be on the same device, but found at least two devices, cpu and cuda:0! (when checking argument for argument tensors in method wrapper_CUDA_cat). Ignored.
2026-10-06 07:48:58,094 INFO First result for clip 1480 (modality macro) – window opened.
2026-10-06 07:48:58,104 INFO Result for clip 1480, modality macro failed with status: Expected all tensors to be on the same device, but found at least two devices, cpu and cuda:0! (when checking argument for argument tensors in method wrapper_CUDA_cat). Ignored.
2026-10-06 07:50:15,213 INFO First result for clip 1482 (modality macro) – window opened.
2026-10-06 07:50:15,221 INFO Result for clip 1482, modality macro failed with status: Expected all tensors to be on the same device, but found at least two devices, cpu and cuda:0! (when checking argument for argument tensors in method wrapper_CUDA_cat). Ignored.
2026-10-06 07:50:21,459 INFO First result for clip 1483 (modality macro) – window opened.
2026-10-06 07:50:21,462 INFO Result for clip 1483, modality macro failed with status: Expected all tensors to be on the same device, but found at least two devices, cpu and cuda:0! (when checking argument for argument tensors in method wrapper_CUDA_cat). Ignored.
2026-10-06 07:51:08,131 INFO First result for clip 1484 (modality macro) – window opened.
2026-10-06 07:51:08,137 INFO Result for clip 1484, modality macro failed with status: Expected all tensors to be on the same device, but found at least two devices, cpu and cuda:0! (when checking argument for argument tensors in method wrapper_CUDA_cat). Ignored.
2026-10-06 07:51:33,906 INFO First result for clip 1485 (modality macro) – window opened.
2026-10-06 07:51:33,913 INFO Result for clip 1485, modality macro failed with status: Expected all tensors to be on the same device, but found at least two devices, cpu and cuda:0! (when checking argument for argument tensors in method wrapper_CUDA_cat). Ignored.
2026-10-06 07:53:16,164 INFO First result for clip 1486 (modality macro) – window opened.
2026-10-06 07:53:16,168 INFO Result for clip 1486, modality macro failed with status: Expected all tensors to be on the same device, but found at least two devices, cpu and cuda:0! (when checking argument for argument tensors in method wrapper_CUDA_cat). Ignored.
2026-10-06 07:53:34,900 INFO First result for clip 1487 (modality macro) – window opened.
2026-10-06 07:53:34,907 INFO Result for clip 1487, modality macro failed with status: Expected all tensors to be on the same device, but found at least two devices, cpu and cuda:0! (when checking argument for argument tensors in method wrapper_CUDA_cat). Ignored.
2026-10-06 07:53:55,108 INFO First result for clip 1488 (modality macro) – window opened.
2026-10-06 07:53:55,115 INFO Result for clip 1488, modality macro failed with status: Expected all tensors to be on the same device, but found at least two devices, cpu and cuda:0! (when checking argument for argument tensors in method wrapper_CUDA_cat). Ignored.
2026-10-06 07:54:36,850 INFO First result for clip 1489 (modality macro) – window opened.
2026-10-06 07:54:36,856 INFO Result for clip 1489, modality macro failed with status: Expected all tensors to be on the same device, but found at least two devices, cpu and cuda:0! (when checking argument for argument tensors in method wrapper_CUDA_cat). Ignored.
2026-10-06 07:56:09,209 INFO First result for clip 1490 (modality macro) – window opened.
2026-10-06 07:56:09,212 INFO Result for clip 1490, modality macro failed with status: Expected all tensors to be on the same device, but found at least two devices, cpu and cuda:0! (when checking argument for argument tensors in method wrapper_CUDA_cat). Ignored.
2026-10-06 07:56:11,702 INFO First result for clip 1491 (modality macro) – window opened.
2026-10-06 07:56:11,709 INFO Result for clip 1491, modality macro failed with status: Expected all tensors to be on the same device, but found at least two devices, cpu and cuda:0! (when checking argument for argument tensors in method wrapper_CUDA_cat). Ignored.
2026-10-06 07:56:44,351 INFO First result for clip 1492 (modality macro) – window opened.
2026-10-06 07:56:44,358 INFO Result for clip 1492, modality macro failed with status: Expected all tensors to be on the same device, but found at least two devices, cpu and cuda:0! (when checking argument for argument tensors in method wrapper_CUDA_cat). Ignored.
2026-10-06 07:57:02,268 INFO First result for clip 1493 (modality macro) – window opened.
2026-10-06 07:57:02,271 INFO Result for clip 1493, modality macro failed with status: Expected all tensors to be on the same device, but found at least two devices, cpu and cuda:0! (when checking argument for argument tensors in method wrapper_CUDA_cat). Ignored.
2026-10-06 07:59:16,462 INFO First result for clip 1494 (modality macro) – window opened.
2026-10-06 07:59:16,467 INFO Result for clip 1494, modality macro failed with status: Expected all tensors to be on the same device, but found at least two devices, cpu and cuda:0! (when checking argument for argument tensors in method wrapper_CUDA_cat). Ignored.
2026-10-06 07:59:24,473 INFO First result for clip 1495 (modality macro) – window opened.
2026-10-06 07:59:24,485 INFO Result for clip 1495, modality macro failed with status: Expected all tensors to be on the same device, but found at least two devices, cpu and cuda:0! (when checking argument for argument tensors in method wrapper_CUDA_cat). Ignored.
2026-10-06 07:59:41,427 INFO First result for clip 1496 (modality macro) – window opened.
2026-10-06 07:59:41,431 INFO Result for clip 1496, modality macro failed with status: Expected all tensors to be on the same device, but found at least two devices, cpu and cuda:0! (when checking argument for argument tensors in method wrapper_CUDA_cat). Ignored.
2026-10-06 07:59:46,967 INFO First result for clip 1497 (modality macro) – window opened.
2026-10-06 07:59:46,969 INFO Result for clip 1497, modality macro failed with status: Expected all tensors to be on the same device, but found at least two devices, cpu and cuda:0! (when checking argument for argument tensors in method wrapper_CUDA_cat). Ignored.
2026-10-06 08:02:09,586 INFO First result for clip 1498 (modality macro) – window opened.
2026-10-06 08:02:09,595 INFO Result for clip 1498, modality macro failed with status: Expected all tensors to be on the same device, but found at least two devices, cpu and cuda:0! (when checking argument for argument tensors in method wrapper_CUDA_cat). Ignored.
2026-10-06 08:02:31,135 INFO First result for clip 1499 (modality macro) – window opened.
2026-10-06 08:02:31,140 INFO Result for clip 1499, modality macro failed with status: Expected all tensors to be on the same device, but found at least two devices, cpu and cuda:0! (when checking argument for argument tensors in method wrapper_CUDA_cat). Ignored.
2026-10-06 08:02:52,598 INFO First result for clip 1500 (modality macro) – window opened.
2026-10-06 08:02:52,610 INFO Result for clip 1500, modality macro failed with status: Expected all tensors to be on the same device, but found at least two devices, cpu and cuda:0! (when checking argument for argument tensors in method wrapper_CUDA_cat). Ignored.
2026-10-06 08:03:00,171 INFO First result for clip 1501 (modality macro) – window opened.
2026-10-06 08:03:00,187 INFO Result for clip 1501, modality macro failed with status: Expected all tensors to be on the same device, but found at least two devices, cpu and cuda:0! (when checking argument for argument tensors in method wrapper_CUDA_cat). Ignored.
2026-10-06 08:04:52,283 INFO First result for clip 1502 (modality macro) – window opened.
2026-10-06 08:04:52,294 INFO Result for clip 1502, modality macro failed with status: Expected all tensors to be on the same device, but found at least two devices, cpu and cuda:0! (when checking argument for argument tensors in method wrapper_CUDA_cat). Ignored.
2026-10-06 08:05:30,170 INFO First result for clip 1503 (modality macro) – window opened.
2026-10-06 08:05:30,174 INFO Result for clip 1503, modality macro failed with status: Expected all tensors to be on the same device, but found at least two devices, cpu and cuda:0! (when checking argument for argument tensors in method wrapper_CUDA_cat). Ignored.
2026-10-06 08:05:50,187 INFO First result for clip 1504 (modality macro) – window opened.
2026-10-06 08:05:50,191 INFO Result for clip 1504, modality macro failed with status: Expected all tensors to be on the same device, but found at least two devices, cpu and cuda:0! (when checking argument for argument tensors in method wrapper_CUDA_cat). Ignored.
2026-10-06 08:05:57,085 INFO First result for clip 1505 (modality macro) – window opened.
2026-10-06 08:05:57,089 INFO Result for clip 1505, modality macro failed with status: Expected all tensors to be on the same device, but found at least two devices, cpu and cuda:0! (when checking argument for argument tensors in method wrapper_CUDA_cat). Ignored.
2026-10-06 08:07:28,628 INFO First result for clip 1506 (modality macro) – window opened.
2026-10-06 08:07:28,636 INFO Result for clip 1506, modality macro failed with status: Expected all tensors to be on the same device, but found at least two devices, cpu and cuda:0! (when checking argument for argument tensors in method wrapper_CUDA_cat). Ignored.
2026-10-06 08:08:14,962 INFO First result for clip 1507 (modality macro) – window opened.
2026-10-06 08:08:14,980 INFO Result for clip 1507, modality macro failed with status: Expected all tensors to be on the same device, but found at least two devices, cpu and cuda:0! (when checking argument for argument tensors in method wrapper_CUDA_cat). Ignored.
2026-10-06 08:08:45,669 INFO First result for clip 1508 (modality macro) – window opened.
2026-10-06 08:08:45,677 INFO Result for clip 1508, modality macro failed with status: Expected all tensors to be on the same device, but found at least two devices, cpu and cuda:0! (when checking argument for argument tensors in method wrapper_CUDA_cat). Ignored.
2026-10-06 08:08:56,831 INFO First result for clip 1509 (modality macro) – window opened.
2026-10-06 08:08:56,844 INFO Result for clip 1509, modality macro failed with status: Expected all tensors to be on the same device, but found at least two devices, cpu and cuda:0! (when checking argument for argument tensors in method wrapper_CUDA_cat). Ignored.
2026-10-06 08:10:13,245 INFO First result for clip 1510 (modality macro) – window opened.
2026-10-06 08:10:13,253 INFO Result for clip 1510, modality macro failed with status: Expected all tensors to be on the same device, but found at least two devices, cpu and cuda:0! (when checking argument for argument tensors in method wrapper_CUDA_cat). Ignored.
2026-10-06 08:11:15,489 INFO First result for clip 1511 (modality macro) – window opened.
2026-10-06 08:11:15,498 INFO Result for clip 1511, modality macro failed with status: Expected all tensors to be on the same device, but found at least two devices, cpu and cuda:0! (when checking argument for argument tensors in method wrapper_CUDA_cat). Ignored.
2026-10-06 08:11:40,660 INFO First result for clip 1513 (modality macro) – window opened.
2026-10-06 08:11:40,663 INFO Result for clip 1513, modality macro failed with status: Expected all tensors to be on the same device, but found at least two devices, cpu and cuda:0! (when checking argument for argument tensors in method wrapper_CUDA_cat). Ignored.
2026-10-06 08:11:57,791 INFO First result for clip 1512 (modality macro) – window opened.
2026-10-06 08:11:57,794 INFO Result for clip 1512, modality macro failed with status: Expected all tensors to be on the same device, but found at least two devices, cpu and cuda:0! (when checking argument for argument tensors in method wrapper_CUDA_cat). Ignored.
2026-10-06 08:13:07,838 INFO First result for clip 1514 (modality macro) – window opened.
2026-10-06 08:13:07,841 INFO Result for clip 1514, modality macro failed with status: Expected all tensors to be on the same device, but found at least two devices, cpu and cuda:0! (when checking argument for argument tensors in method wrapper_CUDA_cat). Ignored.
2026-10-06 08:13:58,730 INFO First result for clip 1515 (modality macro) – window opened.
2026-10-06 08:13:58,735 INFO Result for clip 1515, modality macro failed with status: Expected all tensors to be on the same device, but found at least two devices, cpu and cuda:0! (when checking argument for argument tensors in method wrapper_CUDA_cat). Ignored.
2026-10-06 08:14:32,561 INFO First result for clip 1516 (modality macro) – window opened.
2026-10-06 08:14:32,569 INFO Result for clip 1516, modality macro failed with status: Expected all tensors to be on the same device, but found at least two devices, cpu and cuda:0! (when checking argument for argument tensors in method wrapper_CUDA_cat). Ignored.
2026-10-06 08:14:46,475 INFO First result for clip 1517 (modality macro) – window opened.
2026-10-06 08:14:46,481 INFO Result for clip 1517, modality macro failed with status: Expected all tensors to be on the same device, but found at least two devices, cpu and cuda:0! (when checking argument for argument tensors in method wrapper_CUDA_cat). Ignored.
2026-10-06 08:16:03,888 INFO First result for clip 1518 (modality macro) – window opened.
2026-10-06 08:16:03,894 INFO Result for clip 1518, modality macro failed with status: Expected all tensors to be on the same device, but found at least two devices, cpu and cuda:0! (when checking argument for argument tensors in method wrapper_CUDA_cat). Ignored.
2026-10-06 08:16:36,038 INFO First result for clip 1519 (modality macro) – window opened.
2026-10-06 08:16:36,044 INFO Result for clip 1519, modality macro failed with status: Expected all tensors to be on the same device, but found at least two devices, cpu and cuda:0! (when checking argument for argument tensors in method wrapper_CUDA_cat). Ignored.
2026-10-06 08:17:24,105 INFO First result for clip 1520 (modality macro) – window opened.
2026-10-06 08:17:24,112 INFO Result for clip 1520, modality macro failed with status: Expected all tensors to be on the same device, but found at least two devices, cpu and cuda:0! (when checking argument for argument tensors in method wrapper_CUDA_cat). Ignored.
2026-10-06 08:17:38,057 INFO First result for clip 1521 (modality macro) – window opened.
2026-10-06 08:17:38,061 INFO Result for clip 1521, modality macro failed with status: Expected all tensors to be on the same device, but found at least two devices, cpu and cuda:0! (when checking argument for argument tensors in method wrapper_CUDA_cat). Ignored.
2026-10-06 08:18:48,986 INFO First result for clip 1522 (modality macro) – window opened.
2026-10-06 08:18:48,990 INFO Result for clip 1522, modality macro failed with status: Expected all tensors to be on the same device, but found at least two devices, cpu and cuda:0! (when checking argument for argument tensors in method wrapper_CUDA_cat). Ignored.
2026-10-06 08:19:20,514 INFO First result for clip 1523 (modality macro) – window opened.
2026-10-06 08:19:20,518 INFO Result for clip 1523, modality macro failed with status: Expected all tensors to be on the same device, but found at least two devices, cpu and cuda:0! (when checking argument for argument tensors in method wrapper_CUDA_cat). Ignored.
2026-10-06 08:20:18,237 INFO First result for clip 1524 (modality macro) – window opened.
2026-10-06 08:20:18,240 INFO Result for clip 1524, modality macro failed with status: Expected all tensors to be on the same device, but found at least two devices, cpu and cuda:0! (when checking argument for argument tensors in method wrapper_CUDA_cat). Ignored.
2026-10-06 08:20:39,436 INFO First result for clip 1525 (modality macro) – window opened.
2026-10-06 08:20:39,441 INFO Result for clip 1525, modality macro failed with status: Expected all tensors to be on the same device, but found at least two devices, cpu and cuda:0! (when checking argument for argument tensors in method wrapper_CUDA_cat). Ignored.
2026-10-06 08:21:27,647 INFO First result for clip 1526 (modality macro) – window opened.
2026-10-06 08:21:27,650 INFO Result for clip 1526, modality macro failed with status: Expected all tensors to be on the same device, but found at least two devices, cpu and cuda:0! (when checking argument for argument tensors in method wrapper_CUDA_cat). Ignored.
2026-10-06 08:22:25,995 INFO First result for clip 1527 (modality macro) – window opened.
2026-10-06 08:22:25,997 INFO Result for clip 1527, modality macro failed with status: Expected all tensors to be on the same device, but found at least two devices, cpu and cuda:0! (when checking argument for argument tensors in method wrapper_CUDA_cat). Ignored.
2026-10-06 08:23:30,023 INFO First result for clip 1529 (modality macro) – window opened.
2026-10-06 08:23:30,028 INFO Result for clip 1529, modality macro failed with status: Expected all tensors to be on the same device, but found at least two devices, cpu and cuda:0! (when checking argument for argument tensors in method wrapper_CUDA_cat). Ignored.
2026-10-06 08:23:40,109 INFO First result for clip 1528 (modality macro) – window opened.
2026-10-06 08:23:40,116 INFO Result for clip 1528, modality macro failed with status: Expected all tensors to be on the same device, but found at least two devices, cpu and cuda:0! (when checking argument for argument tensors in method wrapper_CUDA_cat). Ignored.
2026-10-06 08:24:07,315 INFO First result for clip 1530 (modality macro) – window opened.
2026-10-06 08:24:07,318 INFO Result for clip 1530, modality macro failed with status: Expected all tensors to be on the same device, but found at least two devices, cpu and cuda:0! (when checking argument for argument tensors in method wrapper_CUDA_cat). Ignored.
2026-10-06 08:24:38,763 INFO First result for clip 1531 (modality macro) – window opened.
2026-10-06 08:24:38,766 INFO Result for clip 1531, modality macro failed with status: Expected all tensors to be on the same device, but found at least two devices, cpu and cuda:0! (when checking argument for argument tensors in method wrapper_CUDA_cat). Ignored.
2026-10-06 08:25:56,209 INFO First result for clip 1532 (modality macro) – window opened.
2026-10-06 08:25:56,215 INFO Result for clip 1532, modality macro failed with status: Expected all tensors to be on the same device, but found at least two devices, cpu and cuda:0! (when checking argument for argument tensors in method wrapper_CUDA_cat). Ignored.
2026-10-06 08:26:16,951 INFO First result for clip 1533 (modality macro) – window opened.
2026-10-06 08:26:16,964 INFO Result for clip 1533, modality macro failed with status: Expected all tensors to be on the same device, but found at least two devices, cpu and cuda:0! (when checking argument for argument tensors in method wrapper_CUDA_cat). Ignored.
2026-10-06 08:26:39,454 INFO First result for clip 1534 (modality macro) – window opened.
2026-10-06 08:26:39,458 INFO Result for clip 1534, modality macro failed with status: Expected all tensors to be on the same device, but found at least two devices, cpu and cuda:0! (when checking argument for argument tensors in method wrapper_CUDA_cat). Ignored.
2026-10-06 08:26:58,610 INFO First result for clip 1535 (modality macro) – window opened.
2026-10-06 08:26:58,614 INFO Result for clip 1535, modality macro failed with status: Expected all tensors to be on the same device, but found at least two devices, cpu and cuda:0! (when checking argument for argument tensors in method wrapper_CUDA_cat). Ignored.
2026-10-06 08:28:14,511 INFO First result for clip 1536 (modality macro) – window opened.
2026-10-06 08:28:14,524 INFO Result for clip 1536, modality macro failed with status: Expected all tensors to be on the same device, but found at least two devices, cpu and cuda:0! (when checking argument for argument tensors in method wrapper_CUDA_cat). Ignored.
2026-10-06 08:28:34,385 INFO First result for clip 1537 (modality macro) – window opened.
2026-10-06 08:28:34,392 INFO Result for clip 1537, modality macro failed with status: Expected all tensors to be on the same device, but found at least two devices, cpu and cuda:0! (when checking argument for argument tensors in method wrapper_CUDA_cat). Ignored.
2026-10-06 08:29:17,392 INFO First result for clip 1539 (modality macro) – window opened.
2026-10-06 08:29:17,398 INFO Result for clip 1539, modality macro failed with status: Expected all tensors to be on the same device, but found at least two devices, cpu and cuda:0! (when checking argument for argument tensors in method wrapper_CUDA_cat). Ignored.
2026-10-06 08:29:36,475 INFO First result for clip 1538 (modality macro) – window opened.
2026-10-06 08:29:36,481 INFO Result for clip 1538, modality macro failed with status: Expected all tensors to be on the same device, but found at least two devices, cpu and cuda:0! (when checking argument for argument tensors in method wrapper_CUDA_cat). Ignored.
2026-10-06 08:30:39,580 INFO First result for clip 1540 (modality macro) – window opened.
2026-10-06 08:30:39,584 INFO Result for clip 1540, modality macro failed with status: Expected all tensors to be on the same device, but found at least two devices, cpu and cuda:0! (when checking argument for argument tensors in method wrapper_CUDA_cat). Ignored.
2026-10-06 08:31:09,335 INFO First result for clip 1541 (modality macro) – window opened.
2026-10-06 08:31:09,338 INFO Result for clip 1541, modality macro failed with status: Expected all tensors to be on the same device, but found at least two devices, cpu and cuda:0! (when checking argument for argument tensors in method wrapper_CUDA_cat). Ignored.
2026-10-06 08:31:40,572 INFO First result for clip 1542 (modality macro) – window opened.
2026-10-06 08:31:40,575 INFO Result for clip 1542, modality macro failed with status: Expected all tensors to be on the same device, but found at least two devices, cpu and cuda:0! (when checking argument for argument tensors in method wrapper_CUDA_cat). Ignored.
2026-10-06 08:32:00,657 INFO First result for clip 1543 (modality macro) – window opened.
2026-10-06 08:32:00,672 INFO Result for clip 1543, modality macro failed with status: Expected all tensors to be on the same device, but found at least two devices, cpu and cuda:0! (when checking argument for argument tensors in method wrapper_CUDA_cat). Ignored.
2026-10-06 08:33:05,996 INFO First result for clip 1544 (modality macro) – window opened.
2026-10-06 08:33:06,000 INFO Result for clip 1544, modality macro failed with status: Expected all tensors to be on the same device, but found at least two devices, cpu and cuda:0! (when checking argument for argument tensors in method wrapper_CUDA_cat). Ignored.
2026-10-06 08:33:40,127 INFO First result for clip 1545 (modality macro) – window opened.
2026-10-06 08:33:40,136 INFO Result for clip 1545, modality macro failed with status: Expected all tensors to be on the same device, but found at least two devices, cpu and cuda:0! (when checking argument for argument tensors in method wrapper_CUDA_cat). Ignored.
2026-10-06 08:34:01,843 INFO First result for clip 1546 (modality macro) – window opened.
2026-10-06 08:34:01,857 INFO Result for clip 1546, modality macro failed with status: Expected all tensors to be on the same device, but found at least two devices, cpu and cuda:0! (when checking argument for argument tensors in method wrapper_CUDA_cat). Ignored.
2026-10-06 08:34:18,028 INFO First result for clip 1547 (modality macro) – window opened.
2026-10-06 08:34:18,035 INFO Result for clip 1547, modality macro failed with status: Expected all tensors to be on the same device, but found at least two devices, cpu and cuda:0! (when checking argument for argument tensors in method wrapper_CUDA_cat). Ignored.
2026-10-06 08:35:25,930 INFO First result for clip 1548 (modality macro) – window opened.
2026-10-06 08:35:25,937 INFO Result for clip 1548, modality macro failed with status: Expected all tensors to be on the same device, but found at least two devices, cpu and cuda:0! (when checking argument for argument tensors in method wrapper_CUDA_cat). Ignored.
2026-10-06 08:36:17,025 INFO First result for clip 1549 (modality macro) – window opened.
2026-10-06 08:36:17,033 INFO Result for clip 1549, modality macro failed with status: Expected all tensors to be on the same device, but found at least two devices, cpu and cuda:0! (when checking argument for argument tensors in method wrapper_CUDA_cat). Ignored.
2026-10-06 08:36:30,804 INFO First result for clip 1550 (modality macro) – window opened.
2026-10-06 08:36:30,817 INFO Result for clip 1550, modality macro failed with status: Expected all tensors to be on the same device, but found at least two devices, cpu and cuda:0! (when checking argument for argument tensors in method wrapper_CUDA_cat). Ignored.
2026-10-06 08:36:43,349 INFO First result for clip 1551 (modality macro) – window opened.
2026-10-06 08:36:43,356 INFO Result for clip 1551, modality macro failed with status: Expected all tensors to be on the same device, but found at least two devices, cpu and cuda:0! (when checking argument for argument tensors in method wrapper_CUDA_cat). Ignored.
2026-10-06 08:37:48,922 INFO First result for clip 1552 (modality macro) – window opened.
2026-10-06 08:37:48,927 INFO Result for clip 1552, modality macro failed with status: Expected all tensors to be on the same device, but found at least two devices, cpu and cuda:0! (when checking argument for argument tensors in method wrapper_CUDA_cat). Ignored.
2026-10-06 08:38:49,854 INFO First result for clip 1553 (modality macro) – window opened.
2026-10-06 08:38:49,860 INFO Result for clip 1553, modality macro failed with status: Expected all tensors to be on the same device, but found at least two devices, cpu and cuda:0! (when checking argument for argument tensors in method wrapper_CUDA_cat). Ignored.
2026-10-06 08:39:08,530 INFO First result for clip 1555 (modality macro) – window opened.
2026-10-06 08:39:08,536 INFO Result for clip 1555, modality macro failed with status: Expected all tensors to be on the same device, but found at least two devices, cpu and cuda:0! (when checking argument for argument tensors in method wrapper_CUDA_cat). Ignored.
2026-10-06 08:39:09,442 INFO First result for clip 1554 (modality macro) – window opened.
2026-10-06 08:39:09,456 INFO Result for clip 1554, modality macro failed with status: Expected all tensors to be on the same device, but found at least two devices, cpu and cuda:0! (when checking argument for argument tensors in method wrapper_CUDA_cat). Ignored.
2026-10-06 08:41:21,405 INFO First result for clip 1557 (modality macro) – window opened.
2026-10-06 08:41:21,410 INFO Result for clip 1557, modality macro failed with status: Expected all tensors to be on the same device, but found at least two devices, cpu and cuda:0! (when checking argument for argument tensors in method wrapper_CUDA_cat). Ignored.
2026-10-06 08:41:43,406 INFO First result for clip 1556 (modality macro) – window opened.
2026-10-06 08:41:43,415 INFO Result for clip 1556, modality macro failed with status: Expected all tensors to be on the same device, but found at least two devices, cpu and cuda:0! (when checking argument for argument tensors in method wrapper_CUDA_cat). Ignored.
2026-10-06 08:41:48,395 INFO First result for clip 1559 (modality macro) – window opened.
2026-10-06 08:41:48,402 INFO Result for clip 1559, modality macro failed with status: Expected all tensors to be on the same device, but found at least two devices, cpu and cuda:0! (when checking argument for argument tensors in method wrapper_CUDA_cat). Ignored.
2026-10-06 08:41:49,771 INFO First result for clip 1558 (modality macro) – window opened.
2026-10-06 08:41:49,779 INFO Result for clip 1558, modality macro failed with status: Expected all tensors to be on the same device, but found at least two devices, cpu and cuda:0! (when checking argument for argument tensors in method wrapper_CUDA_cat). Ignored.
2026-10-06 08:43:24,159 INFO First result for clip 1560 (modality macro) – window opened.
2026-10-06 08:43:24,164 INFO Result for clip 1560, modality macro failed with status: Expected all tensors to be on the same device, but found at least two devices, cpu and cuda:0! (when checking argument for argument tensors in method wrapper_CUDA_cat). Ignored.
2026-10-06 08:44:38,021 INFO First result for clip 1562 (modality macro) – window opened.
2026-10-06 08:44:38,025 INFO Result for clip 1562, modality macro failed with status: Expected all tensors to be on the same device, but found at least two devices, cpu and cuda:0! (when checking argument for argument tensors in method wrapper_CUDA_cat). Ignored.
2026-10-06 08:44:39,941 INFO First result for clip 1561 (modality macro) – window opened.
2026-10-06 08:44:39,951 INFO Result for clip 1561, modality macro failed with status: Expected all tensors to be on the same device, but found at least two devices, cpu and cuda:0! (when checking argument for argument tensors in method wrapper_CUDA_cat). Ignored.
2026-10-06 08:44:58,349 INFO First result for clip 1563 (modality macro) – window opened.
2026-10-06 08:44:58,358 INFO Result for clip 1563, modality macro failed with status: Expected all tensors to be on the same device, but found at least two devices, cpu and cuda:0! (when checking argument for argument tensors in method wrapper_CUDA_cat). Ignored.
2026-10-06 08:45:19,726 INFO First result for clip 1564 (modality macro) – window opened.
2026-10-06 08:45:19,729 INFO Result for clip 1564, modality macro failed with status: Expected all tensors to be on the same device, but found at least two devices, cpu and cuda:0! (when checking argument for argument tensors in method wrapper_CUDA_cat). Ignored.
2026-10-06 08:47:09,405 INFO First result for clip 1565 (modality macro) – window opened.
2026-10-06 08:47:09,409 INFO Result for clip 1565, modality macro failed with status: Expected all tensors to be on the same device, but found at least two devices, cpu and cuda:0! (when checking argument for argument tensors in method wrapper_CUDA_cat). Ignored.
2026-10-06 08:47:12,167 INFO First result for clip 1566 (modality macro) – window opened.
2026-10-06 08:47:12,173 INFO Result for clip 1566, modality macro failed with status: Expected all tensors to be on the same device, but found at least two devices, cpu and cuda:0! (when checking argument for argument tensors in method wrapper_CUDA_cat). Ignored.
2026-10-06 08:47:53,459 INFO First result for clip 1568 (modality macro) – window opened.
2026-10-06 08:47:53,466 INFO Result for clip 1568, modality macro failed with status: Expected all tensors to be on the same device, but found at least two devices, cpu and cuda:0! (when checking argument for argument tensors in method wrapper_CUDA_cat). Ignored.
2026-10-06 08:48:27,966 INFO First result for clip 1567 (modality macro) – window opened.
2026-10-06 08:48:27,970 INFO Result for clip 1567, modality macro failed with status: Expected all tensors to be on the same device, but found at least two devices, cpu and cuda:0! (when checking argument for argument tensors in method wrapper_CUDA_cat). Ignored.
2026-10-06 08:49:42,691 INFO First result for clip 1569 (modality macro) – window opened.
2026-10-06 08:49:42,696 INFO Result for clip 1569, modality macro failed with status: Expected all tensors to be on the same device, but found at least two devices, cpu and cuda:0! (when checking argument for argument tensors in method wrapper_CUDA_cat). Ignored.
2026-10-06 08:49:46,099 INFO First result for clip 1570 (modality macro) – window opened.
2026-10-06 08:49:46,109 INFO Result for clip 1570, modality macro failed with status: Expected all tensors to be on the same device, but found at least two devices, cpu and cuda:0! (when checking argument for argument tensors in method wrapper_CUDA_cat). Ignored.
2026-10-06 08:50:15,311 INFO First result for clip 1571 (modality macro) – window opened.
2026-10-06 08:50:15,318 INFO Result for clip 1571, modality macro failed with status: Expected all tensors to be on the same device, but found at least two devices, cpu and cuda:0! (when checking argument for argument tensors in method wrapper_CUDA_cat). Ignored.
2026-10-06 08:50:39,752 INFO First result for clip 1572 (modality macro) – window opened.
2026-10-06 08:50:39,760 INFO Result for clip 1572, modality macro failed with status: Expected all tensors to be on the same device, but found at least two devices, cpu and cuda:0! (when checking argument for argument tensors in method wrapper_CUDA_cat). Ignored.
2026-10-06 08:52:11,392 INFO First result for clip 1573 (modality macro) – window opened.
2026-10-06 08:52:11,396 INFO Result for clip 1573, modality macro failed with status: Expected all tensors to be on the same device, but found at least two devices, cpu and cuda:0! (when checking argument for argument tensors in method wrapper_CUDA_cat). Ignored.
2026-10-06 08:52:27,602 INFO First result for clip 1574 (modality macro) – window opened.
2026-10-06 08:52:27,610 INFO Result for clip 1574, modality macro failed with status: Expected all tensors to be on the same device, but found at least two devices, cpu and cuda:0! (when checking argument for argument tensors in method wrapper_CUDA_cat). Ignored.
2026-10-06 08:52:37,392 INFO First result for clip 1575 (modality macro) – window opened.
2026-10-06 08:52:37,400 INFO Result for clip 1575, modality macro failed with status: Expected all tensors to be on the same device, but found at least two devices, cpu and cuda:0! (when checking argument for argument tensors in method wrapper_CUDA_cat). Ignored.
2026-10-06 08:52:59,107 INFO First result for clip 1576 (modality macro) – window opened.
2026-10-06 08:52:59,114 INFO Result for clip 1576, modality macro failed with status: Expected all tensors to be on the same device, but found at least two devices, cpu and cuda:0! (when checking argument for argument tensors in method wrapper_CUDA_cat). Ignored.
2026-10-06 08:54:33,984 INFO First result for clip 1577 (modality macro) – window opened.
2026-10-06 08:54:33,992 INFO Result for clip 1577, modality macro failed with status: Expected all tensors to be on the same device, but found at least two devices, cpu and cuda:0! (when checking argument for argument tensors in method wrapper_CUDA_cat). Ignored.
2026-10-06 08:54:57,993 INFO First result for clip 1578 (modality macro) – window opened.
2026-10-06 08:54:58,000 INFO Result for clip 1578, modality macro failed with status: Expected all tensors to be on the same device, but found at least two devices, cpu and cuda:0! (when checking argument for argument tensors in method wrapper_CUDA_cat). Ignored.
2026-10-06 08:55:39,123 INFO First result for clip 1580 (modality macro) – window opened.
2026-10-06 08:55:39,126 INFO Result for clip 1580, modality macro failed with status: Expected all tensors to be on the same device, but found at least two devices, cpu and cuda:0! (when checking argument for argument tensors in method wrapper_CUDA_cat). Ignored.
2026-10-06 08:56:52,053 INFO First result for clip 1581 (modality macro) – window opened.
2026-10-06 08:56:52,060 INFO Result for clip 1581, modality macro failed with status: Expected all tensors to be on the same device, but found at least two devices, cpu and cuda:0! (when checking argument for argument tensors in method wrapper_CUDA_cat). Ignored.
2026-10-06 08:56:57,839 INFO First result for clip 1579 (modality macro) – window opened.
2026-10-06 08:56:57,846 INFO Result for clip 1579, modality macro failed with status: Expected all tensors to be on the same device, but found at least two devices, cpu and cuda:0! (when checking argument for argument tensors in method wrapper_CUDA_cat). Ignored.
2026-10-06 08:57:12,912 INFO First result for clip 1582 (modality macro) – window opened.
2026-10-06 08:57:12,915 INFO Result for clip 1582, modality macro failed with status: Expected all tensors to be on the same device, but found at least two devices, cpu and cuda:0! (when checking argument for argument tensors in method wrapper_CUDA_cat). Ignored.
2026-10-06 08:57:42,271 INFO First result for clip 1583 (modality macro) – window opened.
2026-10-06 08:57:42,275 INFO Result for clip 1583, modality macro failed with status: Expected all tensors to be on the same device, but found at least two devices, cpu and cuda:0! (when checking argument for argument tensors in method wrapper_CUDA_cat). Ignored.
2026-10-06 08:59:22,452 INFO First result for clip 1584 (modality macro) – window opened.
2026-10-06 08:59:22,456 INFO Result for clip 1584, modality macro failed with status: Expected all tensors to be on the same device, but found at least two devices, cpu and cuda:0! (when checking argument for argument tensors in method wrapper_CUDA_cat). Ignored.
2026-10-06 08:59:32,680 INFO First result for clip 1585 (modality macro) – window opened.
2026-10-06 08:59:32,686 INFO Result for clip 1585, modality macro failed with status: Expected all tensors to be on the same device, but found at least two devices, cpu and cuda:0! (when checking argument for argument tensors in method wrapper_CUDA_cat). Ignored.
2026-10-06 08:59:49,075 INFO First result for clip 1586 (modality macro) – window opened.
2026-10-06 08:59:49,078 INFO Result for clip 1586, modality macro failed with status: Expected all tensors to be on the same device, but found at least two devices, cpu and cuda:0! (when checking argument for argument tensors in method wrapper_CUDA_cat). Ignored.
2026-10-06 08:59:59,167 INFO First result for clip 1587 (modality macro) – window opened.
2026-10-06 08:59:59,170 INFO Result for clip 1587, modality macro failed with status: Expected all tensors to be on the same device, but found at least two devices, cpu and cuda:0! (when checking argument for argument tensors in method wrapper_CUDA_cat). Ignored.
2026-10-06 09:01:29,420 INFO First result for clip 1588 (modality macro) – window opened.
2026-10-06 09:01:29,426 INFO Result for clip 1588, modality macro failed with status: Expected all tensors to be on the same device, but found at least two devices, cpu and cuda:0! (when checking argument for argument tensors in method wrapper_CUDA_cat). Ignored.
2026-10-06 09:02:13,143 INFO First result for clip 1589 (modality macro) – window opened.
2026-10-06 09:02:13,148 INFO Result for clip 1589, modality macro failed with status: Expected all tensors to be on the same device, but found at least two devices, cpu and cuda:0! (when checking argument for argument tensors in method wrapper_CUDA_cat). Ignored.
2026-10-06 09:02:35,116 INFO First result for clip 1590 (modality macro) – window opened.
2026-10-06 09:02:35,121 INFO Result for clip 1590, modality macro failed with status: Expected all tensors to be on the same device, but found at least two devices, cpu and cuda:0! (when checking argument for argument tensors in method wrapper_CUDA_cat). Ignored.
2026-10-06 09:02:56,196 INFO First result for clip 1591 (modality macro) – window opened.
2026-10-06 09:02:56,201 INFO Result for clip 1591, modality macro failed with status: Expected all tensors to be on the same device, but found at least two devices, cpu and cuda:0! (when checking argument for argument tensors in method wrapper_CUDA_cat). Ignored.
2026-10-06 09:03:54,181 INFO First result for clip 1592 (modality macro) – window opened.
2026-10-06 09:03:54,185 INFO Result for clip 1592, modality macro failed with status: Expected all tensors to be on the same device, but found at least two devices, cpu and cuda:0! (when checking argument for argument tensors in method wrapper_CUDA_cat). Ignored.
2026-10-06 09:04:35,234 INFO First result for clip 1593 (modality macro) – window opened.
2026-10-06 09:04:35,242 INFO Result for clip 1593, modality macro failed with status: Expected all tensors to be on the same device, but found at least two devices, cpu and cuda:0! (when checking argument for argument tensors in method wrapper_CUDA_cat). Ignored.
2026-10-06 09:05:03,045 INFO First result for clip 1594 (modality macro) – window opened.
2026-10-06 09:05:03,049 INFO Result for clip 1594, modality macro failed with status: Expected all tensors to be on the same device, but found at least two devices, cpu and cuda:0! (when checking argument for argument tensors in method wrapper_CUDA_cat). Ignored.
2026-10-06 09:05:27,288 INFO First result for clip 1595 (modality macro) – window opened.
2026-10-06 09:05:27,293 INFO Result for clip 1595, modality macro failed with status: Expected all tensors to be on the same device, but found at least two devices, cpu and cuda:0! (when checking argument for argument tensors in method wrapper_CUDA_cat). Ignored.
2026-10-06 09:06:16,311 INFO First result for clip 1596 (modality macro) – window opened.
2026-10-06 09:06:16,319 INFO Result for clip 1596, modality macro failed with status: Expected all tensors to be on the same device, but found at least two devices, cpu and cuda:0! (when checking argument for argument tensors in method wrapper_CUDA_cat). Ignored.
2026-10-06 09:07:04,176 INFO First result for clip 1597 (modality macro) – window opened.
2026-10-06 09:07:04,184 INFO Result for clip 1597, modality macro failed with status: Expected all tensors to be on the same device, but found at least two devices, cpu and cuda:0! (when checking argument for argument tensors in method wrapper_CUDA_cat). Ignored.
2026-10-06 09:07:21,194 INFO First result for clip 1598 (modality macro) – window opened.
2026-10-06 09:07:21,202 INFO Result for clip 1598, modality macro failed with status: Expected all tensors to be on the same device, but found at least two devices, cpu and cuda:0! (when checking argument for argument tensors in method wrapper_CUDA_cat). Ignored.
2026-10-06 09:07:47,711 INFO First result for clip 1599 (modality macro) – window opened.
2026-10-06 09:07:47,724 INFO Result for clip 1599, modality macro failed with status: Expected all tensors to be on the same device, but found at least two devices, cpu and cuda:0! (when checking argument for argument tensors in method wrapper_CUDA_cat). Ignored.
2026-10-06 09:08:33,635 INFO First result for clip 1600 (modality macro) – window opened.
2026-10-06 09:08:33,648 INFO Result for clip 1600, modality macro failed with status: Expected all tensors to be on the same device, but found at least two devices, cpu and cuda:0! (when checking argument for argument tensors in method wrapper_CUDA_cat). Ignored.
2026-10-06 09:09:25,605 INFO First result for clip 1601 (modality macro) – window opened.
2026-10-06 09:09:25,612 INFO Result for clip 1601, modality macro failed with status: Expected all tensors to be on the same device, but found at least two devices, cpu and cuda:0! (when checking argument for argument tensors in method wrapper_CUDA_cat). Ignored.
2026-10-06 09:09:41,402 INFO First result for clip 1602 (modality macro) – window opened.
2026-10-06 09:09:41,407 INFO Result for clip 1602, modality macro failed with status: Expected all tensors to be on the same device, but found at least two devices, cpu and cuda:0! (when checking argument for argument tensors in method wrapper_CUDA_cat). Ignored.
2026-10-06 09:10:00,684 INFO First result for clip 1603 (modality macro) – window opened.
2026-10-06 09:10:00,688 INFO Result for clip 1603, modality macro failed with status: Expected all tensors to be on the same device, but found at least two devices, cpu and cuda:0! (when checking argument for argument tensors in method wrapper_CUDA_cat). Ignored.
2026-10-06 09:10:50,156 INFO First result for clip 1604 (modality macro) – window opened.
2026-10-06 09:10:50,171 INFO Result for clip 1604, modality macro failed with status: Expected all tensors to be on the same device, but found at least two devices, cpu and cuda:0! (when checking argument for argument tensors in method wrapper_CUDA_cat). Ignored.
2026-10-06 09:11:45,568 INFO First result for clip 1605 (modality macro) – window opened.
2026-10-06 09:11:45,571 INFO Result for clip 1605, modality macro failed with status: Expected all tensors to be on the same device, but found at least two devices, cpu and cuda:0! (when checking argument for argument tensors in method wrapper_CUDA_cat). Ignored.
2026-10-06 09:12:05,604 INFO First result for clip 1606 (modality macro) – window opened.
2026-10-06 09:12:05,623 INFO Result for clip 1606, modality macro failed with status: Expected all tensors to be on the same device, but found at least two devices, cpu and cuda:0! (when checking argument for argument tensors in method wrapper_CUDA_cat). Ignored.
2026-10-06 09:12:31,988 INFO First result for clip 1607 (modality macro) – window opened.
2026-10-06 09:12:31,995 INFO Result for clip 1607, modality macro failed with status: Expected all tensors to be on the same device, but found at least two devices, cpu and cuda:0! (when checking argument for argument tensors in method wrapper_CUDA_cat). Ignored.
2026-10-06 09:14:20,598 INFO First result for clip 1609 (modality macro) – window opened.
2026-10-06 09:14:20,604 INFO Result for clip 1609, modality macro failed with status: Expected all tensors to be on the same device, but found at least two devices, cpu and cuda:0! (when checking argument for argument tensors in method wrapper_CUDA_cat). Ignored.
2026-10-06 09:14:26,881 INFO First result for clip 1610 (modality macro) – window opened.
2026-10-06 09:14:26,888 INFO Result for clip 1610, modality macro failed with status: Expected all tensors to be on the same device, but found at least two devices, cpu and cuda:0! (when checking argument for argument tensors in method wrapper_CUDA_cat). Ignored.
2026-10-06 09:15:03,164 INFO First result for clip 1611 (modality macro) – window opened.
2026-10-06 09:15:03,172 INFO Result for clip 1611, modality macro failed with status: Expected all tensors to be on the same device, but found at least two devices, cpu and cuda:0! (when checking argument for argument tensors in method wrapper_CUDA_cat). Ignored.
2026-10-06 09:16:29,717 INFO First result for clip 1608 (modality macro) – window opened.
2026-10-06 09:16:29,721 INFO Result for clip 1608, modality macro failed with status: Expected all tensors to be on the same device, but found at least two devices, cpu and cuda:0! (when checking argument for argument tensors in method wrapper_CUDA_cat). Ignored.
2026-10-06 09:16:51,811 INFO First result for clip 1613 (modality macro) – window opened.
2026-10-06 09:16:51,816 INFO Result for clip 1613, modality macro failed with status: Expected all tensors to be on the same device, but found at least two devices, cpu and cuda:0! (when checking argument for argument tensors in method wrapper_CUDA_cat). Ignored.
2026-10-06 09:16:52,636 INFO First result for clip 1612 (modality macro) – window opened.
2026-10-06 09:16:52,642 INFO Result for clip 1612, modality macro failed with status: Expected all tensors to be on the same device, but found at least two devices, cpu and cuda:0! (when checking argument for argument tensors in method wrapper_CUDA_cat). Ignored.
2026-10-06 09:17:13,372 INFO First result for clip 1614 (modality macro) – window opened.
2026-10-06 09:17:13,381 INFO Result for clip 1614, modality macro failed with status: Expected all tensors to be on the same device, but found at least two devices, cpu and cuda:0! (when checking argument for argument tensors in method wrapper_CUDA_cat). Ignored.
2026-10-06 09:18:28,410 INFO First result for clip 1615 (modality macro) – window opened.
2026-10-06 09:18:28,422 INFO Result for clip 1615, modality macro failed with status: Expected all tensors to be on the same device, but found at least two devices, cpu and cuda:0! (when checking argument for argument tensors in method wrapper_CUDA_cat). Ignored.
2026-10-06 09:19:21,068 INFO First result for clip 1616 (modality macro) – window opened.
2026-10-06 09:19:21,074 INFO Result for clip 1616, modality macro failed with status: Expected all tensors to be on the same device, but found at least two devices, cpu and cuda:0! (when checking argument for argument tensors in method wrapper_CUDA_cat). Ignored.
2026-10-06 09:19:25,701 INFO First result for clip 1617 (modality macro) – window opened.
2026-10-06 09:19:25,707 INFO Result for clip 1617, modality macro failed with status: Expected all tensors to be on the same device, but found at least two devices, cpu and cuda:0! (when checking argument for argument tensors in method wrapper_CUDA_cat). Ignored.
2026-10-06 09:19:36,880 INFO First result for clip 1618 (modality macro) – window opened.
2026-10-06 09:19:36,885 INFO Result for clip 1618, modality macro failed with status: Expected all tensors to be on the same device, but found at least two devices, cpu and cuda:0! (when checking argument for argument tensors in method wrapper_CUDA_cat). Ignored.
2026-10-06 09:20:21,154 INFO First result for clip 1619 (modality macro) – window opened.
2026-10-06 09:20:21,165 INFO Result for clip 1619, modality macro failed with status: Expected all tensors to be on the same device, but found at least two devices, cpu and cuda:0! (when checking argument for argument tensors in method wrapper_CUDA_cat). Ignored.
2026-10-06 09:21:50,634 INFO First result for clip 1620 (modality macro) – window opened.
2026-10-06 09:21:50,637 INFO Result for clip 1620, modality macro failed with status: Expected all tensors to be on the same device, but found at least two devices, cpu and cuda:0! (when checking argument for argument tensors in method wrapper_CUDA_cat). Ignored.
2026-10-06 09:21:57,828 INFO First result for clip 1621 (modality macro) – window opened.
2026-10-06 09:21:57,835 INFO Result for clip 1621, modality macro failed with status: Expected all tensors to be on the same device, but found at least two devices, cpu and cuda:0! (when checking argument for argument tensors in method wrapper_CUDA_cat). Ignored.
2026-10-06 09:22:15,584 INFO First result for clip 1622 (modality macro) – window opened.
2026-10-06 09:22:15,604 INFO Result for clip 1622, modality macro failed with status: Expected all tensors to be on the same device, but found at least two devices, cpu and cuda:0! (when checking argument for argument tensors in method wrapper_CUDA_cat). Ignored.
2026-10-06 09:22:21,436 INFO First result for clip 1623 (modality macro) – window opened.
2026-10-06 09:22:21,439 INFO Result for clip 1623, modality macro failed with status: Expected all tensors to be on the same device, but found at least two devices, cpu and cuda:0! (when checking argument for argument tensors in method wrapper_CUDA_cat). Ignored.
2026-10-06 09:24:08,332 INFO First result for clip 1624 (modality macro) – window opened.
2026-10-06 09:24:08,344 INFO Result for clip 1624, modality macro failed with status: Expected all tensors to be on the same device, but found at least two devices, cpu and cuda:0! (when checking argument for argument tensors in method wrapper_CUDA_cat). Ignored.
2026-10-06 09:24:33,683 INFO First result for clip 1625 (modality macro) – window opened.
2026-10-06 09:24:33,693 INFO Result for clip 1625, modality macro failed with status: Expected all tensors to be on the same device, but found at least two devices, cpu and cuda:0! (when checking argument for argument tensors in method wrapper_CUDA_cat). Ignored.
2026-10-06 09:25:06,311 INFO First result for clip 1626 (modality macro) – window opened.
2026-10-06 09:25:06,314 INFO Result for clip 1626, modality macro failed with status: Expected all tensors to be on the same device, but found at least two devices, cpu and cuda:0! (when checking argument for argument tensors in method wrapper_CUDA_cat). Ignored.
2026-10-06 09:25:08,001 INFO First result for clip 1627 (modality macro) – window opened.
2026-10-06 09:25:08,004 INFO Result for clip 1627, modality macro failed with status: Expected all tensors to be on the same device, but found at least two devices, cpu and cuda:0! (when checking argument for argument tensors in method wrapper_CUDA_cat). Ignored.
2026-10-06 09:26:30,481 INFO First result for clip 1628 (modality macro) – window opened.
2026-10-06 09:26:30,486 INFO Result for clip 1628, modality macro failed with status: Expected all tensors to be on the same device, but found at least two devices, cpu and cuda:0! (when checking argument for argument tensors in method wrapper_CUDA_cat). Ignored.
2026-10-06 09:27:07,622 INFO First result for clip 1629 (modality macro) – window opened.
2026-10-06 09:27:07,626 INFO Result for clip 1629, modality macro failed with status: Expected all tensors to be on the same device, but found at least two devices, cpu and cuda:0! (when checking argument for argument tensors in method wrapper_CUDA_cat). Ignored.
2026-10-06 09:27:45,534 INFO First result for clip 1631 (modality macro) – window opened.
2026-10-06 09:27:45,539 INFO Result for clip 1631, modality macro failed with status: Expected all tensors to be on the same device, but found at least two devices, cpu and cuda:0! (when checking argument for argument tensors in method wrapper_CUDA_cat). Ignored.
2026-10-06 09:27:45,856 INFO First result for clip 1630 (modality macro) – window opened.
2026-10-06 09:27:45,860 INFO Result for clip 1630, modality macro failed with status: Expected all tensors to be on the same device, but found at least two devices, cpu and cuda:0! (when checking argument for argument tensors in method wrapper_CUDA_cat). Ignored.
2026-10-06 09:28:52,021 INFO First result for clip 1632 (modality macro) – window opened.
2026-10-06 09:28:52,033 INFO Result for clip 1632, modality macro failed with status: Expected all tensors to be on the same device, but found at least two devices, cpu and cuda:0! (when checking argument for argument tensors in method wrapper_CUDA_cat). Ignored.
2026-10-06 09:29:37,075 INFO First result for clip 1633 (modality macro) – window opened.
2026-10-06 09:29:37,083 INFO Result for clip 1633, modality macro failed with status: Expected all tensors to be on the same device, but found at least two devices, cpu and cuda:0! (when checking argument for argument tensors in method wrapper_CUDA_cat). Ignored.
2026-10-06 09:30:17,583 INFO First result for clip 1634 (modality macro) – window opened.
2026-10-06 09:30:17,591 INFO Result for clip 1634, modality macro failed with status: Expected all tensors to be on the same device, but found at least two devices, cpu and cuda:0! (when checking argument for argument tensors in method wrapper_CUDA_cat). Ignored.
2026-10-06 09:30:22,950 INFO First result for clip 1635 (modality macro) – window opened.
2026-10-06 09:30:22,959 INFO Result for clip 1635, modality macro failed with status: Expected all tensors to be on the same device, but found at least two devices, cpu and cuda:0! (when checking argument for argument tensors in method wrapper_CUDA_cat). Ignored.
2026-10-06 09:30:56,540 INFO First result for clip 1636 (modality macro) – window opened.
2026-10-06 09:30:56,546 INFO Result for clip 1636, modality macro failed with status: Expected all tensors to be on the same device, but found at least two devices, cpu and cuda:0! (when checking argument for argument tensors in method wrapper_CUDA_cat). Ignored.
2026-10-06 09:31:37,195 INFO First result for clip 1637 (modality macro) – window opened.
2026-10-06 09:31:37,199 INFO Result for clip 1637, modality macro failed with status: Expected all tensors to be on the same device, but found at least two devices, cpu and cuda:0! (when checking argument for argument tensors in method wrapper_CUDA_cat). Ignored.
2026-10-06 09:32:33,528 INFO First result for clip 1638 (modality macro) – window opened.
2026-10-06 09:32:33,534 INFO Result for clip 1638, modality macro failed with status: Expected all tensors to be on the same device, but found at least two devices, cpu and cuda:0! (when checking argument for argument tensors in method wrapper_CUDA_cat). Ignored.
2026-10-06 09:32:57,707 INFO First result for clip 1640 (modality macro) – window opened.
2026-10-06 09:32:57,713 INFO Result for clip 1640, modality macro failed with status: Expected all tensors to be on the same device, but found at least two devices, cpu and cuda:0! (when checking argument for argument tensors in method wrapper_CUDA_cat). Ignored.
2026-10-06 09:33:01,614 INFO First result for clip 1639 (modality macro) – window opened.
2026-10-06 09:33:01,622 INFO Result for clip 1639, modality macro failed with status: Expected all tensors to be on the same device, but found at least two devices, cpu and cuda:0! (when checking argument for argument tensors in method wrapper_CUDA_cat). Ignored.
2026-10-06 09:33:52,090 INFO First result for clip 1641 (modality macro) – window opened.
2026-10-06 09:33:52,100 INFO Result for clip 1641, modality macro failed with status: Expected all tensors to be on the same device, but found at least two devices, cpu and cuda:0! (when checking argument for argument tensors in method wrapper_CUDA_cat). Ignored.
2026-10-06 09:34:34,751 INFO First result for clip 1642 (modality macro) – window opened.
2026-10-06 09:34:34,762 INFO Result for clip 1642, modality macro failed with status: Expected all tensors to be on the same device, but found at least two devices, cpu and cuda:0! (when checking argument for argument tensors in method wrapper_CUDA_cat). Ignored.
2026-10-06 09:35:33,125 INFO First result for clip 1643 (modality macro) – window opened.
2026-10-06 09:35:33,127 INFO Result for clip 1643, modality macro failed with status: Expected all tensors to be on the same device, but found at least two devices, cpu and cuda:0! (when checking argument for argument tensors in method wrapper_CUDA_cat). Ignored.
2026-10-06 09:35:35,092 INFO First result for clip 1644 (modality macro) – window opened.
2026-10-06 09:35:35,102 INFO Result for clip 1644, modality macro failed with status: Expected all tensors to be on the same device, but found at least two devices, cpu and cuda:0! (when checking argument for argument tensors in method wrapper_CUDA_cat). Ignored.
2026-10-06 09:36:06,121 INFO First result for clip 1645 (modality macro) – window opened.
2026-10-06 09:36:06,126 INFO Result for clip 1645, modality macro failed with status: Expected all tensors to be on the same device, but found at least two devices, cpu and cuda:0! (when checking argument for argument tensors in method wrapper_CUDA_cat). Ignored.
2026-10-06 09:36:42,006 INFO First result for clip 1646 (modality macro) – window opened.
2026-10-06 09:36:42,010 INFO Result for clip 1646, modality macro failed with status: Expected all tensors to be on the same device, but found at least two devices, cpu and cuda:0! (when checking argument for argument tensors in method wrapper_CUDA_cat). Ignored.
2026-10-06 09:37:57,961 INFO First result for clip 1647 (modality macro) – window opened.
2026-10-06 09:37:57,970 INFO Result for clip 1647, modality macro failed with status: Expected all tensors to be on the same device, but found at least two devices, cpu and cuda:0! (when checking argument for argument tensors in method wrapper_CUDA_cat). Ignored.
2026-10-06 09:38:00,490 INFO First result for clip 1648 (modality macro) – window opened.
2026-10-06 09:38:00,518 INFO Result for clip 1648, modality macro failed with status: Expected all tensors to be on the same device, but found at least two devices, cpu and cuda:0! (when checking argument for argument tensors in method wrapper_CUDA_cat). Ignored.
2026-10-06 09:38:11,017 INFO First result for clip 1649 (modality macro) – window opened.
2026-10-06 09:38:11,022 INFO Result for clip 1649, modality macro failed with status: Expected all tensors to be on the same device, but found at least two devices, cpu and cuda:0! (when checking argument for argument tensors in method wrapper_CUDA_cat). Ignored.
2026-10-06 09:38:37,053 INFO First result for clip 1650 (modality macro) – window opened.
2026-10-06 09:38:37,056 INFO Result for clip 1650, modality macro failed with status: Expected all tensors to be on the same device, but found at least two devices, cpu and cuda:0! (when checking argument for argument tensors in method wrapper_CUDA_cat). Ignored.
2026-10-06 09:40:24,644 INFO First result for clip 1651 (modality macro) – window opened.
2026-10-06 09:40:24,648 INFO Result for clip 1651, modality macro failed with status: Expected all tensors to be on the same device, but found at least two devices, cpu and cuda:0! (when checking argument for argument tensors in method wrapper_CUDA_cat). Ignored.
2026-10-06 09:40:32,364 INFO First result for clip 1652 (modality macro) – window opened.
2026-10-06 09:40:32,368 INFO Result for clip 1652, modality macro failed with status: Expected all tensors to be on the same device, but found at least two devices, cpu and cuda:0! (when checking argument for argument tensors in method wrapper_CUDA_cat). Ignored.
2026-10-06 09:40:49,537 INFO First result for clip 1653 (modality macro) – window opened.
2026-10-06 09:40:49,540 INFO Result for clip 1653, modality macro failed with status: Expected all tensors to be on the same device, but found at least two devices, cpu and cuda:0! (when checking argument for argument tensors in method wrapper_CUDA_cat). Ignored.
2026-10-06 09:41:17,633 INFO First result for clip 1654 (modality macro) – window opened.
2026-10-06 09:41:17,638 INFO Result for clip 1654, modality macro failed with status: Expected all tensors to be on the same device, but found at least two devices, cpu and cuda:0! (when checking argument for argument tensors in method wrapper_CUDA_cat). Ignored.
2026-10-06 09:42:57,745 INFO First result for clip 1655 (modality macro) – window opened.
2026-10-06 09:42:57,751 INFO Result for clip 1655, modality macro failed with status: Expected all tensors to be on the same device, but found at least two devices, cpu and cuda:0! (when checking argument for argument tensors in method wrapper_CUDA_cat). Ignored.
2026-10-06 09:43:05,430 INFO First result for clip 1656 (modality macro) – window opened.
2026-10-06 09:43:05,438 INFO Result for clip 1656, modality macro failed with status: Expected all tensors to be on the same device, but found at least two devices, cpu and cuda:0! (when checking argument for argument tensors in method wrapper_CUDA_cat). Ignored.
2026-10-06 09:43:12,592 INFO First result for clip 1657 (modality macro) – window opened.
2026-10-06 09:43:12,609 INFO Result for clip 1657, modality macro failed with status: Expected all tensors to be on the same device, but found at least two devices, cpu and cuda:0! (when checking argument for argument tensors in method wrapper_CUDA_cat). Ignored.
2026-10-06 09:43:22,927 INFO First result for clip 1658 (modality macro) – window opened.
2026-10-06 09:43:22,930 INFO Result for clip 1658, modality macro failed with status: Expected all tensors to be on the same device, but found at least two devices, cpu and cuda:0! (when checking argument for argument tensors in method wrapper_CUDA_cat). Ignored.
2026-10-06 09:45:11,944 INFO First result for clip 1659 (modality macro) – window opened.
2026-10-06 09:45:11,950 INFO Result for clip 1659, modality macro failed with status: Expected all tensors to be on the same device, but found at least two devices, cpu and cuda:0! (when checking argument for argument tensors in method wrapper_CUDA_cat). Ignored.
2026-10-06 09:45:55,726 INFO First result for clip 1661 (modality macro) – window opened.
2026-10-06 09:45:55,730 INFO Result for clip 1661, modality macro failed with status: Expected all tensors to be on the same device, but found at least two devices, cpu and cuda:0! (when checking argument for argument tensors in method wrapper_CUDA_cat). Ignored.
2026-10-06 09:45:56,181 INFO First result for clip 1660 (modality macro) – window opened.
2026-10-06 09:45:56,184 INFO Result for clip 1660, modality macro failed with status: Expected all tensors to be on the same device, but found at least two devices, cpu and cuda:0! (when checking argument for argument tensors in method wrapper_CUDA_cat). Ignored.
2026-10-06 09:45:57,710 INFO First result for clip 1662 (modality macro) – window opened.
2026-10-06 09:45:57,730 INFO Result for clip 1662, modality macro failed with status: Expected all tensors to be on the same device, but found at least two devices, cpu and cuda:0! (when checking argument for argument tensors in method wrapper_CUDA_cat). Ignored.
2026-10-06 09:46:50,753 INFO First result for clip 1663 (modality macro) – window opened.
2026-10-06 09:46:50,756 INFO Result for clip 1663, modality macro failed with status: Expected all tensors to be on the same device, but found at least two devices, cpu and cuda:0! (when checking argument for argument tensors in method wrapper_CUDA_cat). Ignored.
2026-10-06 09:48:40,232 INFO First result for clip 1666 (modality macro) – window opened.
2026-10-06 09:48:40,239 INFO Result for clip 1666, modality macro failed with status: Expected all tensors to be on the same device, but found at least two devices, cpu and cuda:0! (when checking argument for argument tensors in method wrapper_CUDA_cat). Ignored.
2026-10-06 09:48:54,005 INFO First result for clip 1664 (modality macro) – window opened.
2026-10-06 09:48:54,008 INFO Result for clip 1664, modality macro failed with status: Expected all tensors to be on the same device, but found at least two devices, cpu and cuda:0! (when checking argument for argument tensors in method wrapper_CUDA_cat). Ignored.
2026-10-06 09:48:57,329 INFO First result for clip 1665 (modality macro) – window opened.
2026-10-06 09:48:57,333 INFO Result for clip 1665, modality macro failed with status: Expected all tensors to be on the same device, but found at least two devices, cpu and cuda:0! (when checking argument for argument tensors in method wrapper_CUDA_cat). Ignored.
2026-10-06 09:49:02,819 INFO First result for clip 1667 (modality macro) – window opened.
2026-10-06 09:49:02,823 INFO Result for clip 1667, modality macro failed with status: Expected all tensors to be on the same device, but found at least two devices, cpu and cuda:0! (when checking argument for argument tensors in method wrapper_CUDA_cat). Ignored.
2026-10-06 09:50:35,717 INFO First result for clip 1668 (modality macro) – window opened.
2026-10-06 09:50:35,721 INFO Result for clip 1668, modality macro failed with status: Expected all tensors to be on the same device, but found at least two devices, cpu and cuda:0! (when checking argument for argument tensors in method wrapper_CUDA_cat). Ignored.
2026-10-06 09:51:38,481 INFO First result for clip 1669 (modality macro) – window opened.
2026-10-06 09:51:38,489 INFO Result for clip 1669, modality macro failed with status: Expected all tensors to be on the same device, but found at least two devices, cpu and cuda:0! (when checking argument for argument tensors in method wrapper_CUDA_cat). Ignored.
2026-10-06 09:51:50,162 INFO First result for clip 1670 (modality macro) – window opened.
2026-10-06 09:51:50,165 INFO Result for clip 1670, modality macro failed with status: Expected all tensors to be on the same device, but found at least two devices, cpu and cuda:0! (when checking argument for argument tensors in method wrapper_CUDA_cat). Ignored.
2026-10-06 09:52:03,316 INFO First result for clip 1671 (modality macro) – window opened.
2026-10-06 09:52:03,319 INFO Result for clip 1671, modality macro failed with status: Expected all tensors to be on the same device, but found at least two devices, cpu and cuda:0! (when checking argument for argument tensors in method wrapper_CUDA_cat). Ignored.
2026-10-06 09:52:28,297 INFO First result for clip 1672 (modality macro) – window opened.
2026-10-06 09:52:28,300 INFO Result for clip 1672, modality macro failed with status: Expected all tensors to be on the same device, but found at least two devices, cpu and cuda:0! (when checking argument for argument tensors in method wrapper_CUDA_cat). Ignored.
2026-10-06 09:53:55,234 INFO First result for clip 1673 (modality macro) – window opened.
2026-10-06 09:53:55,238 INFO Result for clip 1673, modality macro failed with status: Expected all tensors to be on the same device, but found at least two devices, cpu and cuda:0! (when checking argument for argument tensors in method wrapper_CUDA_cat). Ignored.
2026-10-06 09:54:08,162 INFO First result for clip 1674 (modality macro) – window opened.
2026-10-06 09:54:08,166 INFO Result for clip 1674, modality macro failed with status: Expected all tensors to be on the same device, but found at least two devices, cpu and cuda:0! (when checking argument for argument tensors in method wrapper_CUDA_cat). Ignored.
2026-10-06 09:54:27,759 INFO First result for clip 1675 (modality macro) – window opened.
2026-10-06 09:54:27,764 INFO Result for clip 1675, modality macro failed with status: Expected all tensors to be on the same device, but found at least two devices, cpu and cuda:0! (when checking argument for argument tensors in method wrapper_CUDA_cat). Ignored.
2026-10-06 09:54:42,215 INFO First result for clip 1676 (modality macro) – window opened.
2026-10-06 09:54:42,220 INFO Result for clip 1676, modality macro failed with status: Expected all tensors to be on the same device, but found at least two devices, cpu and cuda:0! (when checking argument for argument tensors in method wrapper_CUDA_cat). Ignored.
2026-10-06 09:56:17,400 INFO First result for clip 1677 (modality macro) – window opened.
2026-10-06 09:56:17,416 INFO Result for clip 1677, modality macro failed with status: Expected all tensors to be on the same device, but found at least two devices, cpu and cuda:0! (when checking argument for argument tensors in method wrapper_CUDA_cat). Ignored.
2026-10-06 09:56:30,543 INFO First result for clip 1678 (modality macro) – window opened.
2026-10-06 09:56:30,547 INFO Result for clip 1678, modality macro failed with status: Expected all tensors to be on the same device, but found at least two devices, cpu and cuda:0! (when checking argument for argument tensors in method wrapper_CUDA_cat). Ignored.
2026-10-06 09:56:47,723 INFO First result for clip 1680 (modality macro) – window opened.
2026-10-06 09:56:47,727 INFO Result for clip 1680, modality macro failed with status: Expected all tensors to be on the same device, but found at least two devices, cpu and cuda:0! (when checking argument for argument tensors in method wrapper_CUDA_cat). Ignored.
2026-10-06 09:56:47,735 INFO First result for clip 1679 (modality macro) – window opened.
2026-10-06 09:56:47,739 INFO Result for clip 1679, modality macro failed with status: Expected all tensors to be on the same device, but found at least two devices, cpu and cuda:0! (when checking argument for argument tensors in method wrapper_CUDA_cat). Ignored.
2026-10-06 09:58:22,829 INFO First result for clip 1681 (modality macro) – window opened.
2026-10-06 09:58:22,833 INFO Result for clip 1681, modality macro failed with status: Expected all tensors to be on the same device, but found at least two devices, cpu and cuda:0! (when checking argument for argument tensors in method wrapper_CUDA_cat). Ignored.
2026-10-06 09:58:31,133 INFO First result for clip 1682 (modality macro) – window opened.
2026-10-06 09:58:31,137 INFO Result for clip 1682, modality macro failed with status: Expected all tensors to be on the same device, but found at least two devices, cpu and cuda:0! (when checking argument for argument tensors in method wrapper_CUDA_cat). Ignored.
2026-10-06 09:59:02,508 INFO First result for clip 1683 (modality macro) – window opened.
2026-10-06 09:59:02,512 INFO Result for clip 1683, modality macro failed with status: Expected all tensors to be on the same device, but found at least two devices, cpu and cuda:0! (when checking argument for argument tensors in method wrapper_CUDA_cat). Ignored.
2026-10-06 09:59:23,353 INFO First result for clip 1684 (modality macro) – window opened.
2026-10-06 09:59:23,359 INFO Result for clip 1684, modality macro failed with status: Expected all tensors to be on the same device, but found at least two devices, cpu and cuda:0! (when checking argument for argument tensors in method wrapper_CUDA_cat). Ignored.
2026-10-06 10:00:21,665 INFO First result for clip 1685 (modality macro) – window opened.
2026-10-06 10:00:21,670 INFO Result for clip 1685, modality macro failed with status: Expected all tensors to be on the same device, but found at least two devices, cpu and cuda:0! (when checking argument for argument tensors in method wrapper_CUDA_cat). Ignored.
2026-10-06 10:00:35,091 INFO First result for clip 1686 (modality macro) – window opened.
2026-10-06 10:00:35,096 INFO Result for clip 1686, modality macro failed with status: Expected all tensors to be on the same device, but found at least two devices, cpu and cuda:0! (when checking argument for argument tensors in method wrapper_CUDA_cat). Ignored.
2026-10-06 10:00:43,738 INFO First result for clip 1687 (modality macro) – window opened.
2026-10-06 10:00:43,742 INFO Result for clip 1687, modality macro failed with status: Expected all tensors to be on the same device, but found at least two devices, cpu and cuda:0! (when checking argument for argument tensors in method wrapper_CUDA_cat). Ignored.
2026-10-06 10:01:29,753 INFO First result for clip 1688 (modality macro) – window opened.
2026-10-06 10:01:29,764 INFO Result for clip 1688, modality macro failed with status: Expected all tensors to be on the same device, but found at least two devices, cpu and cuda:0! (when checking argument for argument tensors in method wrapper_CUDA_cat). Ignored.
2026-10-06 10:02:05,497 INFO First result for clip 1689 (modality macro) – window opened.
2026-10-06 10:02:05,501 INFO Result for clip 1689, modality macro failed with status: Expected all tensors to be on the same device, but found at least two devices, cpu and cuda:0! (when checking argument for argument tensors in method wrapper_CUDA_cat). Ignored.
2026-10-06 10:02:23,982 INFO First result for clip 1690 (modality macro) – window opened.
2026-10-06 10:02:23,986 INFO Result for clip 1690, modality macro failed with status: Expected all tensors to be on the same device, but found at least two devices, cpu and cuda:0! (when checking argument for argument tensors in method wrapper_CUDA_cat). Ignored.
2026-10-06 10:02:33,816 INFO First result for clip 1691 (modality macro) – window opened.
2026-10-06 10:02:33,822 INFO Result for clip 1691, modality macro failed with status: Expected all tensors to be on the same device, but found at least two devices, cpu and cuda:0! (when checking argument for argument tensors in method wrapper_CUDA_cat). Ignored.
2026-10-06 10:02:57,854 INFO First result for clip 1692 (modality macro) – window opened.
2026-10-06 10:02:57,859 INFO Result for clip 1692, modality macro failed with status: Expected all tensors to be on the same device, but found at least two devices, cpu and cuda:0! (when checking argument for argument tensors in method wrapper_CUDA_cat). Ignored.
2026-10-06 10:03:32,158 INFO First result for clip 1693 (modality macro) – window opened.
2026-10-06 10:03:32,163 INFO Result for clip 1693, modality macro failed with status: Expected all tensors to be on the same device, but found at least two devices, cpu and cuda:0! (when checking argument for argument tensors in method wrapper_CUDA_cat). Ignored.
2026-10-06 10:04:01,833 INFO First result for clip 1694 (modality macro) – window opened.
2026-10-06 10:04:01,836 INFO Result for clip 1694, modality macro failed with status: Expected all tensors to be on the same device, but found at least two devices, cpu and cuda:0! (when checking argument for argument tensors in method wrapper_CUDA_cat). Ignored.
2026-10-06 10:04:16,172 INFO First result for clip 1695 (modality macro) – window opened.
2026-10-06 10:04:16,178 INFO Result for clip 1695, modality macro failed with status: Expected all tensors to be on the same device, but found at least two devices, cpu and cuda:0! (when checking argument for argument tensors in method wrapper_CUDA_cat). Ignored.
2026-10-06 10:04:39,874 INFO First result for clip 1696 (modality macro) – window opened.
2026-10-06 10:04:39,880 INFO Result for clip 1696, modality macro failed with status: Expected all tensors to be on the same device, but found at least two devices, cpu and cuda:0! (when checking argument for argument tensors in method wrapper_CUDA_cat). Ignored.
2026-10-06 10:05:11,655 INFO First result for clip 1697 (modality macro) – window opened.
2026-10-06 10:05:11,659 INFO Result for clip 1697, modality macro failed with status: Expected all tensors to be on the same device, but found at least two devices, cpu and cuda:0! (when checking argument for argument tensors in method wrapper_CUDA_cat). Ignored.
2026-10-06 10:06:04,046 INFO First result for clip 1699 (modality macro) – window opened.
2026-10-06 10:06:04,054 INFO Result for clip 1699, modality macro failed with status: Expected all tensors to be on the same device, but found at least two devices, cpu and cuda:0! (when checking argument for argument tensors in method wrapper_CUDA_cat). Ignored.
2026-10-06 10:06:15,082 INFO First result for clip 1700 (modality macro) – window opened.
2026-10-06 10:06:15,094 INFO Result for clip 1700, modality macro failed with status: Expected all tensors to be on the same device, but found at least two devices, cpu and cuda:0! (when checking argument for argument tensors in method wrapper_CUDA_cat). Ignored.
2026-10-06 10:06:20,934 INFO First result for clip 1698 (modality macro) – window opened.
2026-10-06 10:06:20,941 INFO Result for clip 1698, modality macro failed with status: Expected all tensors to be on the same device, but found at least two devices, cpu and cuda:0! (when checking argument for argument tensors in method wrapper_CUDA_cat). Ignored.
2026-10-06 10:06:43,204 INFO First result for clip 1701 (modality macro) – window opened.
2026-10-06 10:06:43,209 INFO Result for clip 1701, modality macro failed with status: Expected all tensors to be on the same device, but found at least two devices, cpu and cuda:0! (when checking argument for argument tensors in method wrapper_CUDA_cat). Ignored.
2026-10-06 10:07:54,628 INFO First result for clip 1702 (modality macro) – window opened.
2026-10-06 10:07:54,638 INFO Result for clip 1702, modality macro failed with status: Expected all tensors to be on the same device, but found at least two devices, cpu and cuda:0! (when checking argument for argument tensors in method wrapper_CUDA_cat). Ignored.
2026-10-06 10:08:26,346 INFO First result for clip 1703 (modality macro) – window opened.
2026-10-06 10:08:26,353 INFO Result for clip 1703, modality macro failed with status: Expected all tensors to be on the same device, but found at least two devices, cpu and cuda:0! (when checking argument for argument tensors in method wrapper_CUDA_cat). Ignored.
2026-10-06 10:08:26,492 INFO First result for clip 1704 (modality macro) – window opened.
2026-10-06 10:08:26,499 INFO Result for clip 1704, modality macro failed with status: Expected all tensors to be on the same device, but found at least two devices, cpu and cuda:0! (when checking argument for argument tensors in method wrapper_CUDA_cat). Ignored.
2026-10-06 10:08:35,471 INFO First result for clip 1705 (modality macro) – window opened.
2026-10-06 10:08:35,479 INFO Result for clip 1705, modality macro failed with status: Expected all tensors to be on the same device, but found at least two devices, cpu and cuda:0! (when checking argument for argument tensors in method wrapper_CUDA_cat). Ignored.
2026-10-06 10:09:17,159 INFO First result for clip 1706 (modality macro) – window opened.
2026-10-06 10:09:17,162 INFO Result for clip 1706, modality macro failed with status: Expected all tensors to be on the same device, but found at least two devices, cpu and cuda:0! (when checking argument for argument tensors in method wrapper_CUDA_cat). Ignored.
2026-10-06 10:10:42,465 INFO First result for clip 1707 (modality macro) – window opened.
2026-10-06 10:10:42,476 INFO Result for clip 1707, modality macro failed with status: Expected all tensors to be on the same device, but found at least two devices, cpu and cuda:0! (when checking argument for argument tensors in method wrapper_CUDA_cat). Ignored.
2026-10-06 10:11:07,353 INFO First result for clip 1710 (modality macro) – window opened.
2026-10-06 10:11:07,359 INFO Result for clip 1710, modality macro failed with status: Expected all tensors to be on the same device, but found at least two devices, cpu and cuda:0! (when checking argument for argument tensors in method wrapper_CUDA_cat). Ignored.
2026-10-06 10:11:07,541 INFO First result for clip 1709 (modality macro) – window opened.
2026-10-06 10:11:07,546 INFO Result for clip 1709, modality macro failed with status: Expected all tensors to be on the same device, but found at least two devices, cpu and cuda:0! (when checking argument for argument tensors in method wrapper_CUDA_cat). Ignored.
2026-10-06 10:11:37,598 INFO First result for clip 1708 (modality macro) – window opened.
2026-10-06 10:11:37,606 INFO Result for clip 1708, modality macro failed with status: Expected all tensors to be on the same device, but found at least two devices, cpu and cuda:0! (when checking argument for argument tensors in method wrapper_CUDA_cat). Ignored.
2026-10-06 10:12:21,879 INFO First result for clip 1711 (modality macro) – window opened.
2026-10-06 10:12:21,886 INFO Result for clip 1711, modality macro failed with status: Expected all tensors to be on the same device, but found at least two devices, cpu and cuda:0! (when checking argument for argument tensors in method wrapper_CUDA_cat). Ignored.
2026-10-06 10:13:09,339 INFO First result for clip 1713 (modality macro) – window opened.
2026-10-06 10:13:09,343 INFO Result for clip 1713, modality macro failed with status: Expected all tensors to be on the same device, but found at least two devices, cpu and cuda:0! (when checking argument for argument tensors in method wrapper_CUDA_cat). Ignored.
2026-10-06 10:13:17,566 INFO First result for clip 1712 (modality macro) – window opened.
2026-10-06 10:13:17,571 INFO Result for clip 1712, modality macro failed with status: Expected all tensors to be on the same device, but found at least two devices, cpu and cuda:0! (when checking argument for argument tensors in method wrapper_CUDA_cat). Ignored.
2026-10-06 10:13:23,226 INFO First result for clip 1714 (modality macro) – window opened.
2026-10-06 10:13:23,229 INFO Result for clip 1714, modality macro failed with status: Expected all tensors to be on the same device, but found at least two devices, cpu and cuda:0! (when checking argument for argument tensors in method wrapper_CUDA_cat). Ignored.
2026-10-06 10:13:52,848 INFO First result for clip 1715 (modality macro) – window opened.
2026-10-06 10:13:52,857 INFO Result for clip 1715, modality macro failed with status: Expected all tensors to be on the same device, but found at least two devices, cpu and cuda:0! (when checking argument for argument tensors in method wrapper_CUDA_cat). Ignored.
2026-10-06 10:15:30,864 INFO First result for clip 1718 (modality macro) – window opened.
2026-10-06 10:15:30,869 INFO Result for clip 1718, modality macro failed with status: Expected all tensors to be on the same device, but found at least two devices, cpu and cuda:0! (when checking argument for argument tensors in method wrapper_CUDA_cat). Ignored.
2026-10-06 10:15:41,001 INFO First result for clip 1717 (modality macro) – window opened.
2026-10-06 10:15:41,004 INFO Result for clip 1717, modality macro failed with status: Expected all tensors to be on the same device, but found at least two devices, cpu and cuda:0! (when checking argument for argument tensors in method wrapper_CUDA_cat). Ignored.
2026-10-06 10:15:44,501 INFO First result for clip 1719 (modality macro) – window opened.
2026-10-06 10:15:44,506 INFO Result for clip 1719, modality macro failed with status: Expected all tensors to be on the same device, but found at least two devices, cpu and cuda:0! (when checking argument for argument tensors in method wrapper_CUDA_cat). Ignored.
2026-10-06 10:15:46,267 INFO First result for clip 1716 (modality macro) – window opened.
2026-10-06 10:15:46,270 INFO Result for clip 1716, modality macro failed with status: Expected all tensors to be on the same device, but found at least two devices, cpu and cuda:0! (when checking argument for argument tensors in method wrapper_CUDA_cat). Ignored.
2026-10-06 10:17:03,238 INFO First result for clip 1720 (modality macro) – window opened.
2026-10-06 10:17:03,241 INFO Result for clip 1720, modality macro failed with status: Expected all tensors to be on the same device, but found at least two devices, cpu and cuda:0! (when checking argument for argument tensors in method wrapper_CUDA_cat). Ignored.
2026-10-06 10:18:04,522 INFO First result for clip 1723 (modality macro) – window opened.
2026-10-06 10:18:04,529 INFO Result for clip 1723, modality macro failed with status: Expected all tensors to be on the same device, but found at least two devices, cpu and cuda:0! (when checking argument for argument tensors in method wrapper_CUDA_cat). Ignored.
2026-10-06 10:18:43,507 INFO First result for clip 1724 (modality macro) – window opened.
2026-10-06 10:18:43,510 INFO Result for clip 1724, modality macro failed with status: Expected all tensors to be on the same device, but found at least two devices, cpu and cuda:0! (when checking argument for argument tensors in method wrapper_CUDA_cat). Ignored.
2026-10-06 10:18:57,611 INFO First result for clip 1721 (modality macro) – window opened.
2026-10-06 10:18:57,615 INFO Result for clip 1721, modality macro failed with status: Expected all tensors to be on the same device, but found at least two devices, cpu and cuda:0! (when checking argument for argument tensors in method wrapper_CUDA_cat). Ignored.
2026-10-06 10:19:05,315 INFO First result for clip 1722 (modality macro) – window opened.
2026-10-06 10:19:05,318 INFO Result for clip 1722, modality macro failed with status: Expected all tensors to be on the same device, but found at least two devices, cpu and cuda:0! (when checking argument for argument tensors in method wrapper_CUDA_cat). Ignored.
2026-10-06 10:20:17,546 INFO First result for clip 1725 (modality macro) – window opened.
2026-10-06 10:20:17,549 INFO Result for clip 1725, modality macro failed with status: Expected all tensors to be on the same device, but found at least two devices, cpu and cuda:0! (when checking argument for argument tensors in method wrapper_CUDA_cat). Ignored.
2026-10-06 10:21:11,858 INFO First result for clip 1726 (modality macro) – window opened.
2026-10-06 10:21:11,861 INFO Result for clip 1726, modality macro failed with status: Expected all tensors to be on the same device, but found at least two devices, cpu and cuda:0! (when checking argument for argument tensors in method wrapper_CUDA_cat). Ignored.
2026-10-06 10:21:20,002 INFO First result for clip 1728 (modality macro) – window opened.
2026-10-06 10:21:20,006 INFO Result for clip 1728, modality macro failed with status: Expected all tensors to be on the same device, but found at least two devices, cpu and cuda:0! (when checking argument for argument tensors in method wrapper_CUDA_cat). Ignored.
2026-10-06 10:21:38,183 INFO First result for clip 1727 (modality macro) – window opened.
2026-10-06 10:21:38,186 INFO Result for clip 1727, modality macro failed with status: Expected all tensors to be on the same device, but found at least two devices, cpu and cuda:0! (when checking argument for argument tensors in method wrapper_CUDA_cat). Ignored.
2026-10-06 10:21:53,755 INFO First result for clip 1729 (modality macro) – window opened.
2026-10-06 10:21:53,759 INFO Result for clip 1729, modality macro failed with status: Expected all tensors to be on the same device, but found at least two devices, cpu and cuda:0! (when checking argument for argument tensors in method wrapper_CUDA_cat). Ignored.
2026-10-06 10:23:06,553 INFO First result for clip 1730 (modality macro) – window opened.
2026-10-06 10:23:06,557 INFO Result for clip 1730, modality macro failed with status: Expected all tensors to be on the same device, but found at least two devices, cpu and cuda:0! (when checking argument for argument tensors in method wrapper_CUDA_cat). Ignored.
2026-10-06 10:23:38,769 INFO First result for clip 1731 (modality macro) – window opened.
2026-10-06 10:23:38,777 INFO Result for clip 1731, modality macro failed with status: Expected all tensors to be on the same device, but found at least two devices, cpu and cuda:0! (when checking argument for argument tensors in method wrapper_CUDA_cat). Ignored.
2026-10-06 10:24:07,608 INFO First result for clip 1732 (modality macro) – window opened.
2026-10-06 10:24:07,616 INFO Result for clip 1732, modality macro failed with status: Expected all tensors to be on the same device, but found at least two devices, cpu and cuda:0! (when checking argument for argument tensors in method wrapper_CUDA_cat). Ignored.
2026-10-06 10:24:10,985 INFO First result for clip 1733 (modality macro) – window opened.
2026-10-06 10:24:10,988 INFO Result for clip 1733, modality macro failed with status: Expected all tensors to be on the same device, but found at least two devices, cpu and cuda:0! (when checking argument for argument tensors in method wrapper_CUDA_cat). Ignored.
2026-10-06 10:24:57,721 INFO First result for clip 1734 (modality macro) – window opened.
2026-10-06 10:24:57,729 INFO Result for clip 1734, modality macro failed with status: Expected all tensors to be on the same device, but found at least two devices, cpu and cuda:0! (when checking argument for argument tensors in method wrapper_CUDA_cat). Ignored.
2026-10-06 10:25:40,660 INFO First result for clip 1735 (modality macro) – window opened.
2026-10-06 10:25:40,664 INFO Result for clip 1735, modality macro failed with status: Expected all tensors to be on the same device, but found at least two devices, cpu and cuda:0! (when checking argument for argument tensors in method wrapper_CUDA_cat). Ignored.
2026-10-06 10:26:06,437 INFO First result for clip 1737 (modality macro) – window opened.
2026-10-06 10:26:06,446 INFO Result for clip 1737, modality macro failed with status: Expected all tensors to be on the same device, but found at least two devices, cpu and cuda:0! (when checking argument for argument tensors in method wrapper_CUDA_cat). Ignored.
2026-10-06 10:26:32,458 INFO First result for clip 1738 (modality macro) – window opened.
2026-10-06 10:26:32,461 INFO Result for clip 1738, modality macro failed with status: Expected all tensors to be on the same device, but found at least two devices, cpu and cuda:0! (when checking argument for argument tensors in method wrapper_CUDA_cat). Ignored.
2026-10-06 10:26:38,686 INFO First result for clip 1736 (modality macro) – window opened.
2026-10-06 10:26:38,690 INFO Result for clip 1736, modality macro failed with status: Expected all tensors to be on the same device, but found at least two devices, cpu and cuda:0! (when checking argument for argument tensors in method wrapper_CUDA_cat). Ignored.
2026-10-06 10:27:16,506 INFO First result for clip 1739 (modality macro) – window opened.
2026-10-06 10:27:16,511 INFO Result for clip 1739, modality macro failed with status: Expected all tensors to be on the same device, but found at least two devices, cpu and cuda:0! (when checking argument for argument tensors in method wrapper_CUDA_cat). Ignored.
2026-10-06 10:27:48,651 INFO First result for clip 1740 (modality macro) – window opened.
2026-10-06 10:27:48,655 INFO Result for clip 1740, modality macro failed with status: Expected all tensors to be on the same device, but found at least two devices, cpu and cuda:0! (when checking argument for argument tensors in method wrapper_CUDA_cat). Ignored.
2026-10-06 10:28:23,745 INFO First result for clip 1741 (modality macro) – window opened.
2026-10-06 10:28:23,748 INFO Result for clip 1741, modality macro failed with status: Expected all tensors to be on the same device, but found at least two devices, cpu and cuda:0! (when checking argument for argument tensors in method wrapper_CUDA_cat). Ignored.
2026-10-06 10:28:31,748 INFO First result for clip 1742 (modality macro) – window opened.
2026-10-06 10:28:31,755 INFO Result for clip 1742, modality macro failed with status: Expected all tensors to be on the same device, but found at least two devices, cpu and cuda:0! (when checking argument for argument tensors in method wrapper_CUDA_cat). Ignored.
2026-10-06 10:28:52,838 INFO First result for clip 1743 (modality macro) – window opened.
2026-10-06 10:28:52,842 INFO Result for clip 1743, modality macro failed with status: Expected all tensors to be on the same device, but found at least two devices, cpu and cuda:0! (when checking argument for argument tensors in method wrapper_CUDA_cat). Ignored.
2026-10-06 10:29:24,498 INFO First result for clip 1744 (modality macro) – window opened.
2026-10-06 10:29:24,501 INFO Result for clip 1744, modality macro failed with status: Expected all tensors to be on the same device, but found at least two devices, cpu and cuda:0! (when checking argument for argument tensors in method wrapper_CUDA_cat). Ignored.
2026-10-06 10:30:11,227 INFO First result for clip 1745 (modality macro) – window opened.
2026-10-06 10:30:11,235 INFO Result for clip 1745, modality macro failed with status: Expected all tensors to be on the same device, but found at least two devices, cpu and cuda:0! (when checking argument for argument tensors in method wrapper_CUDA_cat). Ignored.
2026-10-06 10:30:29,771 INFO First result for clip 1746 (modality macro) – window opened.
2026-10-06 10:30:29,780 INFO Result for clip 1746, modality macro failed with status: Expected all tensors to be on the same device, but found at least two devices, cpu and cuda:0! (when checking argument for argument tensors in method wrapper_CUDA_cat). Ignored.
2026-10-06 10:30:35,977 INFO First result for clip 1747 (modality macro) – window opened.
2026-10-06 10:30:35,981 INFO Result for clip 1747, modality macro failed with status: Expected all tensors to be on the same device, but found at least two devices, cpu and cuda:0! (when checking argument for argument tensors in method wrapper_CUDA_cat). Ignored.
2026-10-06 10:30:57,611 INFO First result for clip 1748 (modality macro) – window opened.
2026-10-06 10:30:57,617 INFO Result for clip 1748, modality macro failed with status: Expected all tensors to be on the same device, but found at least two devices, cpu and cuda:0! (when checking argument for argument tensors in method wrapper_CUDA_cat). Ignored.
2026-10-06 10:31:39,496 INFO First result for clip 1749 (modality macro) – window opened.
2026-10-06 10:31:39,505 INFO Result for clip 1749, modality macro failed with status: Expected all tensors to be on the same device, but found at least two devices, cpu and cuda:0! (when checking argument for argument tensors in method wrapper_CUDA_cat). Ignored.
2026-10-06 10:32:24,439 INFO First result for clip 1750 (modality macro) – window opened.
2026-10-06 10:32:24,443 INFO Result for clip 1750, modality macro failed with status: Expected all tensors to be on the same device, but found at least two devices, cpu and cuda:0! (when checking argument for argument tensors in method wrapper_CUDA_cat). Ignored.
2026-10-06 10:32:33,931 INFO First result for clip 1751 (modality macro) – window opened.
2026-10-06 10:32:33,936 INFO Result for clip 1751, modality macro failed with status: Expected all tensors to be on the same device, but found at least two devices, cpu and cuda:0! (when checking argument for argument tensors in method wrapper_CUDA_cat). Ignored.
2026-10-06 10:32:39,613 INFO First result for clip 1752 (modality macro) – window opened.
2026-10-06 10:32:39,616 INFO Result for clip 1752, modality macro failed with status: Expected all tensors to be on the same device, but found at least two devices, cpu and cuda:0! (when checking argument for argument tensors in method wrapper_CUDA_cat). Ignored.
2026-10-06 10:33:04,352 INFO First result for clip 1753 (modality macro) – window opened.
2026-10-06 10:33:04,355 INFO Result for clip 1753, modality macro failed with status: Expected all tensors to be on the same device, but found at least two devices, cpu and cuda:0! (when checking argument for argument tensors in method wrapper_CUDA_cat). Ignored.
2026-10-06 10:34:02,622 INFO First result for clip 1754 (modality macro) – window opened.
2026-10-06 10:34:02,625 INFO Result for clip 1754, modality macro failed with status: Expected all tensors to be on the same device, but found at least two devices, cpu and cuda:0! (when checking argument for argument tensors in method wrapper_CUDA_cat). Ignored.
2026-10-06 10:34:43,801 INFO First result for clip 1755 (modality macro) – window opened.
2026-10-06 10:34:43,820 INFO Result for clip 1755, modality macro failed with status: Expected all tensors to be on the same device, but found at least two devices, cpu and cuda:0! (when checking argument for argument tensors in method wrapper_CUDA_cat). Ignored.
2026-10-06 10:34:47,998 INFO First result for clip 1756 (modality macro) – window opened.
2026-10-06 10:34:48,010 INFO Result for clip 1756, modality macro failed with status: Expected all tensors to be on the same device, but found at least two devices, cpu and cuda:0! (when checking argument for argument tensors in method wrapper_CUDA_cat). Ignored.
2026-10-06 10:34:58,071 INFO First result for clip 1757 (modality macro) – window opened.
2026-10-06 10:34:58,074 INFO Result for clip 1757, modality macro failed with status: Expected all tensors to be on the same device, but found at least two devices, cpu and cuda:0! (when checking argument for argument tensors in method wrapper_CUDA_cat). Ignored.
2026-10-06 10:35:29,341 INFO First result for clip 1758 (modality macro) – window opened.
2026-10-06 10:35:29,343 INFO Result for clip 1758, modality macro failed with status: Expected all tensors to be on the same device, but found at least two devices, cpu and cuda:0! (when checking argument for argument tensors in method wrapper_CUDA_cat). Ignored.
2026-10-06 10:36:51,692 INFO First result for clip 1759 (modality macro) – window opened.
2026-10-06 10:36:51,700 INFO Result for clip 1759, modality macro failed with status: Expected all tensors to be on the same device, but found at least two devices, cpu and cuda:0! (when checking argument for argument tensors in method wrapper_CUDA_cat). Ignored.
2026-10-06 10:37:04,831 INFO First result for clip 1760 (modality macro) – window opened.
2026-10-06 10:37:04,835 INFO Result for clip 1760, modality macro failed with status: Expected all tensors to be on the same device, but found at least two devices, cpu and cuda:0! (when checking argument for argument tensors in method wrapper_CUDA_cat). Ignored.
2026-10-06 10:37:10,548 INFO First result for clip 1761 (modality macro) – window opened.
2026-10-06 10:37:10,562 INFO Result for clip 1761, modality macro failed with status: Expected all tensors to be on the same device, but found at least two devices, cpu and cuda:0! (when checking argument for argument tensors in method wrapper_CUDA_cat). Ignored.
2026-10-06 10:37:12,669 INFO First result for clip 1762 (modality macro) – window opened.
2026-10-06 10:37:12,672 INFO Result for clip 1762, modality macro failed with status: Expected all tensors to be on the same device, but found at least two devices, cpu and cuda:0! (when checking argument for argument tensors in method wrapper_CUDA_cat). Ignored.
2026-10-06 10:38:16,138 INFO First result for clip 1763 (modality macro) – window opened.
2026-10-06 10:38:16,145 INFO Result for clip 1763, modality macro failed with status: Expected all tensors to be on the same device, but found at least two devices, cpu and cuda:0! (when checking argument for argument tensors in method wrapper_CUDA_cat). Ignored.
2026-10-06 10:39:20,014 INFO First result for clip 1765 (modality macro) – window opened.
2026-10-06 10:39:20,019 INFO Result for clip 1765, modality macro failed with status: Expected all tensors to be on the same device, but found at least two devices, cpu and cuda:0! (when checking argument for argument tensors in method wrapper_CUDA_cat). Ignored.
2026-10-06 10:39:20,270 INFO First result for clip 1764 (modality macro) – window opened.
2026-10-06 10:39:20,277 INFO Result for clip 1764, modality macro failed with status: Expected all tensors to be on the same device, but found at least two devices, cpu and cuda:0! (when checking argument for argument tensors in method wrapper_CUDA_cat). Ignored.
2026-10-06 10:39:22,851 INFO First result for clip 1766 (modality macro) – window opened.
2026-10-06 10:39:22,857 INFO Result for clip 1766, modality macro failed with status: Expected all tensors to be on the same device, but found at least two devices, cpu and cuda:0! (when checking argument for argument tensors in method wrapper_CUDA_cat). Ignored.
2026-10-06 10:39:53,421 INFO First result for clip 1767 (modality macro) – window opened.
2026-10-06 10:39:53,424 INFO Result for clip 1767, modality macro failed with status: Expected all tensors to be on the same device, but found at least two devices, cpu and cuda:0! (when checking argument for argument tensors in method wrapper_CUDA_cat). Ignored.
2026-10-06 10:41:45,889 INFO First result for clip 1768 (modality macro) – window opened.
2026-10-06 10:41:45,894 INFO Result for clip 1768, modality macro failed with status: Expected all tensors to be on the same device, but found at least two devices, cpu and cuda:0! (when checking argument for argument tensors in method wrapper_CUDA_cat). Ignored.
2026-10-06 10:41:48,352 INFO First result for clip 1770 (modality macro) – window opened.
2026-10-06 10:41:48,362 INFO Result for clip 1770, modality macro failed with status: Expected all tensors to be on the same device, but found at least two devices, cpu and cuda:0! (when checking argument for argument tensors in method wrapper_CUDA_cat). Ignored.
2026-10-06 10:41:53,940 INFO First result for clip 1769 (modality macro) – window opened.
2026-10-06 10:41:53,946 INFO Result for clip 1769, modality macro failed with status: Expected all tensors to be on the same device, but found at least two devices, cpu and cuda:0! (when checking argument for argument tensors in method wrapper_CUDA_cat). Ignored.
2026-10-06 10:41:58,422 INFO First result for clip 1771 (modality macro) – window opened.
2026-10-06 10:41:58,425 INFO Result for clip 1771, modality macro failed with status: Expected all tensors to be on the same device, but found at least two devices, cpu and cuda:0! (when checking argument for argument tensors in method wrapper_CUDA_cat). Ignored.
2026-10-06 10:43:58,041 INFO First result for clip 1772 (modality macro) – window opened.
2026-10-06 10:43:58,044 INFO Result for clip 1772, modality macro failed with status: Expected all tensors to be on the same device, but found at least two devices, cpu and cuda:0! (when checking argument for argument tensors in method wrapper_CUDA_cat). Ignored.
2026-10-06 10:44:19,807 INFO First result for clip 1774 (modality macro) – window opened.
2026-10-06 10:44:19,812 INFO Result for clip 1774, modality macro failed with status: Expected all tensors to be on the same device, but found at least two devices, cpu and cuda:0! (when checking argument for argument tensors in method wrapper_CUDA_cat). Ignored.
2026-10-06 10:44:20,862 INFO First result for clip 1775 (modality macro) – window opened.
2026-10-06 10:44:20,876 INFO Result for clip 1775, modality macro failed with status: Expected all tensors to be on the same device, but found at least two devices, cpu and cuda:0! (when checking argument for argument tensors in method wrapper_CUDA_cat). Ignored.
2026-10-06 10:44:31,410 INFO First result for clip 1773 (modality macro) – window opened.
2026-10-06 10:44:31,414 INFO Result for clip 1773, modality macro failed with status: Expected all tensors to be on the same device, but found at least two devices, cpu and cuda:0! (when checking argument for argument tensors in method wrapper_CUDA_cat). Ignored.
2026-10-06 10:45:15,783 INFO First result for clip 1776 (modality macro) – window opened.
2026-10-06 10:45:15,791 INFO Result for clip 1776, modality macro failed with status: Expected all tensors to be on the same device, but found at least two devices, cpu and cuda:0! (when checking argument for argument tensors in method wrapper_CUDA_cat). Ignored.
2026-10-06 10:46:22,929 INFO First result for clip 1777 (modality macro) – window opened.
2026-10-06 10:46:22,936 INFO Result for clip 1777, modality macro failed with status: Expected all tensors to be on the same device, but found at least two devices, cpu and cuda:0! (when checking argument for argument tensors in method wrapper_CUDA_cat). Ignored.
2026-10-06 10:46:30,849 INFO First result for clip 1778 (modality macro) – window opened.
2026-10-06 10:46:30,856 INFO Result for clip 1778, modality macro failed with status: Expected all tensors to be on the same device, but found at least two devices, cpu and cuda:0! (when checking argument for argument tensors in method wrapper_CUDA_cat). Ignored.
2026-10-06 10:46:40,410 INFO First result for clip 1779 (modality macro) – window opened.
2026-10-06 10:46:40,414 INFO Result for clip 1779, modality macro failed with status: Expected all tensors to be on the same device, but found at least two devices, cpu and cuda:0! (when checking argument for argument tensors in method wrapper_CUDA_cat). Ignored.
2026-10-06 10:47:17,800 INFO First result for clip 1780 (modality macro) – window opened.
2026-10-06 10:47:17,806 INFO Result for clip 1780, modality macro failed with status: Expected all tensors to be on the same device, but found at least two devices, cpu and cuda:0! (when checking argument for argument tensors in method wrapper_CUDA_cat). Ignored.
2026-10-06 10:48:35,304 INFO First result for clip 1781 (modality macro) – window opened.
2026-10-06 10:48:35,309 INFO Result for clip 1781, modality macro failed with status: Expected all tensors to be on the same device, but found at least two devices, cpu and cuda:0! (when checking argument for argument tensors in method wrapper_CUDA_cat). Ignored.
2026-10-06 10:48:51,520 INFO First result for clip 1782 (modality macro) – window opened.
2026-10-06 10:48:51,528 INFO Result for clip 1782, modality macro failed with status: Expected all tensors to be on the same device, but found at least two devices, cpu and cuda:0! (when checking argument for argument tensors in method wrapper_CUDA_cat). Ignored.
2026-10-06 10:48:56,250 INFO First result for clip 1783 (modality macro) – window opened.
2026-10-06 10:48:56,253 INFO Result for clip 1783, modality macro failed with status: Expected all tensors to be on the same device, but found at least two devices, cpu and cuda:0! (when checking argument for argument tensors in method wrapper_CUDA_cat). Ignored.
2026-10-06 10:48:56,281 INFO Bundle emitted for clip 3: modalities ['macro', 'rppg', 'mer']
2026-10-06 10:48:56,286 INFO Bundle emitted for clip 2: modalities ['macro', 'rppg', 'mer']
2026-10-06 10:48:56,297 INFO Bundle emitted for clip 0: modalities ['macro', 'rppg', 'mer']
2026-10-06 10:48:56,301 INFO Bundle emitted for clip 1: modalities ['macro', 'rppg', 'mer']
2026-10-06 10:48:56,305 INFO Bundle emitted for clip 4: modalities ['macro', 'rppg', 'mer']
2026-10-06 10:48:56,309 INFO Bundle emitted for clip 5: modalities ['macro', 'rppg', 'mer']
2026-10-06 10:48:56,313 INFO Bundle emitted for clip 6: modalities ['macro', 'rppg', 'mer']
2026-10-06 10:48:56,318 INFO Bundle emitted for clip 7: modalities ['macro', 'rppg', 'mer']
2026-10-06 10:48:56,323 INFO Bundle emitted for clip 8: modalities ['macro', 'rppg', 'mer']
2026-10-06 10:48:56,326 INFO Bundle emitted for clip 9: modalities ['macro', 'rppg', 'mer']
2026-10-06 10:48:56,330 INFO Bundle emitted for clip 11: modalities ['macro', 'rppg', 'mer']
2026-10-06 10:48:56,334 INFO Bundle emitted for clip 10: modalities ['macro', 'rppg', 'mer']
2026-10-06 10:48:56,339 INFO Bundle emitted for clip 12: modalities ['macro', 'rppg', 'mer']
2026-10-06 10:48:56,345 INFO Bundle emitted for clip 13: modalities ['macro', 'rppg', 'mer']
2026-10-06 10:48:56,351 INFO Bundle emitted for clip 14: modalities ['macro', 'rppg', 'mer']
2026-10-06 10:48:56,355 INFO Bundle emitted for clip 15: modalities ['macro', 'rppg', 'mer']
2026-10-06 10:48:56,358 INFO Bundle emitted for clip 16: modalities ['macro', 'rppg', 'mer']
2026-10-06 10:48:56,361 INFO Bundle emitted for clip 17: modalities ['macro', 'rppg', 'mer']
2026-10-06 10:48:56,364 INFO Bundle emitted for clip 19: modalities ['macro', 'rppg', 'mer']
2026-10-06 10:48:56,367 INFO Bundle emitted for clip 18: modalities ['macro', 'rppg', 'mer']
2026-10-06 10:48:56,370 INFO Bundle emitted for clip 20: modalities ['macro', 'rppg', 'mer']
2026-10-06 10:48:56,373 INFO Bundle emitted for clip 21: modalities ['macro', 'rppg', 'mer']
2026-10-06 10:48:56,376 INFO Bundle emitted for clip 23: modalities ['macro', 'rppg', 'mer']
2026-10-06 10:48:56,379 INFO Bundle emitted for clip 22: modalities ['macro', 'rppg', 'mer']
2026-10-06 10:48:56,382 INFO Bundle emitted for clip 24: modalities ['macro', 'rppg', 'mer']
2026-10-06 10:48:56,385 INFO Bundle emitted for clip 25: modalities ['macro', 'rppg', 'mer']
2026-10-06 10:48:56,388 INFO Bundle emitted for clip 27: modalities ['macro', 'rppg', 'mer']
2026-10-06 10:48:56,390 INFO Bundle emitted for clip 26: modalities ['macro', 'rppg', 'mer']
2026-10-06 10:48:56,393 INFO Bundle emitted for clip 28: modalities ['macro', 'rppg', 'mer']
2026-10-06 10:48:56,396 INFO Bundle emitted for clip 29: modalities ['macro', 'rppg', 'mer']
2026-10-06 10:48:56,399 INFO Bundle emitted for clip 30: modalities ['macro', 'rppg', 'mer']
2026-10-06 10:48:56,402 INFO Bundle emitted for clip 31: modalities ['macro', 'rppg', 'mer']
2026-10-06 10:48:56,405 INFO Bundle emitted for clip 32: modalities ['macro', 'rppg', 'mer']
2026-10-06 10:48:56,407 INFO Bundle emitted for clip 33: modalities ['macro', 'rppg', 'mer']
2026-10-06 10:48:56,410 INFO Bundle emitted for clip 34: modalities ['macro', 'rppg', 'mer']
2026-10-06 10:48:56,413 INFO Bundle emitted for clip 35: modalities ['macro', 'rppg', 'mer']
2026-10-06 10:48:56,416 INFO Bundle emitted for clip 36: modalities ['macro', 'rppg', 'mer']
2026-10-06 10:48:56,419 INFO Bundle emitted for clip 37: modalities ['macro', 'rppg', 'mer']
2026-10-06 10:48:56,422 INFO Bundle emitted for clip 38: modalities ['macro', 'rppg', 'mer']
2026-10-06 10:48:56,425 INFO Bundle emitted for clip 39: modalities ['macro', 'rppg', 'mer']
2026-10-06 10:48:56,428 INFO Bundle emitted for clip 40: modalities ['macro', 'rppg', 'mer']
2026-10-06 10:48:56,431 INFO Bundle emitted for clip 41: modalities ['macro', 'rppg', 'mer']
2026-10-06 10:48:56,434 INFO Bundle emitted for clip 42: modalities ['macro', 'rppg', 'mer']
2026-10-06 10:48:56,437 INFO Bundle emitted for clip 43: modalities ['macro', 'rppg', 'mer']
2026-10-06 10:48:56,440 INFO Bundle emitted for clip 44: modalities ['macro', 'rppg', 'mer']
2026-10-06 10:48:56,444 INFO Bundle emitted for clip 45: modalities ['macro', 'rppg', 'mer']
2026-10-06 10:48:56,447 INFO Bundle emitted for clip 46: modalities ['macro', 'rppg', 'mer']
2026-10-06 10:48:56,450 INFO Bundle emitted for clip 47: modalities ['macro', 'rppg', 'mer']
2026-10-06 10:48:56,453 INFO Bundle emitted for clip 48: modalities ['macro', 'rppg', 'mer']
2026-10-06 10:48:56,456 INFO Bundle emitted for clip 49: modalities ['macro', 'rppg', 'mer']
2026-10-06 10:48:56,459 INFO Bundle emitted for clip 50: modalities ['macro', 'rppg', 'mer']
2026-10-06 10:48:56,462 INFO Bundle emitted for clip 51: modalities ['macro', 'rppg', 'mer']
2026-10-06 10:48:56,465 INFO Bundle emitted for clip 52: modalities ['macro', 'rppg', 'mer']
2026-10-06 10:48:56,468 INFO Bundle emitted for clip 53: modalities ['macro', 'rppg', 'mer']
2026-10-06 10:48:56,471 INFO Bundle emitted for clip 54: modalities ['macro', 'rppg', 'mer']
2026-10-06 10:48:56,473 INFO Bundle emitted for clip 55: modalities ['macro', 'rppg', 'mer']
2026-10-06 10:48:56,477 INFO Bundle emitted for clip 56: modalities ['macro', 'rppg', 'mer']
2026-10-06 10:48:56,480 INFO Bundle emitted for clip 57: modalities ['macro', 'rppg', 'mer']
2026-10-06 10:48:56,483 INFO Bundle emitted for clip 58: modalities ['macro', 'rppg', 'mer']
2026-10-06 10:48:56,486 INFO Bundle emitted for clip 59: modalities ['macro', 'rppg', 'mer']
2026-10-06 10:48:56,489 INFO Bundle emitted for clip 60: modalities ['macro', 'rppg', 'mer']
2026-10-06 10:48:56,491 INFO Bundle emitted for clip 61: modalities ['macro', 'rppg', 'mer']
2026-10-06 10:48:56,494 INFO Bundle emitted for clip 62: modalities ['macro', 'rppg', 'mer']
2026-10-06 10:48:56,497 INFO Bundle emitted for clip 63: modalities ['macro', 'rppg', 'mer']
2026-10-06 10:48:56,500 INFO Bundle emitted for clip 64: modalities ['macro', 'rppg', 'mer']
2026-10-06 10:48:56,504 INFO Bundle emitted for clip 65: modalities ['macro', 'rppg', 'mer']
2026-10-06 10:48:56,507 INFO Bundle emitted for clip 66: modalities ['macro', 'rppg', 'mer']
2026-10-06 10:48:56,510 INFO Bundle emitted for clip 67: modalities ['macro', 'rppg', 'mer']
2026-10-06 10:48:56,513 INFO Bundle emitted for clip 68: modalities ['macro', 'rppg', 'mer']
2026-10-06 10:48:56,516 INFO Bundle emitted for clip 69: modalities ['macro', 'rppg', 'mer']
2026-10-06 10:48:56,519 INFO Bundle emitted for clip 70: modalities ['macro', 'rppg', 'mer']
2026-10-06 10:48:56,522 INFO Bundle emitted for clip 71: modalities ['macro', 'rppg', 'mer']
2026-10-06 10:48:56,525 INFO Bundle emitted for clip 72: modalities ['macro', 'rppg', 'mer']
2026-10-06 10:48:56,529 INFO Bundle emitted for clip 73: modalities ['macro', 'rppg', 'mer']
2026-10-06 10:48:56,532 INFO Bundle emitted for clip 74: modalities ['macro', 'rppg', 'mer']
2026-10-06 10:48:56,534 INFO Bundle emitted for clip 75: modalities ['macro', 'rppg', 'mer']
2026-10-06 10:48:56,537 INFO Bundle emitted for clip 76: modalities ['macro', 'rppg', 'mer']
2026-10-06 10:48:56,540 INFO Bundle emitted for clip 77: modalities ['macro', 'rppg', 'mer']
2026-10-06 10:48:56,543 INFO Bundle emitted for clip 78: modalities ['macro', 'rppg', 'mer']
2026-10-06 10:48:56,545 INFO Bundle emitted for clip 79: modalities ['macro', 'rppg', 'mer']
2026-10-06 10:48:56,548 INFO Bundle emitted for clip 80: modalities ['macro', 'rppg', 'mer']
2026-10-06 10:48:56,550 INFO Bundle emitted for clip 81: modalities ['macro', 'rppg', 'mer']
2026-10-06 10:48:56,554 INFO Bundle emitted for clip 82: modalities ['macro', 'rppg', 'mer']
2026-10-06 10:48:56,557 INFO Bundle emitted for clip 83: modalities ['macro', 'rppg', 'mer']
2026-10-06 10:48:56,560 INFO Bundle emitted for clip 84: modalities ['macro', 'rppg', 'mer']
2026-10-06 10:48:56,562 INFO Bundle emitted for clip 85: modalities ['macro', 'rppg', 'mer']
2026-10-06 10:48:56,565 INFO Bundle emitted for clip 86: modalities ['macro', 'rppg', 'mer']
2026-10-06 10:48:56,568 INFO Bundle emitted for clip 87: modalities ['macro', 'rppg', 'mer']
2026-10-06 10:48:56,570 INFO Bundle emitted for clip 88: modalities ['macro', 'rppg', 'mer']
2026-10-06 10:48:56,573 INFO Bundle emitted for clip 89: modalities ['macro', 'rppg', 'mer']
2026-10-06 10:48:56,575 INFO Bundle emitted for clip 90: modalities ['macro', 'rppg', 'mer']
2026-10-06 10:48:56,578 INFO Bundle emitted for clip 91: modalities ['macro', 'rppg', 'mer']
2026-10-06 10:48:56,581 INFO Bundle emitted for clip 92: modalities ['macro', 'rppg', 'mer']
2026-10-06 10:48:56,583 INFO Bundle emitted for clip 93: modalities ['macro', 'rppg', 'mer']
2026-10-06 10:48:56,586 INFO Bundle emitted for clip 94: modalities ['macro', 'rppg', 'mer']
2026-10-06 10:48:56,589 INFO Bundle emitted for clip 95: modalities ['macro', 'rppg', 'mer']
2026-10-06 10:48:56,592 INFO Bundle emitted for clip 96: modalities ['macro', 'rppg', 'mer']
2026-10-06 10:48:56,594 INFO Bundle emitted for clip 97: modalities ['macro', 'rppg', 'mer']
2026-10-06 10:48:56,597 INFO Bundle emitted for clip 98: modalities ['macro', 'rppg', 'mer']
2026-10-06 10:48:56,600 INFO Bundle emitted for clip 99: modalities ['macro', 'rppg', 'mer']
2026-10-06 10:48:56,603 INFO Bundle emitted for clip 100: modalities ['macro', 'rppg', 'mer']
2026-10-06 10:48:56,606 INFO Bundle emitted for clip 101: modalities ['macro', 'rppg', 'mer']
2026-10-06 10:48:56,609 INFO Bundle emitted for clip 102: modalities ['macro', 'rppg', 'mer']
2026-10-06 10:48:56,612 INFO Bundle emitted for clip 103: modalities ['macro', 'rppg', 'mer']
2026-10-06 10:48:56,614 INFO Bundle emitted for clip 104: modalities ['macro', 'rppg', 'mer']
2026-10-06 10:48:56,617 INFO Bundle emitted for clip 105: modalities ['macro', 'rppg', 'mer']
2026-10-06 10:48:56,620 INFO Bundle emitted for clip 106: modalities ['macro', 'rppg', 'mer']
2026-10-06 10:48:56,623 INFO Bundle emitted for clip 107: modalities ['macro', 'rppg', 'mer']
2026-10-06 10:48:56,625 INFO Bundle emitted for clip 108: modalities ['macro', 'rppg', 'mer']
2026-10-06 10:48:56,628 INFO Bundle emitted for clip 109: modalities ['macro', 'rppg', 'mer']
2026-10-06 10:48:56,631 INFO Bundle emitted for clip 110: modalities ['macro', 'rppg', 'mer']
2026-10-06 10:48:56,634 INFO Bundle emitted for clip 111: modalities ['macro', 'rppg', 'mer']
2026-10-06 10:48:56,637 INFO Bundle emitted for clip 112: modalities ['macro', 'rppg', 'mer']
2026-10-06 10:48:56,648 INFO Bundle emitted for clip 113: modalities ['macro', 'rppg', 'mer']
2026-10-06 10:48:56,651 INFO Bundle emitted for clip 114: modalities ['macro', 'rppg', 'mer']
2026-10-06 10:48:56,653 INFO Bundle emitted for clip 115: modalities ['macro', 'rppg', 'mer']
2026-10-06 10:48:56,656 INFO Bundle emitted for clip 116: modalities ['macro', 'rppg', 'mer']
2026-10-06 10:48:56,659 INFO Bundle emitted for clip 117: modalities ['macro', 'rppg', 'mer']
2026-10-06 10:48:56,664 INFO Bundle emitted for clip 118: modalities ['macro', 'rppg', 'mer']
2026-10-06 10:48:56,669 INFO Bundle emitted for clip 119: modalities ['macro', 'rppg', 'mer']
2026-10-06 10:48:56,672 INFO Bundle emitted for clip 120: modalities ['macro', 'rppg', 'mer']
2026-10-06 10:48:56,677 INFO Bundle emitted for clip 121: modalities ['macro', 'rppg', 'mer']
2026-10-06 10:48:56,682 INFO Bundle emitted for clip 122: modalities ['macro', 'rppg', 'mer']
2026-10-06 10:48:56,690 INFO Bundle emitted for clip 123: modalities ['macro', 'rppg', 'mer']
2026-10-06 10:48:56,694 INFO Bundle emitted for clip 124: modalities ['macro', 'rppg', 'mer']
2026-10-06 10:48:56,698 INFO Bundle emitted for clip 125: modalities ['macro', 'rppg', 'mer']
2026-10-06 10:48:56,702 INFO Bundle emitted for clip 126: modalities ['macro', 'rppg', 'mer']
2026-10-06 10:48:56,706 INFO Bundle emitted for clip 127: modalities ['macro', 'rppg', 'mer']
2026-10-06 10:48:56,710 INFO Bundle emitted for clip 128: modalities ['macro', 'rppg', 'mer']
2026-10-06 10:48:56,715 INFO Bundle emitted for clip 129: modalities ['macro', 'rppg', 'mer']
2026-10-06 10:48:56,719 INFO Bundle emitted for clip 130: modalities ['macro', 'rppg', 'mer']
2026-10-06 10:48:56,722 INFO Bundle emitted for clip 131: modalities ['macro', 'rppg', 'mer']
2026-10-06 10:48:56,725 INFO Bundle emitted for clip 132: modalities ['macro', 'rppg', 'mer']
2026-10-06 10:48:56,729 INFO Bundle emitted for clip 133: modalities ['macro', 'rppg', 'mer']
2026-10-06 10:48:56,732 INFO Bundle emitted for clip 134: modalities ['macro', 'rppg', 'mer']
2026-10-06 10:48:56,735 INFO Bundle emitted for clip 135: modalities ['macro', 'rppg', 'mer']
2026-10-06 10:48:56,738 INFO Bundle emitted for clip 136: modalities ['macro', 'rppg', 'mer']
2026-10-06 10:48:56,741 INFO Bundle emitted for clip 137: modalities ['macro', 'rppg', 'mer']
2026-10-06 10:48:56,744 INFO Bundle emitted for clip 138: modalities ['macro', 'rppg', 'mer']
2026-10-06 10:48:56,747 INFO Bundle emitted for clip 139: modalities ['macro', 'rppg', 'mer']
2026-10-06 10:48:56,751 INFO Bundle emitted for clip 140: modalities ['macro', 'rppg', 'mer']
2026-10-06 10:48:56,754 INFO Bundle emitted for clip 141: modalities ['macro', 'rppg', 'mer']
2026-10-06 10:48:56,757 INFO Bundle emitted for clip 142: modalities ['macro', 'rppg', 'mer']
2026-10-06 10:48:56,760 INFO Bundle emitted for clip 143: modalities ['macro', 'rppg', 'mer']
2026-10-06 10:48:56,764 INFO Bundle emitted for clip 144: modalities ['macro', 'rppg', 'mer']
2026-10-06 10:48:56,767 INFO Bundle emitted for clip 145: modalities ['macro', 'rppg', 'mer']
2026-10-06 10:48:56,770 INFO Bundle emitted for clip 146: modalities ['macro', 'rppg', 'mer']
2026-10-06 10:48:56,773 INFO Bundle emitted for clip 147: modalities ['macro', 'rppg', 'mer']
2026-10-06 10:48:56,776 INFO Bundle emitted for clip 148: modalities ['macro', 'rppg', 'mer']
2026-10-06 10:48:56,779 INFO Bundle emitted for clip 149: modalities ['macro', 'rppg', 'mer']
2026-10-06 10:48:56,782 INFO Bundle emitted for clip 150: modalities ['macro', 'rppg', 'mer']
2026-10-06 10:48:56,785 INFO Bundle emitted for clip 151: modalities ['macro', 'rppg', 'mer']
2026-10-06 10:48:56,788 INFO Bundle emitted for clip 152: modalities ['macro', 'rppg', 'mer']
2026-10-06 10:48:56,791 INFO Bundle emitted for clip 153: modalities ['macro', 'rppg', 'mer']
2026-10-06 10:48:56,794 INFO Bundle emitted for clip 154: modalities ['macro', 'rppg', 'mer']
2026-10-06 10:48:56,797 INFO Bundle emitted for clip 155: modalities ['macro', 'rppg', 'mer']
2026-10-06 10:48:56,800 INFO Bundle emitted for clip 156: modalities ['macro', 'rppg', 'mer']
2026-10-06 10:48:56,803 INFO Bundle emitted for clip 157: modalities ['macro', 'rppg', 'mer']
2026-10-06 10:48:56,806 INFO Bundle emitted for clip 158: modalities ['macro', 'rppg', 'mer']
2026-10-06 10:48:56,809 INFO Bundle emitted for clip 159: modalities ['macro', 'rppg', 'mer']
2026-10-06 10:48:56,812 INFO Bundle emitted for clip 160: modalities ['macro', 'rppg', 'mer']
2026-10-06 10:48:56,815 INFO Bundle emitted for clip 161: modalities ['macro', 'rppg', 'mer']
2026-10-06 10:48:56,818 INFO Bundle emitted for clip 162: modalities ['macro', 'rppg', 'mer']
2026-10-06 10:48:56,820 INFO Bundle emitted for clip 163: modalities ['macro', 'rppg', 'mer']
2026-10-06 10:48:56,823 INFO Bundle emitted for clip 164: modalities ['macro', 'rppg', 'mer']
2026-10-06 10:48:56,826 INFO Bundle emitted for clip 165: modalities ['macro', 'rppg', 'mer']
2026-10-06 10:48:56,830 INFO Bundle emitted for clip 166: modalities ['macro', 'rppg', 'mer']
2026-10-06 10:48:56,833 INFO Bundle emitted for clip 167: modalities ['macro', 'rppg', 'mer']
2026-10-06 10:48:56,836 INFO Bundle emitted for clip 168: modalities ['macro', 'rppg', 'mer']
2026-10-06 10:48:56,840 INFO Bundle emitted for clip 169: modalities ['macro', 'rppg', 'mer']
2026-10-06 10:48:56,843 INFO Bundle emitted for clip 170: modalities ['macro', 'rppg', 'mer']
2026-10-06 10:48:56,847 INFO Bundle emitted for clip 171: modalities ['macro', 'rppg', 'mer']
2026-10-06 10:48:56,850 INFO Bundle emitted for clip 172: modalities ['macro', 'rppg', 'mer']
2026-10-06 10:48:56,853 INFO Bundle emitted for clip 173: modalities ['macro', 'rppg', 'mer']
2026-10-06 10:48:56,856 INFO Bundle emitted for clip 174: modalities ['macro', 'rppg', 'mer']
2026-10-06 10:48:56,859 INFO Bundle emitted for clip 175: modalities ['macro', 'rppg', 'mer']
2026-10-06 10:48:56,863 INFO Bundle emitted for clip 176: modalities ['macro', 'rppg', 'mer']
2026-10-06 10:48:56,866 INFO Bundle emitted for clip 177: modalities ['macro', 'rppg', 'mer']
2026-10-06 10:48:56,869 INFO Bundle emitted for clip 178: modalities ['macro', 'rppg', 'mer']
2026-10-06 10:48:56,872 INFO Bundle emitted for clip 179: modalities ['macro', 'rppg', 'mer']
2026-10-06 10:48:56,875 INFO Bundle emitted for clip 180: modalities ['macro', 'rppg', 'mer']
2026-10-06 10:48:56,878 INFO Bundle emitted for clip 181: modalities ['macro', 'rppg', 'mer']
2026-10-06 10:48:56,881 INFO Bundle emitted for clip 182: modalities ['macro', 'rppg', 'mer']
2026-10-06 10:48:56,884 INFO Bundle emitted for clip 183: modalities ['macro', 'rppg', 'mer']
2026-10-06 10:48:56,889 INFO Bundle emitted for clip 184: modalities ['macro', 'rppg', 'mer']
2026-10-06 10:48:56,891 INFO Bundle emitted for clip 185: modalities ['macro', 'rppg', 'mer']
2026-10-06 10:48:56,894 INFO Bundle emitted for clip 186: modalities ['macro', 'rppg', 'mer']
2026-10-06 10:48:56,897 INFO Bundle emitted for clip 187: modalities ['macro', 'rppg', 'mer']
2026-10-06 10:48:56,900 INFO Bundle emitted for clip 188: modalities ['macro', 'rppg', 'mer']
2026-10-06 10:48:56,904 INFO Bundle emitted for clip 189: modalities ['macro', 'rppg', 'mer']
2026-10-06 10:48:56,907 INFO Bundle emitted for clip 190: modalities ['macro', 'rppg', 'mer']
2026-10-06 10:48:56,910 INFO Bundle emitted for clip 191: modalities ['macro', 'rppg', 'mer']
2026-10-06 10:48:56,913 INFO Bundle emitted for clip 192: modalities ['macro', 'rppg', 'mer']
2026-10-06 10:48:56,916 INFO Bundle emitted for clip 193: modalities ['macro', 'rppg', 'mer']
2026-10-06 10:48:56,919 INFO Bundle emitted for clip 194: modalities ['macro', 'rppg', 'mer']
2026-10-06 10:48:56,922 INFO Bundle emitted for clip 195: modalities ['macro', 'rppg', 'mer']
2026-10-06 10:48:56,925 INFO Bundle emitted for clip 196: modalities ['macro', 'rppg', 'mer']
2026-10-06 10:48:56,928 INFO Bundle emitted for clip 197: modalities ['macro', 'rppg', 'mer']
2026-10-06 10:48:56,932 INFO Bundle emitted for clip 198: modalities ['macro', 'rppg', 'mer']
2026-10-06 10:48:56,935 INFO Bundle emitted for clip 199: modalities ['macro', 'rppg', 'mer']
2026-10-06 10:48:56,938 INFO Bundle emitted for clip 200: modalities ['macro', 'rppg', 'mer']
2026-10-06 10:48:56,940 INFO Bundle emitted for clip 201: modalities ['macro', 'rppg', 'mer']
2026-10-06 10:48:56,943 INFO Bundle emitted for clip 202: modalities ['macro', 'rppg', 'mer']
2026-10-06 10:48:56,946 INFO Bundle emitted for clip 203: modalities ['macro', 'rppg', 'mer']
2026-10-06 10:48:56,949 INFO Bundle emitted for clip 204: modalities ['macro', 'rppg', 'mer']
2026-10-06 10:48:56,952 INFO Bundle emitted for clip 205: modalities ['macro', 'rppg', 'mer']
2026-10-06 10:48:56,955 INFO Bundle emitted for clip 206: modalities ['macro', 'rppg', 'mer']
2026-10-06 10:48:56,958 INFO Bundle emitted for clip 207: modalities ['macro', 'rppg', 'mer']
2026-10-06 10:48:56,961 INFO Bundle emitted for clip 208: modalities ['macro', 'rppg', 'mer']
2026-10-06 10:48:56,965 INFO Bundle emitted for clip 209: modalities ['macro', 'rppg', 'mer']
2026-10-06 10:48:56,968 INFO Bundle emitted for clip 210: modalities ['macro', 'rppg', 'mer']
2026-10-06 10:48:56,971 INFO Bundle emitted for clip 211: modalities ['macro', 'rppg', 'mer']
2026-10-06 10:48:56,975 INFO Bundle emitted for clip 212: modalities ['macro', 'rppg', 'mer']
2026-10-06 10:48:56,978 INFO Bundle emitted for clip 213: modalities ['macro', 'rppg', 'mer']
2026-10-06 10:48:56,981 INFO Bundle emitted for clip 214: modalities ['macro', 'rppg', 'mer']
2026-10-06 10:48:56,985 INFO Bundle emitted for clip 215: modalities ['macro', 'rppg', 'mer']
2026-10-06 10:48:56,987 INFO Bundle emitted for clip 216: modalities ['macro', 'rppg', 'mer']
2026-10-06 10:48:56,990 INFO Bundle emitted for clip 217: modalities ['macro', 'rppg', 'mer']
2026-10-06 10:48:56,992 INFO Bundle emitted for clip 218: modalities ['macro', 'rppg', 'mer']
2026-10-06 10:48:56,995 INFO Bundle emitted for clip 219: modalities ['macro', 'rppg', 'mer']
2026-10-06 10:48:56,998 INFO Bundle emitted for clip 220: modalities ['macro', 'rppg', 'mer']
2026-10-06 10:48:57,001 INFO Bundle emitted for clip 221: modalities ['macro', 'rppg', 'mer']
2026-10-06 10:48:57,004 INFO Bundle emitted for clip 222: modalities ['macro', 'rppg', 'mer']
2026-10-06 10:48:57,006 INFO Bundle emitted for clip 223: modalities ['macro', 'rppg', 'mer']
2026-10-06 10:48:57,009 INFO Bundle emitted for clip 224: modalities ['macro', 'rppg', 'mer']
2026-10-06 10:48:57,012 INFO Bundle emitted for clip 225: modalities ['macro', 'rppg', 'mer']
2026-10-06 10:48:57,015 INFO Bundle emitted for clip 226: modalities ['macro', 'rppg', 'mer']
2026-10-06 10:48:57,018 INFO Bundle emitted for clip 227: modalities ['macro', 'rppg', 'mer']
2026-10-06 10:48:57,021 INFO Bundle emitted for clip 228: modalities ['macro', 'rppg', 'mer']
2026-10-06 10:48:57,025 INFO Bundle emitted for clip 229: modalities ['macro', 'rppg', 'mer']
2026-10-06 10:48:57,029 INFO Bundle emitted for clip 230: modalities ['macro', 'rppg', 'mer']
2026-10-06 10:48:57,032 INFO Bundle emitted for clip 231: modalities ['macro', 'rppg', 'mer']
2026-10-06 10:48:57,035 INFO Bundle emitted for clip 232: modalities ['macro', 'rppg', 'mer']
2026-10-06 10:48:57,038 INFO Bundle emitted for clip 233: modalities ['macro', 'rppg', 'mer']
2026-10-06 10:48:57,041 INFO Bundle emitted for clip 234: modalities ['macro', 'rppg', 'mer']
2026-10-06 10:48:57,044 INFO Bundle emitted for clip 235: modalities ['macro', 'rppg', 'mer']
2026-10-06 10:48:57,046 INFO Bundle emitted for clip 236: modalities ['macro', 'rppg', 'mer']
2026-10-06 10:48:57,049 INFO Bundle emitted for clip 237: modalities ['macro', 'rppg', 'mer']
2026-10-06 10:48:57,053 INFO Bundle emitted for clip 239: modalities ['macro', 'rppg', 'mer']
2026-10-06 10:48:57,056 INFO Bundle emitted for clip 238: modalities ['macro', 'rppg', 'mer']
2026-10-06 10:48:57,059 INFO Bundle emitted for clip 240: modalities ['macro', 'rppg', 'mer']
2026-10-06 10:48:57,062 INFO Bundle emitted for clip 241: modalities ['macro', 'rppg', 'mer']
2026-10-06 10:48:57,065 INFO Bundle emitted for clip 242: modalities ['macro', 'rppg', 'mer']
2026-10-06 10:48:57,067 INFO Bundle emitted for clip 243: modalities ['macro', 'rppg', 'mer']
2026-10-06 10:48:57,071 INFO Bundle emitted for clip 244: modalities ['macro', 'rppg', 'mer']
2026-10-06 10:48:57,073 INFO Bundle emitted for clip 245: modalities ['macro', 'rppg', 'mer']
2026-10-06 10:48:57,077 INFO Bundle emitted for clip 246: modalities ['macro', 'rppg', 'mer']
2026-10-06 10:48:57,080 INFO Bundle emitted for clip 247: modalities ['macro', 'rppg', 'mer']
2026-10-06 10:48:57,084 INFO Bundle emitted for clip 249: modalities ['macro', 'rppg', 'mer']
2026-10-06 10:48:57,087 INFO Bundle emitted for clip 248: modalities ['macro', 'rppg', 'mer']
2026-10-06 10:48:57,090 INFO Bundle emitted for clip 250: modalities ['macro', 'rppg', 'mer']
2026-10-06 10:48:57,093 INFO Bundle emitted for clip 251: modalities ['macro', 'rppg', 'mer']
2026-10-06 10:48:57,096 INFO Bundle emitted for clip 253: modalities ['macro', 'rppg', 'mer']
2026-10-06 10:48:57,098 INFO Bundle emitted for clip 252: modalities ['macro', 'rppg', 'mer']
2026-10-06 10:48:57,101 INFO Bundle emitted for clip 255: modalities ['macro', 'rppg', 'mer']
2026-10-06 10:48:57,104 INFO Bundle emitted for clip 254: modalities ['macro', 'rppg', 'mer']
2026-10-06 10:48:57,107 INFO Bundle emitted for clip 257: modalities ['macro', 'rppg', 'mer']
2026-10-06 10:48:57,110 INFO Bundle emitted for clip 256: modalities ['macro', 'rppg', 'mer']
2026-10-06 10:48:57,115 INFO Bundle emitted for clip 259: modalities ['macro', 'rppg', 'mer']
2026-10-06 10:48:57,119 INFO Bundle emitted for clip 258: modalities ['macro', 'rppg', 'mer']
2026-10-06 10:48:57,124 INFO Bundle emitted for clip 261: modalities ['macro', 'rppg', 'mer']
2026-10-06 10:48:57,127 INFO Bundle emitted for clip 260: modalities ['macro', 'rppg', 'mer']
2026-10-06 10:48:57,130 INFO Bundle emitted for clip 262: modalities ['macro', 'rppg', 'mer']
2026-10-06 10:48:57,133 INFO Bundle emitted for clip 263: modalities ['macro', 'rppg', 'mer']
2026-10-06 10:48:57,137 INFO Bundle emitted for clip 264: modalities ['macro', 'rppg', 'mer']
2026-10-06 10:48:57,144 INFO Bundle emitted for clip 265: modalities ['macro', 'rppg', 'mer']
2026-10-06 10:48:57,147 INFO Bundle emitted for clip 266: modalities ['macro', 'rppg', 'mer']
2026-10-06 10:48:57,151 INFO Bundle emitted for clip 267: modalities ['macro', 'rppg', 'mer']
2026-10-06 10:48:57,155 INFO Bundle emitted for clip 268: modalities ['macro', 'rppg', 'mer']
2026-10-06 10:48:57,161 INFO Bundle emitted for clip 269: modalities ['macro', 'rppg', 'mer']
2026-10-06 10:48:57,165 INFO Bundle emitted for clip 270: modalities ['macro', 'rppg', 'mer']
2026-10-06 10:48:57,170 INFO Bundle emitted for clip 271: modalities ['macro', 'rppg', 'mer']
2026-10-06 10:48:57,176 INFO Bundle emitted for clip 272: modalities ['macro', 'rppg', 'mer']
2026-10-06 10:48:57,180 INFO Bundle emitted for clip 273: modalities ['macro', 'rppg', 'mer']
2026-10-06 10:48:57,183 INFO Bundle emitted for clip 274: modalities ['macro', 'rppg', 'mer']
2026-10-06 10:48:57,186 INFO Bundle emitted for clip 275: modalities ['macro', 'rppg', 'mer']
2026-10-06 10:48:57,190 INFO Bundle emitted for clip 276: modalities ['macro', 'rppg', 'mer']
2026-10-06 10:48:57,194 INFO Bundle emitted for clip 277: modalities ['macro', 'rppg', 'mer']
2026-10-06 10:48:57,197 INFO Bundle emitted for clip 278: modalities ['macro', 'rppg', 'mer']
2026-10-06 10:48:57,201 INFO Bundle emitted for clip 279: modalities ['macro', 'rppg', 'mer']
2026-10-06 10:48:57,204 INFO Bundle emitted for clip 280: modalities ['macro', 'rppg', 'mer']
2026-10-06 10:48:57,207 INFO Bundle emitted for clip 281: modalities ['macro', 'rppg', 'mer']
2026-10-06 10:48:57,209 INFO Bundle emitted for clip 282: modalities ['macro', 'rppg', 'mer']
2026-10-06 10:48:57,212 INFO Bundle emitted for clip 283: modalities ['macro', 'rppg', 'mer']
2026-10-06 10:48:57,215 INFO Bundle emitted for clip 284: modalities ['macro', 'rppg', 'mer']
2026-10-06 10:48:57,217 INFO Bundle emitted for clip 285: modalities ['macro', 'rppg', 'mer']
2026-10-06 10:48:57,220 INFO Bundle emitted for clip 286: modalities ['macro', 'rppg', 'mer']
2026-10-06 10:48:57,222 INFO Bundle emitted for clip 287: modalities ['macro', 'rppg', 'mer']
2026-10-06 10:48:57,225 INFO Bundle emitted for clip 288: modalities ['macro', 'rppg', 'mer']
2026-10-06 10:48:57,227 INFO Bundle emitted for clip 289: modalities ['macro', 'rppg', 'mer']
2026-10-06 10:48:57,230 INFO Bundle emitted for clip 290: modalities ['macro', 'rppg', 'mer']
2026-10-06 10:48:57,232 INFO Bundle emitted for clip 291: modalities ['macro', 'rppg', 'mer']
2026-10-06 10:48:57,235 INFO Bundle emitted for clip 292: modalities ['macro', 'rppg', 'mer']
2026-10-06 10:48:57,237 INFO Bundle emitted for clip 293: modalities ['macro', 'rppg', 'mer']
2026-10-06 10:48:57,240 INFO Bundle emitted for clip 294: modalities ['macro', 'rppg', 'mer']
2026-10-06 10:48:57,242 INFO Bundle emitted for clip 295: modalities ['macro', 'rppg', 'mer']
2026-10-06 10:48:57,245 INFO Bundle emitted for clip 296: modalities ['macro', 'rppg', 'mer']
2026-10-06 10:48:57,247 INFO Bundle emitted for clip 297: modalities ['macro', 'rppg', 'mer']
2026-10-06 10:48:57,250 INFO Bundle emitted for clip 298: modalities ['macro', 'rppg', 'mer']
2026-10-06 10:48:57,252 INFO Bundle emitted for clip 299: modalities ['macro', 'rppg', 'mer']
2026-10-06 10:48:57,255 INFO Bundle emitted for clip 300: modalities ['macro', 'rppg', 'mer']
2026-10-06 10:48:57,257 INFO Bundle emitted for clip 301: modalities ['macro', 'rppg', 'mer']
2026-10-06 10:48:57,260 INFO Bundle emitted for clip 302: modalities ['macro', 'rppg', 'mer']
2026-10-06 10:48:57,262 INFO Bundle emitted for clip 303: modalities ['macro', 'rppg', 'mer']
2026-10-06 10:48:57,265 INFO Bundle emitted for clip 304: modalities ['macro', 'rppg', 'mer']
2026-10-06 10:48:57,267 INFO Bundle emitted for clip 305: modalities ['macro', 'rppg', 'mer']
2026-10-06 10:48:57,270 INFO Bundle emitted for clip 306: modalities ['macro', 'rppg', 'mer']
2026-10-06 10:48:57,273 INFO Bundle emitted for clip 307: modalities ['macro', 'rppg', 'mer']
2026-10-06 10:48:57,275 INFO Bundle emitted for clip 308: modalities ['macro', 'rppg', 'mer']
2026-10-06 10:48:57,278 INFO Bundle emitted for clip 309: modalities ['macro', 'rppg', 'mer']
2026-10-06 10:48:57,280 INFO Bundle emitted for clip 310: modalities ['macro', 'rppg', 'mer']
2026-10-06 10:48:57,283 INFO Bundle emitted for clip 311: modalities ['macro', 'rppg', 'mer']
2026-10-06 10:48:57,286 INFO Bundle emitted for clip 312: modalities ['macro', 'rppg', 'mer']
2026-10-06 10:48:57,289 INFO Bundle emitted for clip 313: modalities ['macro', 'rppg', 'mer']
2026-10-06 10:48:57,291 INFO Bundle emitted for clip 314: modalities ['macro', 'rppg', 'mer']
2026-10-06 10:48:57,294 INFO Bundle emitted for clip 315: modalities ['macro', 'rppg', 'mer']
2026-10-06 10:48:57,297 INFO Bundle emitted for clip 316: modalities ['macro', 'rppg', 'mer']
2026-10-06 10:48:57,300 INFO Bundle emitted for clip 317: modalities ['macro', 'rppg', 'mer']
2026-10-06 10:48:57,302 INFO Bundle emitted for clip 318: modalities ['macro', 'rppg', 'mer']
2026-10-06 10:48:57,304 INFO Bundle emitted for clip 319: modalities ['macro', 'rppg', 'mer']
2026-10-06 10:48:57,307 INFO Bundle emitted for clip 320: modalities ['macro', 'rppg', 'mer']
2026-10-06 10:48:57,310 INFO Bundle emitted for clip 321: modalities ['macro', 'rppg', 'mer']
2026-10-06 10:48:57,312 INFO Bundle emitted for clip 322: modalities ['macro', 'rppg', 'mer']
2026-10-06 10:48:57,315 INFO Bundle emitted for clip 323: modalities ['macro', 'rppg', 'mer']
2026-10-06 10:48:57,318 INFO Bundle emitted for clip 324: modalities ['macro', 'rppg', 'mer']
2026-10-06 10:48:57,320 INFO Bundle emitted for clip 325: modalities ['macro', 'rppg', 'mer']
2026-10-06 10:48:57,322 INFO Bundle emitted for clip 326: modalities ['macro', 'rppg', 'mer']
2026-10-06 10:48:57,325 INFO Bundle emitted for clip 327: modalities ['macro', 'rppg', 'mer']
2026-10-06 10:48:57,327 INFO Bundle emitted for clip 328: modalities ['macro', 'rppg', 'mer']
2026-10-06 10:48:57,331 INFO Bundle emitted for clip 329: modalities ['macro', 'rppg', 'mer']
2026-10-06 10:48:57,333 INFO Bundle emitted for clip 330: modalities ['macro', 'rppg', 'mer']
2026-10-06 10:48:57,336 INFO Bundle emitted for clip 331: modalities ['macro', 'rppg', 'mer']
2026-10-06 10:48:57,338 INFO Bundle emitted for clip 332: modalities ['macro', 'rppg', 'mer']
2026-10-06 10:48:57,341 INFO Bundle emitted for clip 333: modalities ['macro', 'rppg', 'mer']
2026-10-06 10:48:57,343 INFO Bundle emitted for clip 334: modalities ['macro', 'rppg', 'mer']
2026-10-06 10:48:57,346 INFO Bundle emitted for clip 335: modalities ['macro', 'rppg', 'mer']
2026-10-06 10:48:57,349 INFO Bundle emitted for clip 336: modalities ['macro', 'rppg', 'mer']
2026-10-06 10:48:57,353 INFO Bundle emitted for clip 337: modalities ['macro', 'rppg', 'mer']
2026-10-06 10:48:57,369 INFO Bundle emitted for clip 338: modalities ['macro', 'rppg', 'mer']
2026-10-06 10:48:57,372 INFO Bundle emitted for clip 339: modalities ['macro', 'rppg', 'mer']
2026-10-06 10:48:57,376 INFO Bundle emitted for clip 340: modalities ['macro', 'rppg', 'mer']
2026-10-06 10:48:57,380 INFO Bundle emitted for clip 341: modalities ['macro', 'rppg', 'mer']
2026-10-06 10:48:57,384 INFO Bundle emitted for clip 342: modalities ['macro', 'rppg', 'mer']
2026-10-06 10:48:57,387 INFO Bundle emitted for clip 343: modalities ['macro', 'rppg', 'mer']
2026-10-06 10:48:57,390 INFO Bundle emitted for clip 344: modalities ['macro', 'rppg', 'mer']
2026-10-06 10:48:57,393 INFO Bundle emitted for clip 345: modalities ['macro', 'rppg', 'mer']
2026-10-06 10:48:57,397 INFO Bundle emitted for clip 346: modalities ['macro', 'rppg', 'mer']
2026-10-06 10:48:57,400 INFO Bundle emitted for clip 347: modalities ['macro', 'rppg', 'mer']
2026-10-06 10:48:57,403 INFO Bundle emitted for clip 348: modalities ['macro', 'rppg', 'mer']
2026-10-06 10:48:57,407 INFO Bundle emitted for clip 349: modalities ['macro', 'rppg', 'mer']
2026-10-06 10:48:57,411 INFO Bundle emitted for clip 350: modalities ['macro', 'rppg', 'mer']
2026-10-06 10:48:57,414 INFO Bundle emitted for clip 351: modalities ['macro', 'rppg', 'mer']
2026-10-06 10:48:57,417 INFO Bundle emitted for clip 352: modalities ['macro', 'rppg', 'mer']
2026-10-06 10:48:57,421 INFO Bundle emitted for clip 353: modalities ['macro', 'rppg', 'mer']
2026-10-06 10:48:57,426 INFO Bundle emitted for clip 354: modalities ['macro', 'rppg', 'mer']
2026-10-06 10:48:57,429 INFO Bundle emitted for clip 355: modalities ['macro', 'rppg', 'mer']
2026-10-06 10:48:57,433 INFO Bundle emitted for clip 356: modalities ['macro', 'rppg', 'mer']
2026-10-06 10:48:57,437 INFO Bundle emitted for clip 357: modalities ['macro', 'rppg', 'mer']
2026-10-06 10:48:57,440 INFO Bundle emitted for clip 358: modalities ['macro', 'rppg', 'mer']
2026-10-06 10:48:57,445 INFO Bundle emitted for clip 359: modalities ['macro', 'rppg', 'mer']
2026-10-06 10:48:57,449 INFO Bundle emitted for clip 360: modalities ['macro', 'rppg', 'mer']
2026-10-06 10:48:57,452 INFO Bundle emitted for clip 361: modalities ['macro', 'rppg', 'mer']
2026-10-06 10:48:57,456 INFO Bundle emitted for clip 362: modalities ['macro', 'rppg', 'mer']
2026-10-06 10:48:57,459 INFO Bundle emitted for clip 363: modalities ['macro', 'rppg', 'mer']
2026-10-06 10:48:57,463 INFO Bundle emitted for clip 364: modalities ['macro', 'rppg', 'mer']
2026-10-06 10:48:57,467 INFO Bundle emitted for clip 365: modalities ['macro', 'rppg', 'mer']
2026-10-06 10:48:57,470 INFO Bundle emitted for clip 367: modalities ['macro', 'rppg', 'mer']
2026-10-06 10:48:57,474 INFO Bundle emitted for clip 366: modalities ['macro', 'rppg', 'mer']
2026-10-06 10:48:57,477 INFO Bundle emitted for clip 368: modalities ['macro', 'rppg', 'mer']
2026-10-06 10:48:57,481 INFO Bundle emitted for clip 369: modalities ['macro', 'rppg', 'mer']
2026-10-06 10:48:57,485 INFO Bundle emitted for clip 371: modalities ['macro', 'rppg', 'mer']
2026-10-06 10:48:57,489 INFO Bundle emitted for clip 370: modalities ['macro', 'rppg', 'mer']
2026-10-06 10:48:57,492 INFO Bundle emitted for clip 372: modalities ['macro', 'rppg', 'mer']
2026-10-06 10:48:57,496 INFO Bundle emitted for clip 373: modalities ['macro', 'rppg', 'mer']
2026-10-06 10:48:57,499 INFO Bundle emitted for clip 374: modalities ['macro', 'rppg', 'mer']
2026-10-06 10:48:57,503 INFO Bundle emitted for clip 375: modalities ['macro', 'rppg', 'mer']
2026-10-06 10:48:57,507 INFO Bundle emitted for clip 376: modalities ['macro', 'rppg', 'mer']
2026-10-06 10:48:57,511 INFO Bundle emitted for clip 377: modalities ['macro', 'rppg', 'mer']
2026-10-06 10:48:57,514 INFO Bundle emitted for clip 378: modalities ['macro', 'rppg', 'mer']
2026-10-06 10:48:57,518 INFO Bundle emitted for clip 379: modalities ['macro', 'rppg', 'mer']
2026-10-06 10:48:57,522 INFO Bundle emitted for clip 380: modalities ['macro', 'rppg', 'mer']
2026-10-06 10:48:57,525 INFO Bundle emitted for clip 381: modalities ['macro', 'rppg', 'mer']
2026-10-06 10:48:57,529 INFO Bundle emitted for clip 382: modalities ['macro', 'rppg', 'mer']
2026-10-06 10:48:57,533 INFO Bundle emitted for clip 383: modalities ['macro', 'rppg', 'mer']
2026-10-06 10:48:57,537 INFO Bundle emitted for clip 385: modalities ['macro', 'rppg', 'mer']
2026-10-06 10:48:57,540 INFO Bundle emitted for clip 384: modalities ['macro', 'rppg', 'mer']
2026-10-06 10:48:57,544 INFO Bundle emitted for clip 386: modalities ['macro', 'rppg', 'mer']
2026-10-06 10:48:57,547 INFO Bundle emitted for clip 387: modalities ['macro', 'rppg', 'mer']
2026-10-06 10:48:57,551 INFO Bundle emitted for clip 388: modalities ['macro', 'rppg', 'mer']
2026-10-06 10:48:57,558 INFO Bundle emitted for clip 389: modalities ['macro', 'rppg', 'mer']
2026-10-06 10:48:57,562 INFO Bundle emitted for clip 390: modalities ['macro', 'rppg', 'mer']
2026-10-06 10:48:57,566 INFO Bundle emitted for clip 391: modalities ['macro', 'rppg', 'mer']
2026-10-06 10:48:57,570 INFO Bundle emitted for clip 393: modalities ['macro', 'rppg', 'mer']
2026-10-06 10:48:57,575 INFO Bundle emitted for clip 392: modalities ['macro', 'rppg', 'mer']
2026-10-06 10:48:57,578 INFO Bundle emitted for clip 394: modalities ['macro', 'rppg', 'mer']
2026-10-06 10:48:57,581 INFO Bundle emitted for clip 395: modalities ['macro', 'rppg', 'mer']
2026-10-06 10:48:57,584 INFO Bundle emitted for clip 397: modalities ['macro', 'rppg', 'mer']
2026-10-06 10:48:57,587 INFO Bundle emitted for clip 396: modalities ['macro', 'rppg', 'mer']
2026-10-06 10:48:57,590 INFO Bundle emitted for clip 399: modalities ['macro', 'rppg', 'mer']
2026-10-06 10:48:57,593 INFO Bundle emitted for clip 398: modalities ['macro', 'rppg', 'mer']
2026-10-06 10:48:57,595 INFO Bundle emitted for clip 400: modalities ['macro', 'rppg', 'mer']
2026-10-06 10:48:57,600 INFO Bundle emitted for clip 401: modalities ['macro', 'rppg', 'mer']
2026-10-06 10:48:57,604 INFO Bundle emitted for clip 402: modalities ['macro', 'rppg', 'mer']
2026-10-06 10:48:57,607 INFO Bundle emitted for clip 403: modalities ['macro', 'rppg', 'mer']
2026-10-06 10:48:57,611 INFO Bundle emitted for clip 404: modalities ['macro', 'rppg', 'mer']
2026-10-06 10:48:57,614 INFO Bundle emitted for clip 405: modalities ['macro', 'rppg', 'mer']
2026-10-06 10:48:57,618 INFO Bundle emitted for clip 407: modalities ['macro', 'rppg', 'mer']
2026-10-06 10:48:57,621 INFO Bundle emitted for clip 406: modalities ['macro', 'rppg', 'mer']
2026-10-06 10:48:57,624 INFO Bundle emitted for clip 408: modalities ['macro', 'rppg', 'mer']
2026-10-06 10:48:57,628 INFO Bundle emitted for clip 409: modalities ['macro', 'rppg', 'mer']
2026-10-06 10:48:57,631 INFO Bundle emitted for clip 410: modalities ['macro', 'rppg', 'mer']
2026-10-06 10:48:57,635 INFO Bundle emitted for clip 411: modalities ['macro', 'rppg', 'mer']
2026-10-06 10:48:57,639 INFO Bundle emitted for clip 412: modalities ['macro', 'rppg', 'mer']
2026-10-06 10:48:57,642 INFO Bundle emitted for clip 413: modalities ['macro', 'rppg', 'mer']
2026-10-06 10:48:57,644 INFO Bundle emitted for clip 415: modalities ['macro', 'rppg', 'mer']
2026-10-06 10:48:57,647 INFO Bundle emitted for clip 414: modalities ['macro', 'rppg', 'mer']
2026-10-06 10:48:57,650 INFO Bundle emitted for clip 416: modalities ['macro', 'rppg', 'mer']
2026-10-06 10:48:57,652 INFO Bundle emitted for clip 417: modalities ['macro', 'rppg', 'mer']
2026-10-06 10:48:57,655 INFO Bundle emitted for clip 418: modalities ['macro', 'rppg', 'mer']
2026-10-06 10:48:57,657 INFO Bundle emitted for clip 419: modalities ['macro', 'rppg', 'mer']
2026-10-06 10:48:57,660 INFO Bundle emitted for clip 420: modalities ['macro', 'rppg', 'mer']
2026-10-06 10:48:57,663 INFO Bundle emitted for clip 421: modalities ['macro', 'rppg', 'mer']
2026-10-06 10:48:57,666 INFO Bundle emitted for clip 423: modalities ['macro', 'rppg', 'mer']
2026-10-06 10:48:57,668 INFO Bundle emitted for clip 422: modalities ['macro', 'rppg', 'mer']
2026-10-06 10:48:57,670 INFO Bundle emitted for clip 424: modalities ['macro', 'rppg', 'mer']
2026-10-06 10:48:57,673 INFO Bundle emitted for clip 425: modalities ['macro', 'rppg', 'mer']
2026-10-06 10:48:57,675 INFO Bundle emitted for clip 426: modalities ['macro', 'rppg', 'mer']
2026-10-06 10:48:57,678 INFO Bundle emitted for clip 427: modalities ['macro', 'rppg', 'mer']
2026-10-06 10:48:57,681 INFO Bundle emitted for clip 428: modalities ['macro', 'rppg', 'mer']
2026-10-06 10:48:57,684 INFO Bundle emitted for clip 429: modalities ['macro', 'rppg', 'mer']
2026-10-06 10:48:57,686 INFO Bundle emitted for clip 430: modalities ['macro', 'rppg', 'mer']
2026-10-06 10:48:57,689 INFO Bundle emitted for clip 431: modalities ['macro', 'rppg', 'mer']
2026-10-06 10:48:57,692 INFO Bundle emitted for clip 432: modalities ['macro', 'rppg', 'mer']
2026-10-06 10:48:57,695 INFO Bundle emitted for clip 433: modalities ['macro', 'rppg', 'mer']
2026-10-06 10:48:57,698 INFO Bundle emitted for clip 434: modalities ['macro', 'rppg', 'mer']
2026-10-06 10:48:57,701 INFO Bundle emitted for clip 435: modalities ['macro', 'rppg', 'mer']
2026-10-06 10:48:57,703 INFO Bundle emitted for clip 436: modalities ['macro', 'rppg', 'mer']
2026-10-06 10:48:57,706 INFO Bundle emitted for clip 437: modalities ['macro', 'rppg', 'mer']
2026-10-06 10:48:57,709 INFO Bundle emitted for clip 438: modalities ['macro', 'rppg', 'mer']
2026-10-06 10:48:57,712 INFO Bundle emitted for clip 439: modalities ['macro', 'rppg', 'mer']
2026-10-06 10:48:57,714 INFO Bundle emitted for clip 440: modalities ['macro', 'rppg', 'mer']
2026-10-06 10:48:57,717 INFO Bundle emitted for clip 441: modalities ['macro', 'rppg', 'mer']
2026-10-06 10:48:57,720 INFO Bundle emitted for clip 442: modalities ['macro', 'rppg', 'mer']
2026-10-06 10:48:57,723 INFO Bundle emitted for clip 443: modalities ['macro', 'rppg', 'mer']
2026-10-06 10:48:57,726 INFO Bundle emitted for clip 444: modalities ['macro', 'rppg', 'mer']
2026-10-06 10:48:57,729 INFO Bundle emitted for clip 445: modalities ['macro', 'rppg', 'mer']
2026-10-06 10:48:57,732 INFO Bundle emitted for clip 446: modalities ['macro', 'rppg', 'mer']
2026-10-06 10:48:57,735 INFO Bundle emitted for clip 447: modalities ['macro', 'rppg', 'mer']
2026-10-06 10:48:57,739 INFO Bundle emitted for clip 448: modalities ['macro', 'rppg', 'mer']
2026-10-06 10:48:57,742 INFO Bundle emitted for clip 449: modalities ['macro', 'rppg', 'mer']
2026-10-06 10:48:57,745 INFO Bundle emitted for clip 451: modalities ['macro', 'rppg', 'mer']
2026-10-06 10:48:57,748 INFO Bundle emitted for clip 450: modalities ['macro', 'rppg', 'mer']
2026-10-06 10:48:57,751 INFO Bundle emitted for clip 452: modalities ['macro', 'rppg', 'mer']
2026-10-06 10:48:57,754 INFO Bundle emitted for clip 453: modalities ['macro', 'rppg', 'mer']
2026-10-06 10:48:57,757 INFO Bundle emitted for clip 454: modalities ['macro', 'rppg', 'mer']
2026-10-06 10:48:57,760 INFO Bundle emitted for clip 455: modalities ['macro', 'rppg', 'mer']
2026-10-06 10:48:57,763 INFO Bundle emitted for clip 456: modalities ['macro', 'rppg', 'mer']
2026-10-06 10:48:57,766 INFO Bundle emitted for clip 457: modalities ['macro', 'rppg', 'mer']
2026-10-06 10:48:57,769 INFO Bundle emitted for clip 458: modalities ['macro', 'rppg', 'mer']
2026-10-06 10:48:57,773 INFO Bundle emitted for clip 459: modalities ['macro', 'rppg', 'mer']
2026-10-06 10:48:57,776 INFO Bundle emitted for clip 460: modalities ['macro', 'rppg', 'mer']
2026-10-06 10:48:57,779 INFO Bundle emitted for clip 461: modalities ['macro', 'rppg', 'mer']
2026-10-06 10:48:57,783 INFO Bundle emitted for clip 462: modalities ['macro', 'rppg', 'mer']
2026-10-06 10:48:57,785 INFO Bundle emitted for clip 463: modalities ['macro', 'rppg', 'mer']
2026-10-06 10:48:57,788 INFO Bundle emitted for clip 464: modalities ['macro', 'rppg', 'mer']
2026-10-06 10:48:57,791 INFO Bundle emitted for clip 465: modalities ['macro', 'rppg', 'mer']
2026-10-06 10:48:57,794 INFO Bundle emitted for clip 466: modalities ['macro', 'rppg', 'mer']
2026-10-06 10:48:57,797 INFO Bundle emitted for clip 467: modalities ['macro', 'rppg', 'mer']
2026-10-06 10:48:57,801 INFO Bundle emitted for clip 468: modalities ['macro', 'rppg', 'mer']
2026-10-06 10:48:57,804 INFO Bundle emitted for clip 469: modalities ['macro', 'rppg', 'mer']
2026-10-06 10:48:57,807 INFO Bundle emitted for clip 470: modalities ['macro', 'rppg', 'mer']
2026-10-06 10:48:57,810 INFO Bundle emitted for clip 471: modalities ['macro', 'rppg', 'mer']
2026-10-06 10:48:57,813 INFO Bundle emitted for clip 472: modalities ['macro', 'rppg', 'mer']
2026-10-06 10:48:57,816 INFO Bundle emitted for clip 473: modalities ['macro', 'rppg', 'mer']
2026-10-06 10:48:57,819 INFO Bundle emitted for clip 474: modalities ['macro', 'rppg', 'mer']
2026-10-06 10:48:57,822 INFO Bundle emitted for clip 475: modalities ['macro', 'rppg', 'mer']
2026-10-06 10:48:57,825 INFO Bundle emitted for clip 476: modalities ['macro', 'rppg', 'mer']
2026-10-06 10:48:57,828 INFO Bundle emitted for clip 477: modalities ['macro', 'rppg', 'mer']
2026-10-06 10:48:57,832 INFO Bundle emitted for clip 478: modalities ['macro', 'rppg', 'mer']
2026-10-06 10:48:57,835 INFO Bundle emitted for clip 479: modalities ['macro', 'rppg', 'mer']
2026-10-06 10:48:57,837 INFO Bundle emitted for clip 480: modalities ['macro', 'rppg', 'mer']
2026-10-06 10:48:57,841 INFO Bundle emitted for clip 481: modalities ['macro', 'rppg', 'mer']
2026-10-06 10:48:57,844 INFO Bundle emitted for clip 482: modalities ['macro', 'rppg', 'mer']
2026-10-06 10:48:57,847 INFO Bundle emitted for clip 483: modalities ['macro', 'rppg', 'mer']
2026-10-06 10:48:57,849 INFO Bundle emitted for clip 484: modalities ['macro', 'rppg', 'mer']
2026-10-06 10:48:57,853 INFO Bundle emitted for clip 485: modalities ['macro', 'rppg', 'mer']
2026-10-06 10:48:57,857 INFO Bundle emitted for clip 486: modalities ['macro', 'rppg', 'mer']
2026-10-06 10:48:57,860 INFO Bundle emitted for clip 487: modalities ['macro', 'rppg', 'mer']
2026-10-06 10:48:57,863 INFO Bundle emitted for clip 488: modalities ['macro', 'rppg', 'mer']
2026-10-06 10:48:57,866 INFO Bundle emitted for clip 489: modalities ['macro', 'rppg', 'mer']
2026-10-06 10:48:57,869 INFO Bundle emitted for clip 490: modalities ['macro', 'rppg', 'mer']
2026-10-06 10:48:57,871 INFO Bundle emitted for clip 491: modalities ['macro', 'rppg', 'mer']
2026-10-06 10:48:57,874 INFO Bundle emitted for clip 492: modalities ['macro', 'rppg', 'mer']
2026-10-06 10:48:57,876 INFO Bundle emitted for clip 493: modalities ['macro', 'rppg', 'mer']
2026-10-06 10:48:57,879 INFO Bundle emitted for clip 494: modalities ['macro', 'rppg', 'mer']
2026-10-06 10:48:57,881 INFO Bundle emitted for clip 495: modalities ['macro', 'rppg', 'mer']
2026-10-06 10:48:57,884 INFO Bundle emitted for clip 496: modalities ['macro', 'rppg', 'mer']
2026-10-06 10:48:57,887 INFO Bundle emitted for clip 497: modalities ['macro', 'rppg', 'mer']
2026-10-06 10:48:57,890 INFO Bundle emitted for clip 498: modalities ['macro', 'rppg', 'mer']
2026-10-06 10:48:57,917 INFO Bundle emitted for clip 499: modalities ['macro', 'rppg', 'mer']
2026-10-06 10:48:57,919 INFO Bundle emitted for clip 500: modalities ['macro', 'rppg', 'mer']
2026-10-06 10:48:57,922 INFO Bundle emitted for clip 501: modalities ['macro', 'rppg', 'mer']
2026-10-06 10:48:57,924 INFO Bundle emitted for clip 502: modalities ['macro', 'rppg', 'mer']
2026-10-06 10:48:57,927 INFO Bundle emitted for clip 503: modalities ['macro', 'rppg', 'mer']
2026-10-06 10:48:57,929 INFO Bundle emitted for clip 504: modalities ['macro', 'rppg', 'mer']
2026-10-06 10:48:57,932 INFO Bundle emitted for clip 505: modalities ['macro', 'rppg', 'mer']
2026-10-06 10:48:57,935 INFO Bundle emitted for clip 506: modalities ['macro', 'rppg', 'mer']
2026-10-06 10:48:57,937 INFO Bundle emitted for clip 507: modalities ['macro', 'rppg', 'mer']
2026-10-06 10:48:57,940 INFO Bundle emitted for clip 508: modalities ['macro', 'rppg', 'mer']
2026-10-06 10:48:57,942 INFO Bundle emitted for clip 509: modalities ['macro', 'rppg', 'mer']
2026-10-06 10:48:57,945 INFO Bundle emitted for clip 510: modalities ['macro', 'rppg', 'mer']
2026-10-06 10:48:57,947 INFO Bundle emitted for clip 511: modalities ['macro', 'rppg', 'mer']
2026-10-06 10:48:57,950 INFO Bundle emitted for clip 512: modalities ['macro', 'rppg', 'mer']
2026-10-06 10:48:57,953 INFO Bundle emitted for clip 513: modalities ['macro', 'rppg', 'mer']
2026-10-06 10:48:57,955 INFO Bundle emitted for clip 514: modalities ['macro', 'rppg', 'mer']
2026-10-06 10:48:57,958 INFO Bundle emitted for clip 515: modalities ['macro', 'rppg', 'mer']
2026-10-06 10:48:57,961 INFO Bundle emitted for clip 516: modalities ['macro', 'rppg', 'mer']
2026-10-06 10:48:57,963 INFO Bundle emitted for clip 517: modalities ['macro', 'rppg', 'mer']
2026-10-06 10:48:57,966 INFO Bundle emitted for clip 518: modalities ['macro', 'rppg', 'mer']
2026-10-06 10:48:57,968 INFO Bundle emitted for clip 519: modalities ['macro', 'rppg', 'mer']
2026-10-06 10:48:57,971 INFO Bundle emitted for clip 520: modalities ['macro', 'rppg', 'mer']
2026-10-06 10:48:57,974 INFO Bundle emitted for clip 521: modalities ['macro', 'rppg', 'mer']
2026-10-06 10:48:57,976 INFO Bundle emitted for clip 522: modalities ['macro', 'rppg', 'mer']
2026-10-06 10:48:57,979 INFO Bundle emitted for clip 523: modalities ['macro', 'rppg', 'mer']
2026-10-06 10:48:57,982 INFO Bundle emitted for clip 524: modalities ['macro', 'rppg', 'mer']
2026-10-06 10:48:57,985 INFO Bundle emitted for clip 525: modalities ['macro', 'rppg', 'mer']
2026-10-06 10:48:57,987 INFO Bundle emitted for clip 526: modalities ['macro', 'rppg', 'mer']
2026-10-06 10:48:57,990 INFO Bundle emitted for clip 527: modalities ['macro', 'rppg', 'mer']
2026-10-06 10:48:57,993 INFO Bundle emitted for clip 528: modalities ['macro', 'rppg', 'mer']
2026-10-06 10:48:57,996 INFO Bundle emitted for clip 529: modalities ['macro', 'rppg', 'mer']
2026-10-06 10:48:57,999 INFO Bundle emitted for clip 531: modalities ['macro', 'rppg', 'mer']
2026-10-06 10:48:58,001 INFO Bundle emitted for clip 530: modalities ['macro', 'rppg', 'mer']
2026-10-06 10:48:58,004 INFO Bundle emitted for clip 532: modalities ['macro', 'rppg', 'mer']
2026-10-06 10:48:58,007 INFO Bundle emitted for clip 533: modalities ['macro', 'rppg', 'mer']
2026-10-06 10:48:58,009 INFO Bundle emitted for clip 534: modalities ['macro', 'rppg', 'mer']
2026-10-06 10:48:58,012 INFO Bundle emitted for clip 535: modalities ['macro', 'rppg', 'mer']
2026-10-06 10:48:58,015 INFO Bundle emitted for clip 537: modalities ['macro', 'rppg', 'mer']
2026-10-06 10:48:58,017 INFO Bundle emitted for clip 536: modalities ['macro', 'rppg', 'mer']
2026-10-06 10:48:58,019 INFO Bundle emitted for clip 538: modalities ['macro', 'rppg', 'mer']
2026-10-06 10:48:58,022 INFO Bundle emitted for clip 539: modalities ['macro', 'rppg', 'mer']
2026-10-06 10:48:58,024 INFO Bundle emitted for clip 540: modalities ['macro', 'rppg', 'mer']
2026-10-06 10:48:58,027 INFO Bundle emitted for clip 541: modalities ['macro', 'rppg', 'mer']
2026-10-06 10:48:58,030 INFO Bundle emitted for clip 542: modalities ['macro', 'rppg', 'mer']
2026-10-06 10:48:58,033 INFO Bundle emitted for clip 543: modalities ['macro', 'rppg', 'mer']
2026-10-06 10:48:58,035 INFO Bundle emitted for clip 544: modalities ['macro', 'rppg', 'mer']
2026-10-06 10:48:58,038 INFO Bundle emitted for clip 545: modalities ['macro', 'rppg', 'mer']
2026-10-06 10:48:58,041 INFO Bundle emitted for clip 546: modalities ['macro', 'rppg', 'mer']
2026-10-06 10:48:58,044 INFO Bundle emitted for clip 547: modalities ['macro', 'rppg', 'mer']
2026-10-06 10:48:58,046 INFO Bundle emitted for clip 549: modalities ['macro', 'rppg', 'mer']
2026-10-06 10:48:58,049 INFO Bundle emitted for clip 548: modalities ['macro', 'rppg', 'mer']
2026-10-06 10:48:58,052 INFO Bundle emitted for clip 550: modalities ['macro', 'rppg', 'mer']
2026-10-06 10:48:58,054 INFO Bundle emitted for clip 551: modalities ['macro', 'rppg', 'mer']
2026-10-06 10:48:58,057 INFO Bundle emitted for clip 552: modalities ['macro', 'rppg', 'mer']
2026-10-06 10:48:58,060 INFO Bundle emitted for clip 553: modalities ['macro', 'rppg', 'mer']
2026-10-06 10:48:58,062 INFO Bundle emitted for clip 554: modalities ['macro', 'rppg', 'mer']
2026-10-06 10:48:58,065 INFO Bundle emitted for clip 555: modalities ['macro', 'rppg', 'mer']
2026-10-06 10:48:58,067 INFO Bundle emitted for clip 556: modalities ['macro', 'rppg', 'mer']
2026-10-06 10:48:58,070 INFO Bundle emitted for clip 557: modalities ['macro', 'rppg', 'mer']
2026-10-06 10:48:58,072 INFO Bundle emitted for clip 558: modalities ['macro', 'rppg', 'mer']
2026-10-06 10:48:58,075 INFO Bundle emitted for clip 559: modalities ['macro', 'rppg', 'mer']
2026-10-06 10:48:58,078 INFO Bundle emitted for clip 560: modalities ['macro', 'rppg', 'mer']
2026-10-06 10:48:58,080 INFO Bundle emitted for clip 561: modalities ['macro', 'rppg', 'mer']
2026-10-06 10:48:58,083 INFO Bundle emitted for clip 562: modalities ['macro', 'rppg', 'mer']
2026-10-06 10:48:58,085 INFO Bundle emitted for clip 563: modalities ['macro', 'rppg', 'mer']
2026-10-06 10:48:58,088 INFO Bundle emitted for clip 564: modalities ['macro', 'rppg', 'mer']
2026-10-06 10:48:58,091 INFO Bundle emitted for clip 565: modalities ['macro', 'rppg', 'mer']
2026-10-06 10:48:58,094 INFO Bundle emitted for clip 566: modalities ['macro', 'rppg', 'mer']
2026-10-06 10:48:58,097 INFO Bundle emitted for clip 567: modalities ['macro', 'rppg', 'mer']
2026-10-06 10:48:58,101 INFO Bundle emitted for clip 568: modalities ['macro', 'rppg', 'mer']
2026-10-06 10:48:58,104 INFO Bundle emitted for clip 569: modalities ['macro', 'rppg', 'mer']
2026-10-06 10:48:58,107 INFO Bundle emitted for clip 570: modalities ['macro', 'rppg', 'mer']
2026-10-06 10:48:58,110 INFO Bundle emitted for clip 571: modalities ['macro', 'rppg', 'mer']
2026-10-06 10:48:58,113 INFO Bundle emitted for clip 572: modalities ['macro', 'rppg', 'mer']
2026-10-06 10:48:58,115 INFO Bundle emitted for clip 573: modalities ['macro', 'rppg', 'mer']
2026-10-06 10:48:58,118 INFO Bundle emitted for clip 574: modalities ['macro', 'rppg', 'mer']
2026-10-06 10:48:58,121 INFO Bundle emitted for clip 575: modalities ['macro', 'rppg', 'mer']
2026-10-06 10:48:58,124 INFO Bundle emitted for clip 576: modalities ['macro', 'rppg', 'mer']
2026-10-06 10:48:58,126 INFO Bundle emitted for clip 577: modalities ['macro', 'rppg', 'mer']
2026-10-06 10:48:58,129 INFO Bundle emitted for clip 578: modalities ['macro', 'rppg', 'mer']
2026-10-06 10:48:58,131 INFO Bundle emitted for clip 579: modalities ['macro', 'rppg', 'mer']
2026-10-06 10:48:58,134 INFO Bundle emitted for clip 580: modalities ['macro', 'rppg', 'mer']
2026-10-06 10:48:58,137 INFO Bundle emitted for clip 581: modalities ['macro', 'rppg', 'mer']
2026-10-06 10:48:58,139 INFO Bundle emitted for clip 582: modalities ['macro', 'rppg', 'mer']
2026-10-06 10:48:58,142 INFO Bundle emitted for clip 583: modalities ['macro', 'rppg', 'mer']
2026-10-06 10:48:58,144 INFO Bundle emitted for clip 584: modalities ['macro', 'rppg', 'mer']
2026-10-06 10:48:58,147 INFO Bundle emitted for clip 585: modalities ['macro', 'rppg', 'mer']
2026-10-06 10:48:58,149 INFO Bundle emitted for clip 586: modalities ['macro', 'rppg', 'mer']
2026-10-06 10:48:58,151 INFO Bundle emitted for clip 587: modalities ['macro', 'rppg', 'mer']
2026-10-06 10:48:58,154 INFO Bundle emitted for clip 588: modalities ['macro', 'rppg', 'mer']
2026-10-06 10:48:58,157 INFO Bundle emitted for clip 589: modalities ['macro', 'rppg', 'mer']
2026-10-06 10:48:58,160 INFO Bundle emitted for clip 590: modalities ['macro', 'rppg', 'mer']
2026-10-06 10:48:58,163 INFO Bundle emitted for clip 591: modalities ['macro', 'rppg', 'mer']
2026-10-06 10:48:58,165 INFO Bundle emitted for clip 593: modalities ['macro', 'rppg', 'mer']
2026-10-06 10:48:58,168 INFO Bundle emitted for clip 592: modalities ['macro', 'rppg', 'mer']
2026-10-06 10:48:58,171 INFO Bundle emitted for clip 594: modalities ['macro', 'rppg', 'mer']
2026-10-06 10:48:58,173 INFO Bundle emitted for clip 595: modalities ['macro', 'rppg', 'mer']
2026-10-06 10:48:58,176 INFO Bundle emitted for clip 596: modalities ['macro', 'rppg', 'mer']
2026-10-06 10:48:58,178 INFO Bundle emitted for clip 597: modalities ['macro', 'rppg', 'mer']
2026-10-06 10:48:58,181 INFO Bundle emitted for clip 598: modalities ['macro', 'rppg', 'mer']
2026-10-06 10:48:58,183 INFO Bundle emitted for clip 599: modalities ['macro', 'rppg', 'mer']
2026-10-06 10:48:58,186 INFO Bundle emitted for clip 600: modalities ['macro', 'rppg', 'mer']
2026-10-06 10:48:58,189 INFO Bundle emitted for clip 601: modalities ['macro', 'rppg', 'mer']
2026-10-06 10:48:58,191 INFO Bundle emitted for clip 602: modalities ['macro', 'rppg', 'mer']
2026-10-06 10:48:58,193 INFO Bundle emitted for clip 603: modalities ['macro', 'rppg', 'mer']
2026-10-06 10:48:58,196 INFO Bundle emitted for clip 604: modalities ['macro', 'rppg', 'mer']
2026-10-06 10:48:58,199 INFO Bundle emitted for clip 605: modalities ['macro', 'rppg', 'mer']
2026-10-06 10:48:58,201 INFO Bundle emitted for clip 606: modalities ['macro', 'rppg', 'mer']
2026-10-06 10:48:58,204 INFO Bundle emitted for clip 607: modalities ['macro', 'rppg', 'mer']
2026-10-06 10:48:58,207 INFO Bundle emitted for clip 608: modalities ['macro', 'rppg', 'mer']
2026-10-06 10:48:58,210 INFO Bundle emitted for clip 609: modalities ['macro', 'rppg', 'mer']
2026-10-06 10:48:58,212 INFO Bundle emitted for clip 610: modalities ['macro', 'rppg', 'mer']
2026-10-06 10:48:58,214 INFO Bundle emitted for clip 611: modalities ['macro', 'rppg', 'mer']
2026-10-06 10:48:58,217 INFO Bundle emitted for clip 612: modalities ['macro', 'rppg', 'mer']
2026-10-06 10:48:58,220 INFO Bundle emitted for clip 613: modalities ['macro', 'rppg', 'mer']
2026-10-06 10:48:58,222 INFO Bundle emitted for clip 614: modalities ['macro', 'rppg', 'mer']
2026-10-06 10:48:58,224 INFO Bundle emitted for clip 615: modalities ['macro', 'rppg', 'mer']
2026-10-06 10:48:58,227 INFO Bundle emitted for clip 616: modalities ['macro', 'rppg', 'mer']
2026-10-06 10:48:58,229 INFO Bundle emitted for clip 617: modalities ['macro', 'rppg', 'mer']
2026-10-06 10:48:58,232 INFO Bundle emitted for clip 618: modalities ['macro', 'rppg', 'mer']
2026-10-06 10:48:58,234 INFO Bundle emitted for clip 619: modalities ['macro', 'rppg', 'mer']
2026-10-06 10:48:58,238 INFO Bundle emitted for clip 620: modalities ['macro', 'rppg', 'mer']
2026-10-06 10:48:58,240 INFO Bundle emitted for clip 621: modalities ['macro', 'rppg', 'mer']
2026-10-06 10:48:58,243 INFO Bundle emitted for clip 622: modalities ['macro', 'rppg', 'mer']
2026-10-06 10:48:58,246 INFO Bundle emitted for clip 623: modalities ['macro', 'rppg', 'mer']
2026-10-06 10:48:58,249 INFO Bundle emitted for clip 624: modalities ['macro', 'rppg', 'mer']
2026-10-06 10:48:58,252 INFO Bundle emitted for clip 625: modalities ['macro', 'rppg', 'mer']
2026-10-06 10:48:58,255 INFO Bundle emitted for clip 626: modalities ['macro', 'rppg', 'mer']
2026-10-06 10:48:58,257 INFO Bundle emitted for clip 627: modalities ['macro', 'rppg', 'mer']
2026-10-06 10:48:58,259 INFO Bundle emitted for clip 628: modalities ['macro', 'rppg', 'mer']
2026-10-06 10:48:58,262 INFO Bundle emitted for clip 629: modalities ['macro', 'rppg', 'mer']
2026-10-06 10:48:58,265 INFO Bundle emitted for clip 630: modalities ['macro', 'rppg', 'mer']
2026-10-06 10:48:58,268 INFO Bundle emitted for clip 631: modalities ['macro', 'rppg', 'mer']
2026-10-06 10:48:58,270 INFO Bundle emitted for clip 632: modalities ['macro', 'rppg', 'mer']
2026-10-06 10:48:58,273 INFO Bundle emitted for clip 633: modalities ['macro', 'rppg', 'mer']
2026-10-06 10:48:58,276 INFO Bundle emitted for clip 634: modalities ['macro', 'rppg', 'mer']
2026-10-06 10:48:58,278 INFO Bundle emitted for clip 635: modalities ['macro', 'rppg', 'mer']
2026-10-06 10:48:58,281 INFO Bundle emitted for clip 636: modalities ['macro', 'rppg', 'mer']
2026-10-06 10:48:58,284 INFO Bundle emitted for clip 637: modalities ['macro', 'rppg', 'mer']
2026-10-06 10:49:05,756 INFO Bundle emitted for clip 638: modalities ['macro', 'rppg', 'mer']
2026-10-06 10:49:05,759 INFO Bundle emitted for clip 639: modalities ['macro', 'rppg', 'mer']
2026-10-06 10:49:05,762 INFO Bundle emitted for clip 640: modalities ['macro', 'rppg', 'mer']
2026-10-06 10:49:05,765 INFO Bundle emitted for clip 641: modalities ['macro', 'rppg', 'mer']
2026-10-06 10:49:05,768 INFO Bundle emitted for clip 642: modalities ['macro', 'rppg', 'mer']
2026-10-06 10:49:05,771 INFO Bundle emitted for clip 643: modalities ['macro', 'rppg', 'mer']
2026-10-06 10:49:05,774 INFO Bundle emitted for clip 644: modalities ['macro', 'rppg', 'mer']
2026-10-06 10:49:05,777 INFO Bundle emitted for clip 645: modalities ['macro', 'rppg', 'mer']
2026-10-06 10:49:05,779 INFO Bundle emitted for clip 646: modalities ['macro', 'rppg', 'mer']
2026-10-06 10:49:05,782 INFO Bundle emitted for clip 647: modalities ['macro', 'rppg', 'mer']
2026-10-06 10:49:05,785 INFO Bundle emitted for clip 648: modalities ['macro', 'rppg', 'mer']
2026-10-06 10:49:05,788 INFO Bundle emitted for clip 649: modalities ['macro', 'rppg', 'mer']
2026-10-06 10:49:05,791 INFO Bundle emitted for clip 650: modalities ['macro', 'rppg', 'mer']
2026-10-06 10:49:05,794 INFO Bundle emitted for clip 651: modalities ['macro', 'rppg', 'mer']
2026-10-06 10:49:05,797 INFO Bundle emitted for clip 652: modalities ['macro', 'rppg', 'mer']
2026-10-06 10:49:05,800 INFO Bundle emitted for clip 653: modalities ['macro', 'rppg', 'mer']
2026-10-06 10:49:05,802 INFO Bundle emitted for clip 654: modalities ['macro', 'rppg', 'mer']
2026-10-06 10:49:05,805 INFO Bundle emitted for clip 655: modalities ['macro', 'rppg', 'mer']
2026-10-06 10:49:05,808 INFO Bundle emitted for clip 656: modalities ['macro', 'rppg', 'mer']
2026-10-06 10:49:05,811 INFO Bundle emitted for clip 657: modalities ['macro', 'rppg', 'mer']
2026-10-06 10:49:05,814 INFO Bundle emitted for clip 658: modalities ['macro', 'rppg', 'mer']
2026-10-06 10:49:05,816 INFO Bundle emitted for clip 659: modalities ['macro', 'rppg', 'mer']
2026-10-06 10:49:05,819 INFO Bundle emitted for clip 660: modalities ['macro', 'rppg', 'mer']
2026-10-06 10:49:05,822 INFO Bundle emitted for clip 661: modalities ['macro', 'rppg', 'mer']
2026-10-06 10:49:05,826 INFO Bundle emitted for clip 662: modalities ['macro', 'rppg', 'mer']
2026-10-06 10:49:05,828 INFO Bundle emitted for clip 663: modalities ['macro', 'rppg', 'mer']
2026-10-06 10:49:05,831 INFO Bundle emitted for clip 664: modalities ['macro', 'rppg', 'mer']
2026-10-06 10:49:05,834 INFO Bundle emitted for clip 665: modalities ['macro', 'rppg', 'mer']
2026-10-06 10:49:05,837 INFO Bundle emitted for clip 666: modalities ['macro', 'rppg', 'mer']
2026-10-06 10:49:05,840 INFO Bundle emitted for clip 667: modalities ['macro', 'rppg', 'mer']
2026-10-06 10:49:05,843 INFO Bundle emitted for clip 668: modalities ['macro', 'rppg', 'mer']
2026-10-06 10:49:05,846 INFO Bundle emitted for clip 669: modalities ['macro', 'rppg', 'mer']
2026-10-06 10:49:05,849 INFO Bundle emitted for clip 670: modalities ['macro', 'rppg', 'mer']
2026-10-06 10:49:05,852 INFO Bundle emitted for clip 671: modalities ['macro', 'rppg', 'mer']
2026-10-06 10:49:05,855 INFO Bundle emitted for clip 672: modalities ['macro', 'rppg', 'mer']
2026-10-06 10:49:05,857 INFO Bundle emitted for clip 673: modalities ['macro', 'rppg', 'mer']
2026-10-06 10:49:05,860 INFO Bundle emitted for clip 674: modalities ['macro', 'rppg', 'mer']
2026-10-06 10:49:05,863 INFO Bundle emitted for clip 675: modalities ['macro', 'rppg', 'mer']
2026-10-06 10:49:05,866 INFO Bundle emitted for clip 676: modalities ['macro', 'rppg', 'mer']
2026-10-06 10:49:05,868 INFO Bundle emitted for clip 677: modalities ['macro', 'rppg', 'mer']
2026-10-06 10:49:05,871 INFO Bundle emitted for clip 678: modalities ['macro', 'rppg', 'mer']
2026-10-06 10:49:05,874 INFO Bundle emitted for clip 679: modalities ['macro', 'rppg', 'mer']
2026-10-06 10:49:05,877 INFO Bundle emitted for clip 680: modalities ['macro', 'rppg', 'mer']
2026-10-06 10:49:05,880 INFO Bundle emitted for clip 681: modalities ['macro', 'rppg', 'mer']
2026-10-06 10:49:05,882 INFO Bundle emitted for clip 682: modalities ['macro', 'rppg', 'mer']
2026-10-06 10:49:05,886 INFO Bundle emitted for clip 683: modalities ['macro', 'rppg', 'mer']
2026-10-06 10:49:05,888 INFO Bundle emitted for clip 684: modalities ['macro', 'rppg', 'mer']
2026-10-06 10:49:05,891 INFO Bundle emitted for clip 685: modalities ['macro', 'rppg', 'mer']
2026-10-06 10:49:05,893 INFO Bundle emitted for clip 686: modalities ['macro', 'rppg', 'mer']
2026-10-06 10:49:05,896 INFO Bundle emitted for clip 687: modalities ['macro', 'rppg', 'mer']
2026-10-06 10:49:05,899 INFO Bundle emitted for clip 688: modalities ['macro', 'rppg', 'mer']
2026-10-06 10:49:05,901 INFO Bundle emitted for clip 689: modalities ['macro', 'rppg', 'mer']
2026-10-06 10:49:05,904 INFO Bundle emitted for clip 690: modalities ['macro', 'rppg', 'mer']
2026-10-06 10:49:05,907 INFO Bundle emitted for clip 691: modalities ['macro', 'rppg', 'mer']
2026-10-06 10:49:05,910 INFO Bundle emitted for clip 692: modalities ['macro', 'rppg', 'mer']
2026-10-06 10:49:05,913 INFO Bundle emitted for clip 693: modalities ['macro', 'rppg', 'mer']
2026-10-06 10:49:05,916 INFO Bundle emitted for clip 694: modalities ['macro', 'rppg', 'mer']
2026-10-06 10:49:05,919 INFO Bundle emitted for clip 695: modalities ['macro', 'rppg', 'mer']
2026-10-06 10:49:05,922 INFO Bundle emitted for clip 696: modalities ['macro', 'rppg', 'mer']
2026-10-06 10:49:05,925 INFO Bundle emitted for clip 697: modalities ['macro', 'rppg', 'mer']
2026-10-06 10:49:05,928 INFO Bundle emitted for clip 698: modalities ['macro', 'rppg', 'mer']
2026-10-06 10:49:05,931 INFO Bundle emitted for clip 699: modalities ['macro', 'rppg', 'mer']
2026-10-06 10:49:05,934 INFO Bundle emitted for clip 700: modalities ['macro', 'rppg', 'mer']
2026-10-06 10:49:05,937 INFO Bundle emitted for clip 701: modalities ['macro', 'rppg', 'mer']
2026-10-06 10:49:05,940 INFO Bundle emitted for clip 702: modalities ['macro', 'rppg', 'mer']
2026-10-06 10:49:05,943 INFO Bundle emitted for clip 703: modalities ['macro', 'rppg', 'mer']
2026-10-06 10:49:05,945 INFO Bundle emitted for clip 704: modalities ['macro', 'rppg', 'mer']
2026-10-06 10:49:05,948 INFO Bundle emitted for clip 705: modalities ['macro', 'rppg', 'mer']
2026-10-06 10:49:05,951 INFO Bundle emitted for clip 706: modalities ['macro', 'rppg', 'mer']
2026-10-06 10:49:05,953 INFO Bundle emitted for clip 707: modalities ['macro', 'rppg', 'mer']
2026-10-06 10:49:05,956 INFO Bundle emitted for clip 708: modalities ['macro', 'rppg', 'mer']
2026-10-06 10:49:05,959 INFO Bundle emitted for clip 709: modalities ['macro', 'rppg', 'mer']
2026-10-06 10:49:05,962 INFO Bundle emitted for clip 710: modalities ['macro', 'rppg', 'mer']
2026-10-06 10:49:05,965 INFO Bundle emitted for clip 711: modalities ['macro', 'rppg', 'mer']
2026-10-06 10:49:05,969 INFO Bundle emitted for clip 712: modalities ['macro', 'rppg', 'mer']
2026-10-06 10:49:05,971 INFO Bundle emitted for clip 713: modalities ['macro', 'rppg', 'mer']
2026-10-06 10:49:05,974 INFO Bundle emitted for clip 714: modalities ['macro', 'rppg', 'mer']
2026-10-06 10:49:05,977 INFO Bundle emitted for clip 715: modalities ['macro', 'rppg', 'mer']
2026-10-06 10:49:05,980 INFO Bundle emitted for clip 716: modalities ['macro', 'rppg', 'mer']
2026-10-06 10:49:05,982 INFO Bundle emitted for clip 717: modalities ['macro', 'rppg', 'mer']
2026-10-06 10:49:05,985 INFO Bundle emitted for clip 718: modalities ['macro', 'rppg', 'mer']
2026-10-06 10:49:05,988 INFO Bundle emitted for clip 719: modalities ['macro', 'rppg', 'mer']
2026-10-06 10:49:05,990 INFO Bundle emitted for clip 720: modalities ['macro', 'rppg', 'mer']
2026-10-06 10:49:05,993 INFO Bundle emitted for clip 721: modalities ['macro', 'rppg', 'mer']
2026-10-06 10:49:05,996 INFO Bundle emitted for clip 722: modalities ['macro', 'rppg', 'mer']
2026-10-06 10:49:05,998 INFO Bundle emitted for clip 723: modalities ['macro', 'rppg', 'mer']
2026-10-06 10:49:06,001 INFO Bundle emitted for clip 724: modalities ['macro', 'rppg', 'mer']
2026-10-06 10:49:06,004 INFO Bundle emitted for clip 725: modalities ['macro', 'rppg', 'mer']
2026-10-06 10:49:06,006 INFO Bundle emitted for clip 726: modalities ['macro', 'rppg', 'mer']
2026-10-06 10:49:06,009 INFO Bundle emitted for clip 727: modalities ['macro', 'rppg', 'mer']
2026-10-06 10:49:06,011 INFO Bundle emitted for clip 728: modalities ['macro', 'rppg', 'mer']
2026-10-06 10:49:06,014 INFO Bundle emitted for clip 729: modalities ['macro', 'rppg', 'mer']
2026-10-06 10:49:06,017 INFO Bundle emitted for clip 730: modalities ['macro', 'rppg', 'mer']
2026-10-06 10:49:06,020 INFO Bundle emitted for clip 731: modalities ['macro', 'rppg', 'mer']
2026-10-06 10:49:06,022 INFO Bundle emitted for clip 732: modalities ['macro', 'rppg', 'mer']
2026-10-06 10:49:06,025 INFO Bundle emitted for clip 733: modalities ['macro', 'rppg', 'mer']
2026-10-06 10:49:06,028 INFO Bundle emitted for clip 734: modalities ['macro', 'rppg', 'mer']
2026-10-06 10:49:06,030 INFO Bundle emitted for clip 735: modalities ['macro', 'rppg', 'mer']
2026-10-06 10:49:06,033 INFO Bundle emitted for clip 736: modalities ['macro', 'rppg', 'mer']
2026-10-06 10:49:06,036 INFO Bundle emitted for clip 737: modalities ['macro', 'rppg', 'mer']
2026-10-06 10:49:06,039 INFO Bundle emitted for clip 738: modalities ['macro', 'rppg', 'mer']
2026-10-06 10:49:06,042 INFO Bundle emitted for clip 739: modalities ['macro', 'rppg', 'mer']
2026-10-06 10:49:06,045 INFO Bundle emitted for clip 740: modalities ['macro', 'rppg', 'mer']
2026-10-06 10:49:06,048 INFO Bundle emitted for clip 741: modalities ['macro', 'rppg', 'mer']
2026-10-06 10:49:06,051 INFO Bundle emitted for clip 742: modalities ['macro', 'rppg', 'mer']
2026-10-06 10:49:06,053 INFO Bundle emitted for clip 743: modalities ['macro', 'rppg', 'mer']
2026-10-06 10:49:06,057 INFO Bundle emitted for clip 744: modalities ['macro', 'rppg', 'mer']
2026-10-06 10:49:06,060 INFO Bundle emitted for clip 745: modalities ['macro', 'rppg', 'mer']
2026-10-06 10:49:06,063 INFO Bundle emitted for clip 746: modalities ['macro', 'rppg', 'mer']
2026-10-06 10:49:06,065 INFO Bundle emitted for clip 747: modalities ['macro', 'rppg', 'mer']
2026-10-06 10:49:06,068 INFO Bundle emitted for clip 748: modalities ['macro', 'rppg', 'mer']
2026-10-06 10:49:06,071 INFO Bundle emitted for clip 749: modalities ['macro', 'rppg', 'mer']
2026-10-06 10:49:06,074 INFO Bundle emitted for clip 750: modalities ['macro', 'rppg', 'mer']
2026-10-06 10:49:06,077 INFO Bundle emitted for clip 751: modalities ['macro', 'rppg', 'mer']
2026-10-06 10:49:06,080 INFO Bundle emitted for clip 752: modalities ['macro', 'rppg', 'mer']
2026-10-06 10:49:06,082 INFO Bundle emitted for clip 753: modalities ['macro', 'rppg', 'mer']
2026-10-06 10:49:06,085 INFO Bundle emitted for clip 754: modalities ['macro', 'rppg', 'mer']
2026-10-06 10:49:06,089 INFO Bundle emitted for clip 755: modalities ['macro', 'rppg', 'mer']
2026-10-06 10:49:06,092 INFO Bundle emitted for clip 756: modalities ['macro', 'rppg', 'mer']
2026-10-06 10:49:06,095 INFO Bundle emitted for clip 757: modalities ['macro', 'rppg', 'mer']
2026-10-06 10:49:06,098 INFO Bundle emitted for clip 758: modalities ['macro', 'rppg', 'mer']
2026-10-06 10:49:06,100 INFO Bundle emitted for clip 759: modalities ['macro', 'rppg', 'mer']
2026-10-06 10:49:06,103 INFO Bundle emitted for clip 760: modalities ['macro', 'rppg', 'mer']
2026-10-06 10:49:06,106 INFO Bundle emitted for clip 761: modalities ['macro', 'rppg', 'mer']
2026-10-06 10:49:06,109 INFO Bundle emitted for clip 762: modalities ['macro', 'rppg', 'mer']
2026-10-06 10:49:06,111 INFO Bundle emitted for clip 763: modalities ['macro', 'rppg', 'mer']
2026-10-06 10:49:06,114 INFO Bundle emitted for clip 764: modalities ['macro', 'rppg', 'mer']
2026-10-06 10:49:06,116 INFO Bundle emitted for clip 765: modalities ['macro', 'rppg', 'mer']
2026-10-06 10:49:06,118 INFO Bundle emitted for clip 766: modalities ['macro', 'rppg', 'mer']
2026-10-06 10:49:06,121 INFO Bundle emitted for clip 767: modalities ['macro', 'rppg', 'mer']
2026-10-06 10:49:06,124 INFO Bundle emitted for clip 768: modalities ['macro', 'rppg', 'mer']
2026-10-06 10:49:06,126 INFO Bundle emitted for clip 769: modalities ['macro', 'rppg', 'mer']
2026-10-06 10:49:06,128 INFO Bundle emitted for clip 770: modalities ['macro', 'rppg', 'mer']
2026-10-06 10:49:06,131 INFO Bundle emitted for clip 771: modalities ['macro', 'rppg', 'mer']
2026-10-06 10:49:06,133 INFO Bundle emitted for clip 772: modalities ['macro', 'rppg', 'mer']
2026-10-06 10:49:06,135 INFO Bundle emitted for clip 773: modalities ['macro', 'rppg', 'mer']
2026-10-06 10:49:06,137 INFO Bundle emitted for clip 774: modalities ['macro', 'rppg', 'mer']
2026-10-06 10:49:06,140 INFO Bundle emitted for clip 775: modalities ['macro', 'rppg', 'mer']
2026-10-06 10:49:06,143 INFO Bundle emitted for clip 776: modalities ['macro', 'rppg', 'mer']
2026-10-06 10:49:06,145 INFO Bundle emitted for clip 777: modalities ['macro', 'rppg', 'mer']
2026-10-06 10:49:06,148 INFO Bundle emitted for clip 778: modalities ['macro', 'rppg', 'mer']
2026-10-06 10:49:06,151 INFO Bundle emitted for clip 779: modalities ['macro', 'rppg', 'mer']
2026-10-06 10:49:06,153 INFO Bundle emitted for clip 780: modalities ['macro', 'rppg', 'mer']
2026-10-06 10:49:06,156 INFO Bundle emitted for clip 781: modalities ['macro', 'rppg', 'mer']
2026-10-06 10:49:06,159 INFO Bundle emitted for clip 782: modalities ['macro', 'rppg', 'mer']
2026-10-06 10:49:06,161 INFO Bundle emitted for clip 783: modalities ['macro', 'rppg', 'mer']
2026-10-06 10:49:06,164 INFO Bundle emitted for clip 784: modalities ['macro', 'rppg', 'mer']
2026-10-06 10:49:06,167 INFO Bundle emitted for clip 785: modalities ['macro', 'rppg', 'mer']
2026-10-06 10:49:06,169 INFO Bundle emitted for clip 786: modalities ['macro', 'rppg', 'mer']
2026-10-06 10:49:06,171 INFO Bundle emitted for clip 787: modalities ['macro', 'rppg', 'mer']
2026-10-06 10:49:06,174 INFO Bundle emitted for clip 788: modalities ['macro', 'rppg', 'mer']
2026-10-06 10:49:06,177 INFO Bundle emitted for clip 789: modalities ['macro', 'rppg', 'mer']
2026-10-06 10:49:06,179 INFO Bundle emitted for clip 790: modalities ['macro', 'rppg', 'mer']
2026-10-06 10:49:06,182 INFO Bundle emitted for clip 791: modalities ['macro', 'rppg', 'mer']
2026-10-06 10:49:06,184 INFO Bundle emitted for clip 792: modalities ['macro', 'rppg', 'mer']
2026-10-06 10:49:06,187 INFO Bundle emitted for clip 793: modalities ['macro', 'rppg', 'mer']
2026-10-06 10:49:06,189 INFO Bundle emitted for clip 794: modalities ['macro', 'rppg', 'mer']
2026-10-06 10:49:06,192 INFO Bundle emitted for clip 795: modalities ['macro', 'rppg', 'mer']
2026-10-06 10:49:06,195 INFO Bundle emitted for clip 796: modalities ['macro', 'rppg', 'mer']
2026-10-06 10:49:06,197 INFO Bundle emitted for clip 797: modalities ['macro', 'rppg', 'mer']
2026-10-06 10:49:06,200 INFO Bundle emitted for clip 798: modalities ['macro', 'rppg', 'mer']
2026-10-06 10:49:06,202 INFO Bundle emitted for clip 799: modalities ['macro', 'rppg', 'mer']
2026-10-06 10:49:06,204 INFO Bundle emitted for clip 800: modalities ['macro', 'rppg', 'mer']
2026-10-06 10:49:06,207 INFO Bundle emitted for clip 801: modalities ['macro', 'rppg', 'mer']
2026-10-06 10:49:06,209 INFO Bundle emitted for clip 802: modalities ['macro', 'rppg', 'mer']
2026-10-06 10:49:06,212 INFO Bundle emitted for clip 803: modalities ['macro', 'rppg', 'mer']
2026-10-06 10:49:06,214 INFO Bundle emitted for clip 804: modalities ['macro', 'rppg', 'mer']
2026-10-06 10:49:06,217 INFO Bundle emitted for clip 805: modalities ['macro', 'rppg', 'mer']
2026-10-06 10:49:06,219 INFO Bundle emitted for clip 806: modalities ['macro', 'rppg', 'mer']
2026-10-06 10:49:06,222 INFO Bundle emitted for clip 807: modalities ['macro', 'rppg', 'mer']
2026-10-06 10:49:06,224 INFO Bundle emitted for clip 808: modalities ['macro', 'rppg', 'mer']
2026-10-06 10:49:06,227 INFO Bundle emitted for clip 809: modalities ['macro', 'rppg', 'mer']
2026-10-06 10:49:06,229 INFO Bundle emitted for clip 810: modalities ['macro', 'rppg', 'mer']
2026-10-06 10:49:06,232 INFO Bundle emitted for clip 811: modalities ['macro', 'rppg', 'mer']
2026-10-06 10:49:06,234 INFO Bundle emitted for clip 812: modalities ['macro', 'rppg', 'mer']
2026-10-06 10:49:06,237 INFO Bundle emitted for clip 813: modalities ['macro', 'rppg', 'mer']
2026-10-06 10:49:06,239 INFO Bundle emitted for clip 814: modalities ['macro', 'rppg', 'mer']
2026-10-06 10:49:06,242 INFO Bundle emitted for clip 815: modalities ['macro', 'rppg', 'mer']
2026-10-06 10:49:06,244 INFO Bundle emitted for clip 816: modalities ['macro', 'rppg', 'mer']
2026-10-06 10:49:06,247 INFO Bundle emitted for clip 817: modalities ['macro', 'rppg', 'mer']
2026-10-06 10:49:06,250 INFO Bundle emitted for clip 818: modalities ['macro', 'rppg', 'mer']
2026-10-06 10:49:06,253 INFO Bundle emitted for clip 819: modalities ['macro', 'rppg', 'mer']
2026-10-06 10:49:06,255 INFO Bundle emitted for clip 820: modalities ['macro', 'rppg', 'mer']
2026-10-06 10:49:06,257 INFO Bundle emitted for clip 821: modalities ['macro', 'rppg', 'mer']
2026-10-06 10:49:06,260 INFO Bundle emitted for clip 822: modalities ['macro', 'rppg', 'mer']
2026-10-06 10:49:06,262 INFO Bundle emitted for clip 823: modalities ['macro', 'rppg', 'mer']
2026-10-06 10:49:06,265 INFO Bundle emitted for clip 824: modalities ['macro', 'rppg', 'mer']
2026-10-06 10:49:06,267 INFO Bundle emitted for clip 825: modalities ['macro', 'rppg', 'mer']
2026-10-06 10:49:06,269 INFO Bundle emitted for clip 826: modalities ['macro', 'rppg', 'mer']
2026-10-06 10:49:06,271 INFO Bundle emitted for clip 827: modalities ['macro', 'rppg', 'mer']
2026-10-06 10:49:06,274 INFO Bundle emitted for clip 828: modalities ['macro', 'rppg', 'mer']
2026-10-06 10:49:06,276 INFO Bundle emitted for clip 829: modalities ['macro', 'rppg', 'mer']
2026-10-06 10:49:06,278 INFO Bundle emitted for clip 830: modalities ['macro', 'rppg', 'mer']
2026-10-06 10:49:06,281 INFO Bundle emitted for clip 831: modalities ['macro', 'rppg', 'mer']
2026-10-06 10:49:06,283 INFO Bundle emitted for clip 832: modalities ['macro', 'rppg', 'mer']
2026-10-06 10:49:06,286 INFO Bundle emitted for clip 833: modalities ['macro', 'rppg', 'mer']
2026-10-06 10:49:06,288 INFO Bundle emitted for clip 834: modalities ['macro', 'rppg', 'mer']
2026-10-06 10:49:06,291 INFO Bundle emitted for clip 835: modalities ['macro', 'rppg', 'mer']
2026-10-06 10:49:06,294 INFO Bundle emitted for clip 836: modalities ['macro', 'rppg', 'mer']
2026-10-06 10:49:06,297 INFO Bundle emitted for clip 837: modalities ['macro', 'rppg', 'mer']
2026-10-06 10:49:06,299 INFO Bundle emitted for clip 838: modalities ['macro', 'rppg', 'mer']
2026-10-06 10:49:06,302 INFO Bundle emitted for clip 839: modalities ['macro', 'rppg', 'mer']
2026-10-06 10:49:06,304 INFO Bundle emitted for clip 840: modalities ['macro', 'rppg', 'mer']
2026-10-06 10:49:06,307 INFO Bundle emitted for clip 841: modalities ['macro', 'rppg', 'mer']
2026-10-06 10:49:06,309 INFO Bundle emitted for clip 842: modalities ['macro', 'rppg', 'mer']
2026-10-06 10:49:06,312 INFO Bundle emitted for clip 843: modalities ['macro', 'rppg', 'mer']
2026-10-06 10:49:06,314 INFO Bundle emitted for clip 844: modalities ['macro', 'rppg', 'mer']
2026-10-06 10:49:06,317 INFO Bundle emitted for clip 845: modalities ['macro', 'rppg', 'mer']
2026-10-06 10:49:06,319 INFO Bundle emitted for clip 846: modalities ['macro', 'rppg', 'mer']
2026-10-06 10:49:06,322 INFO Bundle emitted for clip 847: modalities ['macro', 'rppg', 'mer']
2026-10-06 10:49:06,324 INFO Bundle emitted for clip 848: modalities ['macro', 'rppg', 'mer']
2026-10-06 10:49:06,327 INFO Bundle emitted for clip 849: modalities ['macro', 'rppg', 'mer']
2026-10-06 10:49:06,329 INFO Bundle emitted for clip 850: modalities ['macro', 'rppg', 'mer']
2026-10-06 10:49:06,332 INFO Bundle emitted for clip 851: modalities ['macro', 'rppg', 'mer']
2026-10-06 10:49:06,334 INFO Bundle emitted for clip 852: modalities ['macro', 'rppg', 'mer']
2026-10-06 10:49:06,336 INFO Bundle emitted for clip 853: modalities ['macro', 'rppg', 'mer']
2026-10-06 10:49:06,339 INFO Bundle emitted for clip 854: modalities ['macro', 'rppg', 'mer']
2026-10-06 10:49:06,342 INFO Bundle emitted for clip 855: modalities ['macro', 'rppg', 'mer']
2026-10-06 10:49:06,345 INFO Bundle emitted for clip 856: modalities ['macro', 'rppg', 'mer']
2026-10-06 10:49:06,347 INFO Bundle emitted for clip 857: modalities ['macro', 'rppg', 'mer']
2026-10-06 10:49:06,350 INFO Bundle emitted for clip 858: modalities ['macro', 'rppg', 'mer']
2026-10-06 10:49:06,352 INFO Bundle emitted for clip 859: modalities ['macro', 'rppg', 'mer']
2026-10-06 10:49:06,354 INFO Bundle emitted for clip 860: modalities ['macro', 'rppg', 'mer']
2026-10-06 10:49:06,357 INFO Bundle emitted for clip 861: modalities ['macro', 'rppg', 'mer']
2026-10-06 10:49:06,359 INFO Bundle emitted for clip 862: modalities ['macro', 'rppg', 'mer']
2026-10-06 10:49:06,362 INFO Bundle emitted for clip 863: modalities ['macro', 'rppg', 'mer']
2026-10-06 10:49:06,364 INFO Bundle emitted for clip 864: modalities ['macro', 'rppg', 'mer']
2026-10-06 10:49:06,367 INFO Bundle emitted for clip 865: modalities ['macro', 'rppg', 'mer']
2026-10-06 10:49:06,369 INFO Bundle emitted for clip 866: modalities ['macro', 'rppg', 'mer']
2026-10-06 10:49:06,371 INFO Bundle emitted for clip 867: modalities ['macro', 'rppg', 'mer']
2026-10-06 10:49:06,374 INFO Bundle emitted for clip 868: modalities ['macro', 'rppg', 'mer']
2026-10-06 10:49:06,377 INFO Bundle emitted for clip 869: modalities ['macro', 'rppg', 'mer']
2026-10-06 10:49:06,379 INFO Bundle emitted for clip 870: modalities ['macro', 'rppg', 'mer']
2026-10-06 10:49:06,382 INFO Bundle emitted for clip 871: modalities ['macro', 'rppg', 'mer']
2026-10-06 10:49:06,384 INFO Bundle emitted for clip 872: modalities ['macro', 'rppg', 'mer']
2026-10-06 10:49:06,387 INFO Bundle emitted for clip 873: modalities ['macro', 'rppg', 'mer']
2026-10-06 10:49:06,390 INFO Bundle emitted for clip 874: modalities ['macro', 'rppg', 'mer']
2026-10-06 10:49:06,393 INFO Bundle emitted for clip 875: modalities ['macro', 'rppg', 'mer']
2026-10-06 10:49:06,396 INFO Bundle emitted for clip 876: modalities ['macro', 'rppg', 'mer']
2026-10-06 10:49:06,399 INFO Bundle emitted for clip 877: modalities ['macro', 'rppg', 'mer']
2026-10-06 10:49:06,402 INFO Bundle emitted for clip 878: modalities ['macro', 'rppg', 'mer']
2026-10-06 10:49:06,404 INFO Bundle emitted for clip 879: modalities ['macro', 'rppg', 'mer']
2026-10-06 10:49:06,407 INFO Bundle emitted for clip 880: modalities ['macro', 'rppg', 'mer']
2026-10-06 10:49:06,410 INFO Bundle emitted for clip 881: modalities ['macro', 'rppg', 'mer']
2026-10-06 10:49:06,413 INFO Bundle emitted for clip 882: modalities ['macro', 'rppg', 'mer']
2026-10-06 10:49:06,416 INFO Bundle emitted for clip 883: modalities ['macro', 'rppg', 'mer']
2026-10-06 10:49:06,419 INFO Bundle emitted for clip 884: modalities ['macro', 'rppg', 'mer']
2026-10-06 10:49:06,422 INFO Bundle emitted for clip 885: modalities ['macro', 'rppg', 'mer']
2026-10-06 10:49:06,425 INFO Bundle emitted for clip 886: modalities ['macro', 'rppg', 'mer']
2026-10-06 10:49:06,427 INFO Bundle emitted for clip 887: modalities ['macro', 'rppg', 'mer']
2026-10-06 10:49:06,430 INFO Bundle emitted for clip 888: modalities ['macro', 'rppg', 'mer']
2026-10-06 10:49:06,433 INFO Bundle emitted for clip 889: modalities ['macro', 'rppg', 'mer']
2026-10-06 10:49:06,435 INFO Bundle emitted for clip 890: modalities ['macro', 'rppg', 'mer']
2026-10-06 10:49:06,438 INFO Bundle emitted for clip 891: modalities ['macro', 'rppg', 'mer']
2026-10-06 10:49:06,441 INFO Bundle emitted for clip 892: modalities ['macro', 'rppg', 'mer']
2026-10-06 10:49:06,444 INFO Bundle emitted for clip 893: modalities ['macro', 'rppg', 'mer']
2026-10-06 10:49:06,447 INFO Bundle emitted for clip 894: modalities ['macro', 'rppg', 'mer']
2026-10-06 10:49:06,450 INFO Bundle emitted for clip 895: modalities ['macro', 'rppg', 'mer']
2026-10-06 10:49:06,453 INFO Bundle emitted for clip 896: modalities ['macro', 'rppg', 'mer']
2026-10-06 10:49:06,455 INFO Bundle emitted for clip 897: modalities ['macro', 'rppg', 'mer']
2026-10-06 10:49:06,458 INFO Bundle emitted for clip 898: modalities ['macro', 'rppg', 'mer']
2026-10-06 10:49:06,461 INFO Bundle emitted for clip 899: modalities ['macro', 'rppg', 'mer']
2026-10-06 10:49:06,464 INFO Bundle emitted for clip 900: modalities ['macro', 'rppg', 'mer']
2026-10-06 10:49:06,466 INFO Bundle emitted for clip 901: modalities ['macro', 'rppg', 'mer']
2026-10-06 10:49:06,469 INFO Bundle emitted for clip 902: modalities ['macro', 'rppg', 'mer']
2026-10-06 10:49:06,472 INFO Bundle emitted for clip 903: modalities ['macro', 'rppg', 'mer']
2026-10-06 10:49:06,475 INFO Bundle emitted for clip 904: modalities ['macro', 'rppg', 'mer']
2026-10-06 10:49:06,477 INFO Bundle emitted for clip 905: modalities ['macro', 'rppg', 'mer']
2026-10-06 10:49:06,480 INFO Bundle emitted for clip 906: modalities ['macro', 'rppg', 'mer']
2026-10-06 10:49:06,482 INFO Bundle emitted for clip 907: modalities ['macro', 'rppg', 'mer']
2026-10-06 10:49:06,485 INFO Bundle emitted for clip 908: modalities ['macro', 'rppg', 'mer']
2026-10-06 10:49:06,488 INFO Bundle emitted for clip 909: modalities ['macro', 'rppg', 'mer']
2026-10-06 10:49:06,491 INFO Bundle emitted for clip 910: modalities ['macro', 'rppg', 'mer']
2026-10-06 10:49:06,494 INFO Bundle emitted for clip 911: modalities ['macro', 'rppg', 'mer']
2026-10-06 10:49:06,496 INFO Bundle emitted for clip 912: modalities ['macro', 'rppg', 'mer']
2026-10-06 10:49:06,500 INFO Bundle emitted for clip 913: modalities ['macro', 'rppg', 'mer']
2026-10-06 10:49:06,502 INFO Bundle emitted for clip 914: modalities ['macro', 'rppg', 'mer']
2026-10-06 10:49:06,505 INFO Bundle emitted for clip 915: modalities ['macro', 'rppg', 'mer']
2026-10-06 10:49:06,507 INFO Bundle emitted for clip 916: modalities ['macro', 'rppg', 'mer']
2026-10-06 10:49:06,510 INFO Bundle emitted for clip 917: modalities ['macro', 'rppg', 'mer']
2026-10-06 10:49:06,512 INFO Bundle emitted for clip 918: modalities ['macro', 'rppg', 'mer']
2026-10-06 10:49:06,515 INFO Bundle emitted for clip 919: modalities ['macro', 'rppg', 'mer']
2026-10-06 10:49:06,518 INFO Bundle emitted for clip 920: modalities ['macro', 'rppg', 'mer']
2026-10-06 10:49:06,521 INFO Bundle emitted for clip 921: modalities ['macro', 'rppg', 'mer']
2026-10-06 10:49:06,524 INFO Bundle emitted for clip 922: modalities ['macro', 'rppg', 'mer']
2026-10-06 10:49:06,526 INFO Bundle emitted for clip 923: modalities ['macro', 'rppg', 'mer']
2026-10-06 10:49:06,529 INFO Bundle emitted for clip 924: modalities ['macro', 'rppg', 'mer']
2026-10-06 10:49:06,532 INFO Bundle emitted for clip 925: modalities ['macro', 'rppg', 'mer']
2026-10-06 10:49:06,536 INFO Bundle emitted for clip 926: modalities ['macro', 'rppg', 'mer']
2026-10-06 10:49:06,538 INFO Bundle emitted for clip 927: modalities ['macro', 'rppg', 'mer']
2026-10-06 10:49:06,541 INFO Bundle emitted for clip 928: modalities ['macro', 'rppg', 'mer']
2026-10-06 10:49:06,543 INFO Bundle emitted for clip 929: modalities ['macro', 'rppg', 'mer']
2026-10-06 10:49:06,546 INFO Bundle emitted for clip 930: modalities ['macro', 'rppg', 'mer']
2026-10-06 10:49:06,549 INFO Bundle emitted for clip 931: modalities ['macro', 'rppg', 'mer']
2026-10-06 10:49:06,552 INFO Bundle emitted for clip 932: modalities ['macro', 'rppg', 'mer']
2026-10-06 10:49:06,555 INFO Bundle emitted for clip 933: modalities ['macro', 'rppg', 'mer']
2026-10-06 10:49:06,558 INFO Bundle emitted for clip 934: modalities ['macro', 'rppg', 'mer']
2026-10-06 10:49:06,561 INFO Bundle emitted for clip 935: modalities ['macro', 'rppg', 'mer']
2026-10-06 10:49:06,564 INFO Bundle emitted for clip 936: modalities ['macro', 'rppg', 'mer']
2026-10-06 10:49:06,567 INFO Bundle emitted for clip 937: modalities ['macro', 'rppg', 'mer']
2026-10-06 10:49:06,569 INFO Bundle emitted for clip 938: modalities ['macro', 'rppg', 'mer']
2026-10-06 10:49:06,572 INFO Bundle emitted for clip 939: modalities ['macro', 'rppg', 'mer']
2026-10-06 10:49:06,575 INFO Bundle emitted for clip 940: modalities ['macro', 'rppg', 'mer']
2026-10-06 10:49:06,577 INFO Bundle emitted for clip 941: modalities ['macro', 'rppg', 'mer']
2026-10-06 10:49:06,580 INFO Bundle emitted for clip 942: modalities ['macro', 'rppg', 'mer']
2026-10-06 10:49:06,583 INFO Bundle emitted for clip 943: modalities ['macro', 'rppg', 'mer']
2026-10-06 10:49:06,585 INFO Bundle emitted for clip 944: modalities ['macro', 'rppg', 'mer']
2026-10-06 10:49:06,589 INFO Bundle emitted for clip 945: modalities ['macro', 'rppg', 'mer']
2026-10-06 10:49:06,591 INFO Bundle emitted for clip 946: modalities ['macro', 'rppg', 'mer']
2026-10-06 10:49:06,594 INFO Bundle emitted for clip 947: modalities ['macro', 'rppg', 'mer']
2026-10-06 10:49:06,597 INFO Bundle emitted for clip 948: modalities ['macro', 'rppg', 'mer']
2026-10-06 10:49:06,601 INFO Bundle emitted for clip 949: modalities ['macro', 'rppg', 'mer']
2026-10-06 10:49:06,603 INFO Bundle emitted for clip 950: modalities ['macro', 'rppg', 'mer']
2026-10-06 10:49:06,606 INFO Bundle emitted for clip 951: modalities ['macro', 'rppg', 'mer']
2026-10-06 10:49:06,609 INFO Bundle emitted for clip 952: modalities ['macro', 'rppg', 'mer']
2026-10-06 10:49:06,612 INFO Bundle emitted for clip 953: modalities ['macro', 'rppg', 'mer']
2026-10-06 10:49:06,615 INFO Bundle emitted for clip 954: modalities ['macro', 'rppg', 'mer']
2026-10-06 10:49:06,618 INFO Bundle emitted for clip 955: modalities ['macro', 'rppg', 'mer']
2026-10-06 10:49:06,621 INFO Bundle emitted for clip 956: modalities ['macro', 'rppg', 'mer']
2026-10-06 10:49:06,623 INFO Bundle emitted for clip 957: modalities ['macro', 'rppg', 'mer']
2026-10-06 10:49:06,626 INFO Bundle emitted for clip 958: modalities ['macro', 'rppg', 'mer']
2026-10-06 10:49:06,629 INFO Bundle emitted for clip 959: modalities ['macro', 'rppg', 'mer']
2026-10-06 10:49:06,632 INFO Bundle emitted for clip 960: modalities ['macro', 'rppg', 'mer']
2026-10-06 10:49:06,634 INFO Bundle emitted for clip 961: modalities ['macro', 'rppg', 'mer']
2026-10-06 10:49:06,637 INFO Bundle emitted for clip 962: modalities ['macro', 'rppg', 'mer']
2026-10-06 10:49:06,640 INFO Bundle emitted for clip 963: modalities ['macro', 'rppg', 'mer']
2026-10-06 10:49:06,643 INFO Bundle emitted for clip 964: modalities ['macro', 'rppg', 'mer']
2026-10-06 10:49:06,646 INFO Bundle emitted for clip 965: modalities ['macro', 'rppg', 'mer']
2026-10-06 10:49:06,649 INFO Bundle emitted for clip 966: modalities ['macro', 'rppg', 'mer']
2026-10-06 10:49:06,652 INFO Bundle emitted for clip 967: modalities ['macro', 'rppg', 'mer']
2026-10-06 10:49:06,655 INFO Bundle emitted for clip 968: modalities ['macro', 'rppg', 'mer']
2026-10-06 10:49:06,658 INFO Bundle emitted for clip 969: modalities ['macro', 'rppg', 'mer']
2026-10-06 10:49:06,661 INFO Bundle emitted for clip 970: modalities ['macro', 'rppg', 'mer']
2026-10-06 10:49:06,664 INFO Bundle emitted for clip 971: modalities ['macro', 'rppg', 'mer']
2026-10-06 10:49:06,667 INFO Bundle emitted for clip 972: modalities ['macro', 'rppg', 'mer']
2026-10-06 10:49:06,669 INFO Bundle emitted for clip 973: modalities ['macro', 'rppg', 'mer']
2026-10-06 10:49:06,672 INFO Bundle emitted for clip 974: modalities ['macro', 'rppg', 'mer']
2026-10-06 10:49:06,675 INFO Bundle emitted for clip 976: modalities ['macro', 'rppg', 'mer']
2026-10-06 10:49:06,678 INFO Bundle emitted for clip 975: modalities ['macro', 'rppg', 'mer']
2026-10-06 10:49:06,681 INFO Bundle emitted for clip 977: modalities ['macro', 'rppg', 'mer']
2026-10-06 10:49:06,683 INFO Bundle emitted for clip 978: modalities ['macro', 'rppg', 'mer']
2026-10-06 10:49:06,686 INFO Bundle emitted for clip 979: modalities ['macro', 'rppg', 'mer']
2026-10-06 10:49:06,689 INFO Bundle emitted for clip 980: modalities ['macro', 'rppg', 'mer']
2026-10-06 10:49:06,692 INFO Bundle emitted for clip 981: modalities ['macro', 'rppg', 'mer']
2026-10-06 10:49:06,694 INFO Bundle emitted for clip 982: modalities ['macro', 'rppg', 'mer']
2026-10-06 10:49:06,697 INFO Bundle emitted for clip 983: modalities ['macro', 'rppg', 'mer']
2026-10-06 10:49:06,699 INFO Bundle emitted for clip 984: modalities ['macro', 'rppg', 'mer']
2026-10-06 10:49:06,702 INFO Bundle emitted for clip 985: modalities ['macro', 'rppg', 'mer']
2026-10-06 10:49:06,705 INFO Bundle emitted for clip 986: modalities ['macro', 'rppg', 'mer']
2026-10-06 10:49:06,707 INFO Bundle emitted for clip 987: modalities ['macro', 'rppg', 'mer']
2026-10-06 10:49:06,710 INFO Bundle emitted for clip 988: modalities ['macro', 'rppg', 'mer']
2026-10-06 10:49:06,713 INFO Bundle emitted for clip 990: modalities ['macro', 'rppg', 'mer']
2026-10-06 10:49:06,715 INFO Bundle emitted for clip 989: modalities ['macro', 'rppg', 'mer']
2026-10-06 10:49:06,718 INFO Bundle emitted for clip 991: modalities ['macro', 'rppg', 'mer']
2026-10-06 10:49:06,721 INFO Bundle emitted for clip 992: modalities ['macro', 'rppg', 'mer']
2026-10-06 10:49:06,724 INFO Bundle emitted for clip 993: modalities ['macro', 'rppg', 'mer']
2026-10-06 10:49:06,727 INFO Bundle emitted for clip 994: modalities ['macro', 'rppg', 'mer']
2026-10-06 10:49:06,730 INFO Bundle emitted for clip 995: modalities ['macro', 'rppg', 'mer']
2026-10-06 10:49:06,732 INFO Bundle emitted for clip 996: modalities ['macro', 'rppg', 'mer']
2026-10-06 10:49:06,735 INFO Bundle emitted for clip 997: modalities ['macro', 'rppg', 'mer']
2026-10-06 10:49:06,738 INFO Bundle emitted for clip 998: modalities ['macro', 'rppg', 'mer']
2026-10-06 10:49:06,741 INFO Bundle emitted for clip 1000: modalities ['macro', 'rppg', 'mer']
2026-10-06 10:49:06,743 INFO Bundle emitted for clip 999: modalities ['macro', 'rppg', 'mer']
2026-10-06 10:49:06,746 INFO Bundle emitted for clip 1002: modalities ['macro', 'rppg', 'mer']
2026-10-06 10:49:06,749 INFO Bundle emitted for clip 1001: modalities ['macro', 'rppg', 'mer']
2026-10-06 10:49:06,752 INFO Bundle emitted for clip 1004: modalities ['macro', 'rppg', 'mer']
2026-10-06 10:49:06,754 INFO Bundle emitted for clip 1003: modalities ['macro', 'rppg', 'mer']
2026-10-06 10:49:06,757 INFO Bundle emitted for clip 1006: modalities ['macro', 'rppg', 'mer']
2026-10-06 10:49:06,760 INFO Bundle emitted for clip 1005: modalities ['macro', 'rppg', 'mer']
2026-10-06 10:49:06,762 INFO Bundle emitted for clip 1008: modalities ['macro', 'rppg', 'mer']
2026-10-06 10:49:06,765 INFO Bundle emitted for clip 1007: modalities ['macro', 'rppg', 'mer']
2026-10-06 10:49:06,768 INFO Bundle emitted for clip 1009: modalities ['macro', 'rppg', 'mer']
2026-10-06 10:49:06,770 INFO Bundle emitted for clip 1010: modalities ['macro', 'rppg', 'mer']
2026-10-06 10:49:06,773 INFO Bundle emitted for clip 1011: modalities ['macro', 'rppg', 'mer']
2026-10-06 10:49:06,775 INFO Bundle emitted for clip 1012: modalities ['macro', 'rppg', 'mer']
2026-10-06 10:49:06,778 INFO Bundle emitted for clip 1013: modalities ['macro', 'rppg', 'mer']
2026-10-06 10:49:06,780 INFO Bundle emitted for clip 1014: modalities ['macro', 'rppg', 'mer']
2026-10-06 10:49:06,783 INFO Bundle emitted for clip 1015: modalities ['macro', 'rppg', 'mer']
2026-10-06 10:49:06,786 INFO Bundle emitted for clip 1016: modalities ['macro', 'rppg', 'mer']
2026-10-06 10:49:06,789 INFO Bundle emitted for clip 1017: modalities ['macro', 'rppg', 'mer']
2026-10-06 10:49:06,792 INFO Bundle emitted for clip 1018: modalities ['macro', 'rppg', 'mer']
2026-10-06 10:49:06,794 INFO Bundle emitted for clip 1019: modalities ['macro', 'rppg', 'mer']
2026-10-06 10:49:06,797 INFO Bundle emitted for clip 1020: modalities ['macro', 'rppg', 'mer']
2026-10-06 10:49:06,800 INFO Bundle emitted for clip 1021: modalities ['macro', 'rppg', 'mer']
2026-10-06 10:49:06,803 INFO Bundle emitted for clip 1022: modalities ['macro', 'rppg', 'mer']
2026-10-06 10:49:06,805 INFO Bundle emitted for clip 1023: modalities ['macro', 'rppg', 'mer']
2026-10-06 10:49:06,808 INFO Bundle emitted for clip 1024: modalities ['macro', 'rppg', 'mer']
2026-10-06 10:49:06,810 INFO Bundle emitted for clip 1025: modalities ['macro', 'rppg', 'mer']
2026-10-06 10:49:06,813 INFO Bundle emitted for clip 1026: modalities ['macro', 'rppg', 'mer']
2026-10-06 10:49:06,816 INFO Bundle emitted for clip 1028: modalities ['macro', 'rppg', 'mer']
2026-10-06 10:49:06,818 INFO Bundle emitted for clip 1027: modalities ['macro', 'rppg', 'mer']
2026-10-06 10:49:06,821 INFO Bundle emitted for clip 1029: modalities ['macro', 'rppg', 'mer']
2026-10-06 10:49:06,823 INFO Bundle emitted for clip 1030: modalities ['macro', 'rppg', 'mer']
2026-10-06 10:49:06,826 INFO Bundle emitted for clip 1031: modalities ['macro', 'rppg', 'mer']
2026-10-06 10:49:06,829 INFO Bundle emitted for clip 1032: modalities ['macro', 'rppg', 'mer']
2026-10-06 10:49:06,831 INFO Bundle emitted for clip 1033: modalities ['macro', 'rppg', 'mer']
2026-10-06 10:49:06,834 INFO Bundle emitted for clip 1034: modalities ['macro', 'rppg', 'mer']
2026-10-06 10:49:06,837 INFO Bundle emitted for clip 1035: modalities ['macro', 'rppg', 'mer']
2026-10-06 10:49:06,839 INFO Bundle emitted for clip 1036: modalities ['macro', 'rppg', 'mer']
2026-10-06 10:49:06,842 INFO Bundle emitted for clip 1037: modalities ['macro', 'rppg', 'mer']
2026-10-06 10:49:06,845 INFO Bundle emitted for clip 1038: modalities ['macro', 'rppg', 'mer']
2026-10-06 10:49:06,848 INFO Bundle emitted for clip 1039: modalities ['macro', 'rppg', 'mer']
2026-10-06 10:49:06,851 INFO Bundle emitted for clip 1040: modalities ['macro', 'rppg', 'mer']
2026-10-06 10:49:06,854 INFO Bundle emitted for clip 1041: modalities ['macro', 'rppg', 'mer']
2026-10-06 10:49:06,857 INFO Bundle emitted for clip 1042: modalities ['macro', 'rppg', 'mer']
2026-10-06 10:49:06,859 INFO Bundle emitted for clip 1043: modalities ['macro', 'rppg', 'mer']
2026-10-06 10:49:06,862 INFO Bundle emitted for clip 1044: modalities ['macro', 'rppg', 'mer']
2026-10-06 10:49:06,864 INFO Bundle emitted for clip 1046: modalities ['macro', 'rppg', 'mer']
2026-10-06 10:49:06,867 INFO Bundle emitted for clip 1045: modalities ['macro', 'rppg', 'mer']
2026-10-06 10:49:06,870 INFO Bundle emitted for clip 1047: modalities ['macro', 'rppg', 'mer']
2026-10-06 10:49:06,873 INFO Bundle emitted for clip 1048: modalities ['macro', 'rppg', 'mer']
2026-10-06 10:49:06,876 INFO Bundle emitted for clip 1049: modalities ['macro', 'rppg', 'mer']
2026-10-06 10:49:06,879 INFO Bundle emitted for clip 1050: modalities ['macro', 'rppg', 'mer']
2026-10-06 10:49:06,882 INFO Bundle emitted for clip 1051: modalities ['macro', 'rppg', 'mer']
2026-10-06 10:49:06,885 INFO Bundle emitted for clip 1052: modalities ['macro', 'rppg', 'mer']
2026-10-06 10:49:06,887 INFO Bundle emitted for clip 1053: modalities ['macro', 'rppg', 'mer']
2026-10-06 10:49:06,890 INFO Bundle emitted for clip 1054: modalities ['macro', 'rppg', 'mer']
2026-10-06 10:49:06,893 INFO Bundle emitted for clip 1055: modalities ['macro', 'rppg', 'mer']
2026-10-06 10:49:06,896 INFO Bundle emitted for clip 1056: modalities ['macro', 'rppg', 'mer']
2026-10-06 10:49:06,899 INFO Bundle emitted for clip 1057: modalities ['macro', 'rppg', 'mer']
2026-10-06 10:49:06,901 INFO Bundle emitted for clip 1058: modalities ['macro', 'rppg', 'mer']
2026-10-06 10:49:06,904 INFO Bundle emitted for clip 1059: modalities ['macro', 'rppg', 'mer']
2026-10-06 10:49:06,907 INFO Bundle emitted for clip 1060: modalities ['macro', 'rppg', 'mer']
2026-10-06 10:49:06,910 INFO Bundle emitted for clip 1061: modalities ['macro', 'rppg', 'mer']
2026-10-06 10:49:06,912 INFO Bundle emitted for clip 1062: modalities ['macro', 'rppg', 'mer']
2026-10-06 10:49:06,915 INFO Bundle emitted for clip 1063: modalities ['macro', 'rppg', 'mer']
2026-10-06 10:49:06,918 INFO Bundle emitted for clip 1064: modalities ['macro', 'rppg', 'mer']
2026-10-06 10:49:06,921 INFO Bundle emitted for clip 1065: modalities ['macro', 'rppg', 'mer']
2026-10-06 10:49:06,923 INFO Bundle emitted for clip 1066: modalities ['macro', 'rppg', 'mer']
2026-10-06 10:49:06,927 INFO Bundle emitted for clip 1067: modalities ['macro', 'rppg', 'mer']
2026-10-06 10:49:06,930 INFO Bundle emitted for clip 1068: modalities ['macro', 'rppg', 'mer']
2026-10-06 10:49:06,933 INFO Bundle emitted for clip 1069: modalities ['macro', 'rppg', 'mer']
2026-10-06 10:49:06,936 INFO Bundle emitted for clip 1070: modalities ['macro', 'rppg', 'mer']
2026-10-06 10:49:06,938 INFO Bundle emitted for clip 1071: modalities ['macro', 'rppg', 'mer']
2026-10-06 10:49:06,941 INFO Bundle emitted for clip 1072: modalities ['macro', 'rppg', 'mer']
2026-10-06 10:49:06,943 INFO Bundle emitted for clip 1073: modalities ['macro', 'rppg', 'mer']
2026-10-06 10:49:06,946 INFO Bundle emitted for clip 1074: modalities ['macro', 'rppg', 'mer']
2026-10-06 10:49:06,949 INFO Bundle emitted for clip 1075: modalities ['macro', 'rppg', 'mer']
2026-10-06 10:49:06,952 INFO Bundle emitted for clip 1076: modalities ['macro', 'rppg', 'mer']
2026-10-06 10:49:06,956 INFO Bundle emitted for clip 1077: modalities ['macro', 'rppg', 'mer']
2026-10-06 10:49:06,959 INFO Bundle emitted for clip 1078: modalities ['macro', 'rppg', 'mer']
2026-10-06 10:49:06,962 INFO Bundle emitted for clip 1079: modalities ['macro', 'rppg', 'mer']
2026-10-06 10:49:06,965 INFO Bundle emitted for clip 1080: modalities ['macro', 'rppg', 'mer']
2026-10-06 10:49:06,968 INFO Bundle emitted for clip 1081: modalities ['macro', 'rppg', 'mer']
2026-10-06 10:49:06,971 INFO Bundle emitted for clip 1082: modalities ['macro', 'rppg', 'mer']
2026-10-06 10:49:06,975 INFO Bundle emitted for clip 1083: modalities ['macro', 'rppg', 'mer']
2026-10-06 10:49:06,978 INFO Bundle emitted for clip 1084: modalities ['macro', 'rppg', 'mer']
2026-10-06 10:49:06,981 INFO Bundle emitted for clip 1085: modalities ['macro', 'rppg', 'mer']
2026-10-06 10:49:06,984 INFO Bundle emitted for clip 1086: modalities ['macro', 'rppg', 'mer']
2026-10-06 10:49:06,987 INFO Bundle emitted for clip 1087: modalities ['macro', 'rppg', 'mer']
2026-10-06 10:49:06,990 INFO Bundle emitted for clip 1088: modalities ['macro', 'rppg', 'mer']
2026-10-06 10:49:06,993 INFO Bundle emitted for clip 1089: modalities ['macro', 'rppg', 'mer']
2026-10-06 10:49:06,996 INFO Bundle emitted for clip 1090: modalities ['macro', 'rppg', 'mer']
2026-10-06 10:49:06,999 INFO Bundle emitted for clip 1091: modalities ['macro', 'rppg', 'mer']
2026-10-06 10:49:07,002 INFO Bundle emitted for clip 1092: modalities ['macro', 'rppg', 'mer']
2026-10-06 10:49:07,005 INFO Bundle emitted for clip 1093: modalities ['macro', 'rppg', 'mer']
2026-10-06 10:49:07,008 INFO Bundle emitted for clip 1094: modalities ['macro', 'rppg', 'mer']
2026-10-06 10:49:07,011 INFO Bundle emitted for clip 1095: modalities ['macro', 'rppg', 'mer']
2026-10-06 10:49:07,014 INFO Bundle emitted for clip 1096: modalities ['macro', 'rppg', 'mer']
2026-10-06 10:49:07,017 INFO Bundle emitted for clip 1097: modalities ['macro', 'rppg', 'mer']
2026-10-06 10:49:07,020 INFO Bundle emitted for clip 1098: modalities ['macro', 'rppg', 'mer']
2026-10-06 10:49:07,023 INFO Bundle emitted for clip 1099: modalities ['macro', 'rppg', 'mer']
2026-10-06 10:49:07,027 INFO Bundle emitted for clip 1100: modalities ['macro', 'rppg', 'mer']
2026-10-06 10:49:07,029 INFO Bundle emitted for clip 1101: modalities ['macro', 'rppg', 'mer']
2026-10-06 10:49:07,032 INFO Bundle emitted for clip 1102: modalities ['macro', 'rppg', 'mer']
2026-10-06 10:49:07,036 INFO Bundle emitted for clip 1103: modalities ['macro', 'rppg', 'mer']
2026-10-06 10:49:07,039 INFO Bundle emitted for clip 1104: modalities ['macro', 'rppg', 'mer']
2026-10-06 10:49:07,042 INFO Bundle emitted for clip 1105: modalities ['macro', 'rppg', 'mer']
2026-10-06 10:49:07,045 INFO Bundle emitted for clip 1106: modalities ['macro', 'rppg', 'mer']
2026-10-06 10:49:07,048 INFO Bundle emitted for clip 1107: modalities ['macro', 'rppg', 'mer']
2026-10-06 10:49:07,051 INFO Bundle emitted for clip 1108: modalities ['macro', 'rppg', 'mer']
2026-10-06 10:49:07,055 INFO Bundle emitted for clip 1109: modalities ['macro', 'rppg', 'mer']
2026-10-06 10:49:07,058 INFO Bundle emitted for clip 1110: modalities ['macro', 'rppg', 'mer']
2026-10-06 10:49:07,061 INFO Bundle emitted for clip 1111: modalities ['macro', 'rppg', 'mer']
2026-10-06 10:49:07,064 INFO Bundle emitted for clip 1112: modalities ['macro', 'rppg', 'mer']
2026-10-06 10:49:07,068 INFO Bundle emitted for clip 1113: modalities ['macro', 'rppg', 'mer']
2026-10-06 10:49:07,072 INFO Bundle emitted for clip 1114: modalities ['macro', 'rppg', 'mer']
2026-10-06 10:49:07,075 INFO Bundle emitted for clip 1115: modalities ['macro', 'rppg', 'mer']
2026-10-06 10:49:07,078 INFO Bundle emitted for clip 1116: modalities ['macro', 'rppg', 'mer']
2026-10-06 10:49:07,081 INFO Bundle emitted for clip 1117: modalities ['macro', 'rppg', 'mer']
2026-10-06 10:49:07,084 INFO Bundle emitted for clip 1118: modalities ['macro', 'rppg', 'mer']
2026-10-06 10:49:07,087 INFO Bundle emitted for clip 1119: modalities ['macro', 'rppg', 'mer']
2026-10-06 10:49:07,090 INFO Bundle emitted for clip 1120: modalities ['macro', 'rppg', 'mer']
2026-10-06 10:49:07,092 INFO Bundle emitted for clip 1121: modalities ['macro', 'rppg', 'mer']
2026-10-06 10:49:07,095 INFO Bundle emitted for clip 1122: modalities ['macro', 'rppg', 'mer']
2026-10-06 10:49:07,098 INFO Bundle emitted for clip 1123: modalities ['macro', 'rppg', 'mer']
2026-10-06 10:49:07,100 INFO Bundle emitted for clip 1124: modalities ['macro', 'rppg', 'mer']
2026-10-06 10:49:07,104 INFO Bundle emitted for clip 1125: modalities ['macro', 'rppg', 'mer']
2026-10-06 10:49:07,107 INFO Bundle emitted for clip 1126: modalities ['macro', 'rppg', 'mer']
2026-10-06 10:49:07,110 INFO Bundle emitted for clip 1127: modalities ['macro', 'rppg', 'mer']
2026-10-06 10:49:07,113 INFO Bundle emitted for clip 1129: modalities ['macro', 'rppg', 'mer']
2026-10-06 10:49:07,115 INFO Bundle emitted for clip 1128: modalities ['macro', 'rppg', 'mer']
2026-10-06 10:49:07,118 INFO Bundle emitted for clip 1130: modalities ['macro', 'rppg', 'mer']
2026-10-06 10:49:07,121 INFO Bundle emitted for clip 1131: modalities ['macro', 'rppg', 'mer']
2026-10-06 10:49:07,124 INFO Bundle emitted for clip 1132: modalities ['macro', 'rppg', 'mer']
2026-10-06 10:49:07,127 INFO Bundle emitted for clip 1133: modalities ['macro', 'rppg', 'mer']
2026-10-06 10:49:07,130 INFO Bundle emitted for clip 1134: modalities ['macro', 'rppg', 'mer']
2026-10-06 10:49:07,133 INFO Bundle emitted for clip 1135: modalities ['macro', 'rppg', 'mer']
2026-10-06 10:49:07,136 INFO Bundle emitted for clip 1136: modalities ['macro', 'rppg', 'mer']
2026-10-06 10:49:07,139 INFO Bundle emitted for clip 1137: modalities ['macro', 'rppg', 'mer']
2026-10-06 10:49:07,142 INFO Bundle emitted for clip 1138: modalities ['macro', 'rppg', 'mer']
2026-10-06 10:49:07,144 INFO Bundle emitted for clip 1139: modalities ['macro', 'rppg', 'mer']
2026-10-06 10:49:07,147 INFO Bundle emitted for clip 1140: modalities ['macro', 'rppg', 'mer']
2026-10-06 10:49:07,150 INFO Bundle emitted for clip 1141: modalities ['macro', 'rppg', 'mer']
2026-10-06 10:49:07,153 INFO Bundle emitted for clip 1143: modalities ['macro', 'rppg', 'mer']
2026-10-06 10:49:07,156 INFO Bundle emitted for clip 1142: modalities ['macro', 'rppg', 'mer']
2026-10-06 10:49:07,160 INFO Bundle emitted for clip 1144: modalities ['macro', 'rppg', 'mer']
2026-10-06 10:49:07,164 INFO Bundle emitted for clip 1145: modalities ['macro', 'rppg', 'mer']
2026-10-06 10:49:07,168 INFO Bundle emitted for clip 1146: modalities ['macro', 'rppg', 'mer']
2026-10-06 10:49:07,171 INFO Bundle emitted for clip 1147: modalities ['macro', 'rppg', 'mer']
2026-10-06 10:49:07,173 INFO Bundle emitted for clip 1148: modalities ['macro', 'rppg', 'mer']
2026-10-06 10:49:07,176 INFO Bundle emitted for clip 1149: modalities ['macro', 'rppg', 'mer']
2026-10-06 10:49:07,179 INFO Bundle emitted for clip 1150: modalities ['macro', 'rppg', 'mer']
2026-10-06 10:49:07,182 INFO Bundle emitted for clip 1151: modalities ['macro', 'rppg', 'mer']
2026-10-06 10:49:07,185 INFO Bundle emitted for clip 1152: modalities ['macro', 'rppg', 'mer']
2026-10-06 10:49:07,187 INFO Bundle emitted for clip 1153: modalities ['macro', 'rppg', 'mer']
2026-10-06 10:49:07,190 INFO Bundle emitted for clip 1154: modalities ['macro', 'rppg', 'mer']
2026-10-06 10:49:07,192 INFO Bundle emitted for clip 1155: modalities ['macro', 'rppg', 'mer']
2026-10-06 10:49:07,195 INFO Bundle emitted for clip 1156: modalities ['macro', 'rppg', 'mer']
2026-10-06 10:49:07,198 INFO Bundle emitted for clip 1157: modalities ['macro', 'rppg', 'mer']
2026-10-06 10:49:07,200 INFO Bundle emitted for clip 1158: modalities ['macro', 'rppg', 'mer']
2026-10-06 10:49:07,203 INFO Bundle emitted for clip 1159: modalities ['macro', 'rppg', 'mer']
2026-10-06 10:49:07,206 INFO Bundle emitted for clip 1160: modalities ['macro', 'rppg', 'mer']
2026-10-06 10:49:07,208 INFO Bundle emitted for clip 1161: modalities ['macro', 'rppg', 'mer']
2026-10-06 10:49:07,212 INFO Bundle emitted for clip 1162: modalities ['macro', 'rppg', 'mer']
2026-10-06 10:49:07,214 INFO Bundle emitted for clip 1163: modalities ['macro', 'rppg', 'mer']
2026-10-06 10:49:07,217 INFO Bundle emitted for clip 1164: modalities ['macro', 'rppg', 'mer']
2026-10-06 10:49:07,219 INFO Bundle emitted for clip 1165: modalities ['macro', 'rppg', 'mer']
2026-10-06 10:49:07,223 INFO Bundle emitted for clip 1166: modalities ['macro', 'rppg', 'mer']
2026-10-06 10:49:07,225 INFO Bundle emitted for clip 1167: modalities ['macro', 'rppg', 'mer']
2026-10-06 10:49:07,230 INFO Bundle emitted for clip 1168: modalities ['macro', 'rppg', 'mer']
2026-10-06 10:49:07,233 INFO Bundle emitted for clip 1169: modalities ['macro', 'rppg', 'mer']
2026-10-06 10:49:07,235 INFO Bundle emitted for clip 1170: modalities ['macro', 'rppg', 'mer']
2026-10-06 10:49:07,238 INFO Bundle emitted for clip 1171: modalities ['macro', 'rppg', 'mer']
2026-10-06 10:49:07,240 INFO Bundle emitted for clip 1172: modalities ['macro', 'rppg', 'mer']
2026-10-06 10:49:07,243 INFO Bundle emitted for clip 1173: modalities ['macro', 'rppg', 'mer']
2026-10-06 10:49:07,246 INFO Bundle emitted for clip 1174: modalities ['macro', 'rppg', 'mer']
2026-10-06 10:49:07,248 INFO Bundle emitted for clip 1175: modalities ['macro', 'rppg', 'mer']
2026-10-06 10:49:07,251 INFO Bundle emitted for clip 1176: modalities ['macro', 'rppg', 'mer']
2026-10-06 10:49:07,253 INFO Bundle emitted for clip 1177: modalities ['macro', 'rppg', 'mer']
2026-10-06 10:49:07,256 INFO Bundle emitted for clip 1178: modalities ['macro', 'rppg', 'mer']
2026-10-06 10:49:07,259 INFO Bundle emitted for clip 1179: modalities ['macro', 'rppg', 'mer']
2026-10-06 10:49:07,261 INFO Bundle emitted for clip 1180: modalities ['macro', 'rppg', 'mer']
2026-10-06 10:49:07,264 INFO Bundle emitted for clip 1181: modalities ['macro', 'rppg', 'mer']
2026-10-06 10:49:07,266 INFO Bundle emitted for clip 1182: modalities ['macro', 'rppg', 'mer']
2026-10-06 10:49:07,269 INFO Bundle emitted for clip 1183: modalities ['macro', 'rppg', 'mer']
2026-10-06 10:49:07,271 INFO Bundle emitted for clip 1184: modalities ['macro', 'rppg', 'mer']
2026-10-06 10:49:07,274 INFO Bundle emitted for clip 1185: modalities ['macro', 'rppg', 'mer']
2026-10-06 10:49:07,277 INFO Bundle emitted for clip 1186: modalities ['macro', 'rppg', 'mer']
2026-10-06 10:49:07,280 INFO Bundle emitted for clip 1187: modalities ['macro', 'rppg', 'mer']
2026-10-06 10:49:07,282 INFO Bundle emitted for clip 1188: modalities ['macro', 'rppg', 'mer']
2026-10-06 10:49:07,284 INFO Bundle emitted for clip 1189: modalities ['macro', 'rppg', 'mer']
2026-10-06 10:49:07,287 INFO Bundle emitted for clip 1190: modalities ['macro', 'rppg', 'mer']
2026-10-06 10:49:07,290 INFO Bundle emitted for clip 1191: modalities ['macro', 'rppg', 'mer']
2026-10-06 10:49:07,292 INFO Bundle emitted for clip 1192: modalities ['macro', 'rppg', 'mer']
2026-10-06 10:49:07,294 INFO Bundle emitted for clip 1193: modalities ['macro', 'rppg', 'mer']
2026-10-06 10:49:07,297 INFO Bundle emitted for clip 1194: modalities ['macro', 'rppg', 'mer']
2026-10-06 10:49:07,300 INFO Bundle emitted for clip 1195: modalities ['macro', 'rppg', 'mer']
2026-10-06 10:49:07,302 INFO Bundle emitted for clip 1196: modalities ['macro', 'rppg', 'mer']
2026-10-06 10:49:07,304 INFO Bundle emitted for clip 1197: modalities ['macro', 'rppg', 'mer']
2026-10-06 10:49:07,307 INFO Bundle emitted for clip 1198: modalities ['macro', 'rppg', 'mer']
2026-10-06 10:49:07,310 INFO Bundle emitted for clip 1199: modalities ['macro', 'rppg', 'mer']
2026-10-06 10:49:07,312 INFO Bundle emitted for clip 1200: modalities ['macro', 'rppg', 'mer']
2026-10-06 10:49:07,315 INFO Bundle emitted for clip 1201: modalities ['macro', 'rppg', 'mer']
2026-10-06 10:49:07,317 INFO Bundle emitted for clip 1202: modalities ['macro', 'rppg', 'mer']
2026-10-06 10:49:07,319 INFO Bundle emitted for clip 1203: modalities ['macro', 'rppg', 'mer']
2026-10-06 10:49:07,322 INFO Bundle emitted for clip 1204: modalities ['macro', 'rppg', 'mer']
2026-10-06 10:49:07,325 INFO Bundle emitted for clip 1205: modalities ['macro', 'rppg', 'mer']
2026-10-06 10:49:07,327 INFO Bundle emitted for clip 1206: modalities ['macro', 'rppg', 'mer']
2026-10-06 10:49:07,330 INFO Bundle emitted for clip 1207: modalities ['macro', 'rppg', 'mer']
2026-10-06 10:49:07,332 INFO Bundle emitted for clip 1208: modalities ['macro', 'rppg', 'mer']
2026-10-06 10:49:07,335 INFO Bundle emitted for clip 1209: modalities ['macro', 'rppg', 'mer']
2026-10-06 10:49:07,337 INFO Bundle emitted for clip 1210: modalities ['macro', 'rppg', 'mer']
2026-10-06 10:49:07,341 INFO Bundle emitted for clip 1212: modalities ['macro', 'rppg', 'mer']
2026-10-06 10:49:07,343 INFO Bundle emitted for clip 1211: modalities ['macro', 'rppg', 'mer']
2026-10-06 10:49:07,346 INFO Bundle emitted for clip 1213: modalities ['macro', 'rppg', 'mer']
2026-10-06 10:49:07,348 INFO Bundle emitted for clip 1214: modalities ['macro', 'rppg', 'mer']
2026-10-06 10:49:07,351 INFO Bundle emitted for clip 1215: modalities ['macro', 'rppg', 'mer']
2026-10-06 10:49:07,354 INFO Bundle emitted for clip 1216: modalities ['macro', 'rppg', 'mer']
2026-10-06 10:49:07,356 INFO Bundle emitted for clip 1217: modalities ['macro', 'rppg', 'mer']
2026-10-06 10:49:07,359 INFO Bundle emitted for clip 1218: modalities ['macro', 'rppg', 'mer']
2026-10-06 10:49:07,361 INFO Bundle emitted for clip 1219: modalities ['macro', 'rppg', 'mer']
2026-10-06 10:49:07,363 INFO Bundle emitted for clip 1220: modalities ['macro', 'rppg', 'mer']
2026-10-06 10:49:07,366 INFO Bundle emitted for clip 1222: modalities ['macro', 'rppg', 'mer']
2026-10-06 10:49:07,368 INFO Bundle emitted for clip 1221: modalities ['macro', 'rppg', 'mer']
2026-10-06 10:49:07,371 INFO Bundle emitted for clip 1223: modalities ['macro', 'rppg', 'mer']
2026-10-06 10:49:07,373 INFO Bundle emitted for clip 1224: modalities ['macro', 'rppg', 'mer']
2026-10-06 10:49:07,376 INFO Bundle emitted for clip 1225: modalities ['macro', 'rppg', 'mer']
2026-10-06 10:49:07,378 INFO Bundle emitted for clip 1226: modalities ['macro', 'rppg', 'mer']
2026-10-06 10:49:07,380 INFO Bundle emitted for clip 1227: modalities ['macro', 'rppg', 'mer']
2026-10-06 10:49:07,383 INFO Bundle emitted for clip 1228: modalities ['macro', 'rppg', 'mer']
2026-10-06 10:49:07,390 INFO Bundle emitted for clip 1229: modalities ['macro', 'rppg', 'mer']
2026-10-06 10:49:07,392 INFO Bundle emitted for clip 1230: modalities ['macro', 'rppg', 'mer']
2026-10-06 10:49:07,395 INFO Bundle emitted for clip 1231: modalities ['macro', 'rppg', 'mer']
2026-10-06 10:49:07,397 INFO Bundle emitted for clip 1232: modalities ['macro', 'rppg', 'mer']
2026-10-06 10:49:07,400 INFO Bundle emitted for clip 1233: modalities ['macro', 'rppg', 'mer']
2026-10-06 10:49:07,403 INFO Bundle emitted for clip 1234: modalities ['macro', 'rppg', 'mer']
2026-10-06 10:49:07,406 INFO Bundle emitted for clip 1235: modalities ['macro', 'rppg', 'mer']
2026-10-06 10:49:07,408 INFO Bundle emitted for clip 1236: modalities ['macro', 'rppg', 'mer']
2026-10-06 10:49:07,411 INFO Bundle emitted for clip 1237: modalities ['macro', 'rppg', 'mer']
2026-10-06 10:49:07,413 INFO Bundle emitted for clip 1238: modalities ['macro', 'rppg', 'mer']
2026-10-06 10:49:07,416 INFO Bundle emitted for clip 1240: modalities ['macro', 'rppg', 'mer']
2026-10-06 10:49:07,418 INFO Bundle emitted for clip 1239: modalities ['macro', 'rppg', 'mer']
2026-10-06 10:49:07,421 INFO Bundle emitted for clip 1241: modalities ['macro', 'rppg', 'mer']
2026-10-06 10:49:07,423 INFO Bundle emitted for clip 1242: modalities ['macro', 'rppg', 'mer']
2026-10-06 10:49:07,426 INFO Bundle emitted for clip 1243: modalities ['macro', 'rppg', 'mer']
2026-10-06 10:49:07,428 INFO Bundle emitted for clip 1244: modalities ['macro', 'rppg', 'mer']
2026-10-06 10:49:07,431 INFO Bundle emitted for clip 1245: modalities ['macro', 'rppg', 'mer']
2026-10-06 10:49:07,434 INFO Bundle emitted for clip 1246: modalities ['macro', 'rppg', 'mer']
2026-10-06 10:49:07,436 INFO Bundle emitted for clip 1247: modalities ['macro', 'rppg', 'mer']
2026-10-06 10:49:07,439 INFO Bundle emitted for clip 1248: modalities ['macro', 'rppg', 'mer']
2026-10-06 10:49:07,441 INFO Bundle emitted for clip 1249: modalities ['macro', 'rppg', 'mer']
2026-10-06 10:49:07,445 INFO Bundle emitted for clip 1250: modalities ['macro', 'rppg', 'mer']
2026-10-06 10:49:07,448 INFO Bundle emitted for clip 1251: modalities ['macro', 'rppg', 'mer']
2026-10-06 10:49:07,451 INFO Bundle emitted for clip 1252: modalities ['macro', 'rppg', 'mer']
2026-10-06 10:49:07,453 INFO Bundle emitted for clip 1253: modalities ['macro', 'rppg', 'mer']
2026-10-06 10:49:07,456 INFO Bundle emitted for clip 1254: modalities ['macro', 'rppg', 'mer']
2026-10-06 10:49:07,459 INFO Bundle emitted for clip 1255: modalities ['macro', 'rppg', 'mer']
2026-10-06 10:49:07,461 INFO Bundle emitted for clip 1256: modalities ['macro', 'rppg', 'mer']
2026-10-06 10:49:07,464 INFO Bundle emitted for clip 1257: modalities ['macro', 'rppg', 'mer']
2026-10-06 10:49:07,466 INFO Bundle emitted for clip 1258: modalities ['macro', 'rppg', 'mer']
2026-10-06 10:49:07,469 INFO Bundle emitted for clip 1259: modalities ['macro', 'rppg', 'mer']
2026-10-06 10:49:07,471 INFO Bundle emitted for clip 1260: modalities ['macro', 'rppg', 'mer']
2026-10-06 10:49:07,473 INFO Bundle emitted for clip 1261: modalities ['macro', 'rppg', 'mer']
2026-10-06 10:49:07,476 INFO Bundle emitted for clip 1262: modalities ['macro', 'rppg', 'mer']
2026-10-06 10:49:07,478 INFO Bundle emitted for clip 1263: modalities ['macro', 'rppg', 'mer']
2026-10-06 10:49:07,481 INFO Bundle emitted for clip 1264: modalities ['macro', 'rppg', 'mer']
2026-10-06 10:49:07,484 INFO Bundle emitted for clip 1265: modalities ['macro', 'rppg', 'mer']
2026-10-06 10:49:07,486 INFO Bundle emitted for clip 1266: modalities ['macro', 'rppg', 'mer']
2026-10-06 10:49:07,489 INFO Bundle emitted for clip 1267: modalities ['macro', 'rppg', 'mer']
2026-10-06 10:49:07,491 INFO Bundle emitted for clip 1268: modalities ['macro', 'rppg', 'mer']
2026-10-06 10:49:07,494 INFO Bundle emitted for clip 1269: modalities ['macro', 'rppg', 'mer']
2026-10-06 10:49:07,497 INFO Bundle emitted for clip 1270: modalities ['macro', 'rppg', 'mer']
2026-10-06 10:49:07,500 INFO Bundle emitted for clip 1271: modalities ['macro', 'rppg', 'mer']
2026-10-06 10:49:07,502 INFO Bundle emitted for clip 1272: modalities ['macro', 'rppg', 'mer']
2026-10-06 10:49:07,505 INFO Bundle emitted for clip 1273: modalities ['macro', 'rppg', 'mer']
2026-10-06 10:49:07,508 INFO Bundle emitted for clip 1274: modalities ['macro', 'rppg', 'mer']
2026-10-06 10:49:07,510 INFO Bundle emitted for clip 1275: modalities ['macro', 'rppg', 'mer']
2026-10-06 10:49:07,513 INFO Bundle emitted for clip 1276: modalities ['macro', 'rppg', 'mer']
2026-10-06 10:49:07,516 INFO Bundle emitted for clip 1277: modalities ['macro', 'rppg', 'mer']
2026-10-06 10:49:07,518 INFO Bundle emitted for clip 1278: modalities ['macro', 'rppg', 'mer']
2026-10-06 10:49:07,521 INFO Bundle emitted for clip 1279: modalities ['macro', 'rppg', 'mer']
2026-10-06 10:49:07,524 INFO Bundle emitted for clip 1280: modalities ['macro', 'rppg', 'mer']
2026-10-06 10:49:07,527 INFO Bundle emitted for clip 1281: modalities ['macro', 'rppg', 'mer']
2026-10-06 10:49:07,529 INFO Bundle emitted for clip 1283: modalities ['macro', 'rppg', 'mer']
2026-10-06 10:49:07,532 INFO Bundle emitted for clip 1282: modalities ['macro', 'rppg', 'mer']
2026-10-06 10:49:07,534 INFO Bundle emitted for clip 1284: modalities ['macro', 'rppg', 'mer']
2026-10-06 10:49:07,537 INFO Bundle emitted for clip 1285: modalities ['macro', 'rppg', 'mer']
2026-10-06 10:49:07,539 INFO Bundle emitted for clip 1286: modalities ['macro', 'rppg', 'mer']
2026-10-06 10:49:07,542 INFO Bundle emitted for clip 1287: modalities ['macro', 'rppg', 'mer']
2026-10-06 10:49:07,545 INFO Bundle emitted for clip 1288: modalities ['macro', 'rppg', 'mer']
2026-10-06 10:49:07,548 INFO Bundle emitted for clip 1289: modalities ['macro', 'rppg', 'mer']
2026-10-06 10:49:07,551 INFO Bundle emitted for clip 1290: modalities ['macro', 'rppg', 'mer']
2026-10-06 10:49:07,553 INFO Bundle emitted for clip 1291: modalities ['macro', 'rppg', 'mer']
2026-10-06 10:49:07,556 INFO Bundle emitted for clip 1293: modalities ['macro', 'rppg', 'mer']
2026-10-06 10:49:07,559 INFO Bundle emitted for clip 1292: modalities ['macro', 'rppg', 'mer']
2026-10-06 10:49:07,561 INFO Bundle emitted for clip 1294: modalities ['macro', 'rppg', 'mer']
2026-10-06 10:49:07,564 INFO Bundle emitted for clip 1295: modalities ['macro', 'rppg', 'mer']
2026-10-06 10:49:07,567 INFO Bundle emitted for clip 1296: modalities ['macro', 'rppg', 'mer']
2026-10-06 10:49:07,570 INFO Bundle emitted for clip 1297: modalities ['macro', 'rppg', 'mer']
2026-10-06 10:49:07,573 INFO Bundle emitted for clip 1298: modalities ['macro', 'rppg', 'mer']
2026-10-06 10:49:07,575 INFO Bundle emitted for clip 1299: modalities ['macro', 'rppg', 'mer']
2026-10-06 10:49:07,578 INFO Bundle emitted for clip 1300: modalities ['macro', 'rppg', 'mer']
2026-10-06 10:49:07,581 INFO Bundle emitted for clip 1301: modalities ['macro', 'rppg', 'mer']
2026-10-06 10:49:07,583 INFO Bundle emitted for clip 1302: modalities ['macro', 'rppg', 'mer']
2026-10-06 10:49:07,586 INFO Bundle emitted for clip 1303: modalities ['macro', 'rppg', 'mer']
2026-10-06 10:49:07,588 INFO Bundle emitted for clip 1304: modalities ['macro', 'rppg', 'mer']
2026-10-06 10:49:07,591 INFO Bundle emitted for clip 1305: modalities ['macro', 'rppg', 'mer']
2026-10-06 10:49:07,594 INFO Bundle emitted for clip 1306: modalities ['macro', 'rppg', 'mer']
2026-10-06 10:49:07,596 INFO Bundle emitted for clip 1307: modalities ['macro', 'rppg', 'mer']
2026-10-06 10:49:07,599 INFO Bundle emitted for clip 1308: modalities ['macro', 'rppg', 'mer']
2026-10-06 10:49:07,602 INFO Bundle emitted for clip 1310: modalities ['macro', 'rppg', 'mer']
2026-10-06 10:49:07,604 INFO Bundle emitted for clip 1311: modalities ['macro', 'rppg', 'mer']
2026-10-06 10:49:07,607 INFO Bundle emitted for clip 1309: modalities ['macro', 'rppg', 'mer']
2026-10-06 10:49:07,610 INFO Bundle emitted for clip 1312: modalities ['macro', 'rppg', 'mer']
2026-10-06 10:49:07,613 INFO Bundle emitted for clip 1314: modalities ['macro', 'rppg', 'mer']
2026-10-06 10:49:07,615 INFO Bundle emitted for clip 1313: modalities ['macro', 'rppg', 'mer']
2026-10-06 10:49:07,618 INFO Bundle emitted for clip 1316: modalities ['macro', 'rppg', 'mer']
2026-10-06 10:49:07,621 INFO Bundle emitted for clip 1315: modalities ['macro', 'rppg', 'mer']
2026-10-06 10:49:07,624 INFO Bundle emitted for clip 1318: modalities ['macro', 'rppg', 'mer']
2026-10-06 10:49:07,626 INFO Bundle emitted for clip 1320: modalities ['macro', 'rppg', 'mer']
2026-10-06 10:49:07,629 INFO Bundle emitted for clip 1317: modalities ['macro', 'rppg', 'mer']
2026-10-06 10:49:07,631 INFO Bundle emitted for clip 1319: modalities ['macro', 'rppg', 'mer']
2026-10-06 10:49:07,634 INFO Bundle emitted for clip 1321: modalities ['macro', 'rppg', 'mer']
2026-10-06 10:49:07,637 INFO Bundle emitted for clip 1322: modalities ['macro', 'rppg', 'mer']
2026-10-06 10:49:07,639 INFO Bundle emitted for clip 1323: modalities ['macro', 'rppg', 'mer']
2026-10-06 10:49:07,642 INFO Bundle emitted for clip 1324: modalities ['macro', 'rppg', 'mer']
2026-10-06 10:49:07,645 INFO Bundle emitted for clip 1325: modalities ['macro', 'rppg', 'mer']
2026-10-06 10:49:07,647 INFO Bundle emitted for clip 1326: modalities ['macro', 'rppg', 'mer']
2026-10-06 10:49:07,650 INFO Bundle emitted for clip 1327: modalities ['macro', 'rppg', 'mer']
2026-10-06 10:49:07,653 INFO Bundle emitted for clip 1328: modalities ['macro', 'rppg', 'mer']
2026-10-06 10:49:07,655 INFO Bundle emitted for clip 1329: modalities ['macro', 'rppg', 'mer']
2026-10-06 10:49:07,658 INFO Bundle emitted for clip 1330: modalities ['macro', 'rppg', 'mer']
2026-10-06 10:49:07,661 INFO Bundle emitted for clip 1331: modalities ['macro', 'rppg', 'mer']
2026-10-06 10:49:07,663 INFO Bundle emitted for clip 1332: modalities ['macro', 'rppg', 'mer']
2026-10-06 10:49:07,666 INFO Bundle emitted for clip 1333: modalities ['macro', 'rppg', 'mer']
2026-10-06 10:49:07,669 INFO Bundle emitted for clip 1334: modalities ['macro', 'rppg', 'mer']
2026-10-06 10:49:07,671 INFO Bundle emitted for clip 1336: modalities ['macro', 'rppg', 'mer']
2026-10-06 10:49:07,674 INFO Bundle emitted for clip 1335: modalities ['macro', 'rppg', 'mer']
2026-10-06 10:49:07,677 INFO Bundle emitted for clip 1337: modalities ['macro', 'rppg', 'mer']
2026-10-06 10:49:07,680 INFO Bundle emitted for clip 1338: modalities ['macro', 'rppg', 'mer']
2026-10-06 10:49:07,683 INFO Bundle emitted for clip 1339: modalities ['macro', 'rppg', 'mer']
2026-10-06 10:49:07,685 INFO Bundle emitted for clip 1340: modalities ['macro', 'rppg', 'mer']
2026-10-06 10:49:07,688 INFO Bundle emitted for clip 1341: modalities ['macro', 'rppg', 'mer']
2026-10-06 10:49:07,691 INFO Bundle emitted for clip 1342: modalities ['macro', 'rppg', 'mer']
2026-10-06 10:49:07,694 INFO Bundle emitted for clip 1343: modalities ['macro', 'rppg', 'mer']
2026-10-06 10:49:07,697 INFO Bundle emitted for clip 1344: modalities ['macro', 'rppg', 'mer']
2026-10-06 10:49:07,699 INFO Bundle emitted for clip 1345: modalities ['macro', 'rppg', 'mer']
2026-10-06 10:49:07,703 INFO Bundle emitted for clip 1346: modalities ['macro', 'rppg', 'mer']
2026-10-06 10:49:07,706 INFO Bundle emitted for clip 1347: modalities ['macro', 'rppg', 'mer']
2026-10-06 10:49:07,708 INFO Bundle emitted for clip 1348: modalities ['macro', 'rppg', 'mer']
2026-10-06 10:49:07,711 INFO Bundle emitted for clip 1350: modalities ['macro', 'rppg', 'mer']
2026-10-06 10:49:07,714 INFO Bundle emitted for clip 1349: modalities ['macro', 'rppg', 'mer']
2026-10-06 10:49:07,717 INFO Bundle emitted for clip 1351: modalities ['macro', 'rppg', 'mer']
2026-10-06 10:49:07,720 INFO Bundle emitted for clip 1352: modalities ['macro', 'rppg', 'mer']
2026-10-06 10:49:07,722 INFO Bundle emitted for clip 1353: modalities ['macro', 'rppg', 'mer']
2026-10-06 10:49:07,725 INFO Bundle emitted for clip 1354: modalities ['macro', 'rppg', 'mer']
2026-10-06 10:49:07,727 INFO Bundle emitted for clip 1355: modalities ['macro', 'rppg', 'mer']
2026-10-06 10:49:07,730 INFO Bundle emitted for clip 1356: modalities ['macro', 'rppg', 'mer']
2026-10-06 10:49:07,733 INFO Bundle emitted for clip 1357: modalities ['macro', 'rppg', 'mer']
2026-10-06 10:49:07,736 INFO Bundle emitted for clip 1359: modalities ['macro', 'rppg', 'mer']
2026-10-06 10:49:07,739 INFO Bundle emitted for clip 1358: modalities ['macro', 'rppg', 'mer']
2026-10-06 10:49:07,743 INFO Bundle emitted for clip 1360: modalities ['macro', 'rppg', 'mer']
2026-10-06 10:49:07,745 INFO Bundle emitted for clip 1362: modalities ['macro', 'rppg', 'mer']
2026-10-06 10:49:07,748 INFO Bundle emitted for clip 1361: modalities ['macro', 'rppg', 'mer']
2026-10-06 10:49:07,751 INFO Bundle emitted for clip 1363: modalities ['macro', 'rppg', 'mer']
2026-10-06 10:49:07,754 INFO Bundle emitted for clip 1364: modalities ['macro', 'rppg', 'mer']
2026-10-06 10:49:07,757 INFO Bundle emitted for clip 1365: modalities ['macro', 'rppg', 'mer']
2026-10-06 10:49:07,760 INFO Bundle emitted for clip 1367: modalities ['macro', 'rppg', 'mer']
2026-10-06 10:49:07,763 INFO Bundle emitted for clip 1368: modalities ['macro', 'rppg', 'mer']
2026-10-06 10:49:07,766 INFO Bundle emitted for clip 1366: modalities ['macro', 'rppg', 'mer']
2026-10-06 10:49:07,769 INFO Bundle emitted for clip 1369: modalities ['macro', 'rppg', 'mer']
2026-10-06 10:49:07,771 INFO Bundle emitted for clip 1370: modalities ['macro', 'rppg', 'mer']
2026-10-06 10:49:07,774 INFO Bundle emitted for clip 1371: modalities ['macro', 'rppg', 'mer']
2026-10-06 10:49:07,776 INFO Bundle emitted for clip 1372: modalities ['macro', 'rppg', 'mer']
2026-10-06 10:49:07,779 INFO Bundle emitted for clip 1373: modalities ['macro', 'rppg', 'mer']
2026-10-06 10:49:07,782 INFO Bundle emitted for clip 1374: modalities ['macro', 'rppg', 'mer']
2026-10-06 10:49:07,785 INFO Bundle emitted for clip 1376: modalities ['macro', 'rppg', 'mer']
2026-10-06 10:49:07,787 INFO Bundle emitted for clip 1375: modalities ['macro', 'rppg', 'mer']
2026-10-06 10:49:07,790 INFO Bundle emitted for clip 1377: modalities ['macro', 'rppg', 'mer']
2026-10-06 10:49:07,792 INFO Bundle emitted for clip 1378: modalities ['macro', 'rppg', 'mer']
2026-10-06 10:49:07,795 INFO Bundle emitted for clip 1379: modalities ['macro', 'rppg', 'mer']
2026-10-06 10:49:07,798 INFO Bundle emitted for clip 1381: modalities ['macro', 'rppg', 'mer']
2026-10-06 10:49:07,800 INFO Bundle emitted for clip 1380: modalities ['macro', 'rppg', 'mer']
2026-10-06 10:49:07,803 INFO Bundle emitted for clip 1382: modalities ['macro', 'rppg', 'mer']
2026-10-06 10:49:07,805 INFO Bundle emitted for clip 1383: modalities ['macro', 'rppg', 'mer']
2026-10-06 10:49:07,808 INFO Bundle emitted for clip 1385: modalities ['macro', 'rppg', 'mer']
2026-10-06 10:49:07,811 INFO Bundle emitted for clip 1384: modalities ['macro', 'rppg', 'mer']
2026-10-06 10:49:07,814 INFO Bundle emitted for clip 1386: modalities ['macro', 'rppg', 'mer']
2026-10-06 10:49:07,816 INFO Bundle emitted for clip 1387: modalities ['macro', 'rppg', 'mer']
2026-10-06 10:49:07,819 INFO Bundle emitted for clip 1388: modalities ['macro', 'rppg', 'mer']
2026-10-06 10:49:07,822 INFO Bundle emitted for clip 1389: modalities ['macro', 'rppg', 'mer']
2026-10-06 10:49:07,824 INFO Bundle emitted for clip 1390: modalities ['macro', 'rppg', 'mer']
2026-10-06 10:49:07,827 INFO Bundle emitted for clip 1391: modalities ['macro', 'rppg', 'mer']
2026-10-06 10:49:07,830 INFO Bundle emitted for clip 1392: modalities ['macro', 'rppg', 'mer']
2026-10-06 10:49:07,833 INFO Bundle emitted for clip 1393: modalities ['macro', 'rppg', 'mer']
2026-10-06 10:49:07,836 INFO Bundle emitted for clip 1394: modalities ['macro', 'rppg', 'mer']
2026-10-06 10:49:07,839 INFO Bundle emitted for clip 1395: modalities ['macro', 'rppg', 'mer']
2026-10-06 10:49:07,842 INFO Bundle emitted for clip 1396: modalities ['macro', 'rppg', 'mer']
2026-10-06 10:49:07,845 INFO Bundle emitted for clip 1397: modalities ['macro', 'rppg', 'mer']
2026-10-06 10:49:07,848 INFO Bundle emitted for clip 1398: modalities ['macro', 'rppg', 'mer']
2026-10-06 10:49:07,851 INFO Bundle emitted for clip 1399: modalities ['macro', 'rppg', 'mer']
2026-10-06 10:49:07,854 INFO Bundle emitted for clip 1400: modalities ['macro', 'rppg', 'mer']
2026-10-06 10:49:07,857 INFO Bundle emitted for clip 1401: modalities ['macro', 'rppg', 'mer']
2026-10-06 10:49:07,860 INFO Bundle emitted for clip 1402: modalities ['macro', 'rppg', 'mer']
2026-10-06 10:49:07,863 INFO Bundle emitted for clip 1403: modalities ['macro', 'rppg', 'mer']
2026-10-06 10:49:07,866 INFO Bundle emitted for clip 1404: modalities ['macro', 'rppg', 'mer']
2026-10-06 10:49:07,869 INFO Bundle emitted for clip 1405: modalities ['macro', 'rppg', 'mer']
2026-10-06 10:49:07,871 INFO Bundle emitted for clip 1406: modalities ['macro', 'rppg', 'mer']
2026-10-06 10:49:07,874 INFO Bundle emitted for clip 1407: modalities ['macro', 'rppg', 'mer']
2026-10-06 10:49:07,877 INFO Bundle emitted for clip 1408: modalities ['macro', 'rppg', 'mer']
2026-10-06 10:49:07,879 INFO Bundle emitted for clip 1409: modalities ['macro', 'rppg', 'mer']
2026-10-06 10:49:07,882 INFO Bundle emitted for clip 1411: modalities ['macro', 'rppg', 'mer']
2026-10-06 10:49:07,884 INFO Bundle emitted for clip 1410: modalities ['macro', 'rppg', 'mer']
2026-10-06 10:49:07,887 INFO Bundle emitted for clip 1412: modalities ['macro', 'rppg', 'mer']
2026-10-06 10:49:07,889 INFO Bundle emitted for clip 1413: modalities ['macro', 'rppg', 'mer']
2026-10-06 10:49:07,892 INFO Bundle emitted for clip 1415: modalities ['macro', 'rppg', 'mer']
2026-10-06 10:49:07,895 INFO Bundle emitted for clip 1414: modalities ['macro', 'rppg', 'mer']
2026-10-06 10:49:07,897 INFO Bundle emitted for clip 1416: modalities ['macro', 'rppg', 'mer']
2026-10-06 10:49:07,900 INFO Bundle emitted for clip 1417: modalities ['macro', 'rppg', 'mer']
2026-10-06 10:49:07,903 INFO Bundle emitted for clip 1418: modalities ['macro', 'rppg', 'mer']
2026-10-06 10:49:07,905 INFO Bundle emitted for clip 1419: modalities ['macro', 'rppg', 'mer']
2026-10-06 10:49:07,908 INFO Bundle emitted for clip 1420: modalities ['macro', 'rppg', 'mer']
2026-10-06 10:49:07,911 INFO Bundle emitted for clip 1421: modalities ['macro', 'rppg', 'mer']
2026-10-06 10:49:07,913 INFO Bundle emitted for clip 1422: modalities ['macro', 'rppg', 'mer']
2026-10-06 10:49:07,916 INFO Bundle emitted for clip 1423: modalities ['macro', 'rppg', 'mer']
2026-10-06 10:49:07,919 INFO Bundle emitted for clip 1424: modalities ['macro', 'rppg', 'mer']
2026-10-06 10:49:07,922 INFO Bundle emitted for clip 1425: modalities ['macro', 'rppg', 'mer']
2026-10-06 10:49:07,925 INFO Bundle emitted for clip 1426: modalities ['macro', 'rppg', 'mer']
2026-10-06 10:49:07,927 INFO Bundle emitted for clip 1427: modalities ['macro', 'rppg', 'mer']
2026-10-06 10:49:07,930 INFO Bundle emitted for clip 1428: modalities ['macro', 'rppg', 'mer']
2026-10-06 10:49:07,933 INFO Bundle emitted for clip 1429: modalities ['macro', 'rppg', 'mer']
2026-10-06 10:49:07,935 INFO Bundle emitted for clip 1430: modalities ['macro', 'rppg', 'mer']
2026-10-06 10:49:07,938 INFO Bundle emitted for clip 1431: modalities ['macro', 'rppg', 'mer']
2026-10-06 10:49:07,941 INFO Bundle emitted for clip 1433: modalities ['macro', 'rppg', 'mer']
2026-10-06 10:49:07,944 INFO Bundle emitted for clip 1432: modalities ['macro', 'rppg', 'mer']
2026-10-06 10:49:07,947 INFO Bundle emitted for clip 1434: modalities ['macro', 'rppg', 'mer']
2026-10-06 10:49:07,949 INFO Bundle emitted for clip 1435: modalities ['macro', 'rppg', 'mer']
2026-10-06 10:49:07,952 INFO Bundle emitted for clip 1436: modalities ['macro', 'rppg', 'mer']
2026-10-06 10:49:07,955 INFO Bundle emitted for clip 1437: modalities ['macro', 'rppg', 'mer']
2026-10-06 10:49:07,958 INFO Bundle emitted for clip 1438: modalities ['macro', 'rppg', 'mer']
2026-10-06 10:49:07,961 INFO Bundle emitted for clip 1439: modalities ['macro', 'rppg', 'mer']
2026-10-06 10:49:07,963 INFO Bundle emitted for clip 1440: modalities ['macro', 'rppg', 'mer']
2026-10-06 10:49:07,966 INFO Bundle emitted for clip 1441: modalities ['macro', 'rppg', 'mer']
2026-10-06 10:49:07,969 INFO Bundle emitted for clip 1442: modalities ['macro', 'rppg', 'mer']
2026-10-06 10:49:07,971 INFO Bundle emitted for clip 1443: modalities ['macro', 'rppg', 'mer']
2026-10-06 10:49:07,974 INFO Bundle emitted for clip 1444: modalities ['macro', 'rppg', 'mer']
2026-10-06 10:49:07,977 INFO Bundle emitted for clip 1445: modalities ['macro', 'rppg', 'mer']
2026-10-06 10:49:07,979 INFO Bundle emitted for clip 1446: modalities ['macro', 'rppg', 'mer']
2026-10-06 10:49:07,982 INFO Bundle emitted for clip 1447: modalities ['macro', 'rppg', 'mer']
2026-10-06 10:49:07,984 INFO Bundle emitted for clip 1448: modalities ['macro', 'rppg', 'mer']
2026-10-06 10:49:07,987 INFO Bundle emitted for clip 1449: modalities ['macro', 'rppg', 'mer']
2026-10-06 10:49:07,990 INFO Bundle emitted for clip 1450: modalities ['macro', 'rppg', 'mer']
2026-10-06 10:49:07,992 INFO Bundle emitted for clip 1451: modalities ['macro', 'rppg', 'mer']
2026-10-06 10:49:07,995 INFO Bundle emitted for clip 1452: modalities ['macro', 'rppg', 'mer']
2026-10-06 10:49:07,998 INFO Bundle emitted for clip 1453: modalities ['macro', 'rppg', 'mer']
2026-10-06 10:49:08,000 INFO Bundle emitted for clip 1454: modalities ['macro', 'rppg', 'mer']
2026-10-06 10:49:08,003 INFO Bundle emitted for clip 1455: modalities ['macro', 'rppg', 'mer']
2026-10-06 10:49:08,006 INFO Bundle emitted for clip 1456: modalities ['macro', 'rppg', 'mer']
2026-10-06 10:49:08,008 INFO Bundle emitted for clip 1457: modalities ['macro', 'rppg', 'mer']
2026-10-06 10:49:08,011 INFO Bundle emitted for clip 1458: modalities ['macro', 'rppg', 'mer']
2026-10-06 10:49:08,013 INFO Bundle emitted for clip 1459: modalities ['macro', 'rppg', 'mer']
2026-10-06 10:49:08,016 INFO Bundle emitted for clip 1460: modalities ['macro', 'rppg', 'mer']
2026-10-06 10:49:08,018 INFO Bundle emitted for clip 1461: modalities ['macro', 'rppg', 'mer']
2026-10-06 10:49:08,021 INFO Bundle emitted for clip 1462: modalities ['macro', 'rppg', 'mer']
2026-10-06 10:49:08,023 INFO Bundle emitted for clip 1463: modalities ['macro', 'rppg', 'mer']
2026-10-06 10:49:08,026 INFO Bundle emitted for clip 1464: modalities ['macro', 'rppg', 'mer']
2026-10-06 10:49:08,028 INFO Bundle emitted for clip 1465: modalities ['macro', 'rppg', 'mer']
2026-10-06 10:49:08,031 INFO Bundle emitted for clip 1466: modalities ['macro', 'rppg', 'mer']
2026-10-06 10:49:08,033 INFO Bundle emitted for clip 1467: modalities ['macro', 'rppg', 'mer']
2026-10-06 10:49:08,036 INFO Bundle emitted for clip 1468: modalities ['macro', 'rppg', 'mer']
2026-10-06 10:49:08,038 INFO Bundle emitted for clip 1469: modalities ['macro', 'rppg', 'mer']
2026-10-06 10:49:08,041 INFO Bundle emitted for clip 1470: modalities ['macro', 'rppg', 'mer']
2026-10-06 10:49:08,044 INFO Bundle emitted for clip 1471: modalities ['macro', 'rppg', 'mer']
2026-10-06 10:49:08,046 INFO Bundle emitted for clip 1472: modalities ['macro', 'rppg', 'mer']
2026-10-06 10:49:08,049 INFO Bundle emitted for clip 1473: modalities ['macro', 'rppg', 'mer']
2026-10-06 10:49:08,051 INFO Bundle emitted for clip 1474: modalities ['macro', 'rppg', 'mer']
2026-10-06 10:49:08,054 INFO Bundle emitted for clip 1475: modalities ['macro', 'rppg', 'mer']
2026-10-06 10:49:08,056 INFO Bundle emitted for clip 1476: modalities ['macro', 'rppg', 'mer']
2026-10-06 10:49:08,059 INFO Bundle emitted for clip 1477: modalities ['macro', 'rppg', 'mer']
2026-10-06 10:49:08,061 INFO Bundle emitted for clip 1478: modalities ['macro', 'rppg', 'mer']
2026-10-06 10:49:08,064 INFO Bundle emitted for clip 1479: modalities ['macro', 'rppg', 'mer']
2026-10-06 10:49:08,067 INFO Bundle emitted for clip 1481: modalities ['macro', 'rppg', 'mer']
2026-10-06 10:49:08,070 INFO Bundle emitted for clip 1480: modalities ['macro', 'rppg', 'mer']
2026-10-06 10:49:08,072 INFO Bundle emitted for clip 1482: modalities ['macro', 'rppg', 'mer']
2026-10-06 10:49:08,075 INFO Bundle emitted for clip 1483: modalities ['macro', 'rppg', 'mer']
2026-10-06 10:49:08,077 INFO Bundle emitted for clip 1484: modalities ['macro', 'rppg', 'mer']
2026-10-06 10:49:08,080 INFO Bundle emitted for clip 1485: modalities ['macro', 'rppg', 'mer']
2026-10-06 10:49:08,082 INFO Bundle emitted for clip 1486: modalities ['macro', 'rppg', 'mer']
2026-10-06 10:49:08,085 INFO Bundle emitted for clip 1487: modalities ['macro', 'rppg', 'mer']
2026-10-06 10:49:08,087 INFO Bundle emitted for clip 1488: modalities ['macro', 'rppg', 'mer']
2026-10-06 10:49:08,090 INFO Bundle emitted for clip 1489: modalities ['macro', 'rppg', 'mer']
2026-10-06 10:49:08,092 INFO Bundle emitted for clip 1490: modalities ['macro', 'rppg', 'mer']
2026-10-06 10:49:08,095 INFO Bundle emitted for clip 1491: modalities ['macro', 'rppg', 'mer']
2026-10-06 10:49:08,097 INFO Bundle emitted for clip 1492: modalities ['macro', 'rppg', 'mer']
2026-10-06 10:49:08,100 INFO Bundle emitted for clip 1493: modalities ['macro', 'rppg', 'mer']
2026-10-06 10:49:08,103 INFO Bundle emitted for clip 1494: modalities ['macro', 'rppg', 'mer']
2026-10-06 10:49:08,105 INFO Bundle emitted for clip 1495: modalities ['macro', 'rppg', 'mer']
2026-10-06 10:49:08,108 INFO Bundle emitted for clip 1496: modalities ['macro', 'rppg', 'mer']
2026-10-06 10:49:08,110 INFO Bundle emitted for clip 1497: modalities ['macro', 'rppg', 'mer']
2026-10-06 10:49:08,113 INFO Bundle emitted for clip 1498: modalities ['macro', 'rppg', 'mer']
2026-10-06 10:49:08,115 INFO Bundle emitted for clip 1499: modalities ['macro', 'rppg', 'mer']
2026-10-06 10:49:08,118 INFO Bundle emitted for clip 1500: modalities ['macro', 'rppg', 'mer']
2026-10-06 10:49:08,121 INFO Bundle emitted for clip 1501: modalities ['macro', 'rppg', 'mer']
2026-10-06 10:49:08,123 INFO Bundle emitted for clip 1502: modalities ['macro', 'rppg', 'mer']
2026-10-06 10:49:08,126 INFO Bundle emitted for clip 1503: modalities ['macro', 'rppg', 'mer']
2026-10-06 10:49:08,129 INFO Bundle emitted for clip 1504: modalities ['macro', 'rppg', 'mer']
2026-10-06 10:49:08,132 INFO Bundle emitted for clip 1505: modalities ['macro', 'rppg', 'mer']
2026-10-06 10:49:08,134 INFO Bundle emitted for clip 1506: modalities ['macro', 'rppg', 'mer']
2026-10-06 10:49:08,137 INFO Bundle emitted for clip 1507: modalities ['macro', 'rppg', 'mer']
2026-10-06 10:49:08,140 INFO Bundle emitted for clip 1508: modalities ['macro', 'rppg', 'mer']
2026-10-06 10:49:08,142 INFO Bundle emitted for clip 1509: modalities ['macro', 'rppg', 'mer']
2026-10-06 10:49:08,145 INFO Bundle emitted for clip 1510: modalities ['macro', 'rppg', 'mer']
2026-10-06 10:49:08,147 INFO Bundle emitted for clip 1511: modalities ['macro', 'rppg', 'mer']
2026-10-06 10:49:08,150 INFO Bundle emitted for clip 1513: modalities ['macro', 'rppg', 'mer']
2026-10-06 10:49:08,153 INFO Bundle emitted for clip 1512: modalities ['macro', 'rppg', 'mer']
2026-10-06 10:49:08,155 INFO Bundle emitted for clip 1514: modalities ['macro', 'rppg', 'mer']
2026-10-06 10:49:08,158 INFO Bundle emitted for clip 1515: modalities ['macro', 'rppg', 'mer']
2026-10-06 10:49:08,161 INFO Bundle emitted for clip 1516: modalities ['macro', 'rppg', 'mer']
2026-10-06 10:49:08,163 INFO Bundle emitted for clip 1517: modalities ['macro', 'rppg', 'mer']
2026-10-06 10:49:08,166 INFO Bundle emitted for clip 1518: modalities ['macro', 'rppg', 'mer']
2026-10-06 10:49:08,168 INFO Bundle emitted for clip 1519: modalities ['macro', 'rppg', 'mer']
2026-10-06 10:49:08,171 INFO Bundle emitted for clip 1520: modalities ['macro', 'rppg', 'mer']
2026-10-06 10:49:08,173 INFO Bundle emitted for clip 1521: modalities ['macro', 'rppg', 'mer']
2026-10-06 10:49:08,176 INFO Bundle emitted for clip 1522: modalities ['macro', 'rppg', 'mer']
2026-10-06 10:49:08,179 INFO Bundle emitted for clip 1523: modalities ['macro', 'rppg', 'mer']
2026-10-06 10:49:08,182 INFO Bundle emitted for clip 1524: modalities ['macro', 'rppg', 'mer']
2026-10-06 10:49:08,185 INFO Bundle emitted for clip 1525: modalities ['macro', 'rppg', 'mer']
2026-10-06 10:49:08,187 INFO Bundle emitted for clip 1526: modalities ['macro', 'rppg', 'mer']
2026-10-06 10:49:08,190 INFO Bundle emitted for clip 1527: modalities ['macro', 'rppg', 'mer']
2026-10-06 10:49:08,193 INFO Bundle emitted for clip 1529: modalities ['macro', 'rppg', 'mer']
2026-10-06 10:49:08,196 INFO Bundle emitted for clip 1528: modalities ['macro', 'rppg', 'mer']
2026-10-06 10:49:08,198 INFO Bundle emitted for clip 1530: modalities ['macro', 'rppg', 'mer']
2026-10-06 10:49:08,201 INFO Bundle emitted for clip 1531: modalities ['macro', 'rppg', 'mer']
2026-10-06 10:49:08,203 INFO Bundle emitted for clip 1532: modalities ['macro', 'rppg', 'mer']
2026-10-06 10:49:08,206 INFO Bundle emitted for clip 1533: modalities ['macro', 'rppg', 'mer']
2026-10-06 10:49:08,208 INFO Bundle emitted for clip 1534: modalities ['macro', 'rppg', 'mer']
2026-10-06 10:49:08,211 INFO Bundle emitted for clip 1535: modalities ['macro', 'rppg', 'mer']
2026-10-06 10:49:08,214 INFO Bundle emitted for clip 1536: modalities ['macro', 'rppg', 'mer']
2026-10-06 10:49:08,216 INFO Bundle emitted for clip 1537: modalities ['macro', 'rppg', 'mer']
2026-10-06 10:49:08,218 INFO Bundle emitted for clip 1539: modalities ['macro', 'rppg', 'mer']
2026-10-06 10:49:08,221 INFO Bundle emitted for clip 1538: modalities ['macro', 'rppg', 'mer']
2026-10-06 10:49:08,224 INFO Bundle emitted for clip 1540: modalities ['macro', 'rppg', 'mer']
2026-10-06 10:49:08,226 INFO Bundle emitted for clip 1541: modalities ['macro', 'rppg', 'mer']
2026-10-06 10:49:08,229 INFO Bundle emitted for clip 1542: modalities ['macro', 'rppg', 'mer']
2026-10-06 10:49:08,231 INFO Bundle emitted for clip 1543: modalities ['macro', 'rppg', 'mer']
2026-10-06 10:49:08,233 INFO Bundle emitted for clip 1544: modalities ['macro', 'rppg', 'mer']
2026-10-06 10:49:08,236 INFO Bundle emitted for clip 1545: modalities ['macro', 'rppg', 'mer']
2026-10-06 10:49:08,239 INFO Bundle emitted for clip 1546: modalities ['macro', 'rppg', 'mer']
2026-10-06 10:49:08,241 INFO Bundle emitted for clip 1547: modalities ['macro', 'rppg', 'mer']
2026-10-06 10:49:08,244 INFO Bundle emitted for clip 1548: modalities ['macro', 'rppg', 'mer']
2026-10-06 10:49:08,247 INFO Bundle emitted for clip 1549: modalities ['macro', 'rppg', 'mer']
2026-10-06 10:49:08,249 INFO Bundle emitted for clip 1550: modalities ['macro', 'rppg', 'mer']
2026-10-06 10:49:08,252 INFO Bundle emitted for clip 1551: modalities ['macro', 'rppg', 'mer']
2026-10-06 10:49:08,255 INFO Bundle emitted for clip 1552: modalities ['macro', 'rppg', 'mer']
2026-10-06 10:49:08,258 INFO Bundle emitted for clip 1553: modalities ['macro', 'rppg', 'mer']
2026-10-06 10:49:08,260 INFO Bundle emitted for clip 1555: modalities ['macro', 'rppg', 'mer']
2026-10-06 10:49:08,263 INFO Bundle emitted for clip 1554: modalities ['macro', 'rppg', 'mer']
2026-10-06 10:49:08,265 INFO Bundle emitted for clip 1557: modalities ['macro', 'rppg', 'mer']
2026-10-06 10:49:08,268 INFO Bundle emitted for clip 1556: modalities ['macro', 'rppg', 'mer']
2026-10-06 10:49:08,271 INFO Bundle emitted for clip 1559: modalities ['macro', 'rppg', 'mer']
2026-10-06 10:49:08,273 INFO Bundle emitted for clip 1558: modalities ['macro', 'rppg', 'mer']
2026-10-06 10:49:08,276 INFO Bundle emitted for clip 1560: modalities ['macro', 'rppg', 'mer']
2026-10-06 10:49:08,278 INFO Bundle emitted for clip 1562: modalities ['macro', 'rppg', 'mer']
2026-10-06 10:49:08,281 INFO Bundle emitted for clip 1561: modalities ['macro', 'rppg', 'mer']
2026-10-06 10:49:08,284 INFO Bundle emitted for clip 1563: modalities ['macro', 'rppg', 'mer']
2026-10-06 10:49:08,286 INFO Bundle emitted for clip 1564: modalities ['macro', 'rppg', 'mer']
2026-10-06 10:49:08,289 INFO Bundle emitted for clip 1565: modalities ['macro', 'rppg', 'mer']
2026-10-06 10:49:08,291 INFO Bundle emitted for clip 1566: modalities ['macro', 'rppg', 'mer']
2026-10-06 10:49:08,294 INFO Bundle emitted for clip 1568: modalities ['macro', 'rppg', 'mer']
2026-10-06 10:49:08,296 INFO Bundle emitted for clip 1567: modalities ['macro', 'rppg', 'mer']
2026-10-06 10:49:08,299 INFO Bundle emitted for clip 1569: modalities ['macro', 'rppg', 'mer']
2026-10-06 10:49:08,302 INFO Bundle emitted for clip 1570: modalities ['macro', 'rppg', 'mer']
2026-10-06 10:49:08,304 INFO Bundle emitted for clip 1571: modalities ['macro', 'rppg', 'mer']
2026-10-06 10:49:08,307 INFO Bundle emitted for clip 1572: modalities ['macro', 'rppg', 'mer']
2026-10-06 10:49:08,309 INFO Bundle emitted for clip 1573: modalities ['macro', 'rppg', 'mer']
2026-10-06 10:49:08,312 INFO Bundle emitted for clip 1574: modalities ['macro', 'rppg', 'mer']
2026-10-06 10:49:08,314 INFO Bundle emitted for clip 1575: modalities ['macro', 'rppg', 'mer']
2026-10-06 10:49:08,316 INFO Bundle emitted for clip 1576: modalities ['macro', 'rppg', 'mer']
2026-10-06 10:49:08,319 INFO Bundle emitted for clip 1577: modalities ['macro', 'rppg', 'mer']
2026-10-06 10:49:08,322 INFO Bundle emitted for clip 1578: modalities ['macro', 'rppg', 'mer']
2026-10-06 10:49:08,324 INFO Bundle emitted for clip 1580: modalities ['macro', 'rppg', 'mer']
2026-10-06 10:49:08,327 INFO Bundle emitted for clip 1581: modalities ['macro', 'rppg', 'mer']
2026-10-06 10:49:08,329 INFO Bundle emitted for clip 1579: modalities ['macro', 'rppg', 'mer']
2026-10-06 10:49:08,332 INFO Bundle emitted for clip 1582: modalities ['macro', 'rppg', 'mer']
2026-10-06 10:49:08,335 INFO Bundle emitted for clip 1583: modalities ['macro', 'rppg', 'mer']
2026-10-06 10:49:08,337 INFO Bundle emitted for clip 1584: modalities ['macro', 'rppg', 'mer']
2026-10-06 10:49:08,340 INFO Bundle emitted for clip 1585: modalities ['macro', 'rppg', 'mer']
2026-10-06 10:49:08,342 INFO Bundle emitted for clip 1586: modalities ['macro', 'rppg', 'mer']
2026-10-06 10:49:08,345 INFO Bundle emitted for clip 1587: modalities ['macro', 'rppg', 'mer']
2026-10-06 10:49:08,347 INFO Bundle emitted for clip 1588: modalities ['macro', 'rppg', 'mer']
2026-10-06 10:49:08,350 INFO Bundle emitted for clip 1589: modalities ['macro', 'rppg', 'mer']
2026-10-06 10:49:08,353 INFO Bundle emitted for clip 1590: modalities ['macro', 'rppg', 'mer']
2026-10-06 10:49:08,356 INFO Bundle emitted for clip 1591: modalities ['macro', 'rppg', 'mer']
2026-10-06 10:49:08,358 INFO Bundle emitted for clip 1592: modalities ['macro', 'rppg', 'mer']
2026-10-06 10:49:08,361 INFO Bundle emitted for clip 1593: modalities ['macro', 'rppg', 'mer']
2026-10-06 10:49:08,363 INFO Bundle emitted for clip 1594: modalities ['macro', 'rppg', 'mer']
2026-10-06 10:49:08,366 INFO Bundle emitted for clip 1595: modalities ['macro', 'rppg', 'mer']
2026-10-06 10:49:08,369 INFO Bundle emitted for clip 1596: modalities ['macro', 'rppg', 'mer']
2026-10-06 10:49:08,371 INFO Bundle emitted for clip 1597: modalities ['macro', 'rppg', 'mer']
2026-10-06 10:49:08,373 INFO Bundle emitted for clip 1598: modalities ['macro', 'rppg', 'mer']
2026-10-06 10:49:08,376 INFO Bundle emitted for clip 1599: modalities ['macro', 'rppg', 'mer']
2026-10-06 10:49:08,378 INFO Bundle emitted for clip 1600: modalities ['macro', 'rppg', 'mer']
2026-10-06 10:49:08,381 INFO Bundle emitted for clip 1601: modalities ['macro', 'rppg', 'mer']
2026-10-06 10:49:08,384 INFO Bundle emitted for clip 1602: modalities ['macro', 'rppg', 'mer']
2026-10-06 10:49:08,387 INFO Bundle emitted for clip 1603: modalities ['macro', 'rppg', 'mer']
2026-10-06 10:49:08,389 INFO Bundle emitted for clip 1604: modalities ['macro', 'rppg', 'mer']
2026-10-06 10:49:08,392 INFO Bundle emitted for clip 1605: modalities ['macro', 'rppg', 'mer']
2026-10-06 10:49:08,395 INFO Bundle emitted for clip 1606: modalities ['macro', 'rppg', 'mer']
2026-10-06 10:49:08,398 INFO Bundle emitted for clip 1607: modalities ['macro', 'rppg', 'mer']
2026-10-06 10:49:08,400 INFO Bundle emitted for clip 1609: modalities ['macro', 'rppg', 'mer']
2026-10-06 10:49:08,403 INFO Bundle emitted for clip 1610: modalities ['macro', 'rppg', 'mer']
2026-10-06 10:49:08,405 INFO Bundle emitted for clip 1611: modalities ['macro', 'rppg', 'mer']
2026-10-06 10:49:08,407 INFO Bundle emitted for clip 1608: modalities ['macro', 'rppg', 'mer']
2026-10-06 10:49:08,410 INFO Bundle emitted for clip 1613: modalities ['macro', 'rppg', 'mer']
2026-10-06 10:49:08,412 INFO Bundle emitted for clip 1612: modalities ['macro', 'rppg', 'mer']
2026-10-06 10:49:08,415 INFO Bundle emitted for clip 1614: modalities ['macro', 'rppg', 'mer']
2026-10-06 10:49:08,418 INFO Bundle emitted for clip 1615: modalities ['macro', 'rppg', 'mer']
2026-10-06 10:49:08,421 INFO Bundle emitted for clip 1616: modalities ['macro', 'rppg', 'mer']
2026-10-06 10:49:08,423 INFO Bundle emitted for clip 1617: modalities ['macro', 'rppg', 'mer']
2026-10-06 10:49:08,426 INFO Bundle emitted for clip 1618: modalities ['macro', 'rppg', 'mer']
2026-10-06 10:49:08,428 INFO Bundle emitted for clip 1619: modalities ['macro', 'rppg', 'mer']
2026-10-06 10:49:08,431 INFO Bundle emitted for clip 1620: modalities ['macro', 'rppg', 'mer']
2026-10-06 10:49:08,434 INFO Bundle emitted for clip 1621: modalities ['macro', 'rppg', 'mer']
2026-10-06 10:49:08,436 INFO Bundle emitted for clip 1622: modalities ['macro', 'rppg', 'mer']
2026-10-06 10:49:08,439 INFO Bundle emitted for clip 1623: modalities ['macro', 'rppg', 'mer']
2026-10-06 10:49:08,442 INFO Bundle emitted for clip 1624: modalities ['macro', 'rppg', 'mer']
2026-10-06 10:49:08,444 INFO Bundle emitted for clip 1625: modalities ['macro', 'rppg', 'mer']
2026-10-06 10:49:08,447 INFO Bundle emitted for clip 1626: modalities ['macro', 'rppg', 'mer']
2026-10-06 10:49:08,450 INFO Bundle emitted for clip 1627: modalities ['macro', 'rppg', 'mer']
2026-10-06 10:49:08,453 INFO Bundle emitted for clip 1628: modalities ['macro', 'rppg', 'mer']
2026-10-06 10:49:08,456 INFO Bundle emitted for clip 1629: modalities ['macro', 'rppg', 'mer']
2026-10-06 10:49:08,459 INFO Bundle emitted for clip 1631: modalities ['macro', 'rppg', 'mer']
2026-10-06 10:49:08,463 INFO Bundle emitted for clip 1630: modalities ['macro', 'rppg', 'mer']
2026-10-06 10:49:08,466 INFO Bundle emitted for clip 1632: modalities ['macro', 'rppg', 'mer']
2026-10-06 10:49:08,469 INFO Bundle emitted for clip 1633: modalities ['macro', 'rppg', 'mer']
2026-10-06 10:49:08,472 INFO Bundle emitted for clip 1634: modalities ['macro', 'rppg', 'mer']
2026-10-06 10:49:08,475 INFO Bundle emitted for clip 1635: modalities ['macro', 'rppg', 'mer']
2026-10-06 10:49:08,478 INFO Bundle emitted for clip 1636: modalities ['macro', 'rppg', 'mer']
2026-10-06 10:49:08,480 INFO Bundle emitted for clip 1637: modalities ['macro', 'rppg', 'mer']
2026-10-06 10:49:08,483 INFO Bundle emitted for clip 1638: modalities ['macro', 'rppg', 'mer']
2026-10-06 10:49:08,486 INFO Bundle emitted for clip 1640: modalities ['macro', 'rppg', 'mer']
2026-10-06 10:49:08,488 INFO Bundle emitted for clip 1639: modalities ['macro', 'rppg', 'mer']
2026-10-06 10:49:08,491 INFO Bundle emitted for clip 1641: modalities ['macro', 'rppg', 'mer']
2026-10-06 10:49:08,494 INFO Bundle emitted for clip 1642: modalities ['macro', 'rppg', 'mer']
2026-10-06 10:49:08,497 INFO Bundle emitted for clip 1643: modalities ['macro', 'rppg', 'mer']
2026-10-06 10:49:08,500 INFO Bundle emitted for clip 1644: modalities ['macro', 'rppg', 'mer']
2026-10-06 10:49:08,503 INFO Bundle emitted for clip 1645: modalities ['macro', 'rppg', 'mer']
2026-10-06 10:49:08,505 INFO Bundle emitted for clip 1646: modalities ['macro', 'rppg', 'mer']
2026-10-06 10:49:08,508 INFO Bundle emitted for clip 1647: modalities ['macro', 'rppg', 'mer']
2026-10-06 10:49:08,511 INFO Bundle emitted for clip 1648: modalities ['macro', 'rppg', 'mer']
2026-10-06 10:49:08,514 INFO Bundle emitted for clip 1649: modalities ['macro', 'rppg', 'mer']
2026-10-06 10:49:08,517 INFO Bundle emitted for clip 1650: modalities ['macro', 'rppg', 'mer']
2026-10-06 10:49:08,520 INFO Bundle emitted for clip 1651: modalities ['macro', 'rppg', 'mer']
2026-10-06 10:49:08,523 INFO Bundle emitted for clip 1652: modalities ['macro', 'rppg', 'mer']
2026-10-06 10:49:08,526 INFO Bundle emitted for clip 1653: modalities ['macro', 'rppg', 'mer']
2026-10-06 10:49:08,529 INFO Bundle emitted for clip 1654: modalities ['macro', 'rppg', 'mer']
2026-10-06 10:49:08,532 INFO Bundle emitted for clip 1655: modalities ['macro', 'rppg', 'mer']
2026-10-06 10:49:08,534 INFO Bundle emitted for clip 1656: modalities ['macro', 'rppg', 'mer']
2026-10-06 10:49:08,537 INFO Bundle emitted for clip 1657: modalities ['macro', 'rppg', 'mer']
2026-10-06 10:49:08,540 INFO Bundle emitted for clip 1658: modalities ['macro', 'rppg', 'mer']
2026-10-06 10:49:08,543 INFO Bundle emitted for clip 1659: modalities ['macro', 'rppg', 'mer']
2026-10-06 10:49:08,546 INFO Bundle emitted for clip 1661: modalities ['macro', 'rppg', 'mer']
2026-10-06 10:49:08,550 INFO Bundle emitted for clip 1660: modalities ['macro', 'rppg', 'mer']
2026-10-06 10:49:08,553 INFO Bundle emitted for clip 1662: modalities ['macro', 'rppg', 'mer']
2026-10-06 10:49:08,556 INFO Bundle emitted for clip 1663: modalities ['macro', 'rppg', 'mer']
2026-10-06 10:49:08,559 INFO Bundle emitted for clip 1666: modalities ['macro', 'rppg', 'mer']
2026-10-06 10:49:08,562 INFO Bundle emitted for clip 1664: modalities ['macro', 'rppg', 'mer']
2026-10-06 10:49:08,565 INFO Bundle emitted for clip 1665: modalities ['macro', 'rppg', 'mer']
2026-10-06 10:49:08,568 INFO Bundle emitted for clip 1667: modalities ['macro', 'rppg', 'mer']
2026-10-06 10:49:08,571 INFO Bundle emitted for clip 1668: modalities ['macro', 'rppg', 'mer']
2026-10-06 10:49:08,574 INFO Bundle emitted for clip 1669: modalities ['macro', 'rppg', 'mer']
2026-10-06 10:49:08,577 INFO Bundle emitted for clip 1670: modalities ['macro', 'rppg', 'mer']
2026-10-06 10:49:08,579 INFO Bundle emitted for clip 1671: modalities ['macro', 'rppg', 'mer']
2026-10-06 10:49:08,582 INFO Bundle emitted for clip 1672: modalities ['macro', 'rppg', 'mer']
2026-10-06 10:49:08,584 INFO Bundle emitted for clip 1673: modalities ['macro', 'rppg', 'mer']
2026-10-06 10:49:08,587 INFO Bundle emitted for clip 1674: modalities ['macro', 'rppg', 'mer']
2026-10-06 10:49:08,591 INFO Bundle emitted for clip 1675: modalities ['macro', 'rppg', 'mer']
2026-10-06 10:49:08,594 INFO Bundle emitted for clip 1676: modalities ['macro', 'rppg', 'mer']
2026-10-06 10:49:08,596 INFO Bundle emitted for clip 1677: modalities ['macro', 'rppg', 'mer']
2026-10-06 10:49:08,599 INFO Bundle emitted for clip 1678: modalities ['macro', 'rppg', 'mer']
2026-10-06 10:49:08,601 INFO Bundle emitted for clip 1680: modalities ['macro', 'rppg', 'mer']
2026-10-06 10:49:08,604 INFO Bundle emitted for clip 1679: modalities ['macro', 'rppg', 'mer']
2026-10-06 10:49:08,607 INFO Bundle emitted for clip 1681: modalities ['macro', 'rppg', 'mer']
2026-10-06 10:49:08,609 INFO Bundle emitted for clip 1682: modalities ['macro', 'rppg', 'mer']
2026-10-06 10:49:08,612 INFO Bundle emitted for clip 1683: modalities ['macro', 'rppg', 'mer']
2026-10-06 10:49:08,614 INFO Bundle emitted for clip 1684: modalities ['macro', 'rppg', 'mer']
2026-10-06 10:49:08,617 INFO Bundle emitted for clip 1685: modalities ['macro', 'rppg', 'mer']
2026-10-06 10:49:08,620 INFO Bundle emitted for clip 1686: modalities ['macro', 'rppg', 'mer']
2026-10-06 10:49:08,622 INFO Bundle emitted for clip 1687: modalities ['macro', 'rppg', 'mer']
2026-10-06 10:49:08,625 INFO Bundle emitted for clip 1688: modalities ['macro', 'rppg', 'mer']
2026-10-06 10:49:08,627 INFO Bundle emitted for clip 1689: modalities ['macro', 'rppg', 'mer']
2026-10-06 10:49:08,629 INFO Bundle emitted for clip 1690: modalities ['macro', 'rppg', 'mer']
2026-10-06 10:49:08,632 INFO Bundle emitted for clip 1691: modalities ['macro', 'rppg', 'mer']
2026-10-06 10:49:08,635 INFO Bundle emitted for clip 1692: modalities ['macro', 'rppg', 'mer']
2026-10-06 10:49:08,637 INFO Bundle emitted for clip 1693: modalities ['macro', 'rppg', 'mer']
2026-10-06 10:49:08,640 INFO Bundle emitted for clip 1694: modalities ['macro', 'rppg', 'mer']
2026-10-06 10:49:08,643 INFO Bundle emitted for clip 1695: modalities ['macro', 'rppg', 'mer']
2026-10-06 10:49:08,645 INFO Bundle emitted for clip 1696: modalities ['macro', 'rppg', 'mer']
2026-10-06 10:49:08,648 INFO Bundle emitted for clip 1697: modalities ['macro', 'rppg', 'mer']
2026-10-06 10:49:08,651 INFO Bundle emitted for clip 1699: modalities ['macro', 'rppg', 'mer']
2026-10-06 10:49:08,654 INFO Bundle emitted for clip 1700: modalities ['macro', 'rppg', 'mer']
2026-10-06 10:49:08,656 INFO Bundle emitted for clip 1698: modalities ['macro', 'rppg', 'mer']
2026-10-06 10:49:08,659 INFO Bundle emitted for clip 1701: modalities ['macro', 'rppg', 'mer']
2026-10-06 10:49:08,661 INFO Bundle emitted for clip 1702: modalities ['macro', 'rppg', 'mer']
2026-10-06 10:49:08,664 INFO Bundle emitted for clip 1703: modalities ['macro', 'rppg', 'mer']
2026-10-06 10:49:08,667 INFO Bundle emitted for clip 1704: modalities ['macro', 'rppg', 'mer']
2026-10-06 10:49:08,669 INFO Bundle emitted for clip 1705: modalities ['macro', 'rppg', 'mer']
2026-10-06 10:49:08,672 INFO Bundle emitted for clip 1706: modalities ['macro', 'rppg', 'mer']
2026-10-06 10:49:08,675 INFO Bundle emitted for clip 1707: modalities ['macro', 'rppg', 'mer']
2026-10-06 10:49:08,677 INFO Bundle emitted for clip 1710: modalities ['macro', 'rppg', 'mer']
2026-10-06 10:49:08,680 INFO Bundle emitted for clip 1709: modalities ['macro', 'rppg', 'mer']
2026-10-06 10:49:08,683 INFO Bundle emitted for clip 1708: modalities ['macro', 'rppg', 'mer']
2026-10-06 10:49:08,686 INFO Bundle emitted for clip 1711: modalities ['macro', 'rppg', 'mer']
2026-10-06 10:49:08,689 INFO Bundle emitted for clip 1713: modalities ['macro', 'rppg', 'mer']
2026-10-06 10:49:08,691 INFO Bundle emitted for clip 1712: modalities ['macro', 'rppg', 'mer']
2026-10-06 10:49:08,694 INFO Bundle emitted for clip 1714: modalities ['macro', 'rppg', 'mer']
2026-10-06 10:49:08,697 INFO Bundle emitted for clip 1715: modalities ['macro', 'rppg', 'mer']
2026-10-06 10:49:08,699 INFO Bundle emitted for clip 1718: modalities ['macro', 'rppg', 'mer']
2026-10-06 10:49:08,702 INFO Bundle emitted for clip 1717: modalities ['macro', 'rppg', 'mer']
2026-10-06 10:49:08,706 INFO Bundle emitted for clip 1719: modalities ['macro', 'rppg', 'mer']
2026-10-06 10:49:08,708 INFO Bundle emitted for clip 1716: modalities ['macro', 'rppg', 'mer']
2026-10-06 10:49:08,712 INFO Bundle emitted for clip 1720: modalities ['macro', 'rppg', 'mer']
2026-10-06 10:49:08,715 INFO Bundle emitted for clip 1723: modalities ['macro', 'rppg', 'mer']
2026-10-06 10:49:08,718 INFO Bundle emitted for clip 1724: modalities ['macro', 'rppg', 'mer']
2026-10-06 10:49:08,720 INFO Bundle emitted for clip 1721: modalities ['macro', 'rppg', 'mer']
2026-10-06 10:49:08,723 INFO Bundle emitted for clip 1722: modalities ['macro', 'rppg', 'mer']
2026-10-06 10:49:08,725 INFO Bundle emitted for clip 1725: modalities ['macro', 'rppg', 'mer']
2026-10-06 10:49:08,728 INFO Bundle emitted for clip 1726: modalities ['macro', 'rppg', 'mer']
2026-10-06 10:49:08,731 INFO Bundle emitted for clip 1728: modalities ['macro', 'rppg', 'mer']
2026-10-06 10:49:08,734 INFO Bundle emitted for clip 1727: modalities ['macro', 'rppg', 'mer']
2026-10-06 10:49:08,737 INFO Bundle emitted for clip 1729: modalities ['macro', 'rppg', 'mer']
2026-10-06 10:49:08,739 INFO Bundle emitted for clip 1730: modalities ['macro', 'rppg', 'mer']
2026-10-06 10:49:08,742 INFO Bundle emitted for clip 1731: modalities ['macro', 'rppg', 'mer']
2026-10-06 10:49:08,745 INFO Bundle emitted for clip 1732: modalities ['macro', 'rppg', 'mer']
2026-10-06 10:49:08,748 INFO Bundle emitted for clip 1733: modalities ['macro', 'rppg', 'mer']
2026-10-06 10:49:08,751 INFO Bundle emitted for clip 1734: modalities ['macro', 'rppg', 'mer']
2026-10-06 10:49:08,754 INFO Bundle emitted for clip 1735: modalities ['macro', 'rppg', 'mer']
2026-10-06 10:49:08,756 INFO Bundle emitted for clip 1737: modalities ['macro', 'rppg', 'mer']
2026-10-06 10:49:08,759 INFO Bundle emitted for clip 1738: modalities ['macro', 'rppg', 'mer']
2026-10-06 10:49:08,763 INFO Bundle emitted for clip 1736: modalities ['macro', 'rppg', 'mer']
2026-10-06 10:49:08,766 INFO Bundle emitted for clip 1739: modalities ['macro', 'rppg', 'mer']
2026-10-06 10:49:08,769 INFO Bundle emitted for clip 1740: modalities ['macro', 'rppg', 'mer']
2026-10-06 10:49:08,771 INFO Bundle emitted for clip 1741: modalities ['macro', 'rppg', 'mer']
2026-10-06 10:49:08,774 INFO Bundle emitted for clip 1742: modalities ['macro', 'rppg', 'mer']
2026-10-06 10:49:08,777 INFO Bundle emitted for clip 1743: modalities ['macro', 'rppg', 'mer']
2026-10-06 10:49:08,779 INFO Bundle emitted for clip 1744: modalities ['macro', 'rppg', 'mer']
2026-10-06 10:49:08,782 INFO Bundle emitted for clip 1745: modalities ['macro', 'rppg', 'mer']
2026-10-06 10:49:08,785 INFO Bundle emitted for clip 1746: modalities ['macro', 'rppg', 'mer']
2026-10-06 10:49:08,787 INFO Bundle emitted for clip 1747: modalities ['macro', 'rppg', 'mer']
2026-10-06 10:49:08,790 INFO Bundle emitted for clip 1748: modalities ['macro', 'rppg', 'mer']
2026-10-06 10:49:08,793 INFO Bundle emitted for clip 1749: modalities ['macro', 'rppg', 'mer']
2026-10-06 10:49:08,796 INFO Bundle emitted for clip 1750: modalities ['macro', 'rppg', 'mer']
2026-10-06 10:49:08,798 INFO Bundle emitted for clip 1751: modalities ['macro', 'rppg', 'mer']
2026-10-06 10:49:08,801 INFO Bundle emitted for clip 1752: modalities ['macro', 'rppg', 'mer']
2026-10-06 10:49:08,803 INFO Bundle emitted for clip 1753: modalities ['macro', 'rppg', 'mer']
2026-10-06 10:49:08,805 INFO Bundle emitted for clip 1754: modalities ['macro', 'rppg', 'mer']
2026-10-06 10:49:08,808 INFO Bundle emitted for clip 1755: modalities ['macro', 'rppg', 'mer']
2026-10-06 10:49:08,811 INFO Bundle emitted for clip 1756: modalities ['macro', 'rppg', 'mer']
2026-10-06 10:49:08,814 INFO Bundle emitted for clip 1757: modalities ['macro', 'rppg', 'mer']
2026-10-06 10:49:08,817 INFO Bundle emitted for clip 1758: modalities ['macro', 'rppg', 'mer']
2026-10-06 10:49:08,820 INFO Bundle emitted for clip 1759: modalities ['macro', 'rppg', 'mer']
2026-10-06 10:49:08,823 INFO Bundle emitted for clip 1760: modalities ['macro', 'rppg', 'mer']
2026-10-06 10:49:08,826 INFO Bundle emitted for clip 1761: modalities ['macro', 'rppg', 'mer']
2026-10-06 10:49:08,829 INFO Bundle emitted for clip 1762: modalities ['macro', 'rppg', 'mer']
2026-10-06 10:49:08,832 INFO Bundle emitted for clip 1763: modalities ['macro', 'rppg', 'mer']
2026-10-06 10:49:08,835 INFO Bundle emitted for clip 1765: modalities ['macro', 'rppg', 'mer']
2026-10-06 10:49:08,838 INFO Bundle emitted for clip 1764: modalities ['macro', 'rppg', 'mer']
2026-10-06 10:49:08,841 INFO Bundle emitted for clip 1766: modalities ['macro', 'rppg', 'mer']
2026-10-06 10:49:08,844 INFO Bundle emitted for clip 1767: modalities ['macro', 'rppg', 'mer']
2026-10-06 10:49:08,847 INFO Bundle emitted for clip 1768: modalities ['macro', 'rppg', 'mer']
2026-10-06 10:49:08,850 INFO Bundle emitted for clip 1770: modalities ['macro', 'rppg', 'mer']
2026-10-06 10:49:08,853 INFO Bundle emitted for clip 1769: modalities ['macro', 'rppg', 'mer']
2026-10-06 10:49:08,856 INFO Bundle emitted for clip 1771: modalities ['macro', 'rppg', 'mer']
2026-10-06 10:49:08,859 INFO Bundle emitted for clip 1772: modalities ['macro', 'rppg', 'mer']
2026-10-06 10:49:08,862 INFO Bundle emitted for clip 1774: modalities ['macro', 'rppg', 'mer']
2026-10-06 10:49:08,865 INFO Bundle emitted for clip 1775: modalities ['macro', 'rppg', 'mer']
2026-10-06 10:49:08,868 INFO Bundle emitted for clip 1773: modalities ['macro', 'rppg', 'mer']
2026-10-06 10:49:08,871 INFO Bundle emitted for clip 1776: modalities ['macro', 'rppg', 'mer']
2026-10-06 10:49:08,874 INFO Bundle emitted for clip 1777: modalities ['macro', 'rppg', 'mer']
2026-10-06 10:49:08,877 INFO Bundle emitted for clip 1778: modalities ['macro', 'rppg', 'mer']
2026-10-06 10:49:08,880 INFO Bundle emitted for clip 1779: modalities ['macro', 'rppg', 'mer']
2026-10-06 10:49:08,883 INFO Bundle emitted for clip 1780: modalities ['macro', 'rppg', 'mer']
2026-10-06 10:49:08,886 INFO Bundle emitted for clip 1781: modalities ['macro', 'rppg', 'mer']
2026-10-06 10:49:08,888 INFO Bundle emitted for clip 1782: modalities ['macro', 'rppg', 'mer']
2026-10-06 10:49:08,891 INFO Bundle emitted for clip 1783: modalities ['macro', 'rppg', 'mer']
